,1,1l,1r,1s,2,2l,2r,2s,3,3l,3r,3s,4,4l,4r,4s,id,1_2,1_3,1_4,2_1,2_3,2_4,3_1,3_2,3_4,4_1,4_2,4_3,p1,p2,p3,p4,speed0,speed1,speed2,speed3,speed4,stop0,stop1,stop2,stop3,stop4,time,timeloss0,timeloss1,timeloss2,timeloss3,timeloss4,travel0,travel1,travel2,travel3,travel4,wait0,wait1,wait2,wait3,wait4,rrslll_rssll_rsl_rssssll_0,rrslll_rssll_rsl_rssssll_1,rrslll_rssll_rsl_rssssll_2,rrslll_rssll_rsl_rssssll_3,performance measure
0,6,3,2,1,5,2,1,2,3,1,1,1,7,2,1,4,rrslll_rssll_rsl_rssssll,532.0,127.0,315.0,247.0,362.0,364.0,235.0,203.0,308.0,309.0,392.0,79.0,11.0,11.0,8.0,8.0,9.121732240543134,9.155828836994884,8.892339558185846,9.06410725343057,9.365698287601239,0.7865546218487395,0.802732707087959,0.8693877551020408,0.8479789103690686,0.7412765957446809,3.3885867595672607,22.765058823529454,22.721383432963272,26.033583673469376,25.13497363796134,21.22001702127658,67.54453781512605,67.53543979504697,70.84489795918367,69.9244288224956,65.93872340425531,14.940336134453782,14.886421861656704,17.430204081632652,16.705623901581724,13.662978723404255,11.0,11.0,8.0,8.0,15.525112940545824
