,1,1l,1r,1s,2,2l,2r,2s,3,3l,3r,3s,4,4l,4r,4s,id,1_2,1_3,1_4,2_1,2_3,2_4,3_1,3_2,3_4,4_1,4_2,4_3,p1,p2,p3,p4,speed0,speed1,speed2,speed3,speed4,stop0,stop1,stop2,stop3,stop4,time,timeloss0,timeloss1,timeloss2,timeloss3,timeloss4,travel0,travel1,travel2,travel3,travel4,wait0,wait1,wait2,wait3,wait4,rssslll_rssll_rsssl_rrssl_0,rssslll_rssll_rsssl_rrssl_1,rssslll_rssll_rsssl_rrssl_2,rssslll_rssll_rsssl_rrssl_3,performance measure
0,7,3,1,3,5,2,1,2,5,1,1,3,5,1,2,2,rssslll_rssll_rsssl_rrssl,261.0,489.0,156.0,308.0,403.0,227.0,936.0,160.0,107.0,66.0,486.0,540.0,5.0,11.0,8.0,11.0,9.346947319163995,9.387351887775443,9.338513263412914,9.443251373334382,9.438016996539655,0.7692307692307693,0.7585470085470085,0.761204481792717,0.7435508345978755,0.7615273775216138,3.9270029067993164,20.95354700854703,20.56128205128205,20.824796918767507,20.027329286798192,19.977442363112395,65.61182336182337,65.23504273504274,65.53361344537815,64.60622154779969,64.65994236311239,13.368233618233619,12.91025641025641,13.0203081232493,12.573596358118362,12.494236311239193,5.0,11.0,8.0,11.0,12.873326164219378
