,1,1l,1r,1s,2,2l,2r,2s,3,3l,3r,3s,4,4l,4r,4s,id,1_2,1_3,1_4,2_1,2_3,2_4,3_1,3_2,3_4,4_1,4_2,4_3,p1,p2,p3,p4,speed0,speed1,speed2,speed3,speed4,stop0,stop1,stop2,stop3,stop4,time,timeloss0,timeloss1,timeloss2,timeloss3,timeloss4,travel0,travel1,travel2,travel3,travel4,wait0,wait1,wait2,wait3,wait4,rsl_rsl_rsl_rrssll_0,rsl_rsl_rsl_rrssll_1,rsl_rsl_rsl_rrssll_2,rsl_rsl_rsl_rrssll_3,performance measure
0,3,1,1,1,3,1,1,1,3,1,1,1,6,2,2,2,rsl_rsl_rsl_rrssll,189.0,194.0,49.0,142.0,129.0,347.0,169.0,67.0,115.0,338.0,669.0,251.0,8.0,8.0,8.0,14.0,9.047863714901286,9.091652898073205,8.744250113504837,9.216942284767226,9.229011403782664,0.8293991416309013,0.81,0.9427966101694916,0.7890995260663507,0.7710843373493976,3.0540988445281982,25.542725321888422,24.375366666666668,30.427489406779674,23.095367298578218,22.92178532311063,70.63948497854078,69.46666666666667,75.52012711864407,68.15876777251185,68.02190580503833,16.877682403433475,16.25111111111111,21.08792372881356,15.200236966824644,14.95618838992333,8.0,8.0,8.0,14.0,16.874628520021226
