,1,1l,1r,1s,2,2l,2r,2s,3,3l,3r,3s,4,4l,4r,4s,id,1_2,1_3,1_4,2_1,2_3,2_4,3_1,3_2,3_4,4_1,4_2,4_3,p1,p2,p3,p4,speed0,speed1,speed2,speed3,speed4,stop0,stop1,stop2,stop3,stop4,time,timeloss0,timeloss1,timeloss2,timeloss3,timeloss4,travel0,travel1,travel2,travel3,travel4,wait0,wait1,wait2,wait3,wait4,rrslll_rssll_rsl_rssssll_0,rrslll_rssll_rsl_rssssll_1,rrslll_rssll_rsl_rssssll_2,rrslll_rssll_rsl_rssssll_3,performance measure
0,6,3,2,1,5,2,1,2,3,1,1,1,7,2,1,4,rrslll_rssll_rsl_rssssll,254.0,190.0,338.0,145.0,429.0,318.0,149.0,107.0,90.0,317.0,361.0,83.0,5.0,11.0,11.0,8.0,9.566030260075939,9.604363706629496,9.46356093554998,9.745998789038829,9.602631649513544,0.71875,0.711864406779661,0.7423442449841605,0.6793103448275862,0.7124868835257083,2.887288808822632,19.32707291666667,18.846472457627105,19.891140443505822,18.06349425287358,18.902875131164766,64.14166666666667,63.6896186440678,64.75395987328406,62.855172413793106,63.700944386149004,12.089583333333334,11.6875,12.59556494192186,11.168965517241379,11.772298006295907,5.0,11.0,11.0,8.0,11.862782359758496
