,1,1l,1r,1s,2,2l,2r,2s,3,3l,3r,3s,4,4l,4r,4s,id,1_2,1_3,1_4,2_1,2_3,2_4,3_1,3_2,3_4,4_1,4_2,4_3,p1,p2,p3,p4,speed0,speed1,speed2,speed3,speed4,stop0,stop1,stop2,stop3,stop4,time,timeloss0,timeloss1,timeloss2,timeloss3,timeloss4,travel0,travel1,travel2,travel3,travel4,wait0,wait1,wait2,wait3,wait4,rrsslll_rrsll_rsssl_rrsslll_0,rrsslll_rrsll_rsssl_rrsslll_1,rrsslll_rrsll_rsssl_rrsslll_2,rrsslll_rrsll_rsssl_rrsslll_3,performance measure
0,7,3,2,2,5,2,2,1,5,1,1,3,7,3,2,2,rrsslll_rrsll_rsssl_rrsslll,956.0,621.0,409.0,311.0,512.0,286.0,766.0,289.0,188.0,110.0,361.0,570.0,14.0,14.0,11.0,11.0,8.783493026709687,8.604502581422357,8.607717009480483,8.725866775316703,8.676943293071806,0.8891316220644456,0.8462377317339149,0.8264915161466886,0.8400460299194477,0.8499721137757947,4.7585129737854,30.720753686510076,28.32970010905129,28.541778872468505,29.13017261219795,29.185805911879513,75.25395958492626,72.90348964013086,73.11220580186098,73.70771001150747,73.70663692136085,21.311851447296558,19.614503816793892,19.90038314176245,20.371116225546604,20.34634690462911,14.0,14.0,11.0,11.0,20.30884030720572
