,1,1l,1r,1s,2,2l,2r,2s,3,3l,3r,3s,4,4l,4r,4s,id,1_2,1_3,1_4,2_1,2_3,2_4,3_1,3_2,3_4,4_1,4_2,4_3,p1,p2,p3,p4,speed0,speed1,speed2,speed3,speed4,stop0,stop1,stop2,stop3,stop4,time,timeloss0,timeloss1,timeloss2,timeloss3,timeloss4,travel0,travel1,travel2,travel3,travel4,wait0,wait1,wait2,wait3,wait4,rslll_rsl_rrslll_rsl_0,rslll_rsl_rrslll_rsl_1,rslll_rsl_rrslll_rsl_2,rslll_rsl_rrslll_rsl_3,performance measure
0,5,3,1,1,3,1,1,1,6,3,2,1,3,1,1,1,rslll_rsl_rrslll_rsl,834.0,82.0,283.0,204.0,76.0,66.0,259.0,292.0,382.0,241.0,272.0,256.0,14.0,11.0,11.0,11.0,8.810683160289603,8.666427017143521,8.86492379026651,9.00542979966783,8.843633823451293,0.8127734033245845,0.8549410698096102,0.8104982206405694,0.7530516431924883,0.8044642857142857,3.309556007385254,26.7374978127734,28.728776065276545,26.81009786476871,24.193427230046897,26.695464285714305,71.54330708661418,73.56300997280145,71.66903914590748,69.09201877934272,71.50178571428572,18.37095363079615,20.022665457842248,18.216192170818506,16.13051643192488,18.257142857142856,14.0,11.0,11.0,11.0,18.19949410970493
