,1,1l,1r,1s,2,2l,2r,2s,3,3l,3r,3s,4,4l,4r,4s,id,1_2,1_3,1_4,2_1,2_3,2_4,3_1,3_2,3_4,4_1,4_2,4_3,p1,p2,p3,p4,speed0,speed1,speed2,speed3,speed4,stop0,stop1,stop2,stop3,stop4,time,timeloss0,timeloss1,timeloss2,timeloss3,timeloss4,travel0,travel1,travel2,travel3,travel4,wait0,wait1,wait2,wait3,wait4,rssslll_rrsssl_rsssssl_rsl_0,rssslll_rrsssl_rsssssl_rsl_1,rssslll_rrsssl_rsssssl_rsl_2,rssslll_rrsssl_rsssssl_rsl_3,performance measure
0,7,3,1,3,6,1,2,3,7,1,1,5,3,1,1,1,rssslll_rrsssl_rsssssl_rsl,700.0,487.0,242.0,129.0,72.0,734.0,1724.0,291.0,216.0,247.0,168.0,291.0,11.0,14.0,11.0,11.0,8.784388543331515,8.726409862460715,8.757898850355858,8.90135083763326,8.830485608637366,0.7932801822323462,0.828125,0.8041804180418042,0.7780387551379918,0.7985368598761958,4.271711111068726,25.631030751708458,26.691735491071448,26.244433443344303,24.9045566647093,25.600483961733275,70.45615034168564,71.48549107142857,71.06160616061607,69.74398120963006,70.37929093978616,17.247722095671982,18.181361607142858,17.764576457645763,16.68291250733999,17.25436128306134,11.0,14.0,11.0,11.0,17.426186790172387
