,1,1l,1r,1s,2,2l,2r,2s,3,3l,3r,3s,4,4l,4r,4s,id,1_2,1_3,1_4,2_1,2_3,2_4,3_1,3_2,3_4,4_1,4_2,4_3,p1,p2,p3,p4,speed0,speed1,speed2,speed3,speed4,stop0,stop1,stop2,stop3,stop4,time,timeloss0,timeloss1,timeloss2,timeloss3,timeloss4,travel0,travel1,travel2,travel3,travel4,wait0,wait1,wait2,wait3,wait4,rrsslll_rrsll_rsssl_rrsslll_0,rrsslll_rrsll_rsssl_rrsslll_1,rrsslll_rrsll_rsssl_rrsslll_2,rrsslll_rrsll_rsssl_rrsslll_3,performance measure
0,7,3,2,2,5,2,2,1,5,1,1,3,7,3,2,2,rrsslll_rrsll_rsssl_rrsslll,850.0,585.0,483.0,536.0,455.0,264.0,437.0,99.0,271.0,327.0,374.0,643.0,14.0,11.0,11.0,11.0,8.8545502048991,8.684299494938475,8.798741195498982,9.066643768840176,8.82614920597047,0.8696369636963697,0.8606060606060606,0.8137741046831956,0.7419908466819222,0.8195701357466063,4.390353441238403,28.928558855885633,29.241190082644597,27.156881542699747,23.63507437070935,27.252613122171947,73.38778877887789,73.73498622589531,71.67823691460055,68.13386727688787,71.74886877828054,19.853685368536855,20.462258953168043,18.722314049586778,15.832379862700229,18.80373303167421,14.0,11.0,11.0,11.0,18.734874253133224
