,1,1l,1r,1s,2,2l,2r,2s,3,3l,3r,3s,4,4l,4r,4s,id,1_2,1_3,1_4,2_1,2_3,2_4,3_1,3_2,3_4,4_1,4_2,4_3,p1,p2,p3,p4,speed0,speed1,speed2,speed3,speed4,stop0,stop1,stop2,stop3,stop4,time,timeloss0,timeloss1,timeloss2,timeloss3,timeloss4,travel0,travel1,travel2,travel3,travel4,wait0,wait1,wait2,wait3,wait4,rrssl_rrssl_rrsslll_rrsslll_0,rrssl_rrssl_rrsslll_rrsslll_1,rrssl_rrssl_rrsslll_rrsslll_2,rrssl_rrssl_rrsslll_rrsslll_3,performance measure
0,5,1,2,2,5,1,2,2,7,3,2,2,7,3,2,2,rrssl_rrssl_rrsslll_rrsslll,170.0,179.0,100.0,397.0,150.0,625.0,299.0,490.0,635.0,453.0,97.0,368.0,8.0,5.0,8.0,11.0,9.231154823644893,9.382071512349299,9.378642559302987,9.482556882091435,9.444343995468351,0.8401459854014599,0.782991202346041,0.7889125799573561,0.757396449704142,0.7694610778443114,3.710768461227417,22.935846715328417,20.63541788856306,21.27744136460557,19.677100591716,20.374124251496994,67.33722627737227,65.09384164222874,65.7547974413646,64.06952662721893,64.81062874251496,14.945255474452555,13.070381231671554,13.555081734186212,12.220414201183432,12.86751497005988,8.0,5.0,8.0,11.0,13.331729522310727
