,1,1l,1r,1s,2,2l,2r,2s,3,3l,3r,3s,4,4l,4r,4s,id,1_2,1_3,1_4,2_1,2_3,2_4,3_1,3_2,3_4,4_1,4_2,4_3,p1,p2,p3,p4,speed0,speed1,speed2,speed3,speed4,stop0,stop1,stop2,stop3,stop4,time,timeloss0,timeloss1,timeloss2,timeloss3,timeloss4,travel0,travel1,travel2,travel3,travel4,wait0,wait1,wait2,wait3,wait4,rrsll_rssl_rsssll_rsl_0,rrsll_rssl_rsssll_rsl_1,rrsll_rssl_rsssll_rsl_2,rrsll_rssl_rsssll_rsl_3,performance measure
0,5,2,2,1,4,1,1,2,6,2,1,3,3,1,1,1,rrsll_rssl_rsssll_rsl,381.0,259.0,316.0,73.0,275.0,496.0,1078.0,313.0,596.0,286.0,121.0,308.0,14.0,18.0,14.0,14.0,8.372837917834675,8.377174320171177,8.15333656707139,8.180471808130283,8.340072565501991,0.8195342820181113,0.8067010309278351,0.8730259001895135,0.8890383322125084,0.8338870431893688,3.8093199729919434,30.383809831824074,30.614677835051552,33.49564118761843,34.31555480833894,30.91028571428572,75.33311772315653,75.59536082474227,78.47631080227416,79.29119031607263,75.8843853820598,21.665588615782664,22.016752577319586,24.320277953253317,25.05850706119704,22.152159468438537,14.0,18.0,14.0,14.0,23.04265713519823
