,1,1l,1r,1s,2,2l,2r,2s,3,3l,3r,3s,4,4l,4r,4s,id,1_2,1_3,1_4,2_1,2_3,2_4,3_1,3_2,3_4,4_1,4_2,4_3,p1,p2,p3,p4,speed0,speed1,speed2,speed3,speed4,stop0,stop1,stop2,stop3,stop4,time,timeloss0,timeloss1,timeloss2,timeloss3,timeloss4,travel0,travel1,travel2,travel3,travel4,wait0,wait1,wait2,wait3,wait4,rssslll_rssll_rsssl_rrssl_0,rssslll_rssll_rsssl_rrssl_1,rssslll_rssll_rsssl_rrssl_2,rssslll_rssll_rsssl_rrssl_3,performance measure
0,7,3,1,3,5,2,1,2,5,1,1,3,5,1,2,2,rssslll_rssll_rsssl_rrssl,316.0,175.0,132.0,111.0,574.0,308.0,863.0,138.0,273.0,304.0,570.0,182.0,14.0,14.0,14.0,14.0,8.478761078595548,8.498838908179367,8.522696288743115,8.479649187558264,8.595954886973962,0.8216417910447761,0.8343373493975904,0.8088888888888889,0.8341232227488151,0.8080424886191199,3.7369771003723145,29.443917910447755,29.53429216867466,29.154103703703694,29.63245655608219,28.80500000000001,74.26716417910448,74.39307228915662,74.02592592592593,74.45813586097947,73.63125948406677,21.108955223880596,21.120481927710845,20.89185185185185,21.204581358609794,20.5546282245827,14.0,14.0,14.0,14.0,20.976099717327156
