,1,1l,1r,1s,2,2l,2r,2s,3,3l,3r,3s,4,4l,4r,4s,id,1_2,1_3,1_4,2_1,2_3,2_4,3_1,3_2,3_4,4_1,4_2,4_3,p1,p2,p3,p4,speed0,speed1,speed2,speed3,speed4,stop0,stop1,stop2,stop3,stop4,time,timeloss0,timeloss1,timeloss2,timeloss3,timeloss4,travel0,travel1,travel2,travel3,travel4,wait0,wait1,wait2,wait3,wait4,rssl_rrsslll_rsl_rrsll_0,rssl_rrsslll_rsl_rrsll_1,rssl_rrsslll_rsl_rrsll_2,rssl_rrsslll_rsl_rrsll_3,performance measure
0,4,1,1,2,7,3,2,2,3,1,1,1,5,2,2,1,rssl_rrsslll_rsl_rrsll,195.0,573.0,215.0,108.0,318.0,519.0,243.0,59.0,211.0,331.0,325.0,639.0,8.0,11.0,8.0,11.0,9.012669645134086,8.931330079795144,8.779672287108014,9.009093455609502,9.016186698972222,0.8514851485148515,0.8715953307392996,0.8714395688991532,0.8343047460449625,0.8431372549019608,3.5075676441192627,25.498781416603183,25.878848249027243,26.87735950731329,24.765636969192368,25.235992156862736,70.24828636709825,70.65525291828794,71.6674364896074,69.52039966694421,69.95607843137255,16.855293221629854,17.192217898832684,18.181678214010777,16.555370524562864,16.63529411764706,8.0,11.0,8.0,11.0,17.083970795336647
