,1,1l,1r,1s,2,2l,2r,2s,3,3l,3r,3s,4,4l,4r,4s,id,1_2,1_3,1_4,2_1,2_3,2_4,3_1,3_2,3_4,4_1,4_2,4_3,p1,p2,p3,p4,speed0,speed1,speed2,speed3,speed4,stop0,stop1,stop2,stop3,stop4,time,timeloss0,timeloss1,timeloss2,timeloss3,timeloss4,travel0,travel1,travel2,travel3,travel4,wait0,wait1,wait2,wait3,wait4,rsl_rrsl_rssslll_rssssl_0,rsl_rrsl_rssslll_rssssl_1,rsl_rrsl_rssslll_rssssl_2,rsl_rrsl_rssslll_rssssl_3,performance measure
0,3,1,1,1,4,1,2,1,7,3,1,3,6,1,1,4,rsl_rrsl_rssslll_rssssl,283.0,131.0,314.0,248.0,102.0,124.0,271.0,213.0,504.0,240.0,995.0,138.0,8.0,5.0,8.0,8.0,9.255896946708043,8.992461800130657,9.011935831062086,9.359342497290566,9.309752224255725,0.8879668049792531,0.9847586790855207,0.9715447154471545,0.8315972222222222,0.8354943273905997,3.4058918952941895,23.265419087136927,26.386748518204907,26.762585365853656,21.624713541666708,21.501158833063172,68.06390041493776,71.1922099915326,71.58943089430895,66.3984375,66.24068071312804,14.600829875518672,17.006773920406435,17.434959349593495,13.4765625,13.278768233387359,8.0,5.0,8.0,8.0,15.15957877578119
