,1,1l,1r,1s,2,2l,2r,2s,3,3l,3r,3s,4,4l,4r,4s,id,1_2,1_3,1_4,2_1,2_3,2_4,3_1,3_2,3_4,4_1,4_2,4_3,p1,p2,p3,p4,speed0,speed1,speed2,speed3,speed4,stop0,stop1,stop2,stop3,stop4,time,timeloss0,timeloss1,timeloss2,timeloss3,timeloss4,travel0,travel1,travel2,travel3,travel4,wait0,wait1,wait2,wait3,wait4,rssll_rrssl_rssslll_rrssll_0,rssll_rrssl_rssslll_rrssll_1,rssll_rrssl_rssslll_rrssll_2,rssll_rrssl_rssslll_rrssll_3,performance measure
0,5,2,1,2,5,1,2,2,7,3,1,3,6,2,2,2,rssll_rrssl_rssslll_rrssll,401.0,171.0,56.0,310.0,290.0,691.0,679.0,155.0,825.0,503.0,564.0,622.0,14.0,11.0,14.0,18.0,8.63089015070445,8.625883865568975,8.565129751979082,8.55739746662674,8.666596530076506,0.7767154105736783,0.7856341189674523,0.813477088948787,0.7986230636833046,0.7707622298065984,4.135789394378662,27.988391451068633,28.00425925925926,28.871897574123953,28.853866896156045,27.53974971558591,72.7339707536558,72.79854096520764,73.61671159029649,73.63052208835342,72.33617747440273,19.857705286839145,19.77104377104377,20.376280323450136,20.514056224899598,19.455062571103525,14.0,11.0,14.0,18.0,19.994829635467234
