,1,1l,1r,1s,2,2l,2r,2s,3,3l,3r,3s,4,4l,4r,4s,id,1_2,1_3,1_4,2_1,2_3,2_4,3_1,3_2,3_4,4_1,4_2,4_3,p1,p2,p3,p4,speed0,speed1,speed2,speed3,speed4,stop0,stop1,stop2,stop3,stop4,time,timeloss0,timeloss1,timeloss2,timeloss3,timeloss4,travel0,travel1,travel2,travel3,travel4,wait0,wait1,wait2,wait3,wait4,rsl_rsssl_rssssl_rssll_0,rsl_rsssl_rssssl_rssll_1,rsl_rsssl_rssssl_rssll_2,rsl_rsssl_rssssl_rssll_3,performance measure
0,3,1,1,1,5,1,1,3,6,1,1,4,5,2,1,2,rsl_rsssl_rssssl_rssll,149.0,322.0,324.0,192.0,53.0,1059.0,1365.0,134.0,146.0,281.0,658.0,142.0,8.0,14.0,8.0,14.0,9.064912306691234,8.942393563536143,8.938182339113647,8.978080310225439,8.901216771694136,0.7728410513141427,0.7869054972205065,0.8044659022329511,0.7838525111252383,0.8043609933373713,2.9666836261749268,23.463642052565675,24.25253242742428,24.532317441158728,24.02233947870309,24.26935190793457,68.48998748435544,69.25571340333539,69.53892576946288,69.03051493960585,69.26226529376136,15.264705882352942,15.91537986411365,16.121303560651782,15.795295613477432,15.837068443367656,8.0,14.0,8.0,14.0,15.786750672792692
