,1,1l,1r,1s,2,2l,2r,2s,3,3l,3r,3s,4,4l,4r,4s,id,1_2,1_3,1_4,2_1,2_3,2_4,3_1,3_2,3_4,4_1,4_2,4_3,p1,p2,p3,p4,speed0,speed1,speed2,speed3,speed4,stop0,stop1,stop2,stop3,stop4,time,timeloss0,timeloss1,timeloss2,timeloss3,timeloss4,travel0,travel1,travel2,travel3,travel4,wait0,wait1,wait2,wait3,wait4,rsssssl_rsl_rrsslll_rsssll_0,rsssssl_rsl_rrsslll_rsssll_1,rsssssl_rsl_rrsslll_rsssll_2,rsssssl_rsl_rrsslll_rsssll_3,performance measure
0,7,1,1,5,3,1,1,1,7,3,2,2,6,2,1,3,rsssssl_rsl_rrsslll_rsssll,111.0,1703.0,81.0,209.0,207.0,315.0,246.0,296.0,470.0,643.0,442.0,235.0,8.0,14.0,14.0,14.0,8.630270019189114,8.618976986485496,8.465071323657291,8.749997691326536,8.619627504835531,0.8339243498817966,0.8295990566037735,0.8611435239206534,0.7945712523133868,0.8261919130959565,4.265628814697266,28.330986997635996,27.393295990566006,29.331581096849504,26.224879703886522,27.34627036813523,73.15366430260048,72.2682783018868,74.1732788798133,71.10672424429364,72.22088111044056,19.6371158392435,18.817806603773583,20.60151691948658,17.842689697717457,18.71997585998793,8.0,14.0,14.0,14.0,19.12382098404181
