,1,1l,1r,1s,2,2l,2r,2s,3,3l,3r,3s,4,4l,4r,4s,id,1_2,1_3,1_4,2_1,2_3,2_4,3_1,3_2,3_4,4_1,4_2,4_3,p1,p2,p3,p4,speed0,speed1,speed2,speed3,speed4,stop0,stop1,stop2,stop3,stop4,time,timeloss0,timeloss1,timeloss2,timeloss3,timeloss4,travel0,travel1,travel2,travel3,travel4,wait0,wait1,wait2,wait3,wait4,rrsslll_rrsll_rsssl_rrsslll_0,rrsslll_rrsll_rsssl_rrsslll_1,rrsslll_rrsll_rsssl_rrsslll_2,rrsslll_rrsll_rsssl_rrsslll_3,performance measure
0,7,3,2,2,5,2,2,1,5,1,1,3,7,3,2,2,rrsslll_rrsll_rsssl_rrsslll,275.0,626.0,130.0,372.0,428.0,301.0,251.0,104.0,192.0,845.0,207.0,240.0,8.0,11.0,11.0,11.0,8.78877390480639,8.53641566095747,8.706439930160421,8.83158918950862,8.658774182672838,0.9631024096385542,0.899184581171238,0.8788098693759071,0.8517374517374517,0.9099774943735934,3.6314496994018555,30.9682605421687,28.69627872498141,27.339078374455735,26.794957528957518,29.21872468117032,75.6762048192771,73.42846553002224,72.08272859216255,71.5011583011583,73.93398349587397,21.205572289156628,20.011860637509265,18.59433962264151,18.413899613899613,20.254313578394598,8.0,11.0,11.0,11.0,19.695997148320323
