,1,1l,1r,1s,2,2l,2r,2s,3,3l,3r,3s,4,4l,4r,4s,id,1_2,1_3,1_4,2_1,2_3,2_4,3_1,3_2,3_4,4_1,4_2,4_3,p1,p2,p3,p4,speed0,speed1,speed2,speed3,speed4,stop0,stop1,stop2,stop3,stop4,time,timeloss0,timeloss1,timeloss2,timeloss3,timeloss4,travel0,travel1,travel2,travel3,travel4,wait0,wait1,wait2,wait3,wait4,rsl_rssslll_rrsssl_rsslll_0,rsl_rssslll_rrsssl_rsslll_1,rsl_rssslll_rrsssl_rsslll_2,rsl_rssslll_rrsssl_rsslll_3,performance measure
0,3,1,1,1,7,3,1,3,6,1,2,3,6,3,1,2,rsl_rssslll_rrsssl_rsslll,214.0,134.0,293.0,120.0,268.0,841.0,124.0,404.0,255.0,855.0,306.0,148.0,11.0,5.0,11.0,11.0,9.303610882243447,9.165435723164093,9.028105072620544,8.990572417945975,9.28901441443259,0.7417910447761195,0.7963936889556724,0.926953981008035,0.8338278931750742,0.7640949554896143,3.6803534030914307,21.454373134328343,23.045860255447053,29.085390796201594,24.52057863501486,21.911691394658725,66.13283582089552,67.74305033809166,73.84733382030679,69.16617210682493,66.58679525222551,13.73358208955224,14.922614575507138,20.005113221329438,16.30415430267062,14.103115727002967,11.0,5.0,11.0,11.0,15.81371598321248
