,1,1l,1r,1s,2,2l,2r,2s,3,3l,3r,3s,4,4l,4r,4s,id,1_2,1_3,1_4,2_1,2_3,2_4,3_1,3_2,3_4,4_1,4_2,4_3,p1,p2,p3,p4,speed0,speed1,speed2,speed3,speed4,stop0,stop1,stop2,stop3,stop4,time,timeloss0,timeloss1,timeloss2,timeloss3,timeloss4,travel0,travel1,travel2,travel3,travel4,wait0,wait1,wait2,wait3,wait4,rsl_rsl_rsl_rrssssl_0,rsl_rsl_rsl_rrssssl_1,rsl_rsl_rsl_rrssssl_2,rsl_rsl_rsl_rrssssl_3,performance measure
0,3,1,1,1,3,1,1,1,3,1,1,1,7,1,2,4,rsl_rsl_rsl_rrssssl,197.0,67.0,217.0,244.0,117.0,328.0,258.0,99.0,299.0,203.0,204.0,283.0,14.0,14.0,11.0,18.0,8.519418930310215,8.811998288836936,8.34882326183729,8.476652092268752,8.619382339151034,0.7953539823008849,0.7626321974148061,0.8493771234428086,0.8459627329192546,0.7824601366742597,2.8510730266571045,29.96623893805305,27.158930669800217,32.44570781426955,31.755080745341616,29.154681093394053,74.875,72.0117508813161,77.27746319365798,76.61118012422361,74.02847380410023,21.212389380530972,19.084606345475912,23.26274065685164,22.836024844720498,20.826879271070617,14.0,14.0,11.0,18.0,21.44452809972993
