,1,1l,1r,1s,2,2l,2r,2s,3,3l,3r,3s,4,4l,4r,4s,id,1_2,1_3,1_4,2_1,2_3,2_4,3_1,3_2,3_4,4_1,4_2,4_3,p1,p2,p3,p4,speed0,speed1,speed2,speed3,speed4,stop0,stop1,stop2,stop3,stop4,time,timeloss0,timeloss1,timeloss2,timeloss3,timeloss4,travel0,travel1,travel2,travel3,travel4,wait0,wait1,wait2,wait3,wait4,rsl_rrsl_rssslll_rssssl_0,rsl_rrsl_rssslll_rssssl_1,rsl_rrsl_rssslll_rssssl_2,rsl_rrsl_rssslll_rssssl_3,performance measure
0,3,1,1,1,4,1,2,1,7,3,1,3,6,1,1,4,rsl_rrsl_rssslll_rssssl,144.0,203.0,83.0,156.0,284.0,81.0,135.0,72.0,196.0,264.0,474.0,121.0,8.0,8.0,11.0,5.0,9.263902176303723,9.21605061983386,9.199537155757135,9.287935045736464,9.26889531660464,0.8218623481781376,0.8083670715249662,0.8393782383419689,0.8258992805755395,0.8045212765957447,2.7786834239959717,21.502334682861,22.106126855600557,22.45576424870464,21.746402877697882,21.7973005319149,66.30499325236167,66.88259109311741,67.27720207253886,66.46618705035971,66.57712765957447,13.720647773279353,14.34412955465587,14.305699481865284,13.867625899280576,14.0,8.0,8.0,11.0,5.0,14.047620541816219
