,1,1l,1r,1s,2,2l,2r,2s,3,3l,3r,3s,4,4l,4r,4s,id,1_2,1_3,1_4,2_1,2_3,2_4,3_1,3_2,3_4,4_1,4_2,4_3,p1,p2,p3,p4,speed0,speed1,speed2,speed3,speed4,stop0,stop1,stop2,stop3,stop4,time,timeloss0,timeloss1,timeloss2,timeloss3,timeloss4,travel0,travel1,travel2,travel3,travel4,wait0,wait1,wait2,wait3,wait4,rrsslll_rrsll_rsssl_rrsslll_0,rrsslll_rrsll_rsssl_rrsslll_1,rrsslll_rrsll_rsssl_rrsslll_2,rrsslll_rrsll_rsssl_rrsslll_3,performance measure
0,7,3,2,2,5,2,2,1,5,1,1,3,7,3,2,2,rrsslll_rrsll_rsssl_rrsslll,748.0,110.0,257.0,615.0,184.0,345.0,1012.0,259.0,205.0,513.0,637.0,419.0,11.0,14.0,8.0,14.0,8.798365618588948,8.634943515083549,8.728246660461265,9.009190311662255,8.991018125687658,0.818534961154273,0.8387631143014909,0.8190267905959541,0.7662857142857142,0.778030734206033,4.437505483627319,26.529972253052154,27.900640530093842,27.310229633679633,24.063920000000003,24.61431417188391,71.10266370699223,72.53506350082827,71.9409513395298,68.68457142857143,69.2253841775754,17.966703662597116,19.40309221424627,18.763258611262984,16.038857142857143,16.4889015367103,11.0,14.0,8.0,14.0,17.732162633534763
