,1,1l,1r,1s,2,2l,2r,2s,3,3l,3r,3s,4,4l,4r,4s,id,1_2,1_3,1_4,2_1,2_3,2_4,3_1,3_2,3_4,4_1,4_2,4_3,p1,p2,p3,p4,speed0,speed1,speed2,speed3,speed4,stop0,stop1,stop2,stop3,stop4,time,timeloss0,timeloss1,timeloss2,timeloss3,timeloss4,travel0,travel1,travel2,travel3,travel4,wait0,wait1,wait2,wait3,wait4,rrssl_rrssl_rrsslll_rrsslll_0,rrssl_rrssl_rrsslll_rrsslll_1,rrssl_rrssl_rrsslll_rrsslll_2,rrssl_rrssl_rrsslll_rrsslll_3,performance measure
0,5,1,2,2,5,1,2,2,7,3,2,2,7,3,2,2,rrssl_rrssl_rrsslll_rrsslll,316.0,495.0,253.0,294.0,278.0,300.0,107.0,323.0,309.0,965.0,269.0,77.0,14.0,11.0,18.0,8.0,8.823577244175281,8.912920840728614,8.719455946116838,8.94677263484709,8.868013377201663,0.7967718268525312,0.7563338301043219,0.819233550253073,0.7714067278287462,0.7670118343195266,3.651473045349121,26.7065884079237,25.417973174366658,28.242906724511975,24.95564220183484,25.84110207100594,71.34556126192223,70.08569299552906,72.91612436731742,69.59021406727828,70.50887573964496,18.710931768158474,17.748137108792847,19.88937093275488,17.11697247706422,17.94896449704142,14.0,11.0,18.0,8.0,18.282875356762368
