,1,1l,1r,1s,2,2l,2r,2s,3,3l,3r,3s,4,4l,4r,4s,id,1_2,1_3,1_4,2_1,2_3,2_4,3_1,3_2,3_4,4_1,4_2,4_3,p1,p2,p3,p4,speed0,speed1,speed2,speed3,speed4,stop0,stop1,stop2,stop3,stop4,time,timeloss0,timeloss1,timeloss2,timeloss3,timeloss4,travel0,travel1,travel2,travel3,travel4,wait0,wait1,wait2,wait3,wait4,rssll_rrsl_rsssl_rrsl_0,rssll_rrsl_rsssl_rrsl_1,rssll_rrsl_rsssl_rrsl_2,rssll_rrsl_rsssl_rrsl_3,performance measure
0,5,2,1,2,4,1,2,1,5,1,1,3,4,1,2,1,rssll_rrsl_rsssl_rrsl,73.0,705.0,138.0,120.0,291.0,163.0,589.0,106.0,168.0,177.0,249.0,213.0,8.0,14.0,11.0,11.0,8.937458075973918,8.897431648439103,8.72710826548609,8.621564477801476,8.808557248461005,0.8019704433497536,0.7976307996051333,0.8683168316831683,0.9283387622149837,0.8451676528599605,3.0101277828216553,25.07021674876847,26.013129318854872,27.710247524752475,30.71247557003258,26.917613412228746,70.04039408866996,70.97729516288253,72.70297029702971,75.66883821932682,71.88461538461539,16.998029556650245,17.81243830207305,19.1,21.690553745928337,18.5207100591716,8.0,14.0,11.0,11.0,18.824346332764645
