,1,1l,1r,1s,2,2l,2r,2s,3,3l,3r,3s,4,4l,4r,4s,id,1_2,1_3,1_4,2_1,2_3,2_4,3_1,3_2,3_4,4_1,4_2,4_3,p1,p2,p3,p4,speed0,speed1,speed2,speed3,speed4,stop0,stop1,stop2,stop3,stop4,time,timeloss0,timeloss1,timeloss2,timeloss3,timeloss4,travel0,travel1,travel2,travel3,travel4,wait0,wait1,wait2,wait3,wait4,rsssssl_rssssll_rsl_rssll_0,rsssssl_rssssll_rsl_rssll_1,rsssssl_rssssll_rsl_rssll_2,rsssssl_rssssll_rsl_rssll_3,performance measure
0,7,1,1,5,7,2,1,4,3,1,1,1,5,2,1,2,rsssssl_rssssll_rsl_rssll,105.0,1399.0,67.0,203.0,356.0,948.0,133.0,175.0,268.0,246.0,575.0,60.0,11.0,11.0,8.0,11.0,8.970162776545513,8.928972921778781,8.816845904253604,8.862384814694241,8.883051324206274,0.800531914893617,0.8066006600660066,0.8402291534054742,0.8391655450874832,0.8143515470704411,3.672791004180908,23.95121010638295,24.50774917491755,25.492266072565286,25.453283983849246,24.547709019091528,68.9873670212766,69.52871287128713,70.5136855506047,70.48183041722746,69.58920342330481,15.85904255319149,16.415841584158414,17.089115213239975,17.13458950201884,16.406846609611588,11.0,11.0,8.0,11.0,16.58108709244406
