,1,1l,1r,1s,2,2l,2r,2s,3,3l,3r,3s,4,4l,4r,4s,id,1_2,1_3,1_4,2_1,2_3,2_4,3_1,3_2,3_4,4_1,4_2,4_3,p1,p2,p3,p4,speed0,speed1,speed2,speed3,speed4,stop0,stop1,stop2,stop3,stop4,time,timeloss0,timeloss1,timeloss2,timeloss3,timeloss4,travel0,travel1,travel2,travel3,travel4,wait0,wait1,wait2,wait3,wait4,rrsslll_rrsll_rsssl_rrsslll_0,rrsslll_rrsll_rsssl_rrsslll_1,rrsslll_rrsll_rsssl_rrsslll_2,rrsslll_rrsll_rsssl_rrsslll_3,performance measure
0,7,3,2,2,5,2,2,1,5,1,1,3,7,3,2,2,rrsslll_rrsll_rsssl_rrsslll,934.0,208.0,522.0,154.0,314.0,286.0,232.0,119.0,58.0,497.0,149.0,566.0,11.0,5.0,8.0,11.0,9.39977478793531,9.299334708098435,9.264954426182365,9.557930104336233,9.412391435937803,0.7894361170592434,0.7718926553672316,0.7797576621525303,0.7218493661446681,0.7461254612546125,3.749629259109497,22.116395431834402,20.961384180790958,21.622943692088402,19.018016405667424,20.19586715867162,66.55674518201285,65.46751412429379,66.18104062722738,63.428038777032064,64.67822878228782,13.898643825838686,13.245762711864407,13.865288667141838,11.616703952274422,12.68708487084871,11.0,5.0,8.0,11.0,13.062696805593612
