,1,1l,1r,1s,2,2l,2r,2s,3,3l,3r,3s,4,4l,4r,4s,id,1_2,1_3,1_4,2_1,2_3,2_4,3_1,3_2,3_4,4_1,4_2,4_3,p1,p2,p3,p4,speed0,speed1,speed2,speed3,speed4,stop0,stop1,stop2,stop3,stop4,time,timeloss0,timeloss1,timeloss2,timeloss3,timeloss4,travel0,travel1,travel2,travel3,travel4,wait0,wait1,wait2,wait3,wait4,rsl_rssslll_rrsssl_rsslll_0,rsl_rssslll_rrsssl_rsslll_1,rsl_rssslll_rrsssl_rsslll_2,rsl_rssslll_rrsssl_rsslll_3,performance measure
0,3,1,1,1,7,3,1,3,6,1,2,3,6,3,1,2,rsl_rssslll_rrsssl_rsslll,320.0,145.0,257.0,272.0,147.0,501.0,351.0,570.0,81.0,935.0,106.0,258.0,14.0,8.0,14.0,8.0,9.300101771841947,9.179926959916887,9.050015890496223,9.2131025501433,9.20028729035608,0.7174694464414091,0.7334834834834835,0.759656652360515,0.7267964071856288,0.7345864661654136,3.614100933074951,21.280740474478804,22.10990240240241,23.60984978540772,21.97488023952097,22.31073684210524,65.77498202731847,66.61336336336336,68.11230329041487,66.46332335329342,66.76616541353384,13.649173256649892,14.337087087087086,15.4620886981402,14.243263473053892,14.684962406015037,14.0,8.0,14.0,8.0,14.475314984189222
