,1,1l,1r,1s,2,2l,2r,2s,3,3l,3r,3s,4,4l,4r,4s,id,1_2,1_3,1_4,2_1,2_3,2_4,3_1,3_2,3_4,4_1,4_2,4_3,p1,p2,p3,p4,speed0,speed1,speed2,speed3,speed4,stop0,stop1,stop2,stop3,stop4,time,timeloss0,timeloss1,timeloss2,timeloss3,timeloss4,travel0,travel1,travel2,travel3,travel4,wait0,wait1,wait2,wait3,wait4,rrsslll_rrsll_rsssl_rrsslll_0,rrsslll_rrsll_rsssl_rrsslll_1,rrsslll_rrsll_rsssl_rrsslll_2,rrsslll_rrsll_rsssl_rrsslll_3,performance measure
0,7,3,2,2,5,2,2,1,5,1,1,3,7,3,2,2,rrsslll_rrsll_rsssl_rrsslll,231.0,612.0,97.0,480.0,528.0,103.0,299.0,205.0,262.0,610.0,697.0,317.0,11.0,14.0,11.0,14.0,8.684381679571489,8.61071862941597,8.509700742659204,8.659741972239795,8.385253984514108,0.8119543317662861,0.8295454545454546,0.8614496472097498,0.8552354181307098,0.9157266091572661,3.9695510864257812,27.620369375419724,28.033235294117624,29.637004490057695,29.652621222768747,32.3437624419376,72.31229012760242,72.725935828877,74.33867864015394,74.3633169360506,77.04777704047777,19.354600402955004,19.738636363636363,20.985888389993587,21.002810962754744,23.27471798274718,11.0,14.0,11.0,14.0,20.871330820417377
