,1,1l,1r,1s,2,2l,2r,2s,3,3l,3r,3s,4,4l,4r,4s,id,1_2,1_3,1_4,2_1,2_3,2_4,3_1,3_2,3_4,4_1,4_2,4_3,p1,p2,p3,p4,speed0,speed1,speed2,speed3,speed4,stop0,stop1,stop2,stop3,stop4,time,timeloss0,timeloss1,timeloss2,timeloss3,timeloss4,travel0,travel1,travel2,travel3,travel4,wait0,wait1,wait2,wait3,wait4,rsll_rsl_rssslll_rrsssll_0,rsll_rsl_rssslll_rrsssll_1,rsll_rsl_rssslll_rrsssll_2,rsll_rsl_rssslll_rrsssll_3,performance measure
0,4,2,1,1,3,1,1,1,7,3,1,3,7,2,2,3,rsll_rsl_rssslll_rrsssll,240.0,291.0,118.0,257.0,43.0,57.0,1068.0,174.0,931.0,452.0,978.0,481.0,14.0,18.0,11.0,14.0,8.599842524161286,8.207250736685776,8.109416497872878,8.188451392233981,8.334543922029889,0.7819681791396582,0.8991202346041056,0.8961257720381808,0.8825301204819277,0.829578278451762,4.31419563293457,27.92230995875072,34.64923753665688,32.93529477821444,32.566084337349416,30.145869439630296,72.73836181496759,79.52199413489735,77.80685008422235,77.44819277108434,75.02772963604853,19.587507365939892,25.327859237536657,23.638966872543516,23.436746987951807,21.43731946851531,14.0,18.0,11.0,14.0,22.685679986497437
