,1,1l,1r,1s,2,2l,2r,2s,3,3l,3r,3s,4,4l,4r,4s,id,1_2,1_3,1_4,2_1,2_3,2_4,3_1,3_2,3_4,4_1,4_2,4_3,p1,p2,p3,p4,speed0,speed1,speed2,speed3,speed4,stop0,stop1,stop2,stop3,stop4,time,timeloss0,timeloss1,timeloss2,timeloss3,timeloss4,travel0,travel1,travel2,travel3,travel4,wait0,wait1,wait2,wait3,wait4,rsll_rsl_rssslll_rrsssll_0,rsll_rsl_rssslll_rrsssll_1,rsll_rsl_rssslll_rrsssll_2,rsll_rsl_rssslll_rrsssll_3,performance measure
0,4,2,1,1,3,1,1,1,7,3,1,3,7,2,2,3,rsll_rsl_rssslll_rrsssll,475.0,73.0,132.0,122.0,265.0,343.0,726.0,195.0,478.0,516.0,1063.0,184.0,11.0,11.0,14.0,14.0,8.38281119674555,8.380769204438241,8.020910540747185,8.602968367746913,8.439531850815063,0.9071146245059288,0.860702875399361,0.9576587795765878,0.8444293478260869,0.877496671105193,3.9972312450408936,31.88501317523065,29.37086261980832,34.5160523038605,27.667391304347824,29.790419440745662,76.82411067193677,74.35399361022364,79.50311332503114,72.63315217391305,74.71038615179761,22.476943346508563,20.547603833865814,24.953922789539227,19.15013586956522,20.854194407456724,11.0,11.0,14.0,14.0,21.596560049387108
