,1,1l,1r,1s,2,2l,2r,2s,3,3l,3r,3s,4,4l,4r,4s,id,1_2,1_3,1_4,2_1,2_3,2_4,3_1,3_2,3_4,4_1,4_2,4_3,p1,p2,p3,p4,speed0,speed1,speed2,speed3,speed4,stop0,stop1,stop2,stop3,stop4,time,timeloss0,timeloss1,timeloss2,timeloss3,timeloss4,travel0,travel1,travel2,travel3,travel4,wait0,wait1,wait2,wait3,wait4,rsl_rssslll_rrsssl_rsslll_0,rsl_rssslll_rrsssl_rsslll_1,rsl_rssslll_rrsssl_rsslll_2,rsl_rssslll_rrsssl_rsslll_3,performance measure
0,3,1,1,1,7,3,1,3,6,1,2,3,6,3,1,2,rsl_rssslll_rrsssl_rsslll,233.0,349.0,282.0,267.0,806.0,679.0,457.0,402.0,217.0,385.0,157.0,212.0,11.0,14.0,11.0,11.0,8.746352101648206,8.668487061015906,8.651756760617479,8.802679167814944,8.81077745293889,0.8347653668208856,0.8289384719405003,0.8478818998716303,0.7952702702702703,0.7881578947368421,3.764734983444214,27.340753469927282,26.837538877620037,28.493831835686763,25.88993918918922,25.9087236842105,71.99272967614012,71.54766734279919,73.15083440308088,70.54662162162163,70.55657894736842,18.85459352280238,18.366463826910074,19.637355584082158,17.65608108108108,17.61842105263158,11.0,14.0,11.0,11.0,18.426583013501453
