,1,1l,1r,1s,2,2l,2r,2s,3,3l,3r,3s,4,4l,4r,4s,id,1_2,1_3,1_4,2_1,2_3,2_4,3_1,3_2,3_4,4_1,4_2,4_3,p1,p2,p3,p4,speed0,speed1,speed2,speed3,speed4,stop0,stop1,stop2,stop3,stop4,time,timeloss0,timeloss1,timeloss2,timeloss3,timeloss4,travel0,travel1,travel2,travel3,travel4,wait0,wait1,wait2,wait3,wait4,rsl_rsl_rsl_rrssssl_0,rsl_rsl_rsl_rrssssl_1,rsl_rsl_rsl_rrssssl_2,rsl_rsl_rsl_rrssssl_3,performance measure
0,3,1,1,1,3,1,1,1,3,1,1,1,7,1,2,4,rsl_rsl_rsl_rrssssl,63.0,137.0,143.0,217.0,203.0,108.0,212.0,221.0,114.0,58.0,664.0,122.0,5.0,8.0,8.0,8.0,9.630848919034387,9.472859048989758,9.273331253000897,9.478964968661266,9.75252517128576,0.7568270481144344,0.7815013404825737,0.8404118404118404,0.7953929539295393,0.7209302325581395,2.6773860454559326,19.649037711313404,19.592399463806974,22.024710424710438,20.104701897018945,17.67895348837211,64.41222366710014,64.38069705093834,66.81724581724582,64.83875338753387,62.4702842377261,11.988296488946684,11.981233243967829,13.77091377091377,12.281842818428185,10.251937984496124,5.0,8.0,8.0,8.0,12.054844861350517
