,1,1l,1r,1s,2,2l,2r,2s,3,3l,3r,3s,4,4l,4r,4s,id,1_2,1_3,1_4,2_1,2_3,2_4,3_1,3_2,3_4,4_1,4_2,4_3,p1,p2,p3,p4,speed0,speed1,speed2,speed3,speed4,stop0,stop1,stop2,stop3,stop4,time,timeloss0,timeloss1,timeloss2,timeloss3,timeloss4,travel0,travel1,travel2,travel3,travel4,wait0,wait1,wait2,wait3,wait4,rrsslll_rrsll_rsssl_rrsslll_0,rrsslll_rrsll_rsssl_rrsslll_1,rrsslll_rrsll_rsssl_rrsslll_2,rrsslll_rrsll_rsssl_rrsslll_3,performance measure
0,7,3,2,2,5,2,2,1,5,1,1,3,7,3,2,2,rrsslll_rrsll_rsssl_rrsslll,345.0,601.0,73.0,383.0,464.0,249.0,813.0,104.0,52.0,694.0,455.0,564.0,5.0,11.0,11.0,11.0,9.200473785671118,9.18024313463371,9.040471054467611,9.276655079179209,9.406138031117566,0.788723667905824,0.7847094801223241,0.8205438066465257,0.7637897469175859,0.7171717171717171,4.1249799728393555,22.560402726146247,21.948501529051995,23.99160120845919,21.216086956521696,20.431761363636333,67.23915737298637,66.70152905198776,68.73655589123867,65.90590525632706,65.17361111111111,14.504956629491945,14.03119266055046,15.88036253776435,13.54055807916937,12.841540404040405,5.0,11.0,11.0,11.0,14.159722062203306
