,1,1l,1r,1s,2,2l,2r,2s,3,3l,3r,3s,4,4l,4r,4s,id,1_2,1_3,1_4,2_1,2_3,2_4,3_1,3_2,3_4,4_1,4_2,4_3,p1,p2,p3,p4,speed0,speed1,speed2,speed3,speed4,stop0,stop1,stop2,stop3,stop4,time,timeloss0,timeloss1,timeloss2,timeloss3,timeloss4,travel0,travel1,travel2,travel3,travel4,wait0,wait1,wait2,wait3,wait4,rssll_rrssl_rssslll_rrssll_0,rssll_rrssl_rssslll_rrssll_1,rssll_rrssl_rssslll_rrssll_2,rssll_rrssl_rssslll_rrssll_3,performance measure
0,5,2,1,2,5,1,2,2,7,3,1,3,6,2,2,2,rssll_rrssl_rssslll_rrssll,171.0,696.0,223.0,218.0,100.0,440.0,964.0,81.0,230.0,324.0,275.0,290.0,5.0,14.0,8.0,8.0,9.215270922474108,9.534630755923365,9.444025829287861,9.629715245626812,9.43819832853827,0.8206642066420664,0.7307410124724871,0.7482065997130559,0.7077769049489395,0.7627118644067796,3.6865992546081543,23.168309963099578,19.46251650770359,20.134835007173617,18.726826394344105,20.511201179071488,67.93136531365313,64.24064563462949,64.9713055954089,63.48860958366065,65.33603537214444,15.15940959409594,12.062362435803374,12.522238163558105,11.46190102120974,12.857037582903464,5.0,14.0,8.0,8.0,12.812589759514125
