,1,1l,1r,1s,2,2l,2r,2s,3,3l,3r,3s,4,4l,4r,4s,id,1_2,1_3,1_4,2_1,2_3,2_4,3_1,3_2,3_4,4_1,4_2,4_3,p1,p2,p3,p4,speed0,speed1,speed2,speed3,speed4,stop0,stop1,stop2,stop3,stop4,time,timeloss0,timeloss1,timeloss2,timeloss3,timeloss4,travel0,travel1,travel2,travel3,travel4,wait0,wait1,wait2,wait3,wait4,rsssll_rssl_rsslll_rrsl_0,rsssll_rssl_rsslll_rrsl_1,rsssll_rssl_rsslll_rrsl_2,rsssll_rssl_rsslll_rrsl_3,performance measure
0,6,2,1,3,4,1,1,2,6,3,1,2,4,1,2,1,rsssll_rssl_rsslll_rrsl,133.0,337.0,248.0,48.0,172.0,483.0,495.0,102.0,232.0,123.0,76.0,637.0,5.0,8.0,8.0,8.0,9.518971398087226,9.471730894027399,9.568551100758432,9.70982313966936,9.646933094289283,0.7703056768558952,0.7732949087415946,0.7581395348837209,0.713026444662096,0.7267552182163188,3.1874754428863525,19.47705676855895,19.469740634005763,18.829488372093024,17.633124387855016,18.0436717267552,64.05065502183406,64.10278578290105,63.49116279069767,62.28403525954946,62.66508538899431,11.799126637554584,11.81940441882805,11.329302325581395,10.318315377081293,10.584440227703984,5.0,8.0,8.0,8.0,11.170117797349862
