,1,1l,1r,1s,2,2l,2r,2s,3,3l,3r,3s,4,4l,4r,4s,id,1_2,1_3,1_4,2_1,2_3,2_4,3_1,3_2,3_4,4_1,4_2,4_3,p1,p2,p3,p4,speed0,speed1,speed2,speed3,speed4,stop0,stop1,stop2,stop3,stop4,time,timeloss0,timeloss1,timeloss2,timeloss3,timeloss4,travel0,travel1,travel2,travel3,travel4,wait0,wait1,wait2,wait3,wait4,rsssl_rrsll_rsl_rsslll_0,rsssl_rrsll_rsl_rsslll_1,rsssl_rrsll_rsl_rsslll_2,rsssl_rrsll_rsl_rsslll_3,performance measure
0,5,1,1,3,5,2,2,1,3,1,1,1,6,3,1,2,rsssl_rrsll_rsl_rsslll,54.0,662.0,154.0,140.0,327.0,144.0,95.0,315.0,114.0,750.0,82.0,227.0,5.0,11.0,11.0,8.0,9.465993158259577,9.481282702250267,9.593118329590604,9.534336644328523,9.596716805518252,0.7621359223300971,0.7189849624060151,0.7129543336439889,0.7366834170854272,0.7215799614643545,3.1563785076141357,21.110339805825227,19.90923872180452,18.740792171481832,19.996452261306516,18.848005780346814,65.88252427184466,64.6672932330827,63.4995340167754,64.77286432160804,63.58766859344894,13.331067961165049,12.453007518796992,11.32618825722274,12.421105527638192,11.443159922928709,5.0,11.0,11.0,8.0,12.194905837550335
