,1,1l,1r,1s,2,2l,2r,2s,3,3l,3r,3s,4,4l,4r,4s,id,1_2,1_3,1_4,2_1,2_3,2_4,3_1,3_2,3_4,4_1,4_2,4_3,p1,p2,p3,p4,speed0,speed1,speed2,speed3,speed4,stop0,stop1,stop2,stop3,stop4,time,timeloss0,timeloss1,timeloss2,timeloss3,timeloss4,travel0,travel1,travel2,travel3,travel4,wait0,wait1,wait2,wait3,wait4,rsl_rsl_rsl_rrssssl_0,rsl_rsl_rsl_rrssssl_1,rsl_rsl_rsl_rrssssl_2,rsl_rsl_rsl_rrssssl_3,performance measure
0,3,1,1,1,3,1,1,1,3,1,1,1,7,1,2,4,rsl_rsl_rsl_rrssssl,297.0,74.0,172.0,292.0,139.0,328.0,298.0,77.0,272.0,127.0,1201.0,192.0,14.0,14.0,8.0,18.0,8.446937939225636,8.587759923371975,8.343783199069955,8.638205105628114,8.800992686823692,0.849009900990099,0.8115449915110357,0.9157303370786517,0.8256637168141593,0.7664172901080631,3.1138007640838623,30.27811881188118,29.611179966044144,33.603049759229506,30.34811504424776,26.635253532834607,75.27310231023102,74.62733446519525,78.60032102728732,75.31592920353982,71.63258520365753,21.322607260726073,20.971986417657046,24.006420545746387,21.799115044247788,18.41978387364921,14.0,14.0,8.0,18.0,21.3039826284053
