,1,1l,1r,1s,2,2l,2r,2s,3,3l,3r,3s,4,4l,4r,4s,id,1_2,1_3,1_4,2_1,2_3,2_4,3_1,3_2,3_4,4_1,4_2,4_3,p1,p2,p3,p4,speed0,speed1,speed2,speed3,speed4,stop0,stop1,stop2,stop3,stop4,time,timeloss0,timeloss1,timeloss2,timeloss3,timeloss4,travel0,travel1,travel2,travel3,travel4,wait0,wait1,wait2,wait3,wait4,rsssl_rrsll_rsl_rsslll_0,rsssl_rrsll_rsl_rsslll_1,rsssl_rrsll_rsl_rsslll_2,rsssl_rrsll_rsl_rsslll_3,performance measure
0,5,1,1,3,5,2,2,1,3,1,1,1,6,3,1,2,rsssl_rrsll_rsl_rsslll,90.0,329.0,248.0,563.0,430.0,42.0,234.0,127.0,122.0,124.0,568.0,213.0,5.0,8.0,8.0,11.0,9.148273320896237,9.490325535105201,9.31278904008562,9.504594190480397,9.509162596576463,0.8994360902255639,0.7434908389585342,0.8451730418943534,0.7548518896833504,0.7516650808753568,3.2421674728393555,25.233233082706796,19.84337512054001,22.973743169398904,19.474596527068417,20.08294957183635,69.9031954887218,64.5390549662488,67.65664845173042,64.18692543411645,64.73073263558516,16.57424812030075,12.345226615236259,14.486338797814208,11.90194075587334,12.388201712654615,5.0,8.0,8.0,11.0,13.539191200375834
