,1,1l,1r,1s,2,2l,2r,2s,3,3l,3r,3s,4,4l,4r,4s,id,1_2,1_3,1_4,2_1,2_3,2_4,3_1,3_2,3_4,4_1,4_2,4_3,p1,p2,p3,p4,speed0,speed1,speed2,speed3,speed4,stop0,stop1,stop2,stop3,stop4,time,timeloss0,timeloss1,timeloss2,timeloss3,timeloss4,travel0,travel1,travel2,travel3,travel4,wait0,wait1,wait2,wait3,wait4,rrssl_rrssl_rrsslll_rrsslll_0,rrssl_rrssl_rrsslll_rrsslll_1,rrssl_rrssl_rrsslll_rrsslll_2,rrssl_rrssl_rrsslll_rrsslll_3,performance measure
0,5,1,2,2,5,1,2,2,7,3,2,2,7,3,2,2,rrssl_rrssl_rrsslll_rrsslll,87.0,139.0,259.0,92.0,163.0,196.0,423.0,606.0,914.0,467.0,216.0,394.0,14.0,11.0,11.0,5.0,9.310915825478425,9.446825430135403,9.31080402399102,9.447976423193422,9.315417483458786,0.7620764239365537,0.7062780269058296,0.7410649161196207,0.7023633677991138,0.7446651949963208,3.566422700881958,22.599199711607817,20.81976083707028,21.025309992706063,20.130457902511072,22.114959529065494,66.9776496034607,65.22122571001495,65.5054704595186,64.50738552437222,66.55187637969095,14.95746214852199,13.541853512705531,13.4981765134938,12.879615952732644,14.562178072111847,14.0,11.0,11.0,5.0,13.88785723991316
