,1,1l,1r,1s,2,2l,2r,2s,3,3l,3r,3s,4,4l,4r,4s,id,1_2,1_3,1_4,2_1,2_3,2_4,3_1,3_2,3_4,4_1,4_2,4_3,p1,p2,p3,p4,speed0,speed1,speed2,speed3,speed4,stop0,stop1,stop2,stop3,stop4,time,timeloss0,timeloss1,timeloss2,timeloss3,timeloss4,travel0,travel1,travel2,travel3,travel4,wait0,wait1,wait2,wait3,wait4,rsssssl_rsl_rrsslll_rsssll_0,rsssssl_rsl_rrsslll_rsssll_1,rsssssl_rsl_rrsslll_rsssll_2,rsssssl_rsl_rrsslll_rsssll_3,performance measure
0,7,1,1,5,3,1,1,1,7,3,2,2,6,2,1,3,rsssssl_rsl_rrsslll_rsssll,98.0,574.0,306.0,80.0,250.0,136.0,174.0,591.0,327.0,155.0,867.0,102.0,5.0,5.0,11.0,11.0,9.552562030742088,9.48909937766772,9.379261246086356,9.527818368568077,9.4668245101377,0.749597423510467,0.7407108239095315,0.7993827160493827,0.7422945205479452,0.76,3.2648518085479736,19.04849436392913,19.412649434571872,20.766728395061744,19.14591609589041,19.603768000000002,63.56199677938808,63.978190630048466,65.29475308641975,63.63527397260274,64.132,11.584541062801932,11.867528271405492,13.025462962962964,11.65154109589041,12.048,5.0,5.0,11.0,11.0,12.03541467861216
