,1,1l,1r,1s,2,2l,2r,2s,3,3l,3r,3s,4,4l,4r,4s,id,1_2,1_3,1_4,2_1,2_3,2_4,3_1,3_2,3_4,4_1,4_2,4_3,p1,p2,p3,p4,speed0,speed1,speed2,speed3,speed4,stop0,stop1,stop2,stop3,stop4,time,timeloss0,timeloss1,timeloss2,timeloss3,timeloss4,travel0,travel1,travel2,travel3,travel4,wait0,wait1,wait2,wait3,wait4,rslll_rsl_rrslll_rsl_0,rslll_rsl_rrslll_rsl_1,rslll_rsl_rrslll_rsl_2,rslll_rsl_rrslll_rsl_3,performance measure
0,5,3,1,1,3,1,1,1,6,3,2,1,3,1,1,1,rslll_rsl_rrslll_rsl,941.0,199.0,41.0,273.0,213.0,252.0,169.0,461.0,276.0,211.0,325.0,71.0,14.0,11.0,11.0,14.0,8.698363807356081,8.520387333083708,8.444078213359603,8.680889367864614,8.798530864437328,0.8122344944774851,0.8425681618293756,0.8582028029678483,0.8188976377952756,0.7836153161175423,3.452308177947998,27.69325403568394,28.868425681618294,29.62220939818629,28.18480314960631,26.253446126447038,72.60067969413764,73.80035180299032,74.5267930750206,73.08573928258967,71.14158504007123,19.00679694137638,20.099384344766932,20.717230008244023,19.447069116360456,17.918076580587712,14.0,11.0,11.0,14.0,19.4377113982671
