,1,1l,1r,1s,2,2l,2r,2s,3,3l,3r,3s,4,4l,4r,4s,id,1_2,1_3,1_4,2_1,2_3,2_4,3_1,3_2,3_4,4_1,4_2,4_3,p1,p2,p3,p4,speed0,speed1,speed2,speed3,speed4,stop0,stop1,stop2,stop3,stop4,time,timeloss0,timeloss1,timeloss2,timeloss3,timeloss4,travel0,travel1,travel2,travel3,travel4,wait0,wait1,wait2,wait3,wait4,rsl_rssslll_rrsssl_rsslll_0,rsl_rssslll_rrsssl_rsslll_1,rsl_rssslll_rrsssl_rsslll_2,rsl_rssslll_rrsssl_rsslll_3,performance measure
0,3,1,1,1,7,3,1,3,6,1,2,3,6,3,1,2,rsl_rssslll_rrsssl_rsslll,116.0,236.0,174.0,225.0,276.0,682.0,672.0,549.0,249.0,956.0,700.0,226.0,11.0,11.0,14.0,14.0,8.768896400536278,8.63295142079029,8.514915511981286,8.675224205654917,8.634251535894512,0.7940835266821346,0.8215962441314554,0.884985835694051,0.8345195729537367,0.8275058275058275,4.2344629764556885,26.31114849187936,27.15514671361498,30.223002832861187,27.886975088967983,27.240856643356693,71.06728538283063,71.94366197183099,74.97280453257791,72.66310794780546,71.99708624708624,18.05046403712297,18.74413145539906,21.197167138810197,19.27876631079478,18.742424242424242,11.0,11.0,14.0,14.0,19.20259063691025
