,1,1l,1r,1s,2,2l,2r,2s,3,3l,3r,3s,4,4l,4r,4s,id,1_2,1_3,1_4,2_1,2_3,2_4,3_1,3_2,3_4,4_1,4_2,4_3,p1,p2,p3,p4,speed0,speed1,speed2,speed3,speed4,stop0,stop1,stop2,stop3,stop4,time,timeloss0,timeloss1,timeloss2,timeloss3,timeloss4,travel0,travel1,travel2,travel3,travel4,wait0,wait1,wait2,wait3,wait4,rrsslll_rrsll_rsssl_rrsslll_0,rrsslll_rrsll_rsssl_rrsslll_1,rrsslll_rrsll_rsssl_rrsslll_2,rrsslll_rrsll_rsssl_rrsslll_3,performance measure
0,7,3,2,2,5,2,2,1,5,1,1,3,7,3,2,2,rrsslll_rrsll_rsssl_rrsslll,768.0,290.0,484.0,205.0,161.0,97.0,402.0,49.0,96.0,938.0,692.0,603.0,11.0,8.0,14.0,14.0,9.017032064542633,8.84451440945413,8.854749466773388,9.02175209080717,9.105808639373649,0.7571515520389531,0.8002443494196702,0.794044665012407,0.7618453865336658,0.7448916408668731,4.108924388885498,23.44220328667069,25.213139890042786,25.528294044665,23.745673316708274,22.886879256965916,68.0505173463177,69.83567501527183,70.1954094292804,68.37281795511223,67.52074303405573,15.547169811320755,17.127061698228466,17.405707196029777,15.841022443890274,15.16532507739938,11.0,8.0,14.0,14.0,16.21725724537373
