,1,1l,1r,1s,2,2l,2r,2s,3,3l,3r,3s,4,4l,4r,4s,id,1_2,1_3,1_4,2_1,2_3,2_4,3_1,3_2,3_4,4_1,4_2,4_3,p1,p2,p3,p4,speed0,speed1,speed2,speed3,speed4,stop0,stop1,stop2,stop3,stop4,time,timeloss0,timeloss1,timeloss2,timeloss3,timeloss4,travel0,travel1,travel2,travel3,travel4,wait0,wait1,wait2,wait3,wait4,rsl_rsssssl_rsll_rrssl_0,rsl_rsssssl_rsll_rrssl_1,rsl_rsssssl_rsll_rrssl_2,rsl_rsssssl_rsll_rrssl_3,performance measure
0,3,1,1,1,7,1,1,5,4,2,1,1,5,1,2,2,rsl_rsssssl_rsll_rrssl,253.0,89.0,148.0,55.0,256.0,959.0,46.0,134.0,282.0,114.0,713.0,513.0,11.0,5.0,11.0,14.0,9.324623169606193,9.313596593696047,9.184580927622767,9.366588124026121,9.37504601392575,0.735174654752234,0.7327070879590094,0.7817427385892116,0.7377049180327869,0.7292724196277496,3.3589608669281006,21.632502030869198,21.530734415029894,23.488896265560157,21.254745470232947,21.163426395939062,66.4906580016247,66.39197267292911,68.36348547717843,66.14063848144953,66.02030456852792,14.047116165718927,14.025619128949616,15.436514522821577,13.686798964624677,13.646362098138749,11.0,5.0,11.0,14.0,14.168482176050711
