,1,1l,1r,1s,2,2l,2r,2s,3,3l,3r,3s,4,4l,4r,4s,id,1_2,1_3,1_4,2_1,2_3,2_4,3_1,3_2,3_4,4_1,4_2,4_3,p1,p2,p3,p4,speed0,speed1,speed2,speed3,speed4,stop0,stop1,stop2,stop3,stop4,time,timeloss0,timeloss1,timeloss2,timeloss3,timeloss4,travel0,travel1,travel2,travel3,travel4,wait0,wait1,wait2,wait3,wait4,rslll_rsl_rrslll_rsl_0,rslll_rsl_rrslll_rsl_1,rslll_rsl_rrslll_rsl_2,rslll_rsl_rrslll_rsl_3,performance measure
0,5,3,1,1,3,1,1,1,6,3,2,1,3,1,1,1,rslll_rsl_rrslll_rsl,731.0,343.0,66.0,233.0,271.0,273.0,188.0,216.0,826.0,57.0,326.0,160.0,14.0,14.0,11.0,14.0,8.348194933878606,8.351536336608778,7.969850036264896,8.367906200372696,7.961864998388927,0.8671439936356404,0.8623248145094806,1.053665910808768,0.9157212317666127,1.0207501995211492,3.5937342643737793,31.84814638027048,31.121228359439456,41.52065003779285,33.549716369529996,39.463280127693494,76.87907716785999,76.15004122011541,86.50566893424036,78.53079416531604,84.48603351955308,22.67780429594272,22.166529266281945,30.316704459561603,24.005672609400325,28.807661612130886,14.0,14.0,11.0,14.0,25.594874448663496
