,1,1l,1r,1s,2,2l,2r,2s,3,3l,3r,3s,4,4l,4r,4s,id,1_2,1_3,1_4,2_1,2_3,2_4,3_1,3_2,3_4,4_1,4_2,4_3,p1,p2,p3,p4,speed0,speed1,speed2,speed3,speed4,stop0,stop1,stop2,stop3,stop4,time,timeloss0,timeloss1,timeloss2,timeloss3,timeloss4,travel0,travel1,travel2,travel3,travel4,wait0,wait1,wait2,wait3,wait4,rssll_rrsl_rsssl_rrsl_0,rssll_rrsl_rsssl_rrsl_1,rssll_rrsl_rsssl_rrsl_2,rssll_rrsl_rsssl_rrsl_3,performance measure
0,5,2,1,2,4,1,2,1,5,1,1,3,4,1,2,1,rssll_rrsl_rsssl_rrsl,595.0,421.0,260.0,353.0,209.0,124.0,954.0,226.0,98.0,164.0,291.0,123.0,14.0,14.0,11.0,11.0,8.953615811677269,8.629191924232334,8.620860825900532,8.70080716685832,8.76613813197152,0.7751572327044025,0.8496124031007752,0.8308270676691729,0.8197767145135566,0.8263283108643933,3.63326358795166,25.499496855345914,29.596302325581398,28.30684210526319,27.658947368421043,28.46167327517844,70.29795597484276,74.384496124031,73.16165413533835,72.47129186602871,73.26883425852498,17.39858490566038,20.8,19.73233082706767,19.281499202551835,19.880253766851705,14.0,14.0,11.0,11.0,19.41853374042632
