,1,1l,1r,1s,2,2l,2r,2s,3,3l,3r,3s,4,4l,4r,4s,id,1_2,1_3,1_4,2_1,2_3,2_4,3_1,3_2,3_4,4_1,4_2,4_3,p1,p2,p3,p4,speed0,speed1,speed2,speed3,speed4,stop0,stop1,stop2,stop3,stop4,time,timeloss0,timeloss1,timeloss2,timeloss3,timeloss4,travel0,travel1,travel2,travel3,travel4,wait0,wait1,wait2,wait3,wait4,rsl_rrsll_rsl_rslll_0,rsl_rrsll_rsl_rslll_1,rsl_rrsll_rsl_rslll_2,rsl_rrsll_rsl_rslll_3,performance measure
0,3,1,1,1,5,2,2,1,3,1,1,1,5,3,1,1,rsl_rrsll_rsl_rslll,123.0,327.0,245.0,512.0,434.0,355.0,210.0,109.0,174.0,384.0,101.0,243.0,8.0,14.0,11.0,14.0,8.469337974504358,8.786254028434538,8.768358712944146,8.879913327377036,8.706757570367019,0.9463806970509383,0.8148487626031164,0.8176318063958513,0.7917860553963706,0.8719121683440073,3.153148651123047,33.07976764968726,26.40776351970667,27.17535868625759,25.91840496657115,29.07380603842639,77.92046470062556,71.2493125572869,72.019014693172,70.78510028653295,73.90301921317474,23.186773905272563,18.032997250229148,18.464131374243735,17.607449856733524,20.068618481244282,8.0,14.0,11.0,14.0,19.47199417354465
