,1,1l,1r,1s,2,2l,2r,2s,3,3l,3r,3s,4,4l,4r,4s,id,1_2,1_3,1_4,2_1,2_3,2_4,3_1,3_2,3_4,4_1,4_2,4_3,p1,p2,p3,p4,speed0,speed1,speed2,speed3,speed4,stop0,stop1,stop2,stop3,stop4,time,timeloss0,timeloss1,timeloss2,timeloss3,timeloss4,travel0,travel1,travel2,travel3,travel4,wait0,wait1,wait2,wait3,wait4,rrsssll_rsl_rsl_rrsll_0,rrsssll_rsl_rsl_rrsll_1,rrsssll_rsl_rsl_rrsll_2,rrsssll_rsl_rsl_rrsll_3,performance measure
0,7,2,2,3,3,1,1,1,3,1,1,1,5,2,2,1,rrsssll_rsl_rsl_rrsll,455.0,728.0,592.0,115.0,137.0,169.0,351.0,275.0,100.0,276.0,91.0,111.0,11.0,14.0,8.0,8.0,9.108863457740535,9.309517542261041,9.304368611515141,9.374012899150943,9.344903868240738,0.8051282051282052,0.7253032928942807,0.7316455696202532,0.720216606498195,0.7152899824253075,3.5000803470611572,24.432982905982897,21.44434142114383,21.303341772151906,20.964016245487336,21.122047451669573,69.19059829059829,66.23396880415945,66.09282700421942,65.70667870036101,65.87082601054482,16.11709401709402,13.809358752166379,13.682700421940929,13.34927797833935,13.5597539543058,11.0,14.0,8.0,8.0,14.103637024769295
