,1,1l,1r,1s,2,2l,2r,2s,3,3l,3r,3s,4,4l,4r,4s,id,1_2,1_3,1_4,2_1,2_3,2_4,3_1,3_2,3_4,4_1,4_2,4_3,p1,p2,p3,p4,speed0,speed1,speed2,speed3,speed4,stop0,stop1,stop2,stop3,stop4,time,timeloss0,timeloss1,timeloss2,timeloss3,timeloss4,travel0,travel1,travel2,travel3,travel4,wait0,wait1,wait2,wait3,wait4,rsl_rrsl_rssslll_rssssl_0,rsl_rrsl_rssslll_rssssl_1,rsl_rrsl_rssslll_rssssl_2,rsl_rrsl_rssslll_rssssl_3,performance measure
0,3,1,1,1,4,1,2,1,7,3,1,3,6,1,1,4,rsl_rrsl_rssslll_rssssl,119.0,111.0,258.0,182.0,323.0,276.0,471.0,241.0,898.0,300.0,735.0,250.0,14.0,8.0,14.0,11.0,8.61111819366493,8.70470928280049,8.73428761504679,8.78877114059947,8.80918316744805,0.9209237228831351,0.8363116511794139,0.8207282913165266,0.810611643330877,0.8265093684941013,3.7292025089263916,31.59393981805463,27.136325947105057,27.02990196078429,26.20374355195285,27.22477446217906,76.47655703289013,71.97927090779127,71.95028011204482,71.00515843773029,72.12560721721027,21.91882435269419,18.641172265904217,18.571428571428573,17.8828297715549,18.51700208188758,14.0,8.0,14.0,11.0,19.10625140869389
