,1,1l,1r,1s,2,2l,2r,2s,3,3l,3r,3s,4,4l,4r,4s,id,1_2,1_3,1_4,2_1,2_3,2_4,3_1,3_2,3_4,4_1,4_2,4_3,p1,p2,p3,p4,speed0,speed1,speed2,speed3,speed4,stop0,stop1,stop2,stop3,stop4,time,timeloss0,timeloss1,timeloss2,timeloss3,timeloss4,travel0,travel1,travel2,travel3,travel4,wait0,wait1,wait2,wait3,wait4,rrsssll_rsl_rsl_rrsll_0,rrsssll_rsl_rsl_rrsll_1,rrsssll_rsl_rsl_rrsll_2,rrsssll_rsl_rsl_rrsll_3,performance measure
0,7,2,2,3,3,1,1,1,3,1,1,1,5,2,2,1,rrsssll_rsl_rsl_rrsll,265.0,887.0,138.0,179.0,83.0,157.0,210.0,136.0,73.0,433.0,246.0,542.0,5.0,11.0,8.0,8.0,9.176764788660645,9.075796282164532,9.077220484123515,9.465406021504783,9.295442317889709,0.8283518360375747,0.8573883161512027,0.8721340388007055,0.7592936802973977,0.8095659875996457,2.9939651489257812,22.597839453458555,23.2080498281787,24.132583774250435,19.889098513011156,21.89829052258635,67.28608027327071,67.92439862542955,68.89153439153439,64.61524163568774,66.61204605845882,14.422715627668659,14.950171821305842,15.781305114638448,12.246282527881041,13.884853852967227,5.0,11.0,8.0,8.0,14.257065788892245
