,1,1l,1r,1s,2,2l,2r,2s,3,3l,3r,3s,4,4l,4r,4s,id,1_2,1_3,1_4,2_1,2_3,2_4,3_1,3_2,3_4,4_1,4_2,4_3,p1,p2,p3,p4,speed0,speed1,speed2,speed3,speed4,stop0,stop1,stop2,stop3,stop4,time,timeloss0,timeloss1,timeloss2,timeloss3,timeloss4,travel0,travel1,travel2,travel3,travel4,wait0,wait1,wait2,wait3,wait4,rsll_rsl_rssslll_rrsssll_0,rsll_rsl_rssslll_rrsssll_1,rsll_rsl_rssslll_rrsssll_2,rsll_rsl_rssslll_rrsssll_3,performance measure
0,4,2,1,1,3,1,1,1,7,3,1,3,7,2,2,3,rsll_rsl_rssslll_rrsssll,489.0,314.0,228.0,179.0,291.0,104.0,751.0,160.0,280.0,543.0,653.0,194.0,11.0,11.0,11.0,8.0,8.827664502249155,8.513802447377275,7.88664437286619,8.854715905744088,8.454703854628466,0.8263988522238164,0.9081990189208129,1.1926541926541927,0.8464364437913299,1.049747656813266,3.583449363708496,25.278235294117625,28.878780658724576,41.0475744975745,26.040484937545944,34.83927901946647,70.17144906743185,73.8093903293623,85.96742896742897,70.8765613519471,79.72530641672675,16.98780487804878,19.932025227750525,29.705474705474707,17.484202792064657,24.29992790194665,11.0,11.0,11.0,8.0,21.681887101057065
