,1,1l,1r,1s,2,2l,2r,2s,3,3l,3r,3s,4,4l,4r,4s,id,1_2,1_3,1_4,2_1,2_3,2_4,3_1,3_2,3_4,4_1,4_2,4_3,p1,p2,p3,p4,speed0,speed1,speed2,speed3,speed4,stop0,stop1,stop2,stop3,stop4,time,timeloss0,timeloss1,timeloss2,timeloss3,timeloss4,travel0,travel1,travel2,travel3,travel4,wait0,wait1,wait2,wait3,wait4,rssll_rrsl_rsssl_rrsl_0,rssll_rrsl_rsssl_rrsl_1,rssll_rrsl_rsssl_rrsl_2,rssll_rrsl_rsssl_rrsl_3,performance measure
0,5,2,1,2,4,1,2,1,5,1,1,3,4,1,2,1,rssll_rrsl_rsssl_rrsl,512.0,504.0,241.0,307.0,134.0,319.0,831.0,313.0,123.0,200.0,166.0,378.0,11.0,11.0,8.0,14.0,9.012688388885872,8.84019892737988,8.720563397285035,8.995558146922244,8.861322222472188,0.7755847953216374,0.8217893217893217,0.8375089477451683,0.7681047765793528,0.8169014084507042,3.6687285900115967,24.347404970760234,26.56222222222222,27.169098067287056,24.32016178736518,25.747020014825853,69.08625730994152,71.37445887445888,72.00071581961346,69.0100154083205,70.48925129725723,16.13888888888889,18.138528138528137,18.58840372226199,16.272727272727273,17.338028169014084,11.0,11.0,8.0,14.0,17.295315238284076
