,1,1l,1r,1s,2,2l,2r,2s,3,3l,3r,3s,4,4l,4r,4s,id,1_2,1_3,1_4,2_1,2_3,2_4,3_1,3_2,3_4,4_1,4_2,4_3,p1,p2,p3,p4,speed0,speed1,speed2,speed3,speed4,stop0,stop1,stop2,stop3,stop4,time,timeloss0,timeloss1,timeloss2,timeloss3,timeloss4,travel0,travel1,travel2,travel3,travel4,wait0,wait1,wait2,wait3,wait4,rsssll_rssl_rsslll_rrsl_0,rsssll_rssl_rsslll_rrsl_1,rsssll_rssl_rsslll_rrsl_2,rsssll_rssl_rsslll_rrsl_3,performance measure
0,6,2,1,3,4,1,1,2,6,3,1,2,4,1,2,1,rsssll_rssl_rsslll_rrsl,162.0,416.0,253.0,259.0,235.0,344.0,307.0,184.0,259.0,306.0,162.0,624.0,5.0,8.0,11.0,8.0,9.439828201348838,9.420676473639544,9.457030397139714,9.638565998749764,9.520684436780465,0.755004003202562,0.75,0.7535037098103875,0.7181738366988587,0.7479338842975206,3.3898239135742188,19.44975980784634,19.912988410596032,19.52188788128605,18.113046532045683,19.337107438016513,63.9839871897518,64.45281456953643,64.06842539159109,62.64266900790167,63.848760330578514,11.692554043234587,12.21523178807947,11.875515251442705,10.66198419666374,11.683471074380165,5.0,8.0,11.0,8.0,11.625751270760134
