,1,1l,1r,1s,2,2l,2r,2s,3,3l,3r,3s,4,4l,4r,4s,id,1_2,1_3,1_4,2_1,2_3,2_4,3_1,3_2,3_4,4_1,4_2,4_3,p1,p2,p3,p4,speed0,speed1,speed2,speed3,speed4,stop0,stop1,stop2,stop3,stop4,time,timeloss0,timeloss1,timeloss2,timeloss3,timeloss4,travel0,travel1,travel2,travel3,travel4,wait0,wait1,wait2,wait3,wait4,rsl_rsl_rsl_rrssll_0,rsl_rsl_rsl_rrssll_1,rsl_rsl_rsl_rrssll_2,rsl_rsl_rsl_rrssll_3,performance measure
0,3,1,1,1,3,1,1,1,3,1,1,1,6,2,2,2,rsl_rsl_rsl_rrssll,93.0,337.0,167.0,125.0,53.0,140.0,41.0,286.0,149.0,251.0,413.0,347.0,8.0,14.0,8.0,11.0,9.381617651065879,9.276632013394186,9.321640947836883,9.417747184650146,9.363162511215393,0.7003610108303249,0.7330873308733087,0.7377450980392157,0.6990801576872536,0.7108140947752126,2.7460880279541016,20.387388688327295,21.498388683886827,21.30584558823529,20.525624178712196,21.020619684082636,65.21179302045728,66.29151291512915,66.07598039215686,65.2772667542707,65.78857837181044,12.870036101083032,14.116851168511685,13.669117647058824,13.122207621550592,13.472660996354799,8.0,14.0,8.0,11.0,13.450174706911787
