,1,1l,1r,1s,2,2l,2r,2s,3,3l,3r,3s,4,4l,4r,4s,id,1_2,1_3,1_4,2_1,2_3,2_4,3_1,3_2,3_4,4_1,4_2,4_3,p1,p2,p3,p4,speed0,speed1,speed2,speed3,speed4,stop0,stop1,stop2,stop3,stop4,time,timeloss0,timeloss1,timeloss2,timeloss3,timeloss4,travel0,travel1,travel2,travel3,travel4,wait0,wait1,wait2,wait3,wait4,rssl_rrsslll_rsl_rrsll_0,rssl_rrsslll_rsl_rrsll_1,rssl_rrsslll_rsl_rrsll_2,rssl_rrsslll_rsl_rrsll_3,performance measure
0,4,1,1,2,7,3,2,2,3,1,1,1,5,2,2,1,rssl_rrsslll_rsl_rrsll,176.0,584.0,302.0,276.0,886.0,598.0,50.0,273.0,265.0,233.0,133.0,596.0,14.0,14.0,14.0,14.0,8.627487593035436,8.719620284386297,8.712558603999266,8.763406150380305,8.740241276996137,0.7839947950553026,0.7751358695652174,0.7665110073382255,0.7712280701754386,0.7666886979510905,3.9215283393859863,27.70418347430054,26.89740489130437,27.04893262174787,26.611136842105275,26.60870456047586,72.49446974625894,71.6875,71.87791861240827,71.39859649122808,71.38664904163913,19.245933636955108,18.680027173913043,18.768512341561042,18.378245614035087,18.313945803040315,14.0,14.0,14.0,14.0,18.67733291390092
