,1,1l,1r,1s,2,2l,2r,2s,3,3l,3r,3s,4,4l,4r,4s,id,1_2,1_3,1_4,2_1,2_3,2_4,3_1,3_2,3_4,4_1,4_2,4_3,p1,p2,p3,p4,speed0,speed1,speed2,speed3,speed4,stop0,stop1,stop2,stop3,stop4,time,timeloss0,timeloss1,timeloss2,timeloss3,timeloss4,travel0,travel1,travel2,travel3,travel4,wait0,wait1,wait2,wait3,wait4,rssslll_rssll_rsssl_rrssl_0,rssslll_rssll_rsssl_rrssl_1,rssslll_rssll_rsssl_rrssl_2,rssslll_rssll_rsssl_rrssl_3,performance measure
0,7,3,1,3,5,2,1,2,5,1,1,3,5,1,2,2,rssslll_rssll_rsssl_rrssl,533.0,1000.0,245.0,277.0,548.0,114.0,189.0,154.0,186.0,109.0,239.0,187.0,8.0,14.0,11.0,5.0,9.366564406121244,9.368191674181077,9.044188532348837,9.277714972549191,9.26637682377228,0.7411764705882353,0.7536,0.8097043214556482,0.7610837438423645,0.7758346581875993,3.5397160053253174,21.04930980392158,21.29838399999998,23.715898407884758,21.9651724137931,23.185882352941167,65.78039215686275,65.9912,68.41394996209249,66.6871921182266,67.86168521462639,13.425882352941176,13.6608,15.598938589840788,14.252052545155994,15.27027027027027,8.0,14.0,11.0,5.0,14.441588751641646
