,1,1l,1r,1s,2,2l,2r,2s,3,3l,3r,3s,4,4l,4r,4s,id,1_2,1_3,1_4,2_1,2_3,2_4,3_1,3_2,3_4,4_1,4_2,4_3,p1,p2,p3,p4,speed0,speed1,speed2,speed3,speed4,stop0,stop1,stop2,stop3,stop4,time,timeloss0,timeloss1,timeloss2,timeloss3,timeloss4,travel0,travel1,travel2,travel3,travel4,wait0,wait1,wait2,wait3,wait4,rsl_rsssll_rrssl_rrsslll_0,rsl_rsssll_rrssl_rrsslll_1,rsl_rsssll_rrssl_rrsslll_2,rsl_rsssll_rrssl_rrsslll_3,performance measure
0,3,1,1,1,6,2,1,3,5,1,2,2,7,3,2,2,rsl_rsssll_rrssl_rrsslll,306.0,306.0,297.0,279.0,648.0,415.0,207.0,90.0,283.0,448.0,86.0,297.0,14.0,14.0,14.0,8.0,8.687166479640661,8.81225281843493,8.580640820045074,8.772333497558918,8.669758802003694,0.8007782101167316,0.7867298578199052,0.8321943811693242,0.7963726298433635,0.821256038647343,3.5311403274536133,26.879027237354105,25.943309636650877,28.48160971905851,26.413553173948884,27.560628019323644,71.52217898832684,70.61927330173776,73.14198936977981,71.08491343775762,72.20772946859903,18.617898832684826,17.88862559241706,19.707668944570994,18.23330585325639,18.954106280193237,14.0,14.0,14.0,8.0,18.680321100624504
