,1,1l,1r,1s,2,2l,2r,2s,3,3l,3r,3s,4,4l,4r,4s,id,1_2,1_3,1_4,2_1,2_3,2_4,3_1,3_2,3_4,4_1,4_2,4_3,p1,p2,p3,p4,speed0,speed1,speed2,speed3,speed4,stop0,stop1,stop2,stop3,stop4,time,timeloss0,timeloss1,timeloss2,timeloss3,timeloss4,travel0,travel1,travel2,travel3,travel4,wait0,wait1,wait2,wait3,wait4,rsl_rrsll_rsl_rslll_0,rsl_rrsll_rsl_rslll_1,rsl_rrsll_rsl_rslll_2,rsl_rrsll_rsl_rslll_3,performance measure
0,3,1,1,1,5,2,2,1,3,1,1,1,5,3,1,1,rsl_rrsll_rsl_rslll,118.0,315.0,207.0,511.0,347.0,265.0,84.0,171.0,92.0,249.0,353.0,210.0,5.0,11.0,8.0,11.0,8.764551700514625,8.857945772766387,9.042932275362807,9.207383291034601,8.855552762212989,0.9711155378486056,0.9311408016443987,0.8475909537856441,0.7872340425531915,0.9345887016848364,3.116255044937134,29.307888446215156,27.30889003083251,23.894572271386444,22.415702127659575,27.401258671952448,74.15836653386454,72.1983556012333,68.73451327433628,67.26702127659574,72.22596630327057,19.811752988047807,17.959917780061666,15.394296951819076,14.418085106382978,17.87611496531219,5.0,11.0,8.0,11.0,17.092033558324744
