,1,1l,1r,1s,2,2l,2r,2s,3,3l,3r,3s,4,4l,4r,4s,id,1_2,1_3,1_4,2_1,2_3,2_4,3_1,3_2,3_4,4_1,4_2,4_3,p1,p2,p3,p4,speed0,speed1,speed2,speed3,speed4,stop0,stop1,stop2,stop3,stop4,time,timeloss0,timeloss1,timeloss2,timeloss3,timeloss4,travel0,travel1,travel2,travel3,travel4,wait0,wait1,wait2,wait3,wait4,rsl_rsl_rsssl_rsl_0,rsl_rsl_rsssl_rsl_1,rsl_rsl_rsssl_rsl_2,rsl_rsl_rsssl_rsl_3,performance measure
0,3,1,1,1,3,1,1,1,5,1,1,3,3,1,1,1,rsl_rsl_rsssl_rsl,161.0,292.0,143.0,149.0,275.0,54.0,362.0,83.0,270.0,110.0,322.0,260.0,14.0,14.0,14.0,14.0,8.471090452307305,8.324552728908316,8.151284891797491,8.142690101430826,8.363998438722644,0.8145539906103286,0.8573127229488704,0.8888888888888888,0.9524405506883604,0.8819951338199513,2.8124284744262695,29.703920187793432,31.69425683709868,33.93221064814815,36.898185231539436,32.8084184914842,74.69131455399061,76.70035671819262,78.92245370370371,81.94743429286608,77.7639902676399,21.103286384976524,22.900118906064208,24.5625,27.107634543178975,23.728710462287104,14.0,14.0,14.0,14.0,23.880450059301364
