,1,1l,1r,1s,2,2l,2r,2s,3,3l,3r,3s,4,4l,4r,4s,id,1_2,1_3,1_4,2_1,2_3,2_4,3_1,3_2,3_4,4_1,4_2,4_3,p1,p2,p3,p4,speed0,speed1,speed2,speed3,speed4,stop0,stop1,stop2,stop3,stop4,time,timeloss0,timeloss1,timeloss2,timeloss3,timeloss4,travel0,travel1,travel2,travel3,travel4,wait0,wait1,wait2,wait3,wait4,rssslll_rssll_rsssl_rrssl_0,rssslll_rssll_rsssl_rrssl_1,rssslll_rssll_rsssl_rrssl_2,rssslll_rssll_rsssl_rrssl_3,performance measure
0,7,3,1,3,5,2,1,2,5,1,1,3,5,1,2,2,rssslll_rssll_rsssl_rrssl,341.0,798.0,168.0,205.0,110.0,417.0,596.0,71.0,281.0,140.0,166.0,484.0,11.0,11.0,5.0,8.0,9.282492605634975,9.367358448803362,9.281891731263414,9.4569787342305,9.430572836039893,0.8225075528700906,0.878125,0.8286151491966335,0.7565290648694187,0.7801587301587302,3.6273810863494873,23.2729003021148,26.19373437500003,23.313596021423113,20.515155855096886,21.605555555555544,67.92598187311178,70.8546875,68.00688599846978,65.13900589721989,66.26587301587301,15.287009063444108,17.65234375,15.190512624330529,12.968828980623421,13.943650793650793,11.0,11.0,5.0,8.0,15.008469042409772
