,1,1l,1r,1s,2,2l,2r,2s,3,3l,3r,3s,4,4l,4r,4s,id,1_2,1_3,1_4,2_1,2_3,2_4,3_1,3_2,3_4,4_1,4_2,4_3,p1,p2,p3,p4,speed0,speed1,speed2,speed3,speed4,stop0,stop1,stop2,stop3,stop4,time,timeloss0,timeloss1,timeloss2,timeloss3,timeloss4,travel0,travel1,travel2,travel3,travel4,wait0,wait1,wait2,wait3,wait4,rssslll_rssll_rsssl_rrssl_0,rssslll_rssll_rsssl_rrssl_1,rssslll_rssll_rsssl_rrssl_2,rssslll_rssll_rsssl_rrssl_3,performance measure
0,7,3,1,3,5,2,1,2,5,1,1,3,5,1,2,2,rssslll_rssll_rsssl_rrssl,469.0,743.0,263.0,153.0,314.0,715.0,263.0,96.0,310.0,274.0,454.0,389.0,14.0,11.0,11.0,14.0,8.500915895784981,8.399721324939952,8.567775583719504,8.511123195614076,8.54614659525022,0.8769027134348114,0.9409448818897638,0.8499673842139596,0.8673253352152435,0.8574324324324324,3.8992810249328613,29.854321641297172,34.26949475065618,28.941532941943855,30.13024700070575,29.033162162162128,74.6300463269358,79.08005249343832,73.76647097195043,74.92307692307692,73.81756756756756,21.103242885506287,24.6253280839895,20.384213959556426,21.312632321806635,20.431081081081082,14.0,11.0,11.0,14.0,21.57129966638799
