,1,1l,1r,1s,2,2l,2r,2s,3,3l,3r,3s,4,4l,4r,4s,id,1_2,1_3,1_4,2_1,2_3,2_4,3_1,3_2,3_4,4_1,4_2,4_3,p1,p2,p3,p4,speed0,speed1,speed2,speed3,speed4,stop0,stop1,stop2,stop3,stop4,time,timeloss0,timeloss1,timeloss2,timeloss3,timeloss4,travel0,travel1,travel2,travel3,travel4,wait0,wait1,wait2,wait3,wait4,rrsssll_rsl_rsl_rrsll_0,rrsssll_rsl_rsl_rrsll_1,rrsssll_rsl_rsl_rrsll_2,rrsssll_rsl_rsl_rrsll_3,performance measure
0,7,2,2,3,3,1,1,1,3,1,1,1,5,2,2,1,rrsssll_rsl_rsl_rrsll,562.0,417.0,514.0,258.0,73.0,270.0,328.0,132.0,52.0,149.0,356.0,185.0,14.0,14.0,5.0,14.0,8.798944804855006,8.779814293347803,8.830098510647082,9.138297594575322,9.085971040273014,0.8067375886524822,0.7983942908117752,0.7866435385949696,0.7408450704225352,0.7425474254742548,3.3128819465637207,26.704273049645376,26.668501338091012,26.059843885516063,23.086798122065733,24.09118337850045,71.48847517730496,71.45941123996431,70.87424111014744,67.87323943661971,68.86359530261969,18.05851063829787,18.358608385370204,17.66782307025152,15.313615023474178,15.937669376693767,14.0,14.0,5.0,14.0,17.067245298817507
