,1,1l,1r,1s,2,2l,2r,2s,3,3l,3r,3s,4,4l,4r,4s,id,1_2,1_3,1_4,2_1,2_3,2_4,3_1,3_2,3_4,4_1,4_2,4_3,p1,p2,p3,p4,speed0,speed1,speed2,speed3,speed4,stop0,stop1,stop2,stop3,stop4,time,timeloss0,timeloss1,timeloss2,timeloss3,timeloss4,travel0,travel1,travel2,travel3,travel4,wait0,wait1,wait2,wait3,wait4,rssslll_rssll_rsssl_rrssl_0,rssslll_rssll_rsssl_rrssl_1,rssslll_rssll_rsssl_rrssl_2,rssslll_rssll_rsssl_rrssl_3,performance measure
0,7,3,1,3,5,2,1,2,5,1,1,3,5,1,2,2,rssslll_rssll_rsssl_rrssl,659.0,502.0,138.0,260.0,525.0,310.0,665.0,322.0,95.0,144.0,136.0,580.0,11.0,11.0,11.0,8.0,9.18820963733513,9.269258152045031,9.225972256164706,9.288215537542396,9.247360604189959,0.7550066755674232,0.7335146159075459,0.7503355704697987,0.7269478198713367,0.7309540150995195,3.8244333267211914,21.976275033377853,21.310380693405808,21.57145637583894,21.137305218012862,21.45908716540841,66.6675567423231,66.00475866757309,66.26711409395973,65.75339528234453,66.10295126973233,14.17022696929239,13.72535690006798,13.783221476510066,13.502501786990708,13.866163349347975,11.0,11.0,11.0,8.0,13.809494096441824
