,1,1l,1r,1s,2,2l,2r,2s,3,3l,3r,3s,4,4l,4r,4s,id,1_2,1_3,1_4,2_1,2_3,2_4,3_1,3_2,3_4,4_1,4_2,4_3,p1,p2,p3,p4,speed0,speed1,speed2,speed3,speed4,stop0,stop1,stop2,stop3,stop4,time,timeloss0,timeloss1,timeloss2,timeloss3,timeloss4,travel0,travel1,travel2,travel3,travel4,wait0,wait1,wait2,wait3,wait4,rssll_rrssl_rssslll_rrssll_0,rssll_rrssl_rssslll_rrssll_1,rssll_rrssl_rssslll_rrssll_2,rssll_rrssl_rssslll_rrssll_3,performance measure
0,5,2,1,2,5,1,2,2,7,3,1,3,6,2,2,2,rssll_rrssl_rssslll_rrssll,370.0,192.0,142.0,574.0,189.0,385.0,363.0,92.0,532.0,435.0,224.0,133.0,11.0,5.0,11.0,8.0,9.359395975595444,9.443791366106952,9.431068907148585,9.550413945142074,9.506298641422262,0.7767857142857143,0.7432098765432099,0.7474668745128605,0.7306733167082294,0.7330508474576272,3.432589292526245,21.23571428571429,20.272806584362144,20.004801247077157,19.335286783042363,19.699211864406738,65.88392857142857,64.919341563786,64.61262665627436,63.93931837073982,64.37627118644068,13.66396103896104,12.965432098765431,12.490257209664849,12.075644222776392,12.42457627118644,11.0,5.0,11.0,8.0,12.72397416827083
