,1,1l,1r,1s,2,2l,2r,2s,3,3l,3r,3s,4,4l,4r,4s,id,1_2,1_3,1_4,2_1,2_3,2_4,3_1,3_2,3_4,4_1,4_2,4_3,p1,p2,p3,p4,speed0,speed1,speed2,speed3,speed4,stop0,stop1,stop2,stop3,stop4,time,timeloss0,timeloss1,timeloss2,timeloss3,timeloss4,travel0,travel1,travel2,travel3,travel4,wait0,wait1,wait2,wait3,wait4,rssll_rrssl_rssslll_rrssll_0,rssll_rrssl_rssslll_rrssll_1,rssll_rrssl_rssslll_rrssll_2,rssll_rrssl_rssslll_rrssll_3,performance measure
0,5,2,1,2,5,1,2,2,7,3,1,3,6,2,2,2,rssll_rrssl_rssslll_rrssll,131.0,152.0,57.0,533.0,133.0,426.0,830.0,66.0,763.0,199.0,502.0,289.0,11.0,11.0,8.0,11.0,9.252847388689062,9.1942893291037,9.1331553149727,9.261676311883132,9.173166271342511,0.7419122933141624,0.7617994100294986,0.7710760795065114,0.7483095416979715,0.7507352941176471,3.7047133445739746,21.695672178288977,22.200427728613576,22.58409184372856,21.588888054094653,22.416529411764685,66.42127965492452,66.90634218289085,67.33653187114462,66.2847483095417,67.19705882352942,14.100647016534866,14.555309734513274,14.721041809458534,14.039068369646882,14.833088235294118,11.0,11.0,8.0,11.0,14.449831033089534
