,1,1l,1r,1s,2,2l,2r,2s,3,3l,3r,3s,4,4l,4r,4s,id,1_2,1_3,1_4,2_1,2_3,2_4,3_1,3_2,3_4,4_1,4_2,4_3,p1,p2,p3,p4,speed0,speed1,speed2,speed3,speed4,stop0,stop1,stop2,stop3,stop4,time,timeloss0,timeloss1,timeloss2,timeloss3,timeloss4,travel0,travel1,travel2,travel3,travel4,wait0,wait1,wait2,wait3,wait4,rsll_rsl_rssslll_rrsssll_0,rsll_rsl_rssslll_rrsssll_1,rsll_rsl_rssslll_rrsssll_2,rsll_rsl_rssslll_rrsssll_3,performance measure
0,4,2,1,1,3,1,1,1,7,3,1,3,7,2,2,3,rsll_rsl_rssslll_rrsssll,93.0,89.0,155.0,262.0,261.0,167.0,839.0,259.0,828.0,520.0,352.0,375.0,11.0,11.0,11.0,8.0,8.957212323830415,8.888036729328949,8.735459949188428,8.96089729541802,9.050708104707299,0.7987465181058496,0.8074277854195323,0.8545830461750517,0.8024337866857552,0.7704335465529495,3.6950063705444336,24.285062674094675,24.636533700137633,26.059028256374916,24.178174659985675,23.1471144278607,68.99512534818942,69.39752407152682,70.8132322536182,68.87687902648533,67.93105899076048,16.032033426183844,16.38927097661623,17.49069607167471,15.987831066571225,15.126510305614783,11.0,11.0,11.0,8.0,16.20526836933216
