,1,1l,1r,1s,2,2l,2r,2s,3,3l,3r,3s,4,4l,4r,4s,id,1_2,1_3,1_4,2_1,2_3,2_4,3_1,3_2,3_4,4_1,4_2,4_3,p1,p2,p3,p4,speed0,speed1,speed2,speed3,speed4,stop0,stop1,stop2,stop3,stop4,time,timeloss0,timeloss1,timeloss2,timeloss3,timeloss4,travel0,travel1,travel2,travel3,travel4,wait0,wait1,wait2,wait3,wait4,rsl_rsssl_rssssl_rssll_0,rsl_rsssl_rssssl_rssll_1,rsl_rsssl_rssssl_rssll_2,rsl_rsssl_rssssl_rssll_3,performance measure
0,3,1,1,1,5,1,1,3,6,1,1,4,5,2,1,2,rsl_rsssl_rssssl_rssll,97.0,350.0,211.0,71.0,147.0,468.0,425.0,285.0,73.0,549.0,445.0,72.0,5.0,14.0,14.0,8.0,9.225380614288582,9.065817288452076,8.877874040259789,9.293583933507373,8.98360574864793,0.7636363636363637,0.7953703703703704,0.8544131028207461,0.7440076701821668,0.827046918123275,3.2824785709381104,23.000545454545446,23.814879629629626,26.895059144676964,21.85365292425697,25.39169273229071,67.86363636363636,68.7388888888889,71.7916287534122,66.7698945349952,70.2263109475621,15.242727272727272,15.866666666666667,18.43403093721565,14.390220517737296,17.174793008279668,5.0,14.0,14.0,8.0,16.221687680525314
