,1,1l,1r,1s,2,2l,2r,2s,3,3l,3r,3s,4,4l,4r,4s,id,1_2,1_3,1_4,2_1,2_3,2_4,3_1,3_2,3_4,4_1,4_2,4_3,p1,p2,p3,p4,speed0,speed1,speed2,speed3,speed4,stop0,stop1,stop2,stop3,stop4,time,timeloss0,timeloss1,timeloss2,timeloss3,timeloss4,travel0,travel1,travel2,travel3,travel4,wait0,wait1,wait2,wait3,wait4,rrsssll_rsl_rsl_rrsll_0,rrsssll_rsl_rsl_rrsll_1,rrsssll_rsl_rsl_rrsll_2,rrsssll_rsl_rsl_rrsll_3,performance measure
0,7,2,2,3,3,1,1,1,3,1,1,1,5,2,2,1,rrsssll_rsl_rsl_rrsll,608.0,338.0,136.0,306.0,105.0,70.0,258.0,262.0,70.0,182.0,244.0,467.0,14.0,11.0,5.0,11.0,9.169348790763847,9.211228509403323,9.131484603348095,9.458766392379975,9.231870806053811,0.7696682464454976,0.7473170731707317,0.7767441860465116,0.7060575968222443,0.7364341085271318,2.8042259216308594,23.33633175355446,22.705853658536565,23.48520000000002,20.33737835153926,23.068255813953503,68.06350710900475,67.44585365853659,68.23720930232558,65.12909632571996,67.80813953488372,15.388625592417062,14.904390243902439,15.412093023255814,12.904667328699107,15.131782945736434,14.0,11.0,5.0,11.0,14.748311826802171
