,1,1l,1r,1s,2,2l,2r,2s,3,3l,3r,3s,4,4l,4r,4s,id,1_2,1_3,1_4,2_1,2_3,2_4,3_1,3_2,3_4,4_1,4_2,4_3,p1,p2,p3,p4,speed0,speed1,speed2,speed3,speed4,stop0,stop1,stop2,stop3,stop4,time,timeloss0,timeloss1,timeloss2,timeloss3,timeloss4,travel0,travel1,travel2,travel3,travel4,wait0,wait1,wait2,wait3,wait4,rsl_rsssll_rrssl_rrsslll_0,rsl_rsssll_rrssl_rrsslll_1,rsl_rsssll_rrssl_rrsslll_2,rsl_rsssll_rrssl_rrsslll_3,performance measure
0,3,1,1,1,6,2,1,3,5,1,2,2,7,3,2,2,rsl_rsssll_rrssl_rrsslll,150.0,218.0,156.0,156.0,369.0,779.0,382.0,488.0,38.0,220.0,432.0,469.0,8.0,11.0,8.0,11.0,9.607358292292142,9.52133550345144,9.384322340851952,9.380032297550116,9.636552539781583,0.687218045112782,0.7110091743119266,0.7318563789152025,0.7320872274143302,0.6791277258566978,3.662997007369995,19.03124060150375,19.46344801223246,20.85754010695187,20.55489096573211,18.722320872274146,63.54661654135338,64.0229357798165,65.41023682200152,65.07476635514018,63.297507788161994,11.778947368421052,12.138379204892967,13.355996944232238,13.10202492211838,11.503894080996885,8.0,11.0,8.0,11.0,12.375848504132305
