,1,1l,1r,1s,2,2l,2r,2s,3,3l,3r,3s,4,4l,4r,4s,id,1_2,1_3,1_4,2_1,2_3,2_4,3_1,3_2,3_4,4_1,4_2,4_3,p1,p2,p3,p4,speed0,speed1,speed2,speed3,speed4,stop0,stop1,stop2,stop3,stop4,time,timeloss0,timeloss1,timeloss2,timeloss3,timeloss4,travel0,travel1,travel2,travel3,travel4,wait0,wait1,wait2,wait3,wait4,rsssl_rrsll_rsl_rsslll_0,rsssl_rrsll_rsl_rsslll_1,rsssl_rrsll_rsl_rsslll_2,rsssl_rrsll_rsl_rsslll_3,performance measure
0,5,1,1,3,5,2,2,1,3,1,1,1,6,3,1,2,rsssl_rrsll_rsl_rsslll,79.0,845.0,194.0,479.0,485.0,133.0,231.0,74.0,214.0,937.0,611.0,101.0,8.0,11.0,14.0,11.0,8.623560397084082,8.634282601315322,8.364244222575094,8.896922816132482,8.508733887309376,0.9108843537414966,0.8534423994546694,0.9644268774703557,0.83545197740113,0.9084745762711864,3.4281861782073975,30.096108843537415,27.898384458077714,32.526291172595485,26.437740112994348,29.96188474576276,75.06190476190476,72.8902522154056,77.48155467720684,71.38700564971751,74.9471186440678,21.045578231292517,19.214042263122018,22.881422924901187,17.91737288135593,20.856949152542374,8.0,11.0,14.0,11.0,20.383073090642803
