,1,1l,1r,1s,2,2l,2r,2s,3,3l,3r,3s,4,4l,4r,4s,id,1_2,1_3,1_4,2_1,2_3,2_4,3_1,3_2,3_4,4_1,4_2,4_3,p1,p2,p3,p4,speed0,speed1,speed2,speed3,speed4,stop0,stop1,stop2,stop3,stop4,time,timeloss0,timeloss1,timeloss2,timeloss3,timeloss4,travel0,travel1,travel2,travel3,travel4,wait0,wait1,wait2,wait3,wait4,rrslll_rssll_rsl_rssssll_0,rrslll_rssll_rsl_rssssll_1,rrslll_rssll_rsl_rssssll_2,rrslll_rssll_rsl_rssssll_3,performance measure
0,6,3,2,1,5,2,1,2,3,1,1,1,7,2,1,4,rrslll_rssll_rsl_rssssll,579.0,118.0,542.0,230.0,180.0,145.0,324.0,56.0,269.0,174.0,1379.0,128.0,11.0,11.0,5.0,11.0,9.03044192667152,8.83193594428657,8.39474922561818,8.983402069621413,8.953203036948777,0.810672514619883,0.8612926652142339,0.9951956074124915,0.8273062730627306,0.8209606986899564,3.638157367706299,24.09945906432749,25.667145969498893,31.388991077556618,24.2469077490775,24.743529839883532,68.91520467836257,70.51053013798112,76.2347288949897,69.05018450184502,69.58078602620087,15.836988304093568,17.0718954248366,21.42964996568291,15.729151291512915,16.261280931586608,11.0,11.0,5.0,11.0,17.26579318354252
