,1,1l,1r,1s,2,2l,2r,2s,3,3l,3r,3s,4,4l,4r,4s,id,1_2,1_3,1_4,2_1,2_3,2_4,3_1,3_2,3_4,4_1,4_2,4_3,p1,p2,p3,p4,speed0,speed1,speed2,speed3,speed4,stop0,stop1,stop2,stop3,stop4,time,timeloss0,timeloss1,timeloss2,timeloss3,timeloss4,travel0,travel1,travel2,travel3,travel4,wait0,wait1,wait2,wait3,wait4,rsl_rsl_rsl_rrssll_0,rsl_rsl_rsl_rrssll_1,rsl_rsl_rsl_rrssll_2,rsl_rsl_rsl_rrssll_3,performance measure
0,3,1,1,1,3,1,1,1,3,1,1,1,6,2,2,2,rsl_rsl_rsl_rrssll,319.0,249.0,92.0,97.0,293.0,62.0,87.0,247.0,186.0,490.0,696.0,634.0,14.0,11.0,14.0,14.0,8.637058022076491,8.381192819129737,7.84413863310946,8.517029535952632,8.434710603668584,0.7915966386554621,0.8591065292096219,1.215568862275449,0.8293333333333334,0.8643478260869565,3.537325859069824,27.607957983193266,31.198969072164903,49.04182207014531,29.727377777777793,31.507226086956514,72.45546218487395,76.14089347079037,94.01710863986312,74.60355555555556,76.36173913043478,19.10252100840336,22.240549828178693,36.24294268605646,20.93422222222222,22.452173913043477,14.0,11.0,14.0,14.0,24.194481931580846
