,1,1l,1r,1s,2,2l,2r,2s,3,3l,3r,3s,4,4l,4r,4s,id,1_2,1_3,1_4,2_1,2_3,2_4,3_1,3_2,3_4,4_1,4_2,4_3,p1,p2,p3,p4,speed0,speed1,speed2,speed3,speed4,stop0,stop1,stop2,stop3,stop4,time,timeloss0,timeloss1,timeloss2,timeloss3,timeloss4,travel0,travel1,travel2,travel3,travel4,wait0,wait1,wait2,wait3,wait4,rsssll_rssl_rsslll_rrsl_0,rsssll_rssl_rsslll_rrsl_1,rsssll_rssl_rsslll_rrsl_2,rsssll_rssl_rsslll_rrsl_3,performance measure
0,6,2,1,3,4,1,1,2,6,3,1,2,4,1,2,1,rsssll_rssl_rsslll_rrsl,323.0,445.0,107.0,230.0,258.0,286.0,162.0,213.0,865.0,295.0,203.0,470.0,11.0,8.0,11.0,8.0,9.23428052515404,9.114791664994405,9.11268406368419,9.163297673003244,9.158265706385759,0.7687732342007435,0.8103975535168195,0.7904411764705882,0.7901430842607313,0.8088347296268088,3.6553831100463867,21.970817843866183,23.49317278287461,22.991676470588217,22.466669316375217,23.796511805026633,66.68029739776952,68.18119266055047,67.71176470588236,67.16931637519873,68.48438690022849,14.133828996282528,15.414373088685016,14.833823529411765,14.475357710651828,15.527798933739527,11.0,8.0,11.0,8.0,14.877036451754133
