,1,1l,1r,1s,2,2l,2r,2s,3,3l,3r,3s,4,4l,4r,4s,id,1_2,1_3,1_4,2_1,2_3,2_4,3_1,3_2,3_4,4_1,4_2,4_3,p1,p2,p3,p4,speed0,speed1,speed2,speed3,speed4,stop0,stop1,stop2,stop3,stop4,time,timeloss0,timeloss1,timeloss2,timeloss3,timeloss4,travel0,travel1,travel2,travel3,travel4,wait0,wait1,wait2,wait3,wait4,rsl_rsssll_rrssl_rrsslll_0,rsl_rsssll_rrssl_rrsslll_1,rsl_rsssll_rrssl_rrsslll_2,rsl_rsssll_rrssl_rrsslll_3,performance measure
0,3,1,1,1,6,2,1,3,5,1,2,2,7,3,2,2,rsl_rsssll_rrssl_rrsslll,122.0,171.0,196.0,44.0,314.0,1074.0,330.0,139.0,142.0,683.0,464.0,567.0,8.0,8.0,11.0,14.0,9.233085542887395,9.171030828733674,9.023756362606177,9.193978197530509,9.32341679896194,0.7515570934256055,0.7600564573041637,0.8128044537230341,0.7581792318634424,0.7310443490701002,3.7499465942382812,22.09294117647056,22.395194071983106,24.319596381350053,22.032240398293037,21.075486409155918,66.92110726643598,67.26746647847565,69.1955462769659,66.89402560455191,65.92274678111588,14.33356401384083,14.568807339449542,16.265831593597774,14.32076813655761,13.51931330472103,8.0,8.0,11.0,14.0,14.601656877633356
