,1,1l,1r,1s,2,2l,2r,2s,3,3l,3r,3s,4,4l,4r,4s,id,1_2,1_3,1_4,2_1,2_3,2_4,3_1,3_2,3_4,4_1,4_2,4_3,p1,p2,p3,p4,speed0,speed1,speed2,speed3,speed4,stop0,stop1,stop2,stop3,stop4,time,timeloss0,timeloss1,timeloss2,timeloss3,timeloss4,travel0,travel1,travel2,travel3,travel4,wait0,wait1,wait2,wait3,wait4,rslll_rsl_rrslll_rsl_0,rslll_rsl_rrslll_rsl_1,rslll_rsl_rrslll_rsl_2,rslll_rsl_rrslll_rsl_3,performance measure
0,5,3,1,1,3,1,1,1,6,3,2,1,3,1,1,1,rslll_rsl_rrslll_rsl,251.0,53.0,316.0,291.0,76.0,254.0,211.0,160.0,718.0,230.0,217.0,159.0,11.0,11.0,11.0,11.0,8.915806289751274,9.028686769074842,8.863063497158802,8.993634019583714,8.80696137153226,0.8382642998027613,0.7670807453416149,0.7967557251908397,0.7690700104493208,0.8065764023210832,3.1252150535583496,27.47486193293882,23.988488612836427,25.2454007633588,24.13664576802509,25.96110251450675,72.38560157790927,68.90579710144928,70.1469465648855,69.05433646812958,70.85009671179884,18.59171597633136,16.010351966873706,16.87118320610687,16.145245559038663,17.4284332688588,11.0,11.0,11.0,11.0,17.009385995441882
