,1,1l,1r,1s,2,2l,2r,2s,3,3l,3r,3s,4,4l,4r,4s,id,1_2,1_3,1_4,2_1,2_3,2_4,3_1,3_2,3_4,4_1,4_2,4_3,p1,p2,p3,p4,speed0,speed1,speed2,speed3,speed4,stop0,stop1,stop2,stop3,stop4,time,timeloss0,timeloss1,timeloss2,timeloss3,timeloss4,travel0,travel1,travel2,travel3,travel4,wait0,wait1,wait2,wait3,wait4,rrslll_rssll_rsl_rssssll_0,rrslll_rssll_rsl_rssssll_1,rrslll_rssll_rsl_rssssll_2,rrslll_rssll_rsl_rssssll_3,performance measure
0,6,3,2,1,5,2,1,2,3,1,1,1,7,2,1,4,rrslll_rssll_rsl_rssssll,926.0,189.0,558.0,157.0,592.0,492.0,183.0,215.0,196.0,456.0,1404.0,278.0,14.0,11.0,14.0,14.0,8.5892253320206,8.397594408348741,8.129306166365437,8.631635087148037,8.55832227713437,0.8136645962732919,0.8460342146189735,0.9109657947686117,0.7940074906367042,0.81335436382755,4.623079061508179,27.905315734989625,29.70825298081903,32.92547283702219,27.177742108079226,28.2668822292324,72.74741200828157,74.5526179367548,77.7635814889336,72.01551631888711,73.10778128286015,19.374741200828158,20.86884396060135,23.37022132796781,18.75869448903157,19.656677181913775,14.0,11.0,14.0,14.0,20.405835632068534
