,1,1l,1r,1s,2,2l,2r,2s,3,3l,3r,3s,4,4l,4r,4s,id,1_2,1_3,1_4,2_1,2_3,2_4,3_1,3_2,3_4,4_1,4_2,4_3,p1,p2,p3,p4,speed0,speed1,speed2,speed3,speed4,stop0,stop1,stop2,stop3,stop4,time,timeloss0,timeloss1,timeloss2,timeloss3,timeloss4,travel0,travel1,travel2,travel3,travel4,wait0,wait1,wait2,wait3,wait4,rrsssll_rsl_rsl_rrsll_0,rrsssll_rsl_rsl_rrsll_1,rrsssll_rsl_rsl_rrsll_2,rrsssll_rsl_rsl_rrsll_3,performance measure
0,7,2,2,3,3,1,1,1,3,1,1,1,5,2,2,1,rrsssll_rsl_rsl_rrsll,337.0,747.0,560.0,138.0,315.0,68.0,265.0,232.0,229.0,519.0,49.0,73.0,11.0,11.0,14.0,5.0,9.280945695179282,9.265182833347565,9.216263538154008,9.325360955202456,9.478353648897881,0.7645590682196339,0.729818780889621,0.7556451612903226,0.7314734088927637,0.6958719460825611,3.4835784435272217,21.853918469217994,21.80118616144976,22.559016129032248,21.68901482127292,20.239721988205588,66.67970049916805,66.62767710049424,67.37258064516129,66.47428073234525,65.02443133951137,13.984193011647255,13.935749588138385,14.542741935483871,13.913687881429817,12.84330244313395,11.0,11.0,14.0,5.0,13.843934971966656
