,1,1l,1r,1s,2,2l,2r,2s,3,3l,3r,3s,4,4l,4r,4s,id,1_2,1_3,1_4,2_1,2_3,2_4,3_1,3_2,3_4,4_1,4_2,4_3,p1,p2,p3,p4,speed0,speed1,speed2,speed3,speed4,stop0,stop1,stop2,stop3,stop4,time,timeloss0,timeloss1,timeloss2,timeloss3,timeloss4,travel0,travel1,travel2,travel3,travel4,wait0,wait1,wait2,wait3,wait4,rsssssl_rsl_rrsslll_rsssll_0,rsssssl_rsl_rrsslll_rsssll_1,rsssssl_rsl_rrsslll_rsssll_2,rsssssl_rsl_rrsslll_rsssll_3,performance measure
0,7,1,1,5,3,1,1,1,7,3,2,2,6,2,1,3,rsssssl_rsl_rrsslll_rsssll,49.0,667.0,299.0,239.0,296.0,56.0,246.0,448.0,792.0,504.0,753.0,52.0,11.0,5.0,11.0,8.0,9.060024734370286,8.917347830293433,8.746026938254861,9.313706282417103,8.87938007614278,0.8306342780026991,0.8559837728194726,0.9202334630350194,0.7664543524416136,0.8796052631578948,3.913382053375244,23.639176788124146,24.328864097363052,26.66064202334631,21.024189667374415,25.224098684210542,68.33670715249663,69.09060175794455,71.38651102464333,65.73531493276717,69.93157894736842,15.538461538461538,16.017579445571332,17.844357976653697,13.120311394196744,16.721052631578946,11.0,5.0,11.0,8.0,15.84835259729245
