,1,1l,1r,1s,2,2l,2r,2s,3,3l,3r,3s,4,4l,4r,4s,id,1_2,1_3,1_4,2_1,2_3,2_4,3_1,3_2,3_4,4_1,4_2,4_3,p1,p2,p3,p4,speed0,speed1,speed2,speed3,speed4,stop0,stop1,stop2,stop3,stop4,time,timeloss0,timeloss1,timeloss2,timeloss3,timeloss4,travel0,travel1,travel2,travel3,travel4,wait0,wait1,wait2,wait3,wait4,rsssl_rrsll_rsl_rsslll_0,rsssl_rrsll_rsl_rsslll_1,rsssl_rrsll_rsl_rsslll_2,rsssl_rrsll_rsl_rsslll_3,performance measure
0,5,1,1,3,5,2,2,1,3,1,1,1,6,3,1,2,rsssl_rrsll_rsl_rsslll,120.0,121.0,254.0,454.0,331.0,261.0,122.0,98.0,133.0,235.0,710.0,224.0,5.0,5.0,8.0,11.0,9.470873354097732,9.542258530906533,9.542406090445557,9.663325827840259,9.690710826626018,0.8352059925093633,0.7848722986247544,0.7734225621414914,0.7391304347826086,0.7344199424736337,3.1231279373168945,22.183436329588027,19.381738703339895,19.567543021032495,18.5202224469161,18.048906999041254,66.89794007490637,64.13654223968565,64.25812619502868,63.24974721941355,62.740172579098754,13.80243445692884,11.621807465618861,11.852772466539196,10.97876643073812,10.544582933844678,5.0,5.0,8.0,11.0,11.76007275073394
