,1,1l,1r,1s,2,2l,2r,2s,3,3l,3r,3s,4,4l,4r,4s,id,1_2,1_3,1_4,2_1,2_3,2_4,3_1,3_2,3_4,4_1,4_2,4_3,p1,p2,p3,p4,speed0,speed1,speed2,speed3,speed4,stop0,stop1,stop2,stop3,stop4,time,timeloss0,timeloss1,timeloss2,timeloss3,timeloss4,travel0,travel1,travel2,travel3,travel4,wait0,wait1,wait2,wait3,wait4,rrslll_rssll_rsl_rssssll_0,rrslll_rssll_rsl_rssssll_1,rrslll_rssll_rsl_rssssll_2,rrslll_rssll_rsl_rssssll_3,performance measure
0,6,3,2,1,5,2,1,2,3,1,1,1,7,2,1,4,rrslll_rssll_rsl_rssssll,764.0,234.0,159.0,301.0,542.0,255.0,107.0,200.0,102.0,442.0,402.0,89.0,11.0,11.0,11.0,8.0,8.997630916660945,9.010160140143874,9.039714655862086,9.081759993920427,9.069091034495878,0.8003286770747741,0.7909836065573771,0.796,0.7678721614802355,0.7816377171215881,3.566692352294922,23.88169268693508,23.524852459016405,23.41748800000002,23.062396972245587,23.062357320099245,68.77896466721447,68.43934426229508,68.3136,67.97645079899075,67.92307692307692,15.749383730484798,15.561475409836065,15.3184,15.186711522287636,15.192721257237386,11.0,11.0,11.0,8.0,15.401738383969178
