,1,1l,1r,1s,2,2l,2r,2s,3,3l,3r,3s,4,4l,4r,4s,id,1_2,1_3,1_4,2_1,2_3,2_4,3_1,3_2,3_4,4_1,4_2,4_3,p1,p2,p3,p4,speed0,speed1,speed2,speed3,speed4,stop0,stop1,stop2,stop3,stop4,time,timeloss0,timeloss1,timeloss2,timeloss3,timeloss4,travel0,travel1,travel2,travel3,travel4,wait0,wait1,wait2,wait3,wait4,rsl_rsssssl_rsll_rrssl_0,rsl_rsssssl_rsll_rrssl_1,rsl_rsssssl_rsll_rrssl_2,rsl_rsssssl_rsll_rrssl_3,performance measure
0,3,1,1,1,7,1,1,5,4,2,1,1,5,1,2,2,rsl_rsssssl_rsll_rrssl,173.0,328.0,278.0,106.0,117.0,1557.0,334.0,191.0,179.0,53.0,380.0,327.0,8.0,14.0,5.0,14.0,9.114257486434006,9.131612618520249,9.1509218506741,9.264429932968017,9.190793612758204,0.7979426891991183,0.7813673929376409,0.7900512070226774,0.772831926323868,0.7660991857883049,3.3312833309173584,24.42577516531963,23.962441773102885,23.308697878566182,23.490867229470453,22.889245003700996,69.28214548126378,68.79113448534936,68.2194586686174,68.32003069838834,67.77720207253886,16.09845701689934,15.82794891059354,15.060716898317484,15.369148119723715,14.800148038490008,8.0,14.0,5.0,14.0,15.431283796804816
