,1,1l,1r,1s,2,2l,2r,2s,3,3l,3r,3s,4,4l,4r,4s,id,1_2,1_3,1_4,2_1,2_3,2_4,3_1,3_2,3_4,4_1,4_2,4_3,p1,p2,p3,p4,speed0,speed1,speed2,speed3,speed4,stop0,stop1,stop2,stop3,stop4,time,timeloss0,timeloss1,timeloss2,timeloss3,timeloss4,travel0,travel1,travel2,travel3,travel4,wait0,wait1,wait2,wait3,wait4,rssll_rrsl_rsssl_rrsl_0,rssll_rrsl_rsssl_rrsl_1,rssll_rrsl_rsssl_rrsl_2,rssll_rrsl_rsssl_rrsl_3,performance measure
0,5,2,1,2,4,1,2,1,5,1,1,3,4,1,2,1,rssll_rrsl_rsssl_rrsl,176.0,696.0,70.0,566.0,324.0,48.0,420.0,214.0,313.0,302.0,189.0,383.0,14.0,14.0,14.0,8.0,8.906917928158046,8.57058129158774,8.519079938054313,8.717768933036272,8.480543987404173,0.7732696897374701,0.8613138686131386,0.8540202966432474,0.84009942004971,0.9223781998348473,3.625293493270874,25.186650755767687,29.795158150851552,29.834597970335654,29.040008285004163,32.619009083402176,69.9236276849642,74.5352798053528,74.56362217017954,73.74813587406794,77.3270024772915,17.085123309466987,21.044606650446067,20.97658079625293,20.063794531897265,23.430222956234516,14.0,14.0,14.0,8.0,20.52006564885955
