,1,1l,1r,1s,2,2l,2r,2s,3,3l,3r,3s,4,4l,4r,4s,id,1_2,1_3,1_4,2_1,2_3,2_4,3_1,3_2,3_4,4_1,4_2,4_3,p1,p2,p3,p4,speed0,speed1,speed2,speed3,speed4,stop0,stop1,stop2,stop3,stop4,time,timeloss0,timeloss1,timeloss2,timeloss3,timeloss4,travel0,travel1,travel2,travel3,travel4,wait0,wait1,wait2,wait3,wait4,rsssssl_rssssll_rsl_rssll_0,rsssssl_rssssll_rsl_rssll_1,rsssssl_rssssll_rsl_rssll_2,rsssssl_rssssll_rsl_rssll_3,performance measure
0,7,1,1,5,7,2,1,4,3,1,1,1,5,2,1,2,rsssssl_rssssll_rsl_rssll,212.0,557.0,137.0,324.0,470.0,407.0,75.0,182.0,91.0,139.0,486.0,113.0,8.0,5.0,11.0,11.0,9.121909659948175,9.316892530704374,9.110644930404662,9.46709736383075,9.444444316776279,0.898989898989899,0.7770522388059702,0.8342105263157895,0.7266331658291457,0.7393278837420527,3.344892740249634,26.11885215794306,21.63835820895523,23.991614035087686,20.103819095477363,20.09147138964577,70.85399449035813,66.39365671641791,68.7140350877193,64.88643216080402,64.81471389645776,17.38659320477502,13.949626865671641,15.794736842105262,12.692462311557788,12.700272479564033,8.0,5.0,11.0,11.0,14.50473834073475
