,1,1l,1r,1s,2,2l,2r,2s,3,3l,3r,3s,4,4l,4r,4s,id,1_2,1_3,1_4,2_1,2_3,2_4,3_1,3_2,3_4,4_1,4_2,4_3,p1,p2,p3,p4,speed0,speed1,speed2,speed3,speed4,stop0,stop1,stop2,stop3,stop4,time,timeloss0,timeloss1,timeloss2,timeloss3,timeloss4,travel0,travel1,travel2,travel3,travel4,wait0,wait1,wait2,wait3,wait4,rssll_rrssl_rssslll_rrssll_0,rssll_rrssl_rssslll_rrssll_1,rssll_rrssl_rssslll_rrssll_2,rssll_rrssl_rssslll_rrssll_3,performance measure
0,5,2,1,2,5,1,2,2,7,3,1,3,6,2,2,2,rssll_rrssl_rssslll_rrssll,545.0,84.0,315.0,332.0,54.0,520.0,665.0,140.0,639.0,449.0,517.0,294.0,11.0,11.0,11.0,11.0,9.066773882064915,8.841824535301235,8.794456315983341,9.009452743816432,9.001438295259314,0.7677878395860285,0.8067226890756303,0.842964824120603,0.7770224337185588,0.7785016286644951,3.8494465351104736,23.673473479948186,25.771835811247527,26.446658291457315,23.860455472467706,23.80437133550486,68.41979301423027,70.53975436328378,71.2141959798995,68.60774983004758,68.53941368078176,15.736093143596378,17.54169360051713,17.951633165829147,15.955132562882392,15.897068403908795,11.0,11.0,11.0,11.0,16.61632417534677
