,1,1l,1r,1s,2,2l,2r,2s,3,3l,3r,3s,4,4l,4r,4s,id,1_2,1_3,1_4,2_1,2_3,2_4,3_1,3_2,3_4,4_1,4_2,4_3,p1,p2,p3,p4,speed0,speed1,speed2,speed3,speed4,stop0,stop1,stop2,stop3,stop4,time,timeloss0,timeloss1,timeloss2,timeloss3,timeloss4,travel0,travel1,travel2,travel3,travel4,wait0,wait1,wait2,wait3,wait4,rsl_rsl_rsl_rrssll_0,rsl_rsl_rsl_rrssll_1,rsl_rsl_rsl_rrssll_2,rsl_rsl_rsl_rrssll_3,performance measure
0,3,1,1,1,3,1,1,1,3,1,1,1,6,2,2,2,rsl_rsl_rsl_rrssll,104.0,55.0,70.0,171.0,140.0,234.0,137.0,221.0,84.0,559.0,629.0,637.0,5.0,5.0,11.0,11.0,9.380655753812766,9.517799127808894,9.483469189672947,9.707834568823415,9.504049009152629,0.8390697674418605,0.7268292682926829,0.7861271676300579,0.7084168336673347,0.7343599615014437,3.0979294776916504,22.395776744186062,19.354907317073188,21.019219653179192,18.281883767535064,19.49070259865254,67.22697674418605,64.28,65.88439306358381,63.14629258517034,64.36573628488932,14.014883720930232,11.762926829268293,13.11271676300578,10.832665330661323,11.791145332050048,5.0,5.0,11.0,11.0,12.302867595183134
