,1,1l,1r,1s,2,2l,2r,2s,3,3l,3r,3s,4,4l,4r,4s,id,1_2,1_3,1_4,2_1,2_3,2_4,3_1,3_2,3_4,4_1,4_2,4_3,p1,p2,p3,p4,speed0,speed1,speed2,speed3,speed4,stop0,stop1,stop2,stop3,stop4,time,timeloss0,timeloss1,timeloss2,timeloss3,timeloss4,travel0,travel1,travel2,travel3,travel4,wait0,wait1,wait2,wait3,wait4,rrssl_rrssl_rrsslll_rrsslll_0,rrssl_rrssl_rrsslll_rrsslll_1,rrssl_rrssl_rrsslll_rrsslll_2,rrssl_rrssl_rrsslll_rrsslll_3,performance measure
0,5,1,2,2,5,1,2,2,7,3,2,2,7,3,2,2,rrssl_rrssl_rrsslll_rrsslll,310.0,495.0,155.0,280.0,291.0,642.0,154.0,642.0,401.0,826.0,442.0,549.0,14.0,11.0,14.0,14.0,8.762332067200443,8.694024462029098,8.568071478177014,8.731122689012826,8.745499553079501,0.7696693272519954,0.7842465753424658,0.8259899609592861,0.7871840094062317,0.7829367382472432,4.31587553024292,26.40435575826676,27.233698630136924,29.572007808142747,27.0354262198707,27.23583284968076,70.91733181299885,71.81050228310502,74.09481316229783,71.55908289241623,71.7498549042368,18.295324971493727,18.97945205479452,20.95036252091467,18.875367430922985,19.1445153801509,14.0,11.0,14.0,14.0,19.24900447165536
