,1,1l,1r,1s,2,2l,2r,2s,3,3l,3r,3s,4,4l,4r,4s,id,1_2,1_3,1_4,2_1,2_3,2_4,3_1,3_2,3_4,4_1,4_2,4_3,p1,p2,p3,p4,speed0,speed1,speed2,speed3,speed4,stop0,stop1,stop2,stop3,stop4,time,timeloss0,timeloss1,timeloss2,timeloss3,timeloss4,travel0,travel1,travel2,travel3,travel4,wait0,wait1,wait2,wait3,wait4,rsl_rsssl_rssssl_rssll_0,rsl_rsssl_rssssl_rssll_1,rsl_rsssl_rssssl_rssll_2,rsl_rsssl_rssssl_rssll_3,performance measure
0,3,1,1,1,5,1,1,3,6,1,1,4,5,2,1,2,rsl_rsssl_rssssl_rssll,146.0,356.0,55.0,90.0,241.0,676.0,1120.0,238.0,111.0,210.0,360.0,46.0,8.0,14.0,11.0,11.0,8.952922542990997,8.983975548318314,8.886509504781019,8.849433678716856,8.980875359087827,0.8035714285714286,0.7838915470494418,0.8126501200960768,0.8220198675496688,0.7963576158940397,3.7342112064361572,25.143798701298717,24.336068580542275,25.348967173738988,25.647665562913943,24.26349337748345,70.06655844155844,69.29984051036682,70.31625300240192,70.57781456953643,69.24668874172185,17.03327922077922,16.295055821371612,17.00720576461169,17.394039735099337,16.211920529801326,8.0,14.0,11.0,11.0,16.78830021433264
