,1,1l,1r,1s,2,2l,2r,2s,3,3l,3r,3s,4,4l,4r,4s,id,1_2,1_3,1_4,2_1,2_3,2_4,3_1,3_2,3_4,4_1,4_2,4_3,p1,p2,p3,p4,speed0,speed1,speed2,speed3,speed4,stop0,stop1,stop2,stop3,stop4,time,timeloss0,timeloss1,timeloss2,timeloss3,timeloss4,travel0,travel1,travel2,travel3,travel4,wait0,wait1,wait2,wait3,wait4,rssslll_rrsssl_rsssssl_rsl_0,rssslll_rrsssl_rsssssl_rsl_1,rssslll_rrsssl_rsssssl_rsl_2,rssslll_rrsssl_rsssssl_rsl_3,performance measure
0,7,3,1,3,6,1,2,3,7,1,1,5,3,1,1,1,rssslll_rrsssl_rsssssl_rsl,316.0,520.0,53.0,274.0,298.0,960.0,229.0,209.0,245.0,81.0,46.0,133.0,11.0,8.0,11.0,14.0,9.079139513509276,8.849050757998157,8.877785977430362,8.719541337394674,8.842866181414923,0.7659574468085106,0.821203953279425,0.8230958230958231,0.8971792538671519,0.8132743362831858,3.265122652053833,23.825372340425524,26.093045822102383,26.26025389025391,29.70273885350317,25.681769911504443,68.58156028368795,70.86522911051213,70.995904995905,74.42129208371247,70.4212389380531,16.06117021276596,17.915543575920935,17.972972972972972,20.75068243858053,17.609734513274336,11.0,8.0,11.0,14.0,18.062020742702945
