,1,1l,1r,1s,2,2l,2r,2s,3,3l,3r,3s,4,4l,4r,4s,id,1_2,1_3,1_4,2_1,2_3,2_4,3_1,3_2,3_4,4_1,4_2,4_3,p1,p2,p3,p4,speed0,speed1,speed2,speed3,speed4,stop0,stop1,stop2,stop3,stop4,time,timeloss0,timeloss1,timeloss2,timeloss3,timeloss4,travel0,travel1,travel2,travel3,travel4,wait0,wait1,wait2,wait3,wait4,rsl_rssslll_rrsssl_rsslll_0,rsl_rssslll_rrsssl_rsslll_1,rsl_rssslll_rrsssl_rsslll_2,rsl_rssslll_rrsssl_rsslll_3,performance measure
0,3,1,1,1,7,3,1,3,6,1,2,3,6,3,1,2,rsl_rssslll_rrsssl_rsslll,153.0,253.0,323.0,79.0,730.0,857.0,615.0,308.0,161.0,965.0,502.0,286.0,8.0,11.0,14.0,11.0,8.93400968437154,8.946322795758482,8.710840346315774,8.783771566066877,8.88598931878352,0.7902137232845894,0.7822899041173152,0.8579325594250967,0.829971181556196,0.8067039106145252,4.3261682987213135,24.739088863892036,24.446976875352487,27.491000552791593,26.52623054755048,24.88343016759781,69.56467941507312,69.29328821206994,72.28745163073522,71.37175792507205,69.69553072625699,16.553430821147355,16.245910885504795,18.708678828081812,18.031123919308357,16.54581005586592,8.0,11.0,14.0,11.0,17.21699090198165
