,1,1l,1r,1s,2,2l,2r,2s,3,3l,3r,3s,4,4l,4r,4s,id,1_2,1_3,1_4,2_1,2_3,2_4,3_1,3_2,3_4,4_1,4_2,4_3,p1,p2,p3,p4,speed0,speed1,speed2,speed3,speed4,stop0,stop1,stop2,stop3,stop4,time,timeloss0,timeloss1,timeloss2,timeloss3,timeloss4,travel0,travel1,travel2,travel3,travel4,wait0,wait1,wait2,wait3,wait4,rsl_rsl_rsl_rrssssl_0,rsl_rsl_rsl_rrssssl_1,rsl_rsl_rsl_rrssssl_2,rsl_rsl_rsl_rrssssl_3,performance measure
0,3,1,1,1,3,1,1,1,3,1,1,1,7,1,2,4,rsl_rsl_rsl_rrssssl,293.0,133.0,175.0,265.0,98.0,150.0,122.0,322.0,231.0,221.0,1437.0,435.0,11.0,5.0,8.0,11.0,9.022917831508224,8.805027957445413,8.458980065023178,9.055547118835182,8.916777850381907,0.8600451467268623,0.9389017788089714,1.095025983667409,0.8357030015797788,0.8681235870384325,3.3456363677978516,24.65677953348387,27.749528228925016,33.9824201930215,23.809202211690366,24.980316503391105,69.43566591422122,72.56844547563806,78.83964365256125,68.57582938388626,69.77618688771665,15.844996237772762,18.4276875483372,23.348181143281366,15.308056872037914,16.229841748304445,11.0,5.0,8.0,11.0,17.831752709946738
