,1,1l,1r,1s,2,2l,2r,2s,3,3l,3r,3s,4,4l,4r,4s,id,1_2,1_3,1_4,2_1,2_3,2_4,3_1,3_2,3_4,4_1,4_2,4_3,p1,p2,p3,p4,speed0,speed1,speed2,speed3,speed4,stop0,stop1,stop2,stop3,stop4,time,timeloss0,timeloss1,timeloss2,timeloss3,timeloss4,travel0,travel1,travel2,travel3,travel4,wait0,wait1,wait2,wait3,wait4,rsl_rsssssl_rsll_rrssl_0,rsl_rsssssl_rsll_rrssl_1,rsl_rsssssl_rsll_rrssl_2,rsl_rsssssl_rsll_rrssl_3,performance measure
0,3,1,1,1,7,1,1,5,4,2,1,1,5,1,2,2,rsl_rsssssl_rsll_rrssl,210.0,81.0,170.0,195.0,96.0,1541.0,208.0,115.0,247.0,109.0,275.0,247.0,8.0,8.0,5.0,11.0,9.382348993453293,9.493535808550718,9.405025029966954,9.461810068544239,9.526437312006049,0.8167495854063018,0.7589134125636672,0.7970419063270336,0.7771929824561403,0.7535744322960471,3.352717876434326,21.64468490878939,19.766893039049247,21.096943303204597,19.9119210526316,19.647224558452503,66.49336650082918,64.6239388794567,65.93755135579293,64.77543859649123,64.48275862068965,13.597014925373134,12.238539898132428,13.057518488085456,12.218421052631578,12.010933557611438,8.0,8.0,5.0,11.0,12.624485584366806
