,1,1l,1r,1s,2,2l,2r,2s,3,3l,3r,3s,4,4l,4r,4s,id,1_2,1_3,1_4,2_1,2_3,2_4,3_1,3_2,3_4,4_1,4_2,4_3,p1,p2,p3,p4,speed0,speed1,speed2,speed3,speed4,stop0,stop1,stop2,stop3,stop4,time,timeloss0,timeloss1,timeloss2,timeloss3,timeloss4,travel0,travel1,travel2,travel3,travel4,wait0,wait1,wait2,wait3,wait4,rssslll_rrsssl_rsssssl_rsl_0,rssslll_rrsssl_rsssssl_rsl_1,rssslll_rrsssl_rsssssl_rsl_2,rssslll_rrsssl_rsssssl_rsl_3,performance measure
0,7,3,1,3,6,1,2,3,7,1,1,5,3,1,1,1,rssslll_rrsssl_rsssssl_rsl,689.0,914.0,272.0,283.0,291.0,563.0,663.0,286.0,323.0,103.0,265.0,173.0,14.0,14.0,11.0,11.0,8.767787602199292,8.630528856065789,8.539286672013683,8.52597007977705,8.684769625224497,0.7980475899938987,0.8444857496902106,0.8843618933493109,0.9348534201954397,0.8374384236453202,4.001369476318359,26.692043929225115,28.85276332094177,31.043810665068847,33.3121498371336,28.485264778325124,71.49847467968273,73.68029739776952,75.82504493708808,78.08664495114006,73.2506157635468,18.438682123245883,20.21995043370508,21.976632714200118,23.684690553745927,19.947660098522167,14.0,14.0,11.0,11.0,20.853523184683834
