,1,1l,1r,1s,2,2l,2r,2s,3,3l,3r,3s,4,4l,4r,4s,id,1_2,1_3,1_4,2_1,2_3,2_4,3_1,3_2,3_4,4_1,4_2,4_3,p1,p2,p3,p4,speed0,speed1,speed2,speed3,speed4,stop0,stop1,stop2,stop3,stop4,time,timeloss0,timeloss1,timeloss2,timeloss3,timeloss4,travel0,travel1,travel2,travel3,travel4,wait0,wait1,wait2,wait3,wait4,rsssssl_rssssll_rsl_rssll_0,rsssssl_rssssll_rsl_rssll_1,rsssssl_rssssll_rsl_rssll_2,rsssssl_rssssll_rsl_rssll_3,performance measure
0,7,1,1,5,7,2,1,4,3,1,1,1,5,2,1,2,rsssssl_rssssll_rsl_rssll,197.0,1281.0,222.0,115.0,341.0,884.0,189.0,68.0,108.0,393.0,379.0,85.0,8.0,11.0,11.0,11.0,8.851903631757187,8.988229997190164,9.042978154302714,9.110959045645961,9.123194247756068,0.8988136775994418,0.8059187887130076,0.806930693069307,0.792057761732852,0.7758379888268156,3.890695333480835,28.333475226796967,24.538286304198174,24.04289957567185,23.32982671480145,22.65060754189944,73.30774598743893,69.50997935306263,69.00990099009901,68.30613718411553,67.57332402234637,19.447313328681087,16.496902959394358,15.998585572842998,15.51768953068592,14.912011173184357,8.0,11.0,11.0,11.0,16.474500512957743
