,1,1l,1r,1s,2,2l,2r,2s,3,3l,3r,3s,4,4l,4r,4s,id,1_2,1_3,1_4,2_1,2_3,2_4,3_1,3_2,3_4,4_1,4_2,4_3,p1,p2,p3,p4,speed0,speed1,speed2,speed3,speed4,stop0,stop1,stop2,stop3,stop4,time,timeloss0,timeloss1,timeloss2,timeloss3,timeloss4,travel0,travel1,travel2,travel3,travel4,wait0,wait1,wait2,wait3,wait4,rsssssl_rsl_rrsslll_rsssll_0,rsssssl_rsl_rrsslll_rsssll_1,rsssssl_rsl_rrsslll_rsssll_2,rsssssl_rsl_rrsslll_rsssll_3,performance measure
0,7,1,1,5,3,1,1,1,7,3,2,2,6,2,1,3,rsssssl_rsl_rrsslll_rsssll,180.0,238.0,154.0,92.0,180.0,72.0,254.0,105.0,422.0,104.0,120.0,260.0,11.0,5.0,8.0,5.0,9.718906857858777,9.791307901540378,9.653564030627196,9.717577772887077,9.750727088515172,0.7409326424870466,0.7091633466135459,0.7437185929648241,0.710267229254571,0.7079407806191117,2.721555233001709,18.479676165803102,17.419017264276253,18.99030150753769,17.875949367088616,17.91724091520859,62.93782383419689,61.896414342629484,63.57537688442211,62.35583684950774,62.43472409152086,11.156735751295336,10.455511288180611,11.638190954773869,10.635724331926864,10.878869448183043,11.0,5.0,8.0,5.0,10.953006354871945
