,1,1l,1r,1s,2,2l,2r,2s,3,3l,3r,3s,4,4l,4r,4s,id,1_2,1_3,1_4,2_1,2_3,2_4,3_1,3_2,3_4,4_1,4_2,4_3,p1,p2,p3,p4,speed0,speed1,speed2,speed3,speed4,stop0,stop1,stop2,stop3,stop4,time,timeloss0,timeloss1,timeloss2,timeloss3,timeloss4,travel0,travel1,travel2,travel3,travel4,wait0,wait1,wait2,wait3,wait4,rsl_rsl_rsl_rrssll_0,rsl_rsl_rsl_rrssll_1,rsl_rsl_rsl_rrssll_2,rsl_rsl_rsl_rrssll_3,performance measure
0,3,1,1,1,3,1,1,1,3,1,1,1,6,2,2,2,rsl_rsl_rsl_rrssll,219.0,331.0,108.0,156.0,70.0,346.0,295.0,190.0,256.0,339.0,527.0,448.0,11.0,14.0,8.0,14.0,8.360431802953599,8.622216898076298,8.510204069430072,8.850212892620155,8.743795415503685,0.9385964912280702,0.8373333333333334,0.8946444249341527,0.7969639468690702,0.8256320836965998,3.2855281829833984,31.70968421052629,28.02973333333331,30.83781387181738,26.72140417457305,27.76694856146468,76.60175438596491,72.95733333333334,75.77963125548727,71.64895635673625,72.69398430688753,22.090350877192982,19.459555555555557,21.551360842844602,18.381404174573056,18.905841325196164,11.0,14.0,8.0,14.0,20.077702555072474
