,1,1l,1r,1s,2,2l,2r,2s,3,3l,3r,3s,4,4l,4r,4s,id,1_2,1_3,1_4,2_1,2_3,2_4,3_1,3_2,3_4,4_1,4_2,4_3,p1,p2,p3,p4,speed0,speed1,speed2,speed3,speed4,stop0,stop1,stop2,stop3,stop4,time,timeloss0,timeloss1,timeloss2,timeloss3,timeloss4,travel0,travel1,travel2,travel3,travel4,wait0,wait1,wait2,wait3,wait4,rsl_rsl_rsssl_rsl_0,rsl_rsl_rsssl_rsl_1,rsl_rsl_rsssl_rsl_2,rsl_rsl_rsssl_rsl_3,performance measure
0,3,1,1,1,3,1,1,1,5,1,1,3,3,1,1,1,rsl_rsl_rsssl_rsl,107.0,211.0,217.0,234.0,50.0,59.0,131.0,200.0,152.0,145.0,142.0,309.0,8.0,11.0,8.0,8.0,9.601052813827332,9.54972959578908,9.51628875835893,9.704566671972499,9.650243488779,0.6879535558780842,0.7036474164133738,0.7229916897506925,0.6776729559748428,0.6962209302325582,2.356093406677246,18.663265602322184,19.472127659574486,19.40051246537396,17.922028301886797,18.297601744186053,63.339622641509436,64.15197568389058,64.11772853185596,62.589622641509436,62.96511627906977,11.119013062409289,12.088145896656535,11.740997229916898,10.570754716981131,10.757267441860465,8.0,11.0,8.0,8.0,11.255235669564863
