,1,1l,1r,1s,2,2l,2r,2s,3,3l,3r,3s,4,4l,4r,4s,id,1_2,1_3,1_4,2_1,2_3,2_4,3_1,3_2,3_4,4_1,4_2,4_3,p1,p2,p3,p4,speed0,speed1,speed2,speed3,speed4,stop0,stop1,stop2,stop3,stop4,time,timeloss0,timeloss1,timeloss2,timeloss3,timeloss4,travel0,travel1,travel2,travel3,travel4,wait0,wait1,wait2,wait3,wait4,rrslll_rssll_rsl_rssssll_0,rrslll_rssll_rsl_rssssll_1,rrslll_rssll_rsl_rssssll_2,rrslll_rssll_rsl_rssssll_3,performance measure
0,6,3,2,1,5,2,1,2,3,1,1,1,7,2,1,4,rrslll_rssll_rsl_rssssll,838.0,333.0,72.0,117.0,374.0,101.0,168.0,231.0,94.0,468.0,1154.0,208.0,14.0,14.0,11.0,14.0,8.661916337282827,8.178934655826424,8.13092998131532,8.582263741595314,8.44789111857861,0.791907514450867,0.9341825902335457,0.9138525155065472,0.8126822157434402,0.8642599277978339,3.7034573554992676,27.39900289017342,34.68101910828024,33.447966919365896,28.036034985422717,30.78408664259924,72.40390173410404,79.72257607926397,78.49827705031014,72.99489795918367,75.82021660649819,19.18208092485549,25.166312809624912,24.07029634734666,19.6100583090379,21.824548736462095,14.0,14.0,11.0,14.0,21.97065942546541
