,1,1l,1r,1s,2,2l,2r,2s,3,3l,3r,3s,4,4l,4r,4s,id,1_2,1_3,1_4,2_1,2_3,2_4,3_1,3_2,3_4,4_1,4_2,4_3,p1,p2,p3,p4,speed0,speed1,speed2,speed3,speed4,stop0,stop1,stop2,stop3,stop4,time,timeloss0,timeloss1,timeloss2,timeloss3,timeloss4,travel0,travel1,travel2,travel3,travel4,wait0,wait1,wait2,wait3,wait4,rsl_rsl_rsl_rrssll_0,rsl_rsl_rsl_rrssll_1,rsl_rsl_rsl_rrssll_2,rsl_rsl_rsl_rrssll_3,performance measure
0,3,1,1,1,3,1,1,1,3,1,1,1,6,2,2,2,rsl_rsl_rsl_rrssll,59.0,227.0,45.0,278.0,213.0,138.0,331.0,100.0,98.0,224.0,512.0,319.0,5.0,11.0,8.0,11.0,9.153657180678426,9.129786161560855,9.164644941035837,8.939552672788178,9.284383899508944,0.8302540415704388,0.8116279069767441,0.819910514541387,0.9393564356435643,0.7880952380952381,2.9455902576446533,23.711893764434205,23.09741860465117,23.275581655480988,27.941002475247537,21.534892857142875,68.61316397228637,68.01279069767442,68.19463087248322,72.83539603960396,66.43571428571428,15.41108545034642,15.082558139534884,14.769574944071588,18.691831683168317,13.488095238095237,5.0,11.0,8.0,11.0,15.488629091043288
