,1,1l,1r,1s,2,2l,2r,2s,3,3l,3r,3s,4,4l,4r,4s,id,1_2,1_3,1_4,2_1,2_3,2_4,3_1,3_2,3_4,4_1,4_2,4_3,p1,p2,p3,p4,speed0,speed1,speed2,speed3,speed4,stop0,stop1,stop2,stop3,stop4,time,timeloss0,timeloss1,timeloss2,timeloss3,timeloss4,travel0,travel1,travel2,travel3,travel4,wait0,wait1,wait2,wait3,wait4,rrssl_rrssl_rrsslll_rrsslll_0,rrssl_rrssl_rrsslll_rrsslll_1,rrssl_rrssl_rrsslll_rrsslll_2,rrssl_rrssl_rrsslll_rrsslll_3,performance measure
0,5,1,2,2,5,1,2,2,7,3,2,2,7,3,2,2,rrssl_rrssl_rrsslll_rrsslll,152.0,214.0,609.0,307.0,106.0,659.0,435.0,274.0,514.0,150.0,535.0,280.0,8.0,8.0,5.0,11.0,9.55117886115941,9.574521863294613,9.554415560076482,9.412215042486064,9.594584777924249,0.7405368203716449,0.7350246652572234,0.7287234042553191,0.7771387491013659,0.728021978021978,3.8295788764953613,18.916916724019273,18.872558139534856,18.74723404255317,19.95558590941766,18.607589285714244,63.465244322092225,63.41155743481325,63.317819148936174,64.5017972681524,63.16552197802198,11.454232622161046,11.484143763213531,11.257978723404255,12.294751976994968,11.164148351648352,8.0,8.0,5.0,11.0,11.53105108748443
