,1,1l,1r,1s,2,2l,2r,2s,3,3l,3r,3s,4,4l,4r,4s,id,1_2,1_3,1_4,2_1,2_3,2_4,3_1,3_2,3_4,4_1,4_2,4_3,p1,p2,p3,p4,speed0,speed1,speed2,speed3,speed4,stop0,stop1,stop2,stop3,stop4,time,timeloss0,timeloss1,timeloss2,timeloss3,timeloss4,travel0,travel1,travel2,travel3,travel4,wait0,wait1,wait2,wait3,wait4,rsssl_rrsll_rsl_rsslll_0,rsssl_rrsll_rsl_rsslll_1,rsssl_rrsll_rsl_rsslll_2,rsssl_rrsll_rsl_rsslll_3,performance measure
0,5,1,1,3,5,2,2,1,3,1,1,1,6,3,1,2,rsssl_rrsll_rsl_rsslll,46.0,476.0,193.0,139.0,617.0,232.0,306.0,182.0,42.0,932.0,269.0,262.0,5.0,11.0,14.0,11.0,8.983195637287915,9.052527430428897,9.122746866142307,9.185074780128923,9.2237227514713,0.8176050753370341,0.7947284345047924,0.7786561264822134,0.7650951199338296,0.759493670886076,3.518000364303589,24.875606661379894,23.491581469648604,23.20314624505928,22.82405293631102,22.11083069620256,69.72957969865186,68.2979233226837,68.01343873517787,67.66335814722912,66.8868670886076,16.32275971451229,15.298722044728434,15.02608695652174,14.755169561621175,14.150316455696203,5.0,11.0,14.0,11.0,15.110610946615967
