,1,1l,1r,1s,2,2l,2r,2s,3,3l,3r,3s,4,4l,4r,4s,id,1_2,1_3,1_4,2_1,2_3,2_4,3_1,3_2,3_4,4_1,4_2,4_3,p1,p2,p3,p4,speed0,speed1,speed2,speed3,speed4,stop0,stop1,stop2,stop3,stop4,time,timeloss0,timeloss1,timeloss2,timeloss3,timeloss4,travel0,travel1,travel2,travel3,travel4,wait0,wait1,wait2,wait3,wait4,rrsslll_rrsll_rsssl_rrsslll_0,rrsslll_rrsll_rsssl_rrsslll_1,rrsslll_rrsll_rsssl_rrsslll_2,rrsslll_rrsll_rsssl_rrsslll_3,performance measure
0,7,3,2,2,5,2,2,1,5,1,1,3,7,3,2,2,rrsslll_rrsll_rsssl_rrsslll,194.0,711.0,248.0,457.0,105.0,357.0,1006.0,167.0,55.0,531.0,703.0,310.0,5.0,14.0,8.0,14.0,9.283512254180437,9.034124326527127,9.07940866670594,9.389285161213808,9.241473521249278,0.7445887445887446,0.7892486255345144,0.798569725864124,0.7257328990228012,0.7483118477593615,4.033452272415161,21.50445269016699,23.76887599266948,23.244326579261056,20.577785016286633,21.815303867403312,66.22881880024737,68.53268173488088,67.97854588796186,65.29576547231271,66.57642725598527,13.674706246134818,15.635919364691508,15.072705601907032,13.080130293159609,14.027624309392266,5.0,14.0,8.0,14.0,14.298217163057046
