,1,1l,1r,1s,2,2l,2r,2s,3,3l,3r,3s,4,4l,4r,4s,id,1_2,1_3,1_4,2_1,2_3,2_4,3_1,3_2,3_4,4_1,4_2,4_3,p1,p2,p3,p4,speed0,speed1,speed2,speed3,speed4,stop0,stop1,stop2,stop3,stop4,time,timeloss0,timeloss1,timeloss2,timeloss3,timeloss4,travel0,travel1,travel2,travel3,travel4,wait0,wait1,wait2,wait3,wait4,rsl_rsl_rsl_rrssll_0,rsl_rsl_rsl_rrssll_1,rsl_rsl_rsl_rrssll_2,rsl_rsl_rsl_rrssll_3,performance measure
0,3,1,1,1,3,1,1,1,3,1,1,1,6,2,2,2,rsl_rsl_rsl_rrssll,232.0,300.0,310.0,209.0,315.0,348.0,168.0,39.0,260.0,365.0,405.0,175.0,14.0,14.0,14.0,18.0,8.047405839453544,8.161208245924097,7.675700551700629,8.094607433993234,8.233212095081264,0.8864059590316573,0.8408463661453542,1.0189530685920578,0.9243353783231084,0.8641404805914972,3.0679285526275635,34.88087523277466,32.98378104875805,42.8482581227437,37.66266871165651,34.301977818853935,79.95065176908753,78.07175712971481,87.88808664259928,82.79038854805727,79.36044362292051,25.585661080074487,24.131554737810486,32.12274368231047,28.056237218813905,25.026802218114604,14.0,14.0,14.0,18.0,26.98459978742479
