,1,1l,1r,1s,2,2l,2r,2s,3,3l,3r,3s,4,4l,4r,4s,id,1_2,1_3,1_4,2_1,2_3,2_4,3_1,3_2,3_4,4_1,4_2,4_3,p1,p2,p3,p4,speed0,speed1,speed2,speed3,speed4,stop0,stop1,stop2,stop3,stop4,time,timeloss0,timeloss1,timeloss2,timeloss3,timeloss4,travel0,travel1,travel2,travel3,travel4,wait0,wait1,wait2,wait3,wait4,rsssl_rrsll_rsl_rsslll_0,rsssl_rrsll_rsl_rsslll_1,rsssl_rrsll_rsl_rsslll_2,rsssl_rrsll_rsl_rsslll_3,performance measure
0,5,1,1,3,5,2,2,1,3,1,1,1,6,3,1,2,rsssl_rrsll_rsl_rsslll,265.0,1037.0,43.0,591.0,333.0,87.0,262.0,72.0,171.0,758.0,138.0,235.0,11.0,14.0,11.0,5.0,9.08633252506029,8.97307120831925,8.986003539517368,9.102937638877004,9.126892299793827,0.7912332838038633,0.7897058823529411,0.8090452261306532,0.7672281776416539,0.7674062739097169,3.7011940479278564,23.36200594353645,23.96636029411765,23.921263460157903,22.581607963246576,22.731752104055097,68.19985141158989,68.85661764705883,68.83129935391241,67.4303215926493,67.56618209640398,15.153046062407132,15.77279411764706,15.44005743000718,14.490811638591119,14.761285386381026,11.0,14.0,11.0,5.0,15.123598927006702
