,1,1l,1r,1s,2,2l,2r,2s,3,3l,3r,3s,4,4l,4r,4s,id,1_2,1_3,1_4,2_1,2_3,2_4,3_1,3_2,3_4,4_1,4_2,4_3,p1,p2,p3,p4,speed0,speed1,speed2,speed3,speed4,stop0,stop1,stop2,stop3,stop4,time,timeloss0,timeloss1,timeloss2,timeloss3,timeloss4,travel0,travel1,travel2,travel3,travel4,wait0,wait1,wait2,wait3,wait4,rsl_rsl_rsl_rrssssl_0,rsl_rsl_rsl_rrssssl_1,rsl_rsl_rsl_rrssssl_2,rsl_rsl_rsl_rrssssl_3,performance measure
0,3,1,1,1,3,1,1,1,3,1,1,1,7,1,2,4,rsl_rsl_rsl_rrssssl,188.0,278.0,249.0,144.0,242.0,212.0,164.0,40.0,225.0,205.0,473.0,399.0,11.0,14.0,11.0,11.0,8.691982663649613,8.772003581155442,8.846651440250813,8.658715766719904,9.179614185868147,0.8304568527918782,0.8224489795918367,0.7939086294416243,0.8554347826086957,0.727743271221532,3.0837578773498535,28.100802030456848,26.89848979591833,26.113969543147196,29.209510869565232,22.72930641821947,73.01015228426395,71.8030612244898,71.07715736040609,74.13586956521739,67.61387163561076,19.418274111675128,18.569387755102042,17.918781725888326,20.60326086956522,15.022774327122153,11.0,14.0,11.0,11.0,18.30649575787057
