,1,1l,1r,1s,2,2l,2r,2s,3,3l,3r,3s,4,4l,4r,4s,id,1_2,1_3,1_4,2_1,2_3,2_4,3_1,3_2,3_4,4_1,4_2,4_3,p1,p2,p3,p4,speed0,speed1,speed2,speed3,speed4,stop0,stop1,stop2,stop3,stop4,time,timeloss0,timeloss1,timeloss2,timeloss3,timeloss4,travel0,travel1,travel2,travel3,travel4,wait0,wait1,wait2,wait3,wait4,rslll_rsl_rrslll_rsl_0,rslll_rsl_rrslll_rsl_1,rslll_rsl_rrslll_rsl_2,rslll_rsl_rrslll_rsl_3,performance measure
0,5,3,1,1,3,1,1,1,6,3,2,1,3,1,1,1,rslll_rsl_rrslll_rsl,883.0,343.0,77.0,138.0,282.0,355.0,244.0,215.0,941.0,133.0,205.0,109.0,18.0,18.0,14.0,18.0,7.96895343869797,8.023753720603008,7.511793084454187,7.962135518253764,7.757042256759062,0.8877166541070083,0.8378995433789954,0.9484978540772532,0.8868360277136259,0.915129151291513,3.624976873397827,37.67706857573469,34.63532724505328,42.24209585121605,37.554680523479576,39.31676752767529,82.75056518462698,79.73363774733637,87.38769670958513,82.63895304080062,84.43247232472325,28.025621703089676,25.527397260273972,31.92274678111588,27.99384141647421,29.43690036900369,18.0,18.0,14.0,18.0,28.581301505991483
