,1,1l,1r,1s,2,2l,2r,2s,3,3l,3r,3s,4,4l,4r,4s,id,1_2,1_3,1_4,2_1,2_3,2_4,3_1,3_2,3_4,4_1,4_2,4_3,p1,p2,p3,p4,speed0,speed1,speed2,speed3,speed4,stop0,stop1,stop2,stop3,stop4,time,timeloss0,timeloss1,timeloss2,timeloss3,timeloss4,travel0,travel1,travel2,travel3,travel4,wait0,wait1,wait2,wait3,wait4,rsl_rsl_rsl_rrssll_0,rsl_rsl_rsl_rrssll_1,rsl_rsl_rsl_rrssll_2,rsl_rsl_rsl_rrssll_3,performance measure
0,3,1,1,1,3,1,1,1,3,1,1,1,6,2,2,2,rsl_rsl_rsl_rrssll,74.0,326.0,194.0,139.0,99.0,309.0,324.0,52.0,175.0,251.0,552.0,95.0,8.0,14.0,8.0,14.0,8.755199424176931,8.940066001220503,8.831341368642633,8.83065338177097,8.622449759257455,0.8376844494892168,0.7960829493087558,0.8401323042998897,0.8355995055624228,0.8704103671706264,2.8146941661834717,26.724914869466534,25.011670506912473,26.39890848952587,26.004919653893683,28.29951403887691,71.79795686719636,70.07488479262673,71.48842337375964,71.053152039555,73.40388768898488,18.24404086265607,16.798387096774192,17.766262403528113,17.733003708281828,19.280777537796975,8.0,14.0,8.0,14.0,17.964494321807436
