,1,1l,1r,1s,2,2l,2r,2s,3,3l,3r,3s,4,4l,4r,4s,id,1_2,1_3,1_4,2_1,2_3,2_4,3_1,3_2,3_4,4_1,4_2,4_3,p1,p2,p3,p4,speed0,speed1,speed2,speed3,speed4,stop0,stop1,stop2,stop3,stop4,time,timeloss0,timeloss1,timeloss2,timeloss3,timeloss4,travel0,travel1,travel2,travel3,travel4,wait0,wait1,wait2,wait3,wait4,rsl_rsl_rsl_rrssssl_0,rsl_rsl_rsl_rrssssl_1,rsl_rsl_rsl_rrssssl_2,rsl_rsl_rsl_rrssssl_3,performance measure
0,3,1,1,1,3,1,1,1,3,1,1,1,7,1,2,4,rsl_rsl_rsl_rrssssl,173.0,336.0,131.0,101.0,56.0,74.0,157.0,252.0,272.0,262.0,874.0,504.0,11.0,14.0,11.0,11.0,8.797476553812283,8.545971370948607,8.805960028029688,8.87290048258693,8.862541314103655,0.8064516129032258,0.8852611940298507,0.8118721461187215,0.817560975609756,0.8019713261648745,3.281334400177002,26.181120071684603,30.422369402985066,27.08838356164385,27.1912975609756,26.323001792114674,70.88440860215054,75.23973880597015,71.90045662100457,71.9980487804878,71.11111111111111,17.833333333333332,21.487873134328357,18.60091324200913,18.658536585365855,17.874551971326166,11.0,14.0,11.0,11.0,18.89104165327257
