,1,1l,1r,1s,2,2l,2r,2s,3,3l,3r,3s,4,4l,4r,4s,id,1_2,1_3,1_4,2_1,2_3,2_4,3_1,3_2,3_4,4_1,4_2,4_3,p1,p2,p3,p4,speed0,speed1,speed2,speed3,speed4,stop0,stop1,stop2,stop3,stop4,time,timeloss0,timeloss1,timeloss2,timeloss3,timeloss4,travel0,travel1,travel2,travel3,travel4,wait0,wait1,wait2,wait3,wait4,rssll_rrssl_rssslll_rrssll_0,rssll_rrssl_rssslll_rrssll_1,rssll_rrssl_rssslll_rrssll_2,rssll_rrssl_rssslll_rrssll_3,performance measure
0,5,2,1,2,5,1,2,2,7,3,1,3,6,2,2,2,rssll_rrssl_rssslll_rrssll,92.0,695.0,193.0,211.0,192.0,521.0,657.0,61.0,569.0,165.0,88.0,503.0,11.0,14.0,8.0,11.0,9.192099297463548,9.146139533671464,9.136865220536329,9.064444607322011,9.085002902207373,0.7469090909090909,0.7802359882005899,0.7725925925925926,0.8067361668003208,0.7731653076352853,3.527806282043457,22.91798545454548,23.900530973451325,23.179488888888883,25.05473937449879,23.469955522609336,67.61018181818181,68.59070796460178,67.90222222222222,69.75220529270248,68.14603409933284,15.214545454545455,16.086283185840706,15.354814814814814,17.072173215717722,15.67605633802817,11.0,14.0,8.0,11.0,15.880774601789375
