,1,1l,1r,1s,2,2l,2r,2s,3,3l,3r,3s,4,4l,4r,4s,id,1_2,1_3,1_4,2_1,2_3,2_4,3_1,3_2,3_4,4_1,4_2,4_3,p1,p2,p3,p4,speed0,speed1,speed2,speed3,speed4,stop0,stop1,stop2,stop3,stop4,time,timeloss0,timeloss1,timeloss2,timeloss3,timeloss4,travel0,travel1,travel2,travel3,travel4,wait0,wait1,wait2,wait3,wait4,rsl_rsssl_rssssl_rssll_0,rsl_rsssl_rssssl_rssll_1,rsl_rsssl_rssssl_rssll_2,rsl_rsssl_rssssl_rssll_3,performance measure
0,3,1,1,1,5,1,1,3,6,1,1,4,5,2,1,2,rsl_rsssl_rssssl_rssll,215.0,138.0,309.0,151.0,96.0,178.0,1165.0,264.0,260.0,79.0,107.0,321.0,11.0,11.0,5.0,5.0,9.620491942257562,9.63239101865756,9.639281450418762,9.606728467070722,9.669694890040748,0.706972639011474,0.7128623188405797,0.7150442477876107,0.7293023255813953,0.7191901408450704,2.9531352519989014,18.32431597528688,18.141983695652154,18.18630088495574,18.50088372093025,17.863653169014086,63.00264783759929,62.791666666666664,62.89646017699115,63.20558139534884,62.52200704225352,10.736981465136806,10.565217391304348,10.46283185840708,10.945116279069767,10.247359154929578,11.0,11.0,5.0,5.0,10.591501229769515
