,1,1l,1r,1s,2,2l,2r,2s,3,3l,3r,3s,4,4l,4r,4s,id,1_2,1_3,1_4,2_1,2_3,2_4,3_1,3_2,3_4,4_1,4_2,4_3,p1,p2,p3,p4,speed0,speed1,speed2,speed3,speed4,stop0,stop1,stop2,stop3,stop4,time,timeloss0,timeloss1,timeloss2,timeloss3,timeloss4,travel0,travel1,travel2,travel3,travel4,wait0,wait1,wait2,wait3,wait4,rsl_rsssl_rssssl_rssll_0,rsl_rsssl_rssssl_rssll_1,rsl_rsssl_rssssl_rssll_2,rsl_rsssl_rssssl_rssll_3,performance measure
0,3,1,1,1,5,1,1,3,6,1,1,4,5,2,1,2,rsl_rsssl_rssssl_rssll,198.0,304.0,269.0,102.0,132.0,1048.0,416.0,141.0,98.0,208.0,680.0,253.0,8.0,14.0,8.0,14.0,8.92169591511963,9.07818341204785,9.084082154809488,8.901655700642616,9.071142792378907,0.8726307808946171,0.7678992918961448,0.7903351519875292,0.8251968503937008,0.7685185185185185,3.669323444366455,28.400864291129633,24.106892210857588,24.479002338269666,25.768409448818886,23.12408179012349,73.25170583775588,68.98426435877262,69.3717848791894,70.65748031496064,67.96373456790124,19.49128127369219,16.05507474429583,16.21278254091972,17.451181102362206,15.046296296296296,8.0,14.0,8.0,14.0,16.85132319151325
