,1,1l,1r,1s,2,2l,2r,2s,3,3l,3r,3s,4,4l,4r,4s,id,1_2,1_3,1_4,2_1,2_3,2_4,3_1,3_2,3_4,4_1,4_2,4_3,p1,p2,p3,p4,speed0,speed1,speed2,speed3,speed4,stop0,stop1,stop2,stop3,stop4,time,timeloss0,timeloss1,timeloss2,timeloss3,timeloss4,travel0,travel1,travel2,travel3,travel4,wait0,wait1,wait2,wait3,wait4,rsl_rsl_rsssl_rsl_0,rsl_rsl_rsssl_rsl_1,rsl_rsl_rsssl_rsl_2,rsl_rsl_rsssl_rsl_3,performance measure
0,3,1,1,1,3,1,1,1,5,1,1,3,3,1,1,1,rsl_rsl_rsssl_rsl,292.0,106.0,54.0,177.0,154.0,163.0,594.0,303.0,171.0,297.0,195.0,282.0,11.0,8.0,11.0,8.0,8.693731102783374,8.812606166464766,8.778026994997166,9.035446623106672,8.885457782749684,0.9079754601226994,0.891005291005291,0.8675078864353313,0.8101545253863135,0.8615548455804047,3.10056209564209,27.60237218813905,26.345671957672025,26.585310199789717,23.49459161147908,27.35498402555909,72.63701431492842,71.37777777777778,71.62039957939011,68.48013245033113,72.36421725239616,18.55316973415133,17.598941798941798,17.620399579390117,15.164459161147903,18.41214057507987,11.0,8.0,11.0,8.0,17.469822169742205
