,1,1l,1r,1s,2,2l,2r,2s,3,3l,3r,3s,4,4l,4r,4s,id,1_2,1_3,1_4,2_1,2_3,2_4,3_1,3_2,3_4,4_1,4_2,4_3,p1,p2,p3,p4,speed0,speed1,speed2,speed3,speed4,stop0,stop1,stop2,stop3,stop4,time,timeloss0,timeloss1,timeloss2,timeloss3,timeloss4,travel0,travel1,travel2,travel3,travel4,wait0,wait1,wait2,wait3,wait4,rrssl_rrssl_rrsslll_rrsslll_0,rrssl_rrssl_rrsslll_rrsslll_1,rrssl_rrssl_rrsslll_rrsslll_2,rrssl_rrssl_rrsslll_rrsslll_3,performance measure
0,5,1,2,2,5,1,2,2,7,3,2,2,7,3,2,2,rrssl_rrssl_rrsslll_rrsslll,295.0,493.0,461.0,108.0,175.0,409.0,101.0,454.0,255.0,459.0,88.0,480.0,11.0,8.0,8.0,8.0,9.369711412580164,9.210649794193483,9.09989084562473,9.557985469064302,9.224245595750961,0.7670411985018727,0.7937356760886173,0.8714285714285714,0.7156783103168156,0.8145539906103286,3.3139336109161377,21.17678651685395,22.4309167303285,24.6575864661654,19.09425670186838,23.209014084507015,65.47865168539326,66.81436210847976,69.01052631578948,63.39480097481722,67.54460093896714,13.517602996254682,14.6646294881589,16.26691729323308,11.88302193338749,15.214397496087637,11.0,8.0,8.0,8.0,14.309313841424359
