,1,1l,1r,1s,2,2l,2r,2s,3,3l,3r,3s,4,4l,4r,4s,id,1_2,1_3,1_4,2_1,2_3,2_4,3_1,3_2,3_4,4_1,4_2,4_3,p1,p2,p3,p4,speed0,speed1,speed2,speed3,speed4,stop0,stop1,stop2,stop3,stop4,time,timeloss0,timeloss1,timeloss2,timeloss3,timeloss4,travel0,travel1,travel2,travel3,travel4,wait0,wait1,wait2,wait3,wait4,rsl_rrsll_rsl_rslll_0,rsl_rrsll_rsl_rslll_1,rsl_rrsll_rsl_rslll_2,rsl_rrsll_rsl_rslll_3,performance measure
0,3,1,1,1,5,2,2,1,3,1,1,1,5,3,1,1,rsl_rrsll_rsl_rslll,82.0,121.0,98.0,188.0,170.0,292.0,175.0,144.0,188.0,759.0,90.0,201.0,8.0,8.0,11.0,11.0,8.72031782137535,9.167255895230001,8.964912749129752,9.187990979686067,8.999800250616603,1.0161476355247983,0.7763904653802497,0.8558558558558559,0.7919621749408984,0.8593023255813953,2.7031164169311523,32.95446366782005,22.839841089670855,25.415461711711718,22.657801418439703,25.72323255813953,77.94809688581314,67.8456299659478,70.4572072072072,67.63120567375887,70.66511627906976,22.65051903114187,14.933030646992055,16.894144144144143,14.731678486997636,17.167441860465118,8.0,8.0,11.0,11.0,17.27536283394816
