,1,1l,1r,1s,2,2l,2r,2s,3,3l,3r,3s,4,4l,4r,4s,id,1_2,1_3,1_4,2_1,2_3,2_4,3_1,3_2,3_4,4_1,4_2,4_3,p1,p2,p3,p4,speed0,speed1,speed2,speed3,speed4,stop0,stop1,stop2,stop3,stop4,time,timeloss0,timeloss1,timeloss2,timeloss3,timeloss4,travel0,travel1,travel2,travel3,travel4,wait0,wait1,wait2,wait3,wait4,rsl_rsssl_rssssl_rssll_0,rsl_rsssl_rssssl_rssll_1,rsl_rsssl_rssssl_rssll_2,rsl_rsssl_rssssl_rssll_3,performance measure
0,3,1,1,1,5,1,1,3,6,1,1,4,5,2,1,2,rsl_rsssl_rssssl_rssll,133.0,331.0,95.0,221.0,292.0,303.0,824.0,289.0,218.0,370.0,234.0,202.0,8.0,11.0,11.0,5.0,9.087868256894865,9.150540253719571,8.98874975693403,9.049831195060433,8.885233774722003,0.8325,0.80067283431455,0.8618693134822167,0.8681898066783831,0.9346186085498742,3.2606472969055176,23.108424999999972,22.821513877207757,24.661952026468153,24.81224077328649,27.0737720033529,67.9225,67.61564339781329,69.44830438378825,69.56942003514939,71.84576697401509,14.989166666666666,14.822539949537427,16.016542597187758,16.195957820738137,17.96227996647108,8.0,11.0,11.0,5.0,15.997297400120214
