,1,1l,1r,1s,2,2l,2r,2s,3,3l,3r,3s,4,4l,4r,4s,id,1_2,1_3,1_4,2_1,2_3,2_4,3_1,3_2,3_4,4_1,4_2,4_3,p1,p2,p3,p4,speed0,speed1,speed2,speed3,speed4,stop0,stop1,stop2,stop3,stop4,time,timeloss0,timeloss1,timeloss2,timeloss3,timeloss4,travel0,travel1,travel2,travel3,travel4,wait0,wait1,wait2,wait3,wait4,rsssll_rssl_rsslll_rrsl_0,rsssll_rssl_rsslll_rrsl_1,rsssll_rssl_rsslll_rrsl_2,rsssll_rssl_rsslll_rrsl_3,performance measure
0,6,2,1,3,4,1,1,2,6,3,1,2,4,1,2,1,rsssll_rssl_rsslll_rrsl,211.0,591.0,301.0,188.0,193.0,652.0,700.0,286.0,158.0,265.0,332.0,161.0,5.0,11.0,11.0,11.0,8.429562818387785,8.390110491912106,8.717804794610222,9.04453648367262,8.669421004951856,0.9904761904761905,1.0195794053662075,0.8851156069364162,0.8129384255650819,0.9164244186046512,3.649134635925293,31.158593406593372,31.786439448875967,27.23143063583816,23.56915042868278,28.57742732558139,75.91648351648351,76.59028281363307,72.04190751445087,68.31722525331254,73.375,21.39047619047619,21.794053662073967,18.29335260115607,15.363211223694465,19.271075581395348,5.0,11.0,11.0,11.0,19.22243385175921
