,1,1l,1r,1s,2,2l,2r,2s,3,3l,3r,3s,4,4l,4r,4s,id,1_2,1_3,1_4,2_1,2_3,2_4,3_1,3_2,3_4,4_1,4_2,4_3,p1,p2,p3,p4,speed0,speed1,speed2,speed3,speed4,stop0,stop1,stop2,stop3,stop4,time,timeloss0,timeloss1,timeloss2,timeloss3,timeloss4,travel0,travel1,travel2,travel3,travel4,wait0,wait1,wait2,wait3,wait4,rrssl_rrssl_rrsslll_rrsslll_0,rrssl_rrssl_rrsslll_rrsslll_1,rrssl_rrssl_rrsslll_rrsslll_2,rrssl_rrssl_rrsslll_rrsslll_3,performance measure
0,5,1,2,2,5,1,2,2,7,3,2,2,7,3,2,2,rrssl_rrssl_rrsslll_rrsslll,207.0,407.0,285.0,160.0,199.0,384.0,175.0,383.0,879.0,592.0,610.0,245.0,11.0,8.0,11.0,11.0,9.14540706361368,9.095892984983381,8.677746042881124,9.069824234309277,8.732857257235858,0.7666232073011734,0.7744458930899609,0.87531328320802,0.7837465564738292,0.8569595894804362,3.828453779220581,22.639595827900987,22.932138200782227,27.202142857142842,23.23123278236915,26.687697241821734,67.33637548891787,67.67601043024771,71.95676691729324,67.95661157024793,71.39127645926877,14.88722294654498,15.148631029986962,18.6265664160401,15.428374655647383,18.333547145606158,11.0,8.0,11.0,11.0,16.48486843876512
