,1,1l,1r,1s,2,2l,2r,2s,3,3l,3r,3s,4,4l,4r,4s,id,1_2,1_3,1_4,2_1,2_3,2_4,3_1,3_2,3_4,4_1,4_2,4_3,p1,p2,p3,p4,speed0,speed1,speed2,speed3,speed4,stop0,stop1,stop2,stop3,stop4,time,timeloss0,timeloss1,timeloss2,timeloss3,timeloss4,travel0,travel1,travel2,travel3,travel4,wait0,wait1,wait2,wait3,wait4,rsl_rssslll_rrsssl_rsslll_0,rsl_rssslll_rrsssl_rsslll_1,rsl_rssslll_rrsssl_rsslll_2,rsl_rssslll_rrsssl_rsslll_3,performance measure
0,3,1,1,1,7,3,1,3,6,1,2,3,6,3,1,2,rsl_rssslll_rrsssl_rsslll,62.0,140.0,156.0,194.0,169.0,1053.0,682.0,102.0,314.0,760.0,168.0,322.0,14.0,11.0,11.0,14.0,8.623346583566386,8.342547378069838,8.407618371509638,8.311755405096724,8.681733388703105,0.8175919250180245,0.8792134831460674,0.8636363636363636,0.912,0.807831762146483,3.8555030822753906,27.44735400144201,30.821580056179815,29.641419580419576,31.48672000000002,26.50490210297322,72.30857966834895,75.71418539325843,74.52657342657342,76.31854545454546,71.35097897026832,18.967555875991348,21.972612359550563,20.744055944055944,22.317818181818183,18.11892675852067,14.0,11.0,11.0,14.0,20.424193823987345
