,1,1l,1r,1s,2,2l,2r,2s,3,3l,3r,3s,4,4l,4r,4s,id,1_2,1_3,1_4,2_1,2_3,2_4,3_1,3_2,3_4,4_1,4_2,4_3,p1,p2,p3,p4,speed0,speed1,speed2,speed3,speed4,stop0,stop1,stop2,stop3,stop4,time,timeloss0,timeloss1,timeloss2,timeloss3,timeloss4,travel0,travel1,travel2,travel3,travel4,wait0,wait1,wait2,wait3,wait4,rssslll_rssll_rsssl_rrssl_0,rssslll_rssll_rsssl_rrssl_1,rssslll_rssll_rsssl_rrssl_2,rssslll_rssll_rsssl_rrssl_3,performance measure
0,7,3,1,3,5,2,1,2,5,1,1,3,5,1,2,2,rssslll_rssll_rsssl_rrssl,149.0,889.0,220.0,125.0,568.0,213.0,1024.0,149.0,52.0,66.0,106.0,283.0,5.0,14.0,11.0,5.0,9.44859534418354,9.623077887569668,9.685931968005178,9.594234339695452,9.640950531882305,0.7609351432880844,0.696551724137931,0.6971777269260107,0.7130008176614882,0.7051978277734678,3.6553845405578613,20.713114630467572,18.75489655172414,18.21489702517164,18.922264922322153,18.458184639255226,65.49396681749623,63.5272030651341,62.99237223493516,63.712183156173346,63.2055857253685,13.113122171945701,11.409961685823754,10.829138062547674,11.541291905151267,11.08688906128782,5.0,14.0,11.0,5.0,11.596080577351245
