,1,1l,1r,1s,2,2l,2r,2s,3,3l,3r,3s,4,4l,4r,4s,id,1_2,1_3,1_4,2_1,2_3,2_4,3_1,3_2,3_4,4_1,4_2,4_3,p1,p2,p3,p4,speed0,speed1,speed2,speed3,speed4,stop0,stop1,stop2,stop3,stop4,time,timeloss0,timeloss1,timeloss2,timeloss3,timeloss4,travel0,travel1,travel2,travel3,travel4,wait0,wait1,wait2,wait3,wait4,rrslll_rssll_rsl_rssssll_0,rrslll_rssll_rsl_rssssll_1,rrslll_rssll_rsl_rssssll_2,rrslll_rssll_rsl_rssssll_3,performance measure
0,6,3,2,1,5,2,1,2,3,1,1,1,7,2,1,4,rrslll_rssll_rsl_rssssll,557.0,222.0,591.0,94.0,622.0,548.0,119.0,236.0,89.0,412.0,500.0,188.0,8.0,11.0,14.0,11.0,9.03061867589526,9.15379132385818,8.869689950205654,9.109856308080438,9.032014485564813,0.7615330021291696,0.7492897727272727,0.8193504736129905,0.7536656891495601,0.7785613540197461,3.6815314292907715,23.98380411639464,22.65737215909089,25.907990527740186,22.954347507331374,23.76532440056417,68.75585521646558,67.43039772727273,70.71583220568336,67.68988269794721,68.5444287729196,16.04613200851668,15.024857954545455,17.58660351826793,15.112903225806452,15.740479548660085,8.0,11.0,14.0,11.0,15.902195251159322
