,1,1l,1r,1s,2,2l,2r,2s,3,3l,3r,3s,4,4l,4r,4s,id,1_2,1_3,1_4,2_1,2_3,2_4,3_1,3_2,3_4,4_1,4_2,4_3,p1,p2,p3,p4,speed0,speed1,speed2,speed3,speed4,stop0,stop1,stop2,stop3,stop4,time,timeloss0,timeloss1,timeloss2,timeloss3,timeloss4,travel0,travel1,travel2,travel3,travel4,wait0,wait1,wait2,wait3,wait4,rrsssll_rsl_rsl_rrsll_0,rrsssll_rsl_rsl_rrsll_1,rrsssll_rsl_rsl_rrsll_2,rrsssll_rsl_rsl_rrsll_3,performance measure
0,7,2,2,3,3,1,1,1,3,1,1,1,5,2,2,1,rrsssll_rsl_rsl_rrsll,376.0,843.0,504.0,88.0,284.0,329.0,131.0,214.0,252.0,577.0,64.0,528.0,11.0,11.0,14.0,14.0,8.452321857352661,8.148674882699787,8.20498899941521,8.750252119081239,8.350213075047606,0.8852459016393442,0.9423337856173677,0.9408528198074277,0.8155555555555556,0.8880813953488372,3.987542152404785,31.37456967213111,33.98815468113972,34.217221458046794,28.00148148148147,31.33231831395346,76.0724043715847,78.76051560379919,79.02888583218707,72.67407407407407,76.07630813953489,22.131147540983605,24.451153324287652,24.720770288858322,19.352592592592593,22.263808139534884,11.0,11.0,14.0,14.0,22.583894377251415
