,1,1l,1r,1s,2,2l,2r,2s,3,3l,3r,3s,4,4l,4r,4s,id,1_2,1_3,1_4,2_1,2_3,2_4,3_1,3_2,3_4,4_1,4_2,4_3,p1,p2,p3,p4,speed0,speed1,speed2,speed3,speed4,stop0,stop1,stop2,stop3,stop4,time,timeloss0,timeloss1,timeloss2,timeloss3,timeloss4,travel0,travel1,travel2,travel3,travel4,wait0,wait1,wait2,wait3,wait4,rrssl_rrssl_rrsslll_rrsslll_0,rrssl_rrssl_rrsslll_rrsslll_1,rrssl_rrssl_rrsslll_rrsslll_2,rrssl_rrssl_rrsslll_rrsslll_3,performance measure
0,5,1,2,2,5,1,2,2,7,3,2,2,7,3,2,2,rrssl_rrssl_rrsslll_rrsslll,54.0,501.0,286.0,588.0,44.0,612.0,171.0,224.0,811.0,373.0,517.0,428.0,14.0,11.0,8.0,14.0,9.265401252545395,9.176020208524092,9.203178115802782,9.384534623202626,9.208226409588361,0.7144686299615877,0.7372122762148338,0.7301980198019802,0.6892880904856953,0.7213525360050094,3.725586414337158,21.73470550576185,22.521195652173933,22.383279702970306,20.986626746506996,22.493556668753914,66.26120358514724,67.09079283887468,66.9628712871287,65.51297405189621,67.10582341891046,14.289372599231754,14.995524296675192,14.738861386138614,13.701264138389886,14.874765184721353,14.0,11.0,8.0,14.0,14.519957521031362
