,1,1l,1r,1s,2,2l,2r,2s,3,3l,3r,3s,4,4l,4r,4s,id,1_2,1_3,1_4,2_1,2_3,2_4,3_1,3_2,3_4,4_1,4_2,4_3,p1,p2,p3,p4,speed0,speed1,speed2,speed3,speed4,stop0,stop1,stop2,stop3,stop4,time,timeloss0,timeloss1,timeloss2,timeloss3,timeloss4,travel0,travel1,travel2,travel3,travel4,wait0,wait1,wait2,wait3,wait4,rsl_rsssssl_rsll_rrssl_0,rsl_rsssssl_rsll_rrssl_1,rsl_rsssssl_rsll_rrssl_2,rsl_rsssssl_rsll_rrssl_3,performance measure
0,3,1,1,1,7,1,1,5,4,2,1,1,5,1,2,2,rsl_rsssssl_rsll_rrssl,216.0,68.0,40.0,324.0,138.0,396.0,147.0,287.0,582.0,89.0,628.0,144.0,11.0,8.0,8.0,11.0,9.202129804460728,9.304958412946652,8.992263198426738,9.168233083996208,9.204003483191661,0.7645376549094376,0.75,0.812093023255814,0.7795753286147624,0.760643330179754,2.97794771194458,22.649876072449977,21.006026422764247,23.650651162790705,22.35143579373107,22.487067171239364,67.47187797902764,65.869918699187,68.44744186046512,67.17189079878665,67.27436140018922,14.74833174451859,13.29369918699187,15.445581395348837,14.359959555106167,14.526017029328287,11.0,8.0,8.0,11.0,14.47471778225875
