,1,1l,1r,1s,2,2l,2r,2s,3,3l,3r,3s,4,4l,4r,4s,id,1_2,1_3,1_4,2_1,2_3,2_4,3_1,3_2,3_4,4_1,4_2,4_3,p1,p2,p3,p4,speed0,speed1,speed2,speed3,speed4,stop0,stop1,stop2,stop3,stop4,time,timeloss0,timeloss1,timeloss2,timeloss3,timeloss4,travel0,travel1,travel2,travel3,travel4,wait0,wait1,wait2,wait3,wait4,rrslll_rssll_rsl_rssssll_0,rrslll_rssll_rsl_rssssll_1,rrslll_rssll_rsl_rssssll_2,rrslll_rssll_rsl_rssssll_3,performance measure
0,6,3,2,1,5,2,1,2,3,1,1,1,7,2,1,4,rrslll_rssll_rsl_rssssll,616.0,348.0,598.0,129.0,369.0,570.0,243.0,275.0,217.0,460.0,234.0,221.0,11.0,14.0,11.0,14.0,8.87848783393126,8.567443361672499,8.443534360388512,8.781908400922932,8.75375410090867,0.7643051771117166,0.8394557823129252,0.8636363636363636,0.7949438202247191,0.8046607265250172,3.719536066055298,25.3406948228883,28.569054421768673,30.21801712779974,26.368139044943806,27.202056202878698,70.06403269754769,73.31224489795919,74.9802371541502,71.11235955056179,71.93488690884168,17.224114441416894,19.948979591836736,21.182476943346508,18.12008426966292,18.70870459218643,11.0,14.0,11.0,14.0,19.036871967689898
