,1,1l,1r,1s,2,2l,2r,2s,3,3l,3r,3s,4,4l,4r,4s,id,1_2,1_3,1_4,2_1,2_3,2_4,3_1,3_2,3_4,4_1,4_2,4_3,p1,p2,p3,p4,speed0,speed1,speed2,speed3,speed4,stop0,stop1,stop2,stop3,stop4,time,timeloss0,timeloss1,timeloss2,timeloss3,timeloss4,travel0,travel1,travel2,travel3,travel4,wait0,wait1,wait2,wait3,wait4,rssslll_rssll_rsssl_rrssl_0,rssslll_rssll_rsssl_rrssl_1,rssslll_rssll_rsssl_rrssl_2,rssslll_rssll_rsssl_rrssl_3,performance measure
0,7,3,1,3,5,2,1,2,5,1,1,3,5,1,2,2,rssslll_rssll_rsssl_rrssl,403.0,240.0,310.0,104.0,302.0,432.0,627.0,207.0,210.0,250.0,318.0,579.0,8.0,8.0,8.0,8.0,9.180215275656426,9.119025683159727,9.428485095644197,9.334487003498882,9.371920557447234,0.8347639484978541,0.8786549707602339,0.7801788375558867,0.8093058733790999,0.7990970654627539,3.501537799835205,22.53781831187411,24.552258771929807,20.5961997019374,21.384874141876413,21.5437471783296,67.13376251788269,69.1016081871345,65.225782414307,65.92677345537757,66.07900677200902,14.389842632331902,16.058479532163744,12.801788375558868,13.468344774980931,13.565838976674192,8.0,8.0,8.0,8.0,14.056858858341926
