,1,1l,1r,1s,2,2l,2r,2s,3,3l,3r,3s,4,4l,4r,4s,id,1_2,1_3,1_4,2_1,2_3,2_4,3_1,3_2,3_4,4_1,4_2,4_3,p1,p2,p3,p4,speed0,speed1,speed2,speed3,speed4,stop0,stop1,stop2,stop3,stop4,time,timeloss0,timeloss1,timeloss2,timeloss3,timeloss4,travel0,travel1,travel2,travel3,travel4,wait0,wait1,wait2,wait3,wait4,rslll_rsl_rrslll_rsl_0,rslll_rsl_rrslll_rsl_1,rslll_rsl_rrslll_rsl_2,rslll_rsl_rrslll_rsl_3,performance measure
0,5,3,1,1,3,1,1,1,6,3,2,1,3,1,1,1,rslll_rsl_rrslll_rsl,361.0,336.0,227.0,54.0,308.0,82.0,259.0,124.0,165.0,62.0,232.0,134.0,8.0,14.0,14.0,11.0,8.935244929450175,8.669278049659349,8.624524209955203,8.89892672272328,8.660477328791465,0.7839506172839507,0.824516129032258,0.8335373317013464,0.7671052631578947,0.8621553884711779,2.831796646118164,24.65327160493825,27.0018193548387,28.223512851897222,25.60459210526318,29.76203007518796,69.57037037037037,71.91870967741936,73.17013463892289,70.46447368421053,74.64035087719299,16.665432098765432,18.620645161290323,19.642594859241125,17.503947368421052,20.804511278195488,8.0,14.0,14.0,11.0,18.647426153182685
