,1,1l,1r,1s,2,2l,2r,2s,3,3l,3r,3s,4,4l,4r,4s,id,1_2,1_3,1_4,2_1,2_3,2_4,3_1,3_2,3_4,4_1,4_2,4_3,p1,p2,p3,p4,speed0,speed1,speed2,speed3,speed4,stop0,stop1,stop2,stop3,stop4,time,timeloss0,timeloss1,timeloss2,timeloss3,timeloss4,travel0,travel1,travel2,travel3,travel4,wait0,wait1,wait2,wait3,wait4,rssl_rrsslll_rsl_rrsll_0,rssl_rrsslll_rsl_rrsll_1,rssl_rrsslll_rsl_rrsll_2,rssl_rrsslll_rsl_rrsll_3,performance measure
0,4,1,1,2,7,3,2,2,3,1,1,1,5,2,2,1,rssl_rrsslll_rsl_rrsll,155.0,312.0,323.0,135.0,482.0,182.0,153.0,174.0,266.0,127.0,192.0,148.0,11.0,8.0,8.0,8.0,9.368762184375296,9.325361945683168,9.265689944745178,9.31712862470132,9.275733600141137,0.7578040904198062,0.7785234899328859,0.7832093517534537,0.7649769585253456,0.8167202572347267,2.680100202560425,20.616932185145334,21.18435123042506,21.412029755579148,21.089516129032216,22.149624866023593,65.41442411194834,65.92505592841164,66.20510095642933,65.80184331797236,66.87995712754555,13.029063509149623,13.6331096196868,13.726886291179596,13.425115207373272,14.14898177920686,11.0,8.0,8.0,8.0,13.592631281319232
