,1,1l,1r,1s,2,2l,2r,2s,3,3l,3r,3s,4,4l,4r,4s,id,1_2,1_3,1_4,2_1,2_3,2_4,3_1,3_2,3_4,4_1,4_2,4_3,p1,p2,p3,p4,speed0,speed1,speed2,speed3,speed4,stop0,stop1,stop2,stop3,stop4,time,timeloss0,timeloss1,timeloss2,timeloss3,timeloss4,travel0,travel1,travel2,travel3,travel4,wait0,wait1,wait2,wait3,wait4,rssll_rrsl_rsssl_rrsl_0,rssll_rrsl_rsssl_rrsl_1,rssll_rrsl_rsssl_rrsl_2,rssll_rrsl_rsssl_rrsl_3,performance measure
0,5,2,1,2,4,1,2,1,5,1,1,3,4,1,2,1,rssll_rrsl_rsssl_rrsl,532.0,354.0,129.0,106.0,275.0,301.0,959.0,227.0,308.0,177.0,167.0,627.0,14.0,14.0,11.0,14.0,8.35207354360039,8.432626351224101,8.253573746179137,8.242041840401765,8.505586752029743,0.8919107391910739,0.8547129695251595,0.9355742296918768,0.9584245076586433,0.8406113537117904,3.8183372020721436,32.47198744769874,30.62741318214033,35.228207282913125,35.76886214442016,30.030065502183373,77.33682008368201,75.53791637136783,80.16526610644257,80.58497447118891,74.9221251819505,23.01534170153417,21.78454996456414,25.55952380952381,25.77315827862874,21.299126637554586,14.0,14.0,11.0,14.0,23.48634007836109
