,1,1l,1r,1s,2,2l,2r,2s,3,3l,3r,3s,4,4l,4r,4s,id,1_2,1_3,1_4,2_1,2_3,2_4,3_1,3_2,3_4,4_1,4_2,4_3,p1,p2,p3,p4,speed0,speed1,speed2,speed3,speed4,stop0,stop1,stop2,stop3,stop4,time,timeloss0,timeloss1,timeloss2,timeloss3,timeloss4,travel0,travel1,travel2,travel3,travel4,wait0,wait1,wait2,wait3,wait4,rssll_rrsl_rsssl_rrsl_0,rssll_rrsl_rsssl_rrsl_1,rssll_rrsl_rsssl_rrsl_2,rssll_rrsl_rsssl_rrsl_3,performance measure
0,5,2,1,2,4,1,2,1,5,1,1,3,4,1,2,1,rssll_rrsl_rsssl_rrsl,88.0,606.0,295.0,381.0,295.0,291.0,920.0,209.0,217.0,281.0,67.0,493.0,11.0,14.0,14.0,14.0,8.570009390189574,8.592264483495544,8.664847096474743,8.751994191798602,8.706489001309603,0.840365682137834,0.8113879003558719,0.796718972895863,0.7855547282204021,0.7790613718411552,3.8428401947021484,29.667334739803138,28.323807829181575,27.8754707560628,27.21681310498881,26.93160288808664,74.40998593530239,73.12597864768684,72.65691868758915,71.87788533134773,71.68664259927797,20.751054852320674,19.64697508896797,19.48145506419401,18.942665673864482,18.52490974729242,11.0,14.0,14.0,14.0,19.46941208532791
