,1,1l,1r,1s,2,2l,2r,2s,3,3l,3r,3s,4,4l,4r,4s,id,1_2,1_3,1_4,2_1,2_3,2_4,3_1,3_2,3_4,4_1,4_2,4_3,p1,p2,p3,p4,speed0,speed1,speed2,speed3,speed4,stop0,stop1,stop2,stop3,stop4,time,timeloss0,timeloss1,timeloss2,timeloss3,timeloss4,travel0,travel1,travel2,travel3,travel4,wait0,wait1,wait2,wait3,wait4,rssl_rrsslll_rsl_rrsll_0,rssl_rrsslll_rsl_rrsll_1,rssl_rrsslll_rsl_rrsll_2,rssl_rrsslll_rsl_rrsll_3,performance measure
0,4,1,1,2,7,3,2,2,3,1,1,1,5,2,2,1,rssl_rrsslll_rsl_rrsll,195.0,597.0,290.0,276.0,784.0,317.0,125.0,150.0,266.0,289.0,110.0,410.0,11.0,11.0,11.0,8.0,9.109094538381695,8.99281087863876,8.977125084820358,9.154502070538028,8.98551944879254,0.7647058823529411,0.789838337182448,0.8053435114503816,0.7681632653061224,0.7863636363636364,3.2812328338623047,22.961757164404197,24.185842956120094,24.156786259541978,22.790865306122456,24.14428787878787,67.68325791855203,68.92609699769054,68.9381679389313,67.55836734693878,68.89166666666667,15.092760180995475,16.115473441108545,15.974809160305343,14.859591836734694,16.13030303030303,11.0,11.0,11.0,8.0,15.634587529889416
