,1,1l,1r,1s,2,2l,2r,2s,3,3l,3r,3s,4,4l,4r,4s,id,1_2,1_3,1_4,2_1,2_3,2_4,3_1,3_2,3_4,4_1,4_2,4_3,p1,p2,p3,p4,speed0,speed1,speed2,speed3,speed4,stop0,stop1,stop2,stop3,stop4,time,timeloss0,timeloss1,timeloss2,timeloss3,timeloss4,travel0,travel1,travel2,travel3,travel4,wait0,wait1,wait2,wait3,wait4,rrsslll_rrsll_rsssl_rrsslll_0,rrsslll_rrsll_rsssl_rrsslll_1,rrsslll_rrsll_rsssl_rrsslll_2,rrsslll_rrsll_rsssl_rrsslll_3,performance measure
0,7,3,2,2,5,2,2,1,5,1,1,3,7,3,2,2,rrsslll_rrsll_rsssl_rrsslll,596.0,133.0,513.0,323.0,293.0,358.0,195.0,120.0,196.0,195.0,393.0,566.0,8.0,5.0,8.0,14.0,9.631789076226998,9.721022224148795,9.549722422016005,9.66417727888476,9.714184504574337,0.6863905325443787,0.6765375854214123,0.7253574115876599,0.7034976152623211,0.6744730679156908,3.6404190063476562,18.634541420118335,17.908215641609697,19.55467268623025,18.56007154213037,17.920741608118682,62.889792899408285,62.22019741837509,63.896162528216706,62.829093799682035,62.20686963309914,11.338757396449704,10.807896735003796,12.219714070729871,11.352146263910969,10.840749414519907,8.0,5.0,8.0,14.0,11.31185277612285
