,1,1l,1r,1s,2,2l,2r,2s,3,3l,3r,3s,4,4l,4r,4s,id,1_2,1_3,1_4,2_1,2_3,2_4,3_1,3_2,3_4,4_1,4_2,4_3,p1,p2,p3,p4,speed0,speed1,speed2,speed3,speed4,stop0,stop1,stop2,stop3,stop4,time,timeloss0,timeloss1,timeloss2,timeloss3,timeloss4,travel0,travel1,travel2,travel3,travel4,wait0,wait1,wait2,wait3,wait4,rsl_rsssll_rrssl_rrsslll_0,rsl_rsssll_rrssl_rrsslll_1,rsl_rsssll_rrssl_rrsslll_2,rsl_rsssll_rrssl_rrsslll_3,performance measure
0,3,1,1,1,6,2,1,3,5,1,2,2,7,3,2,2,rsl_rsssll_rrssl_rrsslll,149.0,281.0,213.0,202.0,150.0,762.0,148.0,233.0,202.0,704.0,383.0,378.0,8.0,11.0,11.0,11.0,9.11311376828337,9.035088392599423,8.779650350406753,9.127806780059176,9.137400510494237,0.7879256965944272,0.7944996180290298,0.8774094063222821,0.789308176100629,0.7798449612403101,3.4891960620880127,23.73796439628481,23.849427043544658,27.946684656900555,23.91033018867925,23.268953488372077,68.437306501548,68.55691367456073,72.64687740940633,68.61163522012579,67.94961240310077,15.842879256965944,15.882352941176471,19.117964533538935,15.983490566037736,15.43953488372093,8.0,11.0,11.0,11.0,16.453244436288
