,1,1l,1r,1s,2,2l,2r,2s,3,3l,3r,3s,4,4l,4r,4s,id,1_2,1_3,1_4,2_1,2_3,2_4,3_1,3_2,3_4,4_1,4_2,4_3,p1,p2,p3,p4,speed0,speed1,speed2,speed3,speed4,stop0,stop1,stop2,stop3,stop4,time,timeloss0,timeloss1,timeloss2,timeloss3,timeloss4,travel0,travel1,travel2,travel3,travel4,wait0,wait1,wait2,wait3,wait4,rsl_rsssll_rrssl_rrsslll_0,rsl_rsssll_rrssl_rrsslll_1,rsl_rsssll_rrssl_rrsslll_2,rsl_rsssll_rrssl_rrsslll_3,performance measure
0,3,1,1,1,6,2,1,3,5,1,2,2,7,3,2,2,rsl_rsssll_rrssl_rrsslll,45.0,256.0,128.0,220.0,270.0,884.0,682.0,147.0,312.0,158.0,183.0,467.0,14.0,14.0,8.0,14.0,8.95737495624368,8.810105954813533,8.673701889077831,8.730600335531832,8.993394339708473,0.7652582159624414,0.7950693374422187,0.821567106283941,0.8159609120521173,0.7582159624413145,3.4632065296173096,24.759397496087658,25.860223420647166,27.580287044220306,28.070244299674275,24.058701095461647,69.45070422535211,70.56317411402158,72.3010085337471,72.76954397394137,68.74021909233177,16.71674491392801,17.71648690292758,19.09619860356866,19.53257328990228,16.067292644757433,14.0,14.0,8.0,14.0,17.825859271016792
