,1,1l,1r,1s,2,2l,2r,2s,3,3l,3r,3s,4,4l,4r,4s,id,1_2,1_3,1_4,2_1,2_3,2_4,3_1,3_2,3_4,4_1,4_2,4_3,p1,p2,p3,p4,speed0,speed1,speed2,speed3,speed4,stop0,stop1,stop2,stop3,stop4,time,timeloss0,timeloss1,timeloss2,timeloss3,timeloss4,travel0,travel1,travel2,travel3,travel4,wait0,wait1,wait2,wait3,wait4,rsssssl_rssssll_rsl_rssll_0,rsssssl_rssssll_rsl_rssll_1,rsssssl_rssssll_rsl_rssll_2,rsssssl_rssssll_rsl_rssll_3,performance measure
0,7,1,1,5,7,2,1,4,3,1,1,1,5,2,1,2,rsssssl_rssssll_rsl_rssll,198.0,1646.0,147.0,199.0,343.0,933.0,88.0,276.0,257.0,460.0,310.0,127.0,11.0,14.0,11.0,11.0,8.791277644219155,8.65542778425521,8.767056287515862,8.74547524399216,8.917300807310498,0.8173652694610778,0.8343230403800475,0.8175397292525015,0.8199513381995134,0.7711204313960456,4.279198169708252,25.94067065868262,27.403735154394315,26.19802236609762,26.846411192214113,24.67792690233673,70.89461077844311,72.33551068883611,71.1183048852266,71.79683698296837,69.60335530257639,17.590419161676646,18.8646080760095,17.773396115361976,18.378345498783457,16.58657878969443,11.0,14.0,11.0,11.0,17.8386695283052
