,1,1l,1r,1s,2,2l,2r,2s,3,3l,3r,3s,4,4l,4r,4s,id,1_2,1_3,1_4,2_1,2_3,2_4,3_1,3_2,3_4,4_1,4_2,4_3,p1,p2,p3,p4,speed0,speed1,speed2,speed3,speed4,stop0,stop1,stop2,stop3,stop4,time,timeloss0,timeloss1,timeloss2,timeloss3,timeloss4,travel0,travel1,travel2,travel3,travel4,wait0,wait1,wait2,wait3,wait4,rssslll_rrsssl_rsssssl_rsl_0,rssslll_rrsssl_rsssssl_rsl_1,rssslll_rrsssl_rsssssl_rsl_2,rssslll_rrsssl_rsssssl_rsl_3,performance measure
0,7,3,1,3,6,1,2,3,7,1,1,5,3,1,1,1,rssslll_rrsssl_rsssssl_rsl,690.0,621.0,202.0,584.0,154.0,950.0,1734.0,312.0,90.0,215.0,226.0,301.0,11.0,14.0,11.0,14.0,8.900718091855136,8.735983238898287,8.683841615894341,8.849724553078438,8.788005739158388,0.7716417910447761,0.8095004897159648,0.8202939781887151,0.7785642062689585,0.7944389275074478,4.702014207839966,24.58884577114425,26.3370470127326,26.556685633001408,25.14490394337723,25.477691161866947,69.27213930348259,71.07786483839374,71.2674253200569,69.83114256825075,70.20705064548163,16.401990049751245,17.84671890303624,17.98198198198198,16.86299292214358,17.126117179741808,11.0,14.0,11.0,14.0,17.24396020733097
