,1,1l,1r,1s,2,2l,2r,2s,3,3l,3r,3s,4,4l,4r,4s,id,1_2,1_3,1_4,2_1,2_3,2_4,3_1,3_2,3_4,4_1,4_2,4_3,p1,p2,p3,p4,speed0,speed1,speed2,speed3,speed4,stop0,stop1,stop2,stop3,stop4,time,timeloss0,timeloss1,timeloss2,timeloss3,timeloss4,travel0,travel1,travel2,travel3,travel4,wait0,wait1,wait2,wait3,wait4,rsl_rrsl_rssslll_rssssl_0,rsl_rrsl_rssslll_rssssl_1,rsl_rrsl_rssslll_rssssl_2,rsl_rrsl_rssslll_rssssl_3,performance measure
0,3,1,1,1,4,1,2,1,7,3,1,3,6,1,1,4,rsl_rrsl_rssslll_rssssl,245.0,134.0,259.0,287.0,119.0,275.0,634.0,276.0,559.0,125.0,1397.0,95.0,11.0,11.0,8.0,14.0,9.00212958334815,9.000368675357093,9.026533327308393,9.125316157921992,9.047588909224071,0.7904191616766467,0.7754409769335142,0.7873450750163079,0.7514204545454546,0.7664041994750657,3.748943328857422,24.46527611443777,23.962849389416572,24.110560991519893,22.639005681818183,23.122342519685024,69.35262807717898,68.87516960651288,69.03457273320286,67.52911931818181,68.00590551181102,16.127744510978044,15.870420624151967,15.793868232224396,14.723721590909092,14.909448818897637,11.0,11.0,8.0,14.0,15.485040755432227
