,1,1l,1r,1s,2,2l,2r,2s,3,3l,3r,3s,4,4l,4r,4s,id,1_2,1_3,1_4,2_1,2_3,2_4,3_1,3_2,3_4,4_1,4_2,4_3,p1,p2,p3,p4,speed0,speed1,speed2,speed3,speed4,stop0,stop1,stop2,stop3,stop4,time,timeloss0,timeloss1,timeloss2,timeloss3,timeloss4,travel0,travel1,travel2,travel3,travel4,wait0,wait1,wait2,wait3,wait4,rrsssll_rsl_rsl_rrsll_0,rrsssll_rsl_rsl_rrsll_1,rrsssll_rsl_rsl_rrsll_2,rrsssll_rsl_rsl_rrsll_3,performance measure
0,7,2,2,3,3,1,1,1,3,1,1,1,5,2,2,1,rrsssll_rsl_rsl_rrsll,295.0,275.0,298.0,198.0,247.0,51.0,117.0,323.0,75.0,478.0,326.0,544.0,5.0,5.0,8.0,8.0,9.477083623350753,8.927146454119352,8.942267738508436,9.303743442519615,9.550547420831727,0.8050541516245487,1.0206463195691202,1.0062222222222221,0.8959700093720713,0.8252788104089219,2.9929702281951904,20.359205776173294,26.986005385996407,26.03785777777774,22.808181818181787,20.234516728624534,64.87274368231047,71.56193895870736,70.68177777777778,67.40018744142455,64.77416356877323,12.296028880866427,17.286355475763017,16.753777777777778,14.208997188378632,11.953531598513012,5.0,5.0,8.0,8.0,14.499738184259773
