,1,1l,1r,1s,2,2l,2r,2s,3,3l,3r,3s,4,4l,4r,4s,id,1_2,1_3,1_4,2_1,2_3,2_4,3_1,3_2,3_4,4_1,4_2,4_3,p1,p2,p3,p4,speed0,speed1,speed2,speed3,speed4,stop0,stop1,stop2,stop3,stop4,time,timeloss0,timeloss1,timeloss2,timeloss3,timeloss4,travel0,travel1,travel2,travel3,travel4,wait0,wait1,wait2,wait3,wait4,rsssl_rrsll_rsl_rsslll_0,rsssl_rrsll_rsl_rsslll_1,rsssl_rrsll_rsl_rsslll_2,rsssl_rrsll_rsl_rsslll_3,performance measure
0,5,1,1,3,5,2,2,1,3,1,1,1,6,3,1,2,rsssl_rrsll_rsl_rsslll,209.0,256.0,214.0,565.0,586.0,322.0,275.0,97.0,72.0,402.0,704.0,162.0,8.0,11.0,11.0,14.0,8.27001225392999,8.777698583121023,8.646291845685509,8.765030885758918,8.394151940328687,1.0463724756918473,0.8691950464396285,0.9053254437869822,0.8511146496815286,0.9795454545454545,3.67924427986145,36.92910246821237,28.30530185758512,30.390414201183408,27.25177547770701,32.803840909090944,81.76813762154076,73.13003095975232,75.1930473372781,72.06608280254777,77.63257575757575,26.44128646222887,19.57894736842105,21.232988165680474,18.735668789808916,23.009090909090908,8.0,11.0,11.0,14.0,21.79959633904604
