,1,1l,1r,1s,2,2l,2r,2s,3,3l,3r,3s,4,4l,4r,4s,id,1_2,1_3,1_4,2_1,2_3,2_4,3_1,3_2,3_4,4_1,4_2,4_3,p1,p2,p3,p4,speed0,speed1,speed2,speed3,speed4,stop0,stop1,stop2,stop3,stop4,time,timeloss0,timeloss1,timeloss2,timeloss3,timeloss4,travel0,travel1,travel2,travel3,travel4,wait0,wait1,wait2,wait3,wait4,rsl_rsl_rsl_rrssll_0,rsl_rsl_rsl_rrssll_1,rsl_rsl_rsl_rrssll_2,rsl_rsl_rsl_rrssll_3,performance measure
0,3,1,1,1,3,1,1,1,3,1,1,1,6,2,2,2,rsl_rsl_rsl_rrssll,250.0,187.0,94.0,176.0,300.0,280.0,209.0,185.0,202.0,290.0,531.0,234.0,14.0,11.0,14.0,14.0,8.23766518163062,8.763740120846094,8.404173082420009,8.63886928805757,8.61602540704741,0.9305555555555556,0.7686034658511722,0.8786692759295499,0.8092175777063236,0.8066465256797583,3.1596639156341553,34.7116071428571,26.598899082568817,32.503913894324846,28.26077170418006,28.189788519637453,79.77876984126983,71.65443425076452,77.54598825831702,73.28617363344051,73.23766364551864,25.12202380952381,18.6289500509684,23.354207436399218,19.95391211146838,19.860020140986908,14.0,11.0,14.0,14.0,21.383822709869342
