,1,1l,1r,1s,2,2l,2r,2s,3,3l,3r,3s,4,4l,4r,4s,id,1_2,1_3,1_4,2_1,2_3,2_4,3_1,3_2,3_4,4_1,4_2,4_3,p1,p2,p3,p4,speed0,speed1,speed2,speed3,speed4,stop0,stop1,stop2,stop3,stop4,time,timeloss0,timeloss1,timeloss2,timeloss3,timeloss4,travel0,travel1,travel2,travel3,travel4,wait0,wait1,wait2,wait3,wait4,rrsssll_rsl_rsl_rrsll_0,rrsssll_rsl_rsl_rrsll_1,rrsssll_rsl_rsl_rrsll_2,rrsssll_rsl_rsl_rrsll_3,performance measure
0,7,2,2,3,3,1,1,1,3,1,1,1,5,2,2,1,rrsssll_rsl_rsl_rrsll,162.0,609.0,265.0,177.0,41.0,193.0,114.0,84.0,123.0,264.0,287.0,401.0,8.0,8.0,8.0,11.0,9.567868483819447,9.42960938117277,9.385462135832972,9.634354704942467,9.400100952348996,0.7123430962343096,0.74,0.7486744432661718,0.6985815602836879,0.7668776371308017,2.8694870471954346,19.147981171548125,19.931747368421057,20.535503711558825,18.474905437352252,20.847088607594966,63.85041841004184,64.66,65.27677624602333,63.1193853427896,65.57489451476793,11.817991631799163,12.554736842105264,13.006362672322375,11.31323877068558,13.106540084388186,8.0,8.0,8.0,11.0,12.359774000260114
