,1,1l,1r,1s,2,2l,2r,2s,3,3l,3r,3s,4,4l,4r,4s,id,1_2,1_3,1_4,2_1,2_3,2_4,3_1,3_2,3_4,4_1,4_2,4_3,p1,p2,p3,p4,speed0,speed1,speed2,speed3,speed4,stop0,stop1,stop2,stop3,stop4,time,timeloss0,timeloss1,timeloss2,timeloss3,timeloss4,travel0,travel1,travel2,travel3,travel4,wait0,wait1,wait2,wait3,wait4,rsl_rsl_rsl_rrssll_0,rsl_rsl_rsl_rrssll_1,rsl_rsl_rsl_rrssll_2,rsl_rsl_rsl_rrssll_3,performance measure
0,3,1,1,1,3,1,1,1,3,1,1,1,6,2,2,2,rsl_rsl_rsl_rrssll,223.0,303.0,99.0,123.0,201.0,183.0,339.0,101.0,255.0,202.0,154.0,419.0,11.0,14.0,8.0,8.0,8.609860221348653,8.854743086108517,8.622157882594717,8.734640934378133,8.996696080835608,0.9486338797814208,0.8209121245828699,0.9039106145251397,0.9076212471131639,0.7826589595375723,2.971989393234253,31.140371584699487,26.190711902113453,28.773039106145266,29.44158198614322,24.54828901734104,76.10710382513662,71.14794215795328,73.77430167597765,74.35796766743648,69.51676300578035,21.84808743169399,17.899888765294772,19.856983240223464,20.37875288683603,16.504046242774567,11.0,14.0,8.0,8.0,19.297551713364562
