,1,1l,1r,1s,2,2l,2r,2s,3,3l,3r,3s,4,4l,4r,4s,id,1_2,1_3,1_4,2_1,2_3,2_4,3_1,3_2,3_4,4_1,4_2,4_3,p1,p2,p3,p4,speed0,speed1,speed2,speed3,speed4,stop0,stop1,stop2,stop3,stop4,time,timeloss0,timeloss1,timeloss2,timeloss3,timeloss4,travel0,travel1,travel2,travel3,travel4,wait0,wait1,wait2,wait3,wait4,rrsslll_rrsll_rsssl_rrsslll_0,rrsslll_rrsll_rsssl_rrsslll_1,rrsslll_rrsll_rsssl_rrsslll_2,rrsslll_rrsll_rsssl_rrsslll_3,performance measure
0,7,3,2,2,5,2,2,1,5,1,1,3,7,3,2,2,rrsslll_rrsll_rsssl_rrsslll,933.0,297.0,599.0,563.0,161.0,135.0,200.0,145.0,136.0,321.0,227.0,325.0,14.0,8.0,8.0,8.0,9.655669262060085,9.729392872697773,9.58763187147452,9.703781847977293,9.75242931065091,0.6715222141296431,0.678027556200145,0.6932773109243697,0.6629711751662971,0.6576980568011959,3.347907781600952,18.303168244719565,17.675598259608392,18.693886554621816,17.871566888396163,17.609110612855016,62.66642388929352,62.087019579405364,63.14915966386555,62.265336289726534,62.044843049327355,11.147851420247633,10.616388687454677,11.394957983193278,10.822616407982261,10.625560538116591,14.0,8.0,8.0,8.0,10.921475007398888
