,1,1l,1r,1s,2,2l,2r,2s,3,3l,3r,3s,4,4l,4r,4s,id,1_2,1_3,1_4,2_1,2_3,2_4,3_1,3_2,3_4,4_1,4_2,4_3,p1,p2,p3,p4,speed0,speed1,speed2,speed3,speed4,stop0,stop1,stop2,stop3,stop4,time,timeloss0,timeloss1,timeloss2,timeloss3,timeloss4,travel0,travel1,travel2,travel3,travel4,wait0,wait1,wait2,wait3,wait4,rsssssl_rsl_rrsslll_rsssll_0,rsssssl_rsl_rrsslll_rsssll_1,rsssssl_rsl_rrsslll_rsssll_2,rsssssl_rsl_rrsslll_rsssll_3,performance measure
0,7,1,1,5,3,1,1,1,7,3,2,2,6,2,1,3,rsssssl_rsl_rrsslll_rsssll,296.0,309.0,164.0,110.0,309.0,190.0,366.0,616.0,557.0,481.0,812.0,58.0,11.0,8.0,14.0,11.0,8.77438623049562,8.81782042189882,8.82558317932001,8.841389112172484,8.962667979819207,0.845679012345679,0.8291008922443377,0.8647375504710633,0.818830242510699,0.7727583846680356,3.799055337905884,27.276460905349772,26.43709677419354,27.8822207267833,25.88113409415124,24.192587268993833,72.00068587105625,71.21139327385038,72.60026917900404,70.61412268188302,68.92950034223135,18.76954732510288,18.09471516815374,19.00807537012113,17.587731811697576,16.249144421629023,11.0,8.0,14.0,11.0,17.94184281934087
