,1,1l,1r,1s,2,2l,2r,2s,3,3l,3r,3s,4,4l,4r,4s,id,1_2,1_3,1_4,2_1,2_3,2_4,3_1,3_2,3_4,4_1,4_2,4_3,p1,p2,p3,p4,speed0,speed1,speed2,speed3,speed4,stop0,stop1,stop2,stop3,stop4,time,timeloss0,timeloss1,timeloss2,timeloss3,timeloss4,travel0,travel1,travel2,travel3,travel4,wait0,wait1,wait2,wait3,wait4,rssslll_rssll_rsssl_rrssl_0,rssslll_rssll_rsssl_rrssl_1,rssslll_rssll_rsssl_rrssl_2,rssslll_rssll_rsssl_rrssl_3,performance measure
0,7,3,1,3,5,2,1,2,5,1,1,3,5,1,2,2,rssslll_rssll_rsssl_rrssl,741.0,882.0,122.0,256.0,254.0,359.0,357.0,307.0,317.0,305.0,717.0,503.0,18.0,14.0,14.0,18.0,8.517576556983867,8.248578559468825,8.21281579057721,8.592534583664914,8.260463358947364,0.773972602739726,0.8508514386376982,0.8501144164759725,0.7666263603385731,0.8301113063854716,4.561421155929565,29.441563926940624,33.81896065766292,32.719645308924434,28.956868198307124,32.960468658465125,74.20262557077625,78.60364063417498,77.48855835240275,73.729746070133,77.71177504393673,21.19691780821918,24.917204932472107,23.7454233409611,20.851874244256347,24.17633274751025,18.0,14.0,14.0,18.0,22.9775506146838
