,1,1l,1r,1s,2,2l,2r,2s,3,3l,3r,3s,4,4l,4r,4s,id,1_2,1_3,1_4,2_1,2_3,2_4,3_1,3_2,3_4,4_1,4_2,4_3,p1,p2,p3,p4,speed0,speed1,speed2,speed3,speed4,stop0,stop1,stop2,stop3,stop4,time,timeloss0,timeloss1,timeloss2,timeloss3,timeloss4,travel0,travel1,travel2,travel3,travel4,wait0,wait1,wait2,wait3,wait4,rssl_rrsslll_rsl_rrsll_0,rssl_rrsslll_rsl_rrsll_1,rssl_rrsslll_rsl_rrsll_2,rssl_rrsslll_rsl_rrsll_3,performance measure
0,4,1,1,2,7,3,2,2,3,1,1,1,5,2,2,1,rssl_rrsslll_rsl_rrsll,295.0,275.0,192.0,324.0,950.0,587.0,253.0,72.0,322.0,79.0,220.0,145.0,14.0,11.0,14.0,14.0,8.240110095779466,8.368985220573586,8.121427639504734,8.237993475146007,8.325997631437886,0.9258675078864353,0.8746948738812043,0.9701378254211332,0.9327935222672065,0.863672182821119,3.614293098449707,34.66500788643529,31.49651749389748,36.28787136294029,34.31258299595142,31.7136485421592,79.58675078864353,76.43205858421481,81.18529862174579,79.20728744939271,76.60914105594956,25.188485804416406,22.591537835638732,26.273353751914243,24.68178137651822,22.71631205673759,14.0,11.0,14.0,14.0,24.290294165045037
