,1,1l,1r,1s,2,2l,2r,2s,3,3l,3r,3s,4,4l,4r,4s,id,1_2,1_3,1_4,2_1,2_3,2_4,3_1,3_2,3_4,4_1,4_2,4_3,p1,p2,p3,p4,speed0,speed1,speed2,speed3,speed4,stop0,stop1,stop2,stop3,stop4,time,timeloss0,timeloss1,timeloss2,timeloss3,timeloss4,travel0,travel1,travel2,travel3,travel4,wait0,wait1,wait2,wait3,wait4,rsssssl_rssssll_rsl_rssll_0,rsssssl_rssssll_rsl_rssll_1,rsssssl_rssssll_rsl_rssll_2,rsssssl_rssssll_rsl_rssll_3,performance measure
0,7,1,1,5,7,2,1,4,3,1,1,1,5,2,1,2,rsssssl_rssssll_rsl_rssll,256.0,1073.0,66.0,80.0,254.0,1367.0,325.0,39.0,323.0,186.0,407.0,114.0,14.0,14.0,8.0,14.0,8.596304736836428,8.646677446059552,8.416759359745727,8.45400682264898,8.764153565942332,0.8366935483870968,0.8286277084701248,0.8953114964675658,0.8828767123287671,0.7961826857532379,3.8056137561798096,27.670584677419342,27.294149704530554,30.521271676300586,29.852650684931575,26.29217450579417,72.73790322580645,72.3617859487853,75.57225433526011,74.92123287671232,71.34901158827539,19.174059139784948,18.89166119500985,21.404624277456648,20.948630136986303,18.026584867075666,14.0,14.0,8.0,14.0,19.689111923262683
