,1,1l,1r,1s,2,2l,2r,2s,3,3l,3r,3s,4,4l,4r,4s,id,1_2,1_3,1_4,2_1,2_3,2_4,3_1,3_2,3_4,4_1,4_2,4_3,p1,p2,p3,p4,speed0,speed1,speed2,speed3,speed4,stop0,stop1,stop2,stop3,stop4,time,timeloss0,timeloss1,timeloss2,timeloss3,timeloss4,travel0,travel1,travel2,travel3,travel4,wait0,wait1,wait2,wait3,wait4,rsl_rrsll_rsl_rslll_0,rsl_rrsll_rsl_rslll_1,rsl_rrsll_rsl_rslll_2,rsl_rrsll_rsl_rslll_3,performance measure
0,3,1,1,1,5,2,2,1,3,1,1,1,5,3,1,1,rsl_rrsll_rsl_rslll,293.0,86.0,149.0,217.0,342.0,217.0,327.0,58.0,37.0,530.0,228.0,71.0,14.0,14.0,11.0,11.0,8.414052844201525,8.509307930512458,8.299511679466997,8.715769753374772,8.647123822084474,0.8835063437139562,0.8418141592920354,0.9112097669256382,0.8154761904761905,0.8319907940161104,2.9137022495269775,31.245847750865074,28.711404867256633,32.322352941176476,27.101011904761894,28.381139240506332,76.25951557093425,73.76438053097345,77.40510543840178,72.15238095238095,73.41887226697354,22.16147635524798,20.216814159292035,23.167591564927857,18.803571428571427,19.93095512082854,14.0,14.0,11.0,11.0,20.85608172577357
