,1,1l,1r,1s,2,2l,2r,2s,3,3l,3r,3s,4,4l,4r,4s,id,1_2,1_3,1_4,2_1,2_3,2_4,3_1,3_2,3_4,4_1,4_2,4_3,p1,p2,p3,p4,speed0,speed1,speed2,speed3,speed4,stop0,stop1,stop2,stop3,stop4,time,timeloss0,timeloss1,timeloss2,timeloss3,timeloss4,travel0,travel1,travel2,travel3,travel4,wait0,wait1,wait2,wait3,wait4,rrsll_rssl_rsssll_rsl_0,rrsll_rssl_rsssll_rsl_1,rrsll_rssl_rsssll_rsl_2,rrsll_rssl_rsssll_rsl_3,performance measure
0,5,2,2,1,4,1,1,2,6,2,1,3,3,1,1,1,rrsll_rssl_rsssll_rsl,112.0,201.0,97.0,106.0,244.0,334.0,793.0,99.0,441.0,258.0,337.0,182.0,11.0,11.0,11.0,14.0,8.674975049827445,8.270601208253323,8.477737042382442,8.615862055669831,8.752314643710545,0.8363970588235294,0.9272065514103731,0.873542600896861,0.8541266794625719,0.8199811498586239,3.1554818153381348,27.338943014705915,32.19140127388538,29.69721973094171,28.883502879078662,26.927964184731383,72.36764705882354,77.21292083712466,74.67443946188341,73.88963531669866,71.92177191328935,18.920955882352942,23.049135577797998,21.01255605381166,20.264875239923224,18.588124410933084,11.0,11.0,11.0,14.0,20.367129432963782
