,1,1l,1r,1s,2,2l,2r,2s,3,3l,3r,3s,4,4l,4r,4s,id,1_2,1_3,1_4,2_1,2_3,2_4,3_1,3_2,3_4,4_1,4_2,4_3,p1,p2,p3,p4,speed0,speed1,speed2,speed3,speed4,stop0,stop1,stop2,stop3,stop4,time,timeloss0,timeloss1,timeloss2,timeloss3,timeloss4,travel0,travel1,travel2,travel3,travel4,wait0,wait1,wait2,wait3,wait4,rsssl_rrsll_rsl_rsslll_0,rsssl_rrsll_rsl_rsslll_1,rsssl_rrsll_rsl_rsslll_2,rsssl_rrsll_rsl_rsslll_3,performance measure
0,5,1,1,3,5,2,2,1,3,1,1,1,6,3,1,2,rsssl_rrsll_rsl_rsslll,111.0,472.0,287.0,501.0,164.0,65.0,178.0,304.0,62.0,652.0,541.0,191.0,5.0,8.0,8.0,8.0,9.6379483984449,9.347029229005203,9.327355293231664,9.732023309135254,9.640851839117012,0.7564766839378239,0.8168067226890756,0.8149637972646823,0.7281553398058253,0.726890756302521,3.221950054168701,19.109870466321272,20.284689075630247,21.023612228479514,17.286204766107677,18.393915966386555,63.729706390328154,64.96134453781512,65.7135961383749,61.94086496028243,63.01932773109244,11.381692573402418,12.325210084033614,12.997586484312148,9.855251544571933,10.816806722689076,5.0,8.0,8.0,8.0,11.475309481801839
