,1,1l,1r,1s,2,2l,2r,2s,3,3l,3r,3s,4,4l,4r,4s,id,1_2,1_3,1_4,2_1,2_3,2_4,3_1,3_2,3_4,4_1,4_2,4_3,p1,p2,p3,p4,speed0,speed1,speed2,speed3,speed4,stop0,stop1,stop2,stop3,stop4,time,timeloss0,timeloss1,timeloss2,timeloss3,timeloss4,travel0,travel1,travel2,travel3,travel4,wait0,wait1,wait2,wait3,wait4,rrsssll_rsl_rsl_rrsll_0,rrsssll_rsl_rsl_rrsll_1,rrsssll_rsl_rsl_rrsll_2,rrsssll_rsl_rsl_rrsll_3,performance measure
0,7,2,2,3,3,1,1,1,3,1,1,1,5,2,2,1,rrsssll_rsl_rsl_rrsll,299.0,176.0,112.0,91.0,171.0,281.0,343.0,138.0,214.0,506.0,205.0,266.0,11.0,14.0,14.0,14.0,8.094247697420803,8.639381038339948,8.446818952411242,8.535971352802196,8.507270790596197,0.966839378238342,0.7906026557711952,0.843558282208589,0.8376623376623377,0.8340336134453782,2.9081132411956787,36.7978652849741,27.995127681307487,30.72284253578734,29.420595238095203,29.634926470588216,81.70259067357513,72.926455566905,75.67689161554192,74.35930735930737,74.5703781512605,26.974093264248705,19.602655771195096,22.005112474437627,20.935064935064936,21.019957983193276,11.0,14.0,14.0,14.0,22.10737688562793
