,1,1l,1r,1s,2,2l,2r,2s,3,3l,3r,3s,4,4l,4r,4s,id,1_2,1_3,1_4,2_1,2_3,2_4,3_1,3_2,3_4,4_1,4_2,4_3,p1,p2,p3,p4,speed0,speed1,speed2,speed3,speed4,stop0,stop1,stop2,stop3,stop4,time,timeloss0,timeloss1,timeloss2,timeloss3,timeloss4,travel0,travel1,travel2,travel3,travel4,wait0,wait1,wait2,wait3,wait4,rsssssl_rsl_rrsslll_rsssll_0,rsssssl_rsl_rrsslll_rsssll_1,rsssssl_rsl_rrsslll_rsssll_2,rsssssl_rsl_rrsslll_rsssll_3,performance measure
0,7,1,1,5,3,1,1,1,7,3,2,2,6,2,1,3,rsssssl_rsl_rrsslll_rsssll,60.0,1089.0,255.0,111.0,234.0,186.0,380.0,641.0,623.0,408.0,340.0,118.0,11.0,11.0,11.0,8.0,9.106349413392389,9.214002946940749,9.231440353596097,9.207671128683929,9.160900571084989,0.8618376928236083,0.7401732178547635,0.7628247834776816,0.7587388622344071,0.7758389261744967,3.859621286392212,26.354218645204575,22.061998667554946,21.730572951365744,22.38148732008228,22.93286577181211,71.00871898054997,66.7854763491006,66.3977348434377,67.04180945853324,67.59261744966443,17.747820254862507,14.475016655562959,13.972018654230514,14.574366004112406,15.057046979865772,11.0,11.0,11.0,8.0,15.165253709726832
