,1,1l,1r,1s,2,2l,2r,2s,3,3l,3r,3s,4,4l,4r,4s,id,1_2,1_3,1_4,2_1,2_3,2_4,3_1,3_2,3_4,4_1,4_2,4_3,p1,p2,p3,p4,speed0,speed1,speed2,speed3,speed4,stop0,stop1,stop2,stop3,stop4,time,timeloss0,timeloss1,timeloss2,timeloss3,timeloss4,travel0,travel1,travel2,travel3,travel4,wait0,wait1,wait2,wait3,wait4,rsl_rssslll_rrsssl_rsslll_0,rsl_rssslll_rrsssl_rsslll_1,rsl_rssslll_rrsssl_rsslll_2,rsl_rssslll_rrsssl_rsslll_3,performance measure
0,3,1,1,1,7,3,1,3,6,1,2,3,6,3,1,2,rsl_rssslll_rrsssl_rsslll,82.0,202.0,287.0,168.0,265.0,760.0,818.0,228.0,183.0,546.0,536.0,273.0,8.0,11.0,8.0,11.0,9.41204804619757,9.10125434529516,9.065404885656712,9.166123492304184,9.329868945469768,0.7277125086385625,0.807743658210948,0.8071334214002642,0.7859673990077959,0.7517099863201094,3.8256025314331055,20.360082930200424,22.792016021361807,23.396856010568044,22.239163713678266,21.187852257181973,65.16171389080857,67.586782376502,68.19286657859973,67.07795889440114,65.99110807113543,12.741534208707671,14.688251001335113,15.3110964332893,14.381998582565556,13.409712722298222,8.0,11.0,8.0,11.0,14.106518589639174
