,1,1l,1r,1s,2,2l,2r,2s,3,3l,3r,3s,4,4l,4r,4s,id,1_2,1_3,1_4,2_1,2_3,2_4,3_1,3_2,3_4,4_1,4_2,4_3,p1,p2,p3,p4,speed0,speed1,speed2,speed3,speed4,stop0,stop1,stop2,stop3,stop4,time,timeloss0,timeloss1,timeloss2,timeloss3,timeloss4,travel0,travel1,travel2,travel3,travel4,wait0,wait1,wait2,wait3,wait4,rslll_rsl_rrslll_rsl_0,rslll_rsl_rrslll_rsl_1,rslll_rsl_rrslll_rsl_2,rslll_rsl_rrslll_rsl_3,performance measure
0,5,3,1,1,3,1,1,1,6,3,2,1,3,1,1,1,rslll_rsl_rrslll_rsl,670.0,144.0,57.0,320.0,69.0,74.0,348.0,117.0,241.0,256.0,122.0,253.0,8.0,11.0,8.0,5.0,8.82403667742723,8.361738983075757,8.669521119538034,9.045185487796683,9.091543735937565,0.9219251336898395,1.1244444444444444,0.9715789473684211,0.8425821064552661,0.8824858757062147,2.7653093338012695,25.832139037433144,33.43845555555558,27.118989473684234,23.174847112117778,24.109367231638423,70.7764705882353,78.35222222222222,72.07368421052631,68.06908267270668,69.0316384180791,16.754010695187166,22.826666666666668,17.618947368421054,14.757644394110985,15.594350282485875,8.0,11.0,8.0,5.0,17.51032388137435
