,1,1l,1r,1s,2,2l,2r,2s,3,3l,3r,3s,4,4l,4r,4s,id,1_2,1_3,1_4,2_1,2_3,2_4,3_1,3_2,3_4,4_1,4_2,4_3,p1,p2,p3,p4,speed0,speed1,speed2,speed3,speed4,stop0,stop1,stop2,stop3,stop4,time,timeloss0,timeloss1,timeloss2,timeloss3,timeloss4,travel0,travel1,travel2,travel3,travel4,wait0,wait1,wait2,wait3,wait4,rrssl_rrssl_rrsslll_rrsslll_0,rrssl_rrssl_rrsslll_rrsslll_1,rrssl_rrssl_rrsslll_rrsslll_2,rrssl_rrssl_rrsslll_rrsslll_3,performance measure
0,5,1,2,2,5,1,2,2,7,3,2,2,7,3,2,2,rrssl_rrssl_rrsslll_rrsslll,47.0,210.0,255.0,412.0,297.0,328.0,217.0,314.0,428.0,792.0,285.0,132.0,5.0,5.0,11.0,8.0,9.867491322479642,9.628402922096107,9.380078723648596,9.66564861500701,9.821815031549262,0.6929196499602227,0.7377952755905511,0.8273764258555133,0.7495987158908507,0.6998407643312102,3.4337549209594727,17.025624502784428,18.263236220472415,21.74267680608367,18.48074638844298,17.103925159235665,61.54813046937152,62.84724409448819,66.26996197718631,62.990369181380416,61.60589171974522,10.007955449482896,10.859842519685039,13.85703422053232,11.01685393258427,10.023885350318471,5.0,5.0,11.0,8.0,11.153114294520599
