,1,1l,1r,1s,2,2l,2r,2s,3,3l,3r,3s,4,4l,4r,4s,id,1_2,1_3,1_4,2_1,2_3,2_4,3_1,3_2,3_4,4_1,4_2,4_3,p1,p2,p3,p4,speed0,speed1,speed2,speed3,speed4,stop0,stop1,stop2,stop3,stop4,time,timeloss0,timeloss1,timeloss2,timeloss3,timeloss4,travel0,travel1,travel2,travel3,travel4,wait0,wait1,wait2,wait3,wait4,rrslll_rssll_rsl_rssssll_0,rrslll_rssll_rsl_rssssll_1,rrslll_rssll_rsl_rssssll_2,rrslll_rssll_rsl_rssssll_3,performance measure
0,6,3,2,1,5,2,1,2,3,1,1,1,7,2,1,4,rrslll_rssll_rsl_rssssll,553.0,264.0,578.0,154.0,390.0,657.0,187.0,304.0,259.0,412.0,343.0,83.0,11.0,11.0,11.0,14.0,8.830444719801212,8.777864386475276,8.456420145779028,8.806868003371205,8.875316956821756,0.7985865724381626,0.8149964961457603,0.9613297150610584,0.8102084831056794,0.7895863052781741,3.773167133331299,25.824176678445202,25.888255080588642,33.83679104477618,26.635772825305562,26.11016405135522,70.61272084805654,70.72039243167484,78.63500678426051,71.38749101365924,70.85592011412268,17.50600706713781,17.597056762438683,23.960651289009498,18.341480948957585,17.77318116975749,11.0,11.0,11.0,14.0,19.035675447460214
