,1,1l,1r,1s,2,2l,2r,2s,3,3l,3r,3s,4,4l,4r,4s,id,1_2,1_3,1_4,2_1,2_3,2_4,3_1,3_2,3_4,4_1,4_2,4_3,p1,p2,p3,p4,speed0,speed1,speed2,speed3,speed4,stop0,stop1,stop2,stop3,stop4,time,timeloss0,timeloss1,timeloss2,timeloss3,timeloss4,travel0,travel1,travel2,travel3,travel4,wait0,wait1,wait2,wait3,wait4,rrssl_rrssl_rrsslll_rrsslll_0,rrssl_rrssl_rrsslll_rrsslll_1,rrssl_rrssl_rrsslll_rrsslll_2,rrssl_rrssl_rrsslll_rrsslll_3,performance measure
0,5,1,2,2,5,1,2,2,7,3,2,2,7,3,2,2,rrssl_rrssl_rrsslll_rrsslll,71.0,128.0,537.0,497.0,126.0,503.0,458.0,369.0,761.0,781.0,595.0,362.0,11.0,8.0,11.0,11.0,9.027500291309732,9.060081560103363,8.978910412539554,9.21944734761952,9.050117596617214,0.8112128146453089,0.7913544668587896,0.8181818181818182,0.7580091533180778,0.7760595647193586,4.505343675613403,24.766390160183047,23.404138328530237,24.69681545998909,21.981413043478216,23.420899198167252,69.31864988558353,67.98097982708934,69.22046815459989,66.5200228832952,67.9782359679267,16.630434782608695,15.546397694524495,16.454001088731626,14.302631578947368,15.532073310423826,11.0,8.0,11.0,11.0,15.693107691047203
