,1,1l,1r,1s,2,2l,2r,2s,3,3l,3r,3s,4,4l,4r,4s,id,1_2,1_3,1_4,2_1,2_3,2_4,3_1,3_2,3_4,4_1,4_2,4_3,p1,p2,p3,p4,speed0,speed1,speed2,speed3,speed4,stop0,stop1,stop2,stop3,stop4,time,timeloss0,timeloss1,timeloss2,timeloss3,timeloss4,travel0,travel1,travel2,travel3,travel4,wait0,wait1,wait2,wait3,wait4,rsssll_rssl_rsslll_rrsl_0,rsssll_rssl_rsslll_rrsl_1,rsssll_rssl_rsslll_rrsl_2,rsssll_rssl_rsslll_rrsl_3,performance measure
0,6,2,1,3,4,1,1,2,6,3,1,2,4,1,2,1,rsssll_rssl_rsslll_rrsl,75.0,489.0,297.0,109.0,216.0,529.0,284.0,285.0,409.0,219.0,85.0,174.0,8.0,8.0,11.0,11.0,9.336184628501798,9.217055699631805,9.362843227003939,9.366587331996111,9.386049273810247,0.7319494584837545,0.7763519706691109,0.7331536388140162,0.7320574162679426,0.7253456221198157,3.1586005687713623,20.91670577617327,22.026406966086185,20.826118598382738,20.61009569377992,20.71909677419357,65.61462093862816,66.71494042163152,65.53099730458221,65.28421052631579,65.37603686635944,13.25812274368231,14.231897341888176,13.398023360287512,13.15598086124402,13.195391705069124,8.0,8.0,11.0,11.0,13.447883202434227
