,1,1l,1r,1s,2,2l,2r,2s,3,3l,3r,3s,4,4l,4r,4s,id,1_2,1_3,1_4,2_1,2_3,2_4,3_1,3_2,3_4,4_1,4_2,4_3,p1,p2,p3,p4,speed0,speed1,speed2,speed3,speed4,stop0,stop1,stop2,stop3,stop4,time,timeloss0,timeloss1,timeloss2,timeloss3,timeloss4,travel0,travel1,travel2,travel3,travel4,wait0,wait1,wait2,wait3,wait4,rsssssl_rsl_rrsslll_rsssll_0,rsssssl_rsl_rrsslll_rsssll_1,rsssssl_rsl_rrsslll_rsssll_2,rsssssl_rsl_rrsslll_rsssll_3,performance measure
0,7,1,1,5,3,1,1,1,7,3,2,2,6,2,1,3,rsssssl_rsl_rrsslll_rsssll,170.0,1212.0,282.0,226.0,231.0,254.0,137.0,541.0,341.0,240.0,156.0,51.0,8.0,11.0,11.0,11.0,9.026353997637395,9.254051259145017,9.250805527645047,9.286980276664679,9.250441834080767,0.8365963855421686,0.7342657342657343,0.754185692541857,0.7490007993605116,0.7450229709035222,3.2863786220550537,25.79156626506029,22.25928515928519,21.651187214611884,21.71724220623503,21.521087289433385,70.35015060240964,66.87645687645687,66.20700152207002,66.2757793764988,66.06661562021439,17.237951807228917,14.615384615384615,14.012937595129376,14.01119104716227,13.820826952526799,8.0,11.0,11.0,11.0,14.739658403486397
