,1,1l,1r,1s,2,2l,2r,2s,3,3l,3r,3s,4,4l,4r,4s,id,1_2,1_3,1_4,2_1,2_3,2_4,3_1,3_2,3_4,4_1,4_2,4_3,p1,p2,p3,p4,speed0,speed1,speed2,speed3,speed4,stop0,stop1,stop2,stop3,stop4,time,timeloss0,timeloss1,timeloss2,timeloss3,timeloss4,travel0,travel1,travel2,travel3,travel4,wait0,wait1,wait2,wait3,wait4,rrsll_rssl_rsssll_rsl_0,rrsll_rssl_rsssll_rsl_1,rrsll_rssl_rsssll_rsl_2,rrsll_rssl_rsssll_rsl_3,performance measure
0,5,2,2,1,4,1,1,2,6,2,1,3,3,1,1,1,rrsll_rssl_rsssll_rsl,547.0,354.0,161.0,178.0,110.0,86.0,453.0,184.0,277.0,124.0,218.0,97.0,11.0,11.0,5.0,8.0,9.241266673024526,8.82479607249516,8.356540036676336,9.248505041534406,8.53315492148065,0.7966280295047419,0.9967532467532467,1.219387755102041,0.7951807228915663,1.1487778958554729,3.0707383155822754,22.131970495258173,30.365616883116868,37.978714285714325,22.37107338444685,35.44947927736445,67.07376185458378,75.28787878787878,82.86836734693877,67.25301204819277,80.35919234856536,14.319283456269758,21.001082251082252,25.618367346938776,14.50711938663746,24.188097768331563,11.0,11.0,5.0,8.0,19.926790041851962
