,1,1l,1r,1s,2,2l,2r,2s,3,3l,3r,3s,4,4l,4r,4s,id,1_2,1_3,1_4,2_1,2_3,2_4,3_1,3_2,3_4,4_1,4_2,4_3,p1,p2,p3,p4,speed0,speed1,speed2,speed3,speed4,stop0,stop1,stop2,stop3,stop4,time,timeloss0,timeloss1,timeloss2,timeloss3,timeloss4,travel0,travel1,travel2,travel3,travel4,wait0,wait1,wait2,wait3,wait4,rsl_rsssl_rssssl_rssll_0,rsl_rsssl_rssssl_rssll_1,rsl_rsssl_rssssl_rssll_2,rsl_rsssl_rssssl_rssll_3,performance measure
0,3,1,1,1,5,1,1,3,6,1,1,4,5,2,1,2,rsl_rsssl_rssssl_rssll,310.0,310.0,101.0,288.0,301.0,405.0,498.0,222.0,251.0,313.0,316.0,63.0,14.0,14.0,14.0,8.0,8.773727199683009,8.669807310747702,8.453344712390779,8.64060272150683,8.578951795318691,0.7854077253218884,0.8108348134991119,0.8662150719729044,0.8438628158844765,0.8464254192409533,3.31878924369812,26.396403433476355,27.42779751332148,29.66838272650294,28.728682310469317,28.787978817299187,71.21974248927039,72.22291296625222,74.50889077053344,73.49368231046931,73.58870255957635,18.30901287553648,19.24777975133215,20.888230313293818,20.06678700361011,20.305383936451896,14.0,14.0,14.0,8.0,19.763438776044893
