,1,1l,1r,1s,2,2l,2r,2s,3,3l,3r,3s,4,4l,4r,4s,id,1_2,1_3,1_4,2_1,2_3,2_4,3_1,3_2,3_4,4_1,4_2,4_3,p1,p2,p3,p4,speed0,speed1,speed2,speed3,speed4,stop0,stop1,stop2,stop3,stop4,time,timeloss0,timeloss1,timeloss2,timeloss3,timeloss4,travel0,travel1,travel2,travel3,travel4,wait0,wait1,wait2,wait3,wait4,rsl_rrsll_rsl_rslll_0,rsl_rrsll_rsl_rslll_1,rsl_rrsll_rsl_rslll_2,rsl_rrsll_rsl_rslll_3,performance measure
0,3,1,1,1,5,2,2,1,3,1,1,1,5,3,1,1,rsl_rrsll_rsl_rslll,53.0,332.0,211.0,328.0,162.0,158.0,324.0,294.0,201.0,420.0,215.0,316.0,8.0,14.0,8.0,8.0,9.119141457556148,9.202043512662504,9.16459480128247,9.394626706112943,9.020802347490752,0.7915057915057915,0.7719298245614035,0.784688995215311,0.7202020202020202,0.8700673724735323,3.264885663986206,23.915994208494205,22.57537037037039,22.697349282296663,20.610161616161605,26.73236766121269,68.73841698841699,67.4317738791423,67.49186602870813,65.44848484848485,71.53609239653512,15.434362934362934,14.378167641325536,14.49090909090909,12.857575757575757,17.863330125120306,8.0,14.0,8.0,8.0,15.004869109858726
