,1,1l,1r,1s,2,2l,2r,2s,3,3l,3r,3s,4,4l,4r,4s,id,1_2,1_3,1_4,2_1,2_3,2_4,3_1,3_2,3_4,4_1,4_2,4_3,p1,p2,p3,p4,speed0,speed1,speed2,speed3,speed4,stop0,stop1,stop2,stop3,stop4,time,timeloss0,timeloss1,timeloss2,timeloss3,timeloss4,travel0,travel1,travel2,travel3,travel4,wait0,wait1,wait2,wait3,wait4,rsll_rsl_rssslll_rrsssll_0,rsll_rsl_rssslll_rrsssll_1,rsll_rsl_rssslll_rrsssll_2,rsll_rsl_rssslll_rrsssll_3,performance measure
0,4,2,1,1,3,1,1,1,7,3,1,3,7,2,2,3,rsll_rsl_rssslll_rrsssll,268.0,140.0,123.0,257.0,206.0,205.0,916.0,286.0,223.0,166.0,846.0,487.0,5.0,11.0,8.0,11.0,9.087413183327458,9.22382927487274,9.196831619399312,9.288357920520257,9.37439710420418,0.8473498233215547,0.7826398852223816,0.8372759856630825,0.7941616766467066,0.764748725418791,3.875011682510376,23.927978798586555,22.025100430416085,23.622100358422934,22.026998502994,20.24432629278953,68.59151943462898,66.71951219512195,68.31326164874552,66.62275449101796,64.95338674435543,15.538515901060071,14.097560975609756,15.209318996415771,14.033682634730539,12.5360524399126,5.0,11.0,8.0,11.0,14.283026189545746
