,1,1l,1r,1s,2,2l,2r,2s,3,3l,3r,3s,4,4l,4r,4s,id,1_2,1_3,1_4,2_1,2_3,2_4,3_1,3_2,3_4,4_1,4_2,4_3,p1,p2,p3,p4,speed0,speed1,speed2,speed3,speed4,stop0,stop1,stop2,stop3,stop4,time,timeloss0,timeloss1,timeloss2,timeloss3,timeloss4,travel0,travel1,travel2,travel3,travel4,wait0,wait1,wait2,wait3,wait4,rsl_rrsll_rsl_rslll_0,rsl_rrsll_rsl_rslll_1,rsl_rrsll_rsl_rslll_2,rsl_rrsll_rsl_rslll_3,performance measure
0,3,1,1,1,5,2,2,1,3,1,1,1,5,3,1,1,rsl_rrsll_rsl_rslll,79.0,112.0,62.0,226.0,96.0,143.0,257.0,298.0,200.0,199.0,200.0,247.0,8.0,11.0,5.0,8.0,9.37566114276622,9.542871166769691,9.46799389576176,9.588657507371328,9.319236013847839,0.7723035952063915,0.7271448663853727,0.7574123989218329,0.7489051094890511,0.807277628032345,2.5972390174865723,20.599107856191736,19.53156118143461,19.7314959568733,19.07826277372263,22.36301886792455,65.30093209054594,64.22222222222223,64.41239892183289,63.691970802919705,67.05660377358491,12.801597869507324,12.115330520393812,12.0,11.554744525547445,14.153638814016173,8.0,11.0,5.0,8.0,12.525062345892952
