,1,1l,1r,1s,2,2l,2r,2s,3,3l,3r,3s,4,4l,4r,4s,id,1_2,1_3,1_4,2_1,2_3,2_4,3_1,3_2,3_4,4_1,4_2,4_3,p1,p2,p3,p4,speed0,speed1,speed2,speed3,speed4,stop0,stop1,stop2,stop3,stop4,time,timeloss0,timeloss1,timeloss2,timeloss3,timeloss4,travel0,travel1,travel2,travel3,travel4,wait0,wait1,wait2,wait3,wait4,rsl_rsssll_rrssl_rrsslll_0,rsl_rsssll_rrssl_rrsslll_1,rsl_rsssll_rrssl_rrsslll_2,rsl_rsssll_rrssl_rrsslll_3,performance measure
0,3,1,1,1,6,2,1,3,5,1,2,2,7,3,2,2,rsl_rsssll_rrssl_rrsslll,293.0,45.0,136.0,77.0,128.0,140.0,508.0,272.0,191.0,639.0,355.0,571.0,14.0,11.0,11.0,8.0,9.178778626798977,9.115777493602383,9.061113897756147,9.2746175313084,9.119400028466965,0.7383177570093458,0.7591623036649214,0.768609865470852,0.7237668161434978,0.7545126353790613,3.305104970932007,22.401469838572627,23.17391797556717,23.56250224215245,21.773838565022395,23.058005415162473,66.98640611724724,67.79581151832461,68.20896860986547,66.37309417040359,67.6615523465704,14.730671197960918,15.514834205933683,15.592825112107624,14.349775784753364,15.467509025270758,14.0,11.0,11.0,8.0,15.13112306520527
