,1,1l,1r,1s,2,2l,2r,2s,3,3l,3r,3s,4,4l,4r,4s,id,1_2,1_3,1_4,2_1,2_3,2_4,3_1,3_2,3_4,4_1,4_2,4_3,p1,p2,p3,p4,speed0,speed1,speed2,speed3,speed4,stop0,stop1,stop2,stop3,stop4,time,timeloss0,timeloss1,timeloss2,timeloss3,timeloss4,travel0,travel1,travel2,travel3,travel4,wait0,wait1,wait2,wait3,wait4,rsl_rssslll_rrsssl_rsslll_0,rsl_rssslll_rrsssl_rsslll_1,rsl_rssslll_rrsssl_rsslll_2,rsl_rssslll_rrsssl_rsslll_3,performance measure
0,3,1,1,1,7,3,1,3,6,1,2,3,6,3,1,2,rsl_rssslll_rrsssl_rsslll,77.0,266.0,64.0,170.0,454.0,459.0,676.0,83.0,270.0,916.0,294.0,68.0,11.0,11.0,14.0,8.0,8.893928021086506,8.839892198916258,8.495648988580232,8.766810023406455,8.746198105789132,0.8081350729086723,0.8191570881226053,0.9411320754716981,0.8528481012658228,0.8580246913580247,3.438887119293213,25.08321565617802,25.557088122605354,31.138301886792426,27.063362341772166,27.04902006172841,70.0199539524175,70.47662835249042,76.06867924528302,72.00712025316456,71.96836419753086,17.089792785878743,17.377777777777776,21.863396226415095,18.59256329113924,18.65509259259259,11.0,11.0,14.0,8.0,18.71572453476069
