,1,1l,1r,1s,2,2l,2r,2s,3,3l,3r,3s,4,4l,4r,4s,id,1_2,1_3,1_4,2_1,2_3,2_4,3_1,3_2,3_4,4_1,4_2,4_3,p1,p2,p3,p4,speed0,speed1,speed2,speed3,speed4,stop0,stop1,stop2,stop3,stop4,time,timeloss0,timeloss1,timeloss2,timeloss3,timeloss4,travel0,travel1,travel2,travel3,travel4,wait0,wait1,wait2,wait3,wait4,rsssll_rssl_rsslll_rrsl_0,rsssll_rssl_rsslll_rrsl_1,rsssll_rssl_rsslll_rrsl_2,rsssll_rssl_rsslll_rrsl_3,performance measure
0,6,2,1,3,4,1,1,2,6,3,1,2,4,1,2,1,rsssll_rssl_rsslll_rrsl,279.0,969.0,125.0,235.0,131.0,83.0,460.0,69.0,941.0,299.0,92.0,603.0,11.0,11.0,11.0,5.0,9.105989307453296,9.009105651889781,8.837360762952233,8.947560374434442,8.962228186420896,0.7816711590296496,0.8151494093120223,0.8521798365122616,0.8341672623302359,0.8247775496235455,3.609384059906006,22.485330188679253,23.72081306462822,24.826594005449618,24.2188134381701,24.17197125256672,67.29514824797843,68.56219596942321,69.64441416893733,69.04002859185132,68.98699520876113,14.330862533692722,15.397498262682419,16.23024523160763,15.759113652609006,15.645448323066393,11.0,11.0,11.0,5.0,15.472633600731632
