,1,1l,1r,1s,2,2l,2r,2s,3,3l,3r,3s,4,4l,4r,4s,id,1_2,1_3,1_4,2_1,2_3,2_4,3_1,3_2,3_4,4_1,4_2,4_3,p1,p2,p3,p4,speed0,speed1,speed2,speed3,speed4,stop0,stop1,stop2,stop3,stop4,time,timeloss0,timeloss1,timeloss2,timeloss3,timeloss4,travel0,travel1,travel2,travel3,travel4,wait0,wait1,wait2,wait3,wait4,rrssl_rrssl_rrsslll_rrsslll_0,rrssl_rrssl_rrsslll_rrsslll_1,rrssl_rrssl_rrsslll_rrsslll_2,rrssl_rrssl_rrsslll_rrsslll_3,performance measure
0,5,1,2,2,5,1,2,2,7,3,2,2,7,3,2,2,rrssl_rrssl_rrsslll_rrsslll,98.0,514.0,436.0,230.0,47.0,496.0,574.0,223.0,860.0,896.0,99.0,422.0,14.0,14.0,14.0,11.0,8.50292105388586,8.730492858937586,8.66131132782058,8.824417714222347,8.764699744622385,0.8529062870699882,0.7834319526627219,0.7997664915353182,0.762138905961893,0.7755344418052257,4.290245294570923,30.457947805456705,26.72228994082839,27.66154699357852,25.916220036877668,26.52355700712589,75.14650059311981,71.42781065088758,72.40280210157619,70.63368162261831,71.23812351543943,21.770462633451956,18.59644970414201,19.343841214244016,17.988936693300552,18.558194774346795,14.0,14.0,14.0,11.0,19.25157700389706
