,1,1l,1r,1s,2,2l,2r,2s,3,3l,3r,3s,4,4l,4r,4s,id,1_2,1_3,1_4,2_1,2_3,2_4,3_1,3_2,3_4,4_1,4_2,4_3,p1,p2,p3,p4,speed0,speed1,speed2,speed3,speed4,stop0,stop1,stop2,stop3,stop4,time,timeloss0,timeloss1,timeloss2,timeloss3,timeloss4,travel0,travel1,travel2,travel3,travel4,wait0,wait1,wait2,wait3,wait4,rsl_rssslll_rrsssl_rsslll_0,rsl_rssslll_rrsssl_rsslll_1,rsl_rssslll_rrsssl_rsslll_2,rsl_rssslll_rrsssl_rsslll_3,performance measure
0,3,1,1,1,7,3,1,3,6,1,2,3,6,3,1,2,rsl_rssslll_rrsssl_rsslll,295.0,300.0,213.0,257.0,478.0,803.0,274.0,623.0,212.0,878.0,389.0,76.0,14.0,14.0,14.0,14.0,8.57021999522991,8.4354829150699,8.426385322121083,8.462572530942307,8.564602360579403,0.8034610630407911,0.8317872603586889,0.835820895522388,0.8276923076923077,0.8189602446483181,4.1571197509765625,27.865067985166874,29.864984539270278,30.52250149253731,29.299870769230786,29.12360856269119,72.60135970333745,74.62832405689548,75.21850746268657,74.01723076923076,73.86727828746177,19.524103831891225,21.296227581941867,21.772537313432835,20.704615384615384,20.58348623853211,14.0,14.0,14.0,14.0,20.77619407008268
