,1,1l,1r,1s,2,2l,2r,2s,3,3l,3r,3s,4,4l,4r,4s,id,1_2,1_3,1_4,2_1,2_3,2_4,3_1,3_2,3_4,4_1,4_2,4_3,p1,p2,p3,p4,speed0,speed1,speed2,speed3,speed4,stop0,stop1,stop2,stop3,stop4,time,timeloss0,timeloss1,timeloss2,timeloss3,timeloss4,travel0,travel1,travel2,travel3,travel4,wait0,wait1,wait2,wait3,wait4,rrsslll_rrsll_rsssl_rrsslll_0,rrsslll_rrsll_rsssl_rrsslll_1,rrsslll_rrsll_rsssl_rrsslll_2,rrsslll_rrsll_rsssl_rrsslll_3,performance measure
0,7,3,2,2,5,2,2,1,5,1,1,3,7,3,2,2,rrsslll_rrsll_rsssl_rrsslll,853.0,574.0,532.0,499.0,515.0,249.0,661.0,234.0,245.0,896.0,369.0,81.0,14.0,11.0,14.0,11.0,8.755913936023259,8.40951418089776,8.455291122632248,8.873751277301784,8.408359638690753,0.8322884012539185,0.9415718717683558,0.8954918032786885,0.7773664727657325,0.9258872651356994,4.345902919769287,28.525292580982246,33.66522750775595,31.794892418032767,25.24149127445794,32.86995302713983,73.23406478578892,78.3846949327818,76.47694672131148,69.94553146483342,77.53601252609603,19.84378265412748,24.111168562564632,22.63780737704918,17.116340560549972,23.49582463465553,14.0,11.0,14.0,11.0,21.44098475778936
