,1,1l,1r,1s,2,2l,2r,2s,3,3l,3r,3s,4,4l,4r,4s,id,1_2,1_3,1_4,2_1,2_3,2_4,3_1,3_2,3_4,4_1,4_2,4_3,p1,p2,p3,p4,speed0,speed1,speed2,speed3,speed4,stop0,stop1,stop2,stop3,stop4,time,timeloss0,timeloss1,timeloss2,timeloss3,timeloss4,travel0,travel1,travel2,travel3,travel4,wait0,wait1,wait2,wait3,wait4,rssl_rrsslll_rsl_rrsll_0,rssl_rrsslll_rsl_rrsll_1,rssl_rrsslll_rsl_rrsll_2,rssl_rrsslll_rsl_rrsll_3,performance measure
0,4,1,1,2,7,3,2,2,3,1,1,1,5,2,2,1,rssl_rrsslll_rsl_rrsll,141.0,629.0,192.0,467.0,240.0,644.0,211.0,75.0,192.0,646.0,163.0,237.0,11.0,14.0,14.0,14.0,8.524316162674461,8.359898169895883,8.577085418323405,8.73816144694205,8.679873112117063,0.8158705701078582,0.8727969348659004,0.8302718589272594,0.7926634768740032,0.7798092209856916,3.4255263805389404,28.83538520801235,31.56753256704979,28.548368846436446,26.66315789473687,27.313290937996832,73.59476117103236,76.34252873563219,73.30345334313004,71.42344497607655,72.06200317965023,20.379815100154083,22.54022988505747,19.91844232182219,18.51116427432217,19.11844197138315,11.0,14.0,14.0,14.0,20.093618710547812
