,1,1l,1r,1s,2,2l,2r,2s,3,3l,3r,3s,4,4l,4r,4s,id,1_2,1_3,1_4,2_1,2_3,2_4,3_1,3_2,3_4,4_1,4_2,4_3,p1,p2,p3,p4,speed0,speed1,speed2,speed3,speed4,stop0,stop1,stop2,stop3,stop4,time,timeloss0,timeloss1,timeloss2,timeloss3,timeloss4,travel0,travel1,travel2,travel3,travel4,wait0,wait1,wait2,wait3,wait4,rsl_rsssll_rrssl_rrsslll_0,rsl_rsssll_rrssl_rrsslll_1,rsl_rsssll_rrssl_rrsslll_2,rsl_rsssll_rrssl_rrsslll_3,performance measure
0,3,1,1,1,6,2,1,3,5,1,2,2,7,3,2,2,rsl_rsssll_rrssl_rrsslll,222.0,61.0,318.0,304.0,333.0,558.0,470.0,340.0,206.0,529.0,164.0,363.0,8.0,8.0,8.0,8.0,9.174183874476231,9.372641119396176,9.427289269696235,9.37295173912353,9.466454017646827,0.8760268857356236,0.7582089552238805,0.7924812030075188,0.7958236658932715,0.7546153846153846,3.5348269939422607,24.10732636295746,20.37899999999999,20.72221804511277,20.855398298530506,19.81627692307693,68.66318147871546,64.92835820895522,65.27293233082706,65.38051044083527,64.3423076923077,15.58103061986557,12.707462686567164,12.753383458646617,13.041763341067286,12.188461538461539,8.0,8.0,8.0,8.0,13.254420328921634
