,1,1l,1r,1s,2,2l,2r,2s,3,3l,3r,3s,4,4l,4r,4s,id,1_2,1_3,1_4,2_1,2_3,2_4,3_1,3_2,3_4,4_1,4_2,4_3,p1,p2,p3,p4,speed0,speed1,speed2,speed3,speed4,stop0,stop1,stop2,stop3,stop4,time,timeloss0,timeloss1,timeloss2,timeloss3,timeloss4,travel0,travel1,travel2,travel3,travel4,wait0,wait1,wait2,wait3,wait4,rsl_rsssl_rssssl_rssll_0,rsl_rsssl_rssssl_rssll_1,rsl_rsssl_rssssl_rssll_2,rsl_rsssl_rssssl_rssll_3,performance measure
0,3,1,1,1,5,1,1,3,6,1,1,4,5,2,1,2,rsl_rsssl_rssssl_rssll,156.0,318.0,204.0,181.0,273.0,419.0,1248.0,191.0,114.0,490.0,663.0,247.0,8.0,14.0,14.0,14.0,8.760471878832611,8.669936092644264,8.566279180379297,8.727533979429808,8.692565935932052,0.8131212723658051,0.830200907323396,0.8396704689480355,0.8139059304703476,0.818122555410691,3.899057626724243,27.36271703114639,27.27223590408299,28.14686945500634,26.826830265848695,26.90735984354626,72.32935719019218,72.2456254050551,73.1254752851711,71.78663940013634,71.83767926988266,18.8674618952949,18.74854180168503,19.455006337135615,18.359236537150647,18.320078226857888,8.0,14.0,14.0,14.0,18.750064959624815
