,1,1l,1r,1s,2,2l,2r,2s,3,3l,3r,3s,4,4l,4r,4s,id,1_2,1_3,1_4,2_1,2_3,2_4,3_1,3_2,3_4,4_1,4_2,4_3,p1,p2,p3,p4,speed0,speed1,speed2,speed3,speed4,stop0,stop1,stop2,stop3,stop4,time,timeloss0,timeloss1,timeloss2,timeloss3,timeloss4,travel0,travel1,travel2,travel3,travel4,wait0,wait1,wait2,wait3,wait4,rsl_rsssssl_rsll_rrssl_0,rsl_rsssssl_rsll_rrssl_1,rsl_rsssssl_rsll_rrssl_2,rsl_rsssssl_rsll_rrssl_3,performance measure
0,3,1,1,1,7,1,1,5,4,2,1,1,5,1,2,2,rsl_rsssssl_rsll_rrssl,55.0,325.0,114.0,311.0,118.0,1137.0,315.0,53.0,603.0,65.0,445.0,588.0,11.0,14.0,5.0,11.0,9.101127726350507,9.072787923863672,8.941871966641495,8.929640525042144,8.97895183829324,0.7782546494992847,0.7773722627737226,0.8292340126493324,0.8521229868228404,0.7924123120973514,3.9060115814208984,23.51813304721032,23.392408759124088,25.499114546732244,26.390607613469943,24.62555476020044,68.4241773962804,68.27153284671533,70.42445537596628,71.26427525622255,69.56764495347173,15.348354792560801,15.384671532846715,16.85523541813071,17.74597364568082,16.401574803149607,11.0,14.0,5.0,11.0,16.347162038473734
