,1,1l,1r,1s,2,2l,2r,2s,3,3l,3r,3s,4,4l,4r,4s,id,1_2,1_3,1_4,2_1,2_3,2_4,3_1,3_2,3_4,4_1,4_2,4_3,p1,p2,p3,p4,speed0,speed1,speed2,speed3,speed4,stop0,stop1,stop2,stop3,stop4,time,timeloss0,timeloss1,timeloss2,timeloss3,timeloss4,travel0,travel1,travel2,travel3,travel4,wait0,wait1,wait2,wait3,wait4,rrsssll_rsl_rsl_rrsll_0,rrsssll_rsl_rsl_rrsll_1,rrsssll_rsl_rsl_rrsll_2,rrsssll_rsl_rsl_rrsll_3,performance measure
0,7,2,2,3,3,1,1,1,3,1,1,1,5,2,2,1,rrsssll_rsl_rsl_rrsll,253.0,748.0,326.0,127.0,101.0,289.0,202.0,38.0,241.0,528.0,326.0,264.0,11.0,11.0,14.0,14.0,8.539917788980645,8.544517585587883,8.382835675050472,8.681596192719383,8.436346590150814,0.8653683319220999,0.8425,0.8827930174563591,0.8364140480591498,0.8689075630252101,3.4415440559387207,30.399974597798455,28.606349999999996,31.188561928512026,28.2830683918669,30.108991596638635,75.23624047417442,73.47166666666666,76.05403158769742,73.16358595194085,74.94957983193277,21.49195596951736,20.080833333333334,22.28761429758936,19.848428835489834,21.278991596638654,11.0,11.0,14.0,14.0,20.997564806513708
