,1,1l,1r,1s,2,2l,2r,2s,3,3l,3r,3s,4,4l,4r,4s,id,1_2,1_3,1_4,2_1,2_3,2_4,3_1,3_2,3_4,4_1,4_2,4_3,p1,p2,p3,p4,speed0,speed1,speed2,speed3,speed4,stop0,stop1,stop2,stop3,stop4,time,timeloss0,timeloss1,timeloss2,timeloss3,timeloss4,travel0,travel1,travel2,travel3,travel4,wait0,wait1,wait2,wait3,wait4,rsl_rsl_rsl_rrssssl_0,rsl_rsl_rsl_rrssssl_1,rsl_rsl_rsl_rrssssl_2,rsl_rsl_rsl_rrssssl_3,performance measure
0,3,1,1,1,3,1,1,1,3,1,1,1,7,1,2,4,rsl_rsl_rsl_rrssssl,322.0,326.0,46.0,146.0,260.0,288.0,298.0,309.0,153.0,192.0,1035.0,285.0,14.0,14.0,11.0,14.0,8.177011899670847,8.333888741898269,7.827012375596199,8.281826045366785,8.164094633732523,0.9237560192616372,0.8790584415584416,1.0650470219435737,0.9152397260273972,0.9281678773204197,3.573627233505249,34.73267255216691,31.816412337662427,41.72738244514102,34.34267123287672,34.752114608555274,79.65329052969503,76.71753246753246,86.66849529780565,79.25,79.67554479418887,25.04494382022472,22.726461038961038,30.615203761755485,24.778253424657535,25.01775625504439,14.0,14.0,11.0,14.0,25.63652366012864
