,1,1l,1r,1s,2,2l,2r,2s,3,3l,3r,3s,4,4l,4r,4s,id,1_2,1_3,1_4,2_1,2_3,2_4,3_1,3_2,3_4,4_1,4_2,4_3,p1,p2,p3,p4,speed0,speed1,speed2,speed3,speed4,stop0,stop1,stop2,stop3,stop4,time,timeloss0,timeloss1,timeloss2,timeloss3,timeloss4,travel0,travel1,travel2,travel3,travel4,wait0,wait1,wait2,wait3,wait4,rrssl_rrssl_rrsslll_rrsslll_0,rrssl_rrssl_rrsslll_rrsslll_1,rrssl_rrssl_rrsslll_rrsslll_2,rrssl_rrssl_rrsslll_rrsslll_3,performance measure
0,5,1,2,2,5,1,2,2,7,3,2,2,7,3,2,2,rrssl_rrssl_rrsslll_rrsslll,188.0,199.0,511.0,168.0,217.0,97.0,696.0,334.0,250.0,701.0,683.0,638.0,11.0,14.0,14.0,14.0,8.85826472055384,8.78244033824038,8.737724284818784,9.055037104795346,8.914188078636494,0.7790914747977598,0.7791878172588832,0.7789008212255212,0.7214611872146118,0.7457088366179275,3.811683416366577,25.978195395146223,26.54347715736037,26.496891977258326,23.710260926288313,25.04774952320411,70.4803982576229,71.09137055837563,71.0499052432091,68.18786692759295,69.56706929434202,17.862476664592407,18.365482233502537,18.39102969046115,16.026092628832355,17.155753337571518,11.0,14.0,14.0,14.0,17.560166910991995
