,1,1l,1r,1s,2,2l,2r,2s,3,3l,3r,3s,4,4l,4r,4s,id,1_2,1_3,1_4,2_1,2_3,2_4,3_1,3_2,3_4,4_1,4_2,4_3,p1,p2,p3,p4,speed0,speed1,speed2,speed3,speed4,stop0,stop1,stop2,stop3,stop4,time,timeloss0,timeloss1,timeloss2,timeloss3,timeloss4,travel0,travel1,travel2,travel3,travel4,wait0,wait1,wait2,wait3,wait4,rssll_rrsl_rsssl_rrsl_0,rssll_rrsl_rsssl_rrsl_1,rssll_rrsl_rsssl_rrsl_2,rssll_rrsl_rsssl_rrsl_3,performance measure
0,5,2,1,2,4,1,2,1,5,1,1,3,4,1,2,1,rssll_rrsl_rsssl_rrsl,551.0,201.0,117.0,198.0,68.0,343.0,497.0,319.0,110.0,216.0,308.0,630.0,11.0,8.0,8.0,14.0,9.041187504867576,8.916177416633465,8.893156089285293,9.221668542516559,9.181590681014482,0.7849117174959872,0.929471032745592,0.8301886792452831,0.7512864493996569,0.7635756056808688,3.2500452995300293,24.085987158908537,30.15711167086484,25.802666119770326,22.18907375643225,23.35076858813701,68.80337078651685,74.89084802686818,70.51763740771123,66.85506003430531,68.0233918128655,15.827447833065811,20.794290512174644,17.20672682526661,14.304459691252145,15.319966583124478,11.0,8.0,8.0,14.0,16.69057828897674
