,1,1l,1r,1s,2,2l,2r,2s,3,3l,3r,3s,4,4l,4r,4s,id,1_2,1_3,1_4,2_1,2_3,2_4,3_1,3_2,3_4,4_1,4_2,4_3,p1,p2,p3,p4,speed0,speed1,speed2,speed3,speed4,stop0,stop1,stop2,stop3,stop4,time,timeloss0,timeloss1,timeloss2,timeloss3,timeloss4,travel0,travel1,travel2,travel3,travel4,wait0,wait1,wait2,wait3,wait4,rssll_rrsl_rsssl_rrsl_0,rssll_rrsl_rsssl_rrsl_1,rssll_rrsl_rsssl_rrsl_2,rssll_rrsl_rsssl_rrsl_3,performance measure
0,5,2,1,2,4,1,2,1,5,1,1,3,4,1,2,1,rssll_rrsl_rsssl_rrsl,159.0,339.0,204.0,531.0,59.0,107.0,475.0,296.0,71.0,207.0,254.0,119.0,5.0,8.0,8.0,8.0,9.765170875742994,9.467085406480392,9.566812295854476,9.79749465800051,9.678058169785468,0.6990692864529473,0.7882096069868996,0.7520325203252033,0.7107258938244854,0.755440414507772,2.978119373321533,17.333753877973127,19.900109170305647,18.902550813008098,17.21913326110509,19.142497409326435,62.00206825232679,64.58406113537117,63.5630081300813,61.85590465872156,63.77616580310881,10.039296794208893,12.025109170305678,11.263211382113822,9.975081256771398,11.40518134715026,5.0,8.0,8.0,8.0,10.94157599011001
