,1,1l,1r,1s,2,2l,2r,2s,3,3l,3r,3s,4,4l,4r,4s,id,1_2,1_3,1_4,2_1,2_3,2_4,3_1,3_2,3_4,4_1,4_2,4_3,p1,p2,p3,p4,speed0,speed1,speed2,speed3,speed4,stop0,stop1,stop2,stop3,stop4,time,timeloss0,timeloss1,timeloss2,timeloss3,timeloss4,travel0,travel1,travel2,travel3,travel4,wait0,wait1,wait2,wait3,wait4,rsl_rsssll_rrssl_rrsslll_0,rsl_rsssll_rrssl_rrsslll_1,rsl_rsssll_rrssl_rrsslll_2,rsl_rsssll_rrssl_rrsslll_3,performance measure
0,3,1,1,1,6,2,1,3,5,1,2,2,7,3,2,2,rsl_rsssll_rrssl_rrsslll,82.0,127.0,222.0,182.0,151.0,805.0,670.0,293.0,85.0,495.0,496.0,161.0,5.0,11.0,8.0,11.0,9.358572168615614,9.321689189934052,9.46281567136139,9.49739490117111,9.462416395382936,0.7755591054313099,0.7689922480620155,0.7549770290964778,0.7431118314424635,0.7405696689761355,3.46868634223938,20.96345047923323,21.226984496124036,19.951554364471658,19.552982171799027,19.86894534257124,65.71884984025559,66.0093023255814,64.71209800918837,64.29254457050243,64.59122401847576,13.246805111821086,13.431782945736433,12.317764165390505,12.065640194489465,12.294842186297151,5.0,11.0,8.0,11.0,12.67136692074693
