,1,1l,1r,1s,2,2l,2r,2s,3,3l,3r,3s,4,4l,4r,4s,id,1_2,1_3,1_4,2_1,2_3,2_4,3_1,3_2,3_4,4_1,4_2,4_3,p1,p2,p3,p4,speed0,speed1,speed2,speed3,speed4,stop0,stop1,stop2,stop3,stop4,time,timeloss0,timeloss1,timeloss2,timeloss3,timeloss4,travel0,travel1,travel2,travel3,travel4,wait0,wait1,wait2,wait3,wait4,rssll_rrsl_rsssl_rrsl_0,rssll_rrsl_rsssl_rrsl_1,rssll_rrsl_rsssl_rrsl_2,rssll_rrsl_rsssl_rrsl_3,performance measure
0,5,2,1,2,4,1,2,1,5,1,1,3,4,1,2,1,rssll_rrsl_rsssl_rrsl,345.0,231.0,108.0,484.0,296.0,53.0,461.0,72.0,318.0,267.0,136.0,81.0,11.0,8.0,11.0,5.0,9.354926194660994,9.066056704273096,8.813726032118769,8.982419652486602,9.268631383344285,0.7755741127348643,0.9071504802561366,0.9547641963426372,0.9169363538295577,0.8232104121475055,3.136813163757324,20.747922755741133,26.93847385272141,27.947690086621755,26.233344120819858,22.621431670282,65.64718162839249,71.85912486659552,72.82964388835418,71.12081984897519,67.50108459869848,13.09812108559499,18.187833511205977,18.806544754571703,17.12405609492988,14.652928416485901,11.0,8.0,11.0,5.0,16.373896772557693
