,1,1l,1r,1s,2,2l,2r,2s,3,3l,3r,3s,4,4l,4r,4s,id,1_2,1_3,1_4,2_1,2_3,2_4,3_1,3_2,3_4,4_1,4_2,4_3,p1,p2,p3,p4,speed0,speed1,speed2,speed3,speed4,stop0,stop1,stop2,stop3,stop4,time,timeloss0,timeloss1,timeloss2,timeloss3,timeloss4,travel0,travel1,travel2,travel3,travel4,wait0,wait1,wait2,wait3,wait4,rsll_rsl_rssslll_rrsssll_0,rsll_rsl_rssslll_rrsssll_1,rsll_rsl_rssslll_rrsssll_2,rsll_rsl_rssslll_rrsssll_3,performance measure
0,4,2,1,1,3,1,1,1,7,3,1,3,7,2,2,3,rsll_rsl_rssslll_rrsssll,506.0,111.0,209.0,309.0,57.0,355.0,126.0,150.0,496.0,96.0,974.0,84.0,8.0,5.0,5.0,11.0,9.285394243460592,9.25608192481023,9.17262158703341,9.610083483821413,9.596670311693934,0.8720136518771331,0.8380706287683032,0.8792270531400966,0.7397868561278863,0.7695507487520798,3.3981311321258545,22.18852389078498,21.518113695090463,22.93103864734301,18.394804618117234,18.70336106489183,66.96075085324232,66.3118001722653,67.70209339774557,63.13055062166963,63.45923460898503,13.414675767918089,13.248923341946599,14.162640901771336,10.762877442273535,10.810316139767055,8.0,5.0,5.0,11.0,12.479886718735322
