,1,1l,1r,1s,2,2l,2r,2s,3,3l,3r,3s,4,4l,4r,4s,id,1_2,1_3,1_4,2_1,2_3,2_4,3_1,3_2,3_4,4_1,4_2,4_3,p1,p2,p3,p4,speed0,speed1,speed2,speed3,speed4,stop0,stop1,stop2,stop3,stop4,time,timeloss0,timeloss1,timeloss2,timeloss3,timeloss4,travel0,travel1,travel2,travel3,travel4,wait0,wait1,wait2,wait3,wait4,rrsll_rssl_rsssll_rsl_0,rrsll_rssl_rsssll_rsl_1,rrsll_rssl_rsssll_rsl_2,rrsll_rssl_rsssll_rsl_3,performance measure
0,5,2,2,1,4,1,1,2,6,2,1,3,3,1,1,1,rrsll_rssl_rsssll_rsl,444.0,84.0,186.0,318.0,296.0,709.0,555.0,311.0,280.0,96.0,286.0,233.0,11.0,8.0,11.0,14.0,8.96868544393345,8.854211972403267,8.868433281185776,8.588655714851807,8.95495849664023,0.7744418783679754,0.8090332805071315,0.8059815950920245,0.892515923566879,0.7888888888888889,3.461366653442383,24.71277136258661,25.668835182250383,25.70269171779144,29.461425159235667,24.484039682539688,69.51963048498845,70.47068145800317,70.50306748466258,74.23726114649682,69.26904761904763,16.520400307929176,17.315372424722664,17.130368098159508,20.279458598726116,16.215873015873015,11.0,8.0,11.0,14.0,17.492294489082095
