,1,1l,1r,1s,2,2l,2r,2s,3,3l,3r,3s,4,4l,4r,4s,id,1_2,1_3,1_4,2_1,2_3,2_4,3_1,3_2,3_4,4_1,4_2,4_3,p1,p2,p3,p4,speed0,speed1,speed2,speed3,speed4,stop0,stop1,stop2,stop3,stop4,time,timeloss0,timeloss1,timeloss2,timeloss3,timeloss4,travel0,travel1,travel2,travel3,travel4,wait0,wait1,wait2,wait3,wait4,rssslll_rssll_rsssl_rrssl_0,rssslll_rssll_rsssl_rrssl_1,rssslll_rssll_rsssl_rrssl_2,rssslll_rssll_rsssl_rrssl_3,performance measure
0,7,3,1,3,5,2,1,2,5,1,1,3,5,1,2,2,rssslll_rssll_rsssl_rrssl,343.0,1028.0,194.0,194.0,73.0,523.0,539.0,142.0,131.0,159.0,385.0,222.0,8.0,14.0,8.0,11.0,9.328031831336347,9.19181353967325,9.187568699500716,9.382536828631483,9.249767693229963,0.7436849925705795,0.7579570688378978,0.7690582959641256,0.7240547063555913,0.75,3.575878143310547,21.11988855869243,22.672879348630612,22.160926756352804,20.764062751407916,22.026148036253797,65.91158989598812,67.48186528497409,66.94618834080717,65.5631536604988,66.79833836858006,13.5111441307578,15.002960769800149,14.411061285500747,13.366049879324216,14.395015105740182,8.0,14.0,8.0,11.0,14.13724623422462
