,1,1l,1r,1s,2,2l,2r,2s,3,3l,3r,3s,4,4l,4r,4s,id,1_2,1_3,1_4,2_1,2_3,2_4,3_1,3_2,3_4,4_1,4_2,4_3,p1,p2,p3,p4,speed0,speed1,speed2,speed3,speed4,stop0,stop1,stop2,stop3,stop4,time,timeloss0,timeloss1,timeloss2,timeloss3,timeloss4,travel0,travel1,travel2,travel3,travel4,wait0,wait1,wait2,wait3,wait4,rsl_rsl_rsssl_rsl_0,rsl_rsl_rsssl_rsl_1,rsl_rsl_rsssl_rsl_2,rsl_rsl_rsssl_rsl_3,performance measure
0,3,1,1,1,3,1,1,1,5,1,1,3,3,1,1,1,rsl_rsl_rsssl_rsl,202.0,40.0,66.0,129.0,192.0,121.0,811.0,231.0,176.0,139.0,216.0,133.0,8.0,11.0,8.0,8.0,9.001121320334729,8.868171719719252,8.935497827836958,9.074819232953136,9.079123045051158,0.8650234741784038,0.9059107358262968,0.8970414201183432,0.8308270676691729,0.8814814814814815,2.593137264251709,24.725234741784057,26.98858866103738,25.8563905325444,23.55637844611529,25.370506172839494,69.76760563380282,72.01326899879373,70.87218934911243,68.531328320802,70.38271604938272,16.262910798122064,18.188178528347407,17.182248520710058,15.442355889724311,16.848148148148148,8.0,11.0,8.0,8.0,16.784768377010398
