,1,1l,1r,1s,2,2l,2r,2s,3,3l,3r,3s,4,4l,4r,4s,id,1_2,1_3,1_4,2_1,2_3,2_4,3_1,3_2,3_4,4_1,4_2,4_3,p1,p2,p3,p4,speed0,speed1,speed2,speed3,speed4,stop0,stop1,stop2,stop3,stop4,time,timeloss0,timeloss1,timeloss2,timeloss3,timeloss4,travel0,travel1,travel2,travel3,travel4,wait0,wait1,wait2,wait3,wait4,rsl_rsssll_rrssl_rrsslll_0,rsl_rsssll_rrssl_rrsslll_1,rsl_rsssll_rrssl_rrsslll_2,rsl_rsssll_rrssl_rrsslll_3,performance measure
0,3,1,1,1,6,2,1,3,5,1,2,2,7,3,2,2,rsl_rsssll_rrssl_rrsslll,123.0,213.0,101.0,86.0,115.0,880.0,367.0,584.0,213.0,306.0,549.0,567.0,8.0,8.0,5.0,11.0,9.476836085105807,9.508930588373559,9.421777252980743,9.511629076159405,9.436595131792835,0.7584033613445378,0.747622531089978,0.7945597709377237,0.7670329670329671,0.7593390804597702,3.6863062381744385,19.454509803921553,19.372494513533255,20.800665712240498,19.692835164835138,20.038599137931005,64.08473389355743,63.96854425749817,65.47029348604151,64.26886446886446,64.71264367816092,11.824929971988796,11.87710314557425,12.718682891911238,11.951648351648352,12.27801724137931,8.0,8.0,5.0,11.0,12.13007632050039
