,1,1l,1r,1s,2,2l,2r,2s,3,3l,3r,3s,4,4l,4r,4s,id,1_2,1_3,1_4,2_1,2_3,2_4,3_1,3_2,3_4,4_1,4_2,4_3,p1,p2,p3,p4,speed0,speed1,speed2,speed3,speed4,stop0,stop1,stop2,stop3,stop4,time,timeloss0,timeloss1,timeloss2,timeloss3,timeloss4,travel0,travel1,travel2,travel3,travel4,wait0,wait1,wait2,wait3,wait4,rslll_rsl_rrslll_rsl_0,rslll_rsl_rrslll_rsl_1,rslll_rsl_rrslll_rsl_2,rslll_rsl_rrslll_rsl_3,performance measure
0,5,3,1,1,3,1,1,1,6,3,2,1,3,1,1,1,rslll_rsl_rrslll_rsl,888.0,348.0,70.0,257.0,49.0,77.0,176.0,78.0,937.0,242.0,214.0,209.0,14.0,14.0,11.0,8.0,8.560175961846484,8.409469905721277,8.4053788840269,8.872393261621278,8.179001895693375,0.835956917978459,0.9685908319185059,0.9137931034482759,0.7926932880203909,1.0762920426579163,3.473562479019165,28.476851698425854,33.91617996604415,30.90503134796239,25.09212404418013,38.84833470057427,73.52278376139188,78.98471986417657,75.93573667711598,70.1376380628717,83.9343724364233,19.80115990057995,24.243633276740237,21.452978056426332,16.703483432455396,28.090237899917966,14.0,14.0,11.0,8.0,22.058298513223978
