,1,1l,1r,1s,2,2l,2r,2s,3,3l,3r,3s,4,4l,4r,4s,id,1_2,1_3,1_4,2_1,2_3,2_4,3_1,3_2,3_4,4_1,4_2,4_3,p1,p2,p3,p4,speed0,speed1,speed2,speed3,speed4,stop0,stop1,stop2,stop3,stop4,time,timeloss0,timeloss1,timeloss2,timeloss3,timeloss4,travel0,travel1,travel2,travel3,travel4,wait0,wait1,wait2,wait3,wait4,rssslll_rrsssl_rsssssl_rsl_0,rssslll_rrsssl_rsssssl_rsl_1,rssslll_rrsssl_rsssssl_rsl_2,rssslll_rrsssl_rsssssl_rsl_3,performance measure
0,7,3,1,3,6,1,2,3,7,1,1,5,3,1,1,1,rssslll_rrsssl_rsssssl_rsl,574.0,149.0,254.0,232.0,284.0,826.0,520.0,134.0,242.0,232.0,222.0,121.0,11.0,5.0,11.0,11.0,9.261003564929041,9.103674009934199,9.146372911224631,8.970314536933657,9.17195954746284,0.7566929133858268,0.809674861221253,0.7851047323506595,0.8275590551181102,0.7776911076443058,3.703096628189087,21.706913385826766,22.977486122125324,22.690853374709068,24.41233858267715,22.713120124805002,66.39133858267716,67.6740681998414,67.38789759503491,69.18582677165354,67.37207488299532,13.969291338582677,15.010309278350515,14.792086889061288,16.162992125984253,14.781591263650546,11.0,5.0,11.0,11.0,14.943254179125855
