,1,1l,1r,1s,2,2l,2r,2s,3,3l,3r,3s,4,4l,4r,4s,id,1_2,1_3,1_4,2_1,2_3,2_4,3_1,3_2,3_4,4_1,4_2,4_3,p1,p2,p3,p4,speed0,speed1,speed2,speed3,speed4,stop0,stop1,stop2,stop3,stop4,time,timeloss0,timeloss1,timeloss2,timeloss3,timeloss4,travel0,travel1,travel2,travel3,travel4,wait0,wait1,wait2,wait3,wait4,rsl_rssslll_rrsssl_rsslll_0,rsl_rssslll_rrsssl_rsslll_1,rsl_rssslll_rrsssl_rsslll_2,rsl_rssslll_rrsssl_rsslll_3,performance measure
0,3,1,1,1,7,3,1,3,6,1,2,3,6,3,1,2,rsl_rssslll_rrsssl_rsslll,136.0,248.0,156.0,119.0,737.0,1069.0,382.0,279.0,116.0,515.0,187.0,252.0,5.0,8.0,8.0,11.0,8.882627267716362,9.061323794088757,8.763478673326667,9.024995709664932,8.931812808633074,0.9811320754716981,0.869625520110957,1.1262341325811,0.8887323943661972,0.907252440725244,3.710080146789551,28.126988120195687,23.930464632454896,33.51700987306069,24.126161971831014,25.244051603905167,72.9454926624738,68.74826629680999,78.32087447108604,68.94225352112676,70.05857740585775,18.96575821104123,15.652565880721221,22.526798307475318,15.654929577464788,16.39539748953975,5.0,8.0,8.0,11.0,17.839089893248463
