,1,1l,1r,1s,2,2l,2r,2s,3,3l,3r,3s,4,4l,4r,4s,id,1_2,1_3,1_4,2_1,2_3,2_4,3_1,3_2,3_4,4_1,4_2,4_3,p1,p2,p3,p4,speed0,speed1,speed2,speed3,speed4,stop0,stop1,stop2,stop3,stop4,time,timeloss0,timeloss1,timeloss2,timeloss3,timeloss4,travel0,travel1,travel2,travel3,travel4,wait0,wait1,wait2,wait3,wait4,rsssssl_rssssll_rsl_rssll_0,rsssssl_rssssll_rsl_rssll_1,rsssssl_rssssll_rsl_rssll_2,rsssssl_rssssll_rsl_rssll_3,performance measure
0,7,1,1,5,7,2,1,4,3,1,1,1,5,2,1,2,rsssssl_rssssll_rsl_rssll,198.0,800.0,223.0,187.0,527.0,457.0,207.0,87.0,181.0,532.0,523.0,41.0,8.0,8.0,11.0,11.0,9.033497324117961,8.907687168999342,8.844052778493838,8.926378399129861,9.205799703312021,0.8718887262079063,0.8643067846607669,0.8892086330935252,0.858392999204455,0.7784386617100372,3.6421589851379395,26.472715959004447,25.664351032448323,26.636848920863333,25.317931583134467,22.856475836431237,71.30819912152269,70.48746312684366,71.57194244604317,70.18536197295147,67.6996282527881,17.931185944363104,17.18952802359882,18.03165467625899,16.969769291964997,14.947211895910781,8.0,8.0,11.0,11.0,17.01386996641934
