,1,1l,1r,1s,2,2l,2r,2s,3,3l,3r,3s,4,4l,4r,4s,id,1_2,1_3,1_4,2_1,2_3,2_4,3_1,3_2,3_4,4_1,4_2,4_3,p1,p2,p3,p4,speed0,speed1,speed2,speed3,speed4,stop0,stop1,stop2,stop3,stop4,time,timeloss0,timeloss1,timeloss2,timeloss3,timeloss4,travel0,travel1,travel2,travel3,travel4,wait0,wait1,wait2,wait3,wait4,rslll_rsl_rrslll_rsl_0,rslll_rsl_rrslll_rsl_1,rslll_rsl_rrslll_rsl_2,rslll_rsl_rrslll_rsl_3,performance measure
0,5,3,1,1,3,1,1,1,6,3,2,1,3,1,1,1,rslll_rsl_rrslll_rsl,905.0,353.0,306.0,322.0,44.0,357.0,272.0,349.0,455.0,259.0,177.0,165.0,18.0,21.0,14.0,21.0,8.033448778609053,7.871270468405346,8.098017389270954,8.289450811376943,8.176084635164845,0.8321005917159763,0.8783582089552239,0.8095572733661279,0.7742181540808543,0.7935341660543718,4.024694919586182,36.29673076923083,40.510828358208954,34.35648629655653,32.09353165522499,34.10792064658344,81.15976331360947,85.38208955223881,79.26774420238932,76.95881006864988,79.01983835415136,26.92085798816568,30.741044776119402,25.16163035839775,23.391304347826086,24.98310066127847,18.0,21.0,14.0,21.0,26.23958762635748
