,1,1l,1r,1s,2,2l,2r,2s,3,3l,3r,3s,4,4l,4r,4s,id,1_2,1_3,1_4,2_1,2_3,2_4,3_1,3_2,3_4,4_1,4_2,4_3,p1,p2,p3,p4,speed0,speed1,speed2,speed3,speed4,stop0,stop1,stop2,stop3,stop4,time,timeloss0,timeloss1,timeloss2,timeloss3,timeloss4,travel0,travel1,travel2,travel3,travel4,wait0,wait1,wait2,wait3,wait4,rrssl_rrssl_rrsslll_rrsslll_0,rrssl_rrssl_rrsslll_rrsslll_1,rrssl_rrssl_rrsslll_rrsslll_2,rrssl_rrssl_rrsslll_rrsslll_3,performance measure
0,5,1,2,2,5,1,2,2,7,3,2,2,7,3,2,2,rrssl_rrssl_rrsslll_rrsslll,133.0,703.0,604.0,531.0,56.0,309.0,691.0,211.0,694.0,508.0,443.0,547.0,8.0,11.0,8.0,8.0,9.300044685027293,9.118325170018984,9.097159201860544,9.272252020677168,9.083388846440354,0.7674418604651163,0.8133187772925764,0.825201072386059,0.7911136757068667,0.8186724230976794,4.106640577316284,21.319242833964324,22.633881004366756,23.156155495978513,21.942504327755326,23.223793847814324,65.83558680367766,67.18613537117903,67.68310991957105,66.48528563185228,67.74419859686994,13.430502974580854,14.472161572052402,14.858445040214477,13.959607616849395,14.912034538586077,8.0,11.0,8.0,8.0,14.32655034845664
