,1,1l,1r,1s,2,2l,2r,2s,3,3l,3r,3s,4,4l,4r,4s,id,1_2,1_3,1_4,2_1,2_3,2_4,3_1,3_2,3_4,4_1,4_2,4_3,p1,p2,p3,p4,speed0,speed1,speed2,speed3,speed4,stop0,stop1,stop2,stop3,stop4,time,timeloss0,timeloss1,timeloss2,timeloss3,timeloss4,travel0,travel1,travel2,travel3,travel4,wait0,wait1,wait2,wait3,wait4,rsssl_rrsll_rsl_rsslll_0,rsssl_rrsll_rsl_rsslll_1,rsssl_rrsll_rsl_rsslll_2,rsssl_rrsll_rsl_rsslll_3,performance measure
0,5,1,1,3,5,2,2,1,3,1,1,1,6,3,1,2,rsssl_rrsll_rsl_rsslll,311.0,855.0,324.0,609.0,329.0,176.0,78.0,195.0,152.0,590.0,652.0,38.0,14.0,14.0,11.0,14.0,8.747889750997928,8.686404663239598,8.525073922373249,8.899630719612302,8.795985054640939,0.7640603566529492,0.7899511514305653,0.8447457627118644,0.7488954344624448,0.7669699090272918,3.743661403656006,26.457606310013706,27.198367062107458,29.71421016949154,25.280471281296006,25.857809657102884,71.34156378600824,72.12142358688067,74.60610169491525,70.12076583210604,70.74527641707488,18.283264746227708,18.773203070481507,20.814915254237288,17.438880706921942,17.736878936319105,14.0,14.0,11.0,14.0,18.60942854283751
