,1,1l,1r,1s,2,2l,2r,2s,3,3l,3r,3s,4,4l,4r,4s,id,1_2,1_3,1_4,2_1,2_3,2_4,3_1,3_2,3_4,4_1,4_2,4_3,p1,p2,p3,p4,speed0,speed1,speed2,speed3,speed4,stop0,stop1,stop2,stop3,stop4,time,timeloss0,timeloss1,timeloss2,timeloss3,timeloss4,travel0,travel1,travel2,travel3,travel4,wait0,wait1,wait2,wait3,wait4,rrssl_rrssl_rrsslll_rrsslll_0,rrssl_rrssl_rrsslll_rrsslll_1,rrssl_rrssl_rrsslll_rrsslll_2,rrssl_rrssl_rrsslll_rrsslll_3,performance measure
0,5,1,2,2,5,1,2,2,7,3,2,2,7,3,2,2,rrssl_rrssl_rrsslll_rrsslll,136.0,685.0,492.0,156.0,112.0,571.0,146.0,93.0,183.0,761.0,623.0,315.0,8.0,14.0,14.0,14.0,9.118906538697077,8.907106971995924,8.911225662535793,9.086081944352266,8.95980499727624,0.7501744591765527,0.7872777017783857,0.7751358695652174,0.7472283813747228,0.77439446366782,3.531287670135498,23.73840195394278,24.85634746922023,25.210869565217376,23.502963784183304,24.522532871972317,68.50872295882763,69.64090287277702,69.98845108695652,68.25424981522542,69.2885813148789,15.997208653175157,16.925444596443228,17.335597826086957,15.963045084996304,16.63044982698962,8.0,14.0,14.0,14.0,16.570349197538256
