,1,1l,1r,1s,2,2l,2r,2s,3,3l,3r,3s,4,4l,4r,4s,id,1_2,1_3,1_4,2_1,2_3,2_4,3_1,3_2,3_4,4_1,4_2,4_3,p1,p2,p3,p4,speed0,speed1,speed2,speed3,speed4,stop0,stop1,stop2,stop3,stop4,time,timeloss0,timeloss1,timeloss2,timeloss3,timeloss4,travel0,travel1,travel2,travel3,travel4,wait0,wait1,wait2,wait3,wait4,rsssssl_rssssll_rsl_rssll_0,rsssssl_rssssll_rsl_rssll_1,rsssssl_rssssll_rsl_rssll_2,rsssssl_rssssll_rsl_rssll_3,performance measure
0,7,1,1,5,7,2,1,4,3,1,1,1,5,2,1,2,rsssssl_rssssll_rsl_rssll,102.0,1296.0,67.0,84.0,629.0,623.0,261.0,230.0,204.0,392.0,451.0,53.0,8.0,11.0,14.0,8.0,8.718782608269166,8.840878672983123,8.714261476805477,8.934760157130112,8.590230945414426,0.8710106382978723,0.8304853041695147,0.8869448183041723,0.842797783933518,0.9138627187079408,3.958963394165039,27.240498670212762,26.174777853725196,27.727846567967735,26.10299861495843,28.924919246298803,72.28922872340425,71.2535885167464,72.79609690444146,71.1371191135734,73.9764468371467,18.62433510638298,17.930963773069035,19.05114401076716,17.734072022160664,20.031628532974427,8.0,11.0,14.0,8.0,18.67442868907085
