,1,1l,1r,1s,2,2l,2r,2s,3,3l,3r,3s,4,4l,4r,4s,id,1_2,1_3,1_4,2_1,2_3,2_4,3_1,3_2,3_4,4_1,4_2,4_3,p1,p2,p3,p4,speed0,speed1,speed2,speed3,speed4,stop0,stop1,stop2,stop3,stop4,time,timeloss0,timeloss1,timeloss2,timeloss3,timeloss4,travel0,travel1,travel2,travel3,travel4,wait0,wait1,wait2,wait3,wait4,rrsll_rssl_rsssll_rsl_0,rrsll_rssl_rsssll_rsl_1,rrsll_rssl_rsssll_rsl_2,rrsll_rssl_rsssll_rsl_3,performance measure
0,5,2,2,1,4,1,1,2,6,2,1,3,3,1,1,1,rrsll_rssl_rsssll_rsl,280.0,191.0,120.0,223.0,65.0,229.0,885.0,169.0,430.0,109.0,313.0,95.0,11.0,11.0,5.0,11.0,9.192774670740828,9.057013891385472,9.036002247559276,9.193887179317683,9.112083580600615,0.7771428571428571,0.8227969348659003,0.822463768115942,0.7770069375619425,0.8133333333333334,3.364569902420044,22.353723809523846,23.62095785440614,24.06902173913044,22.180297324083266,24.63863809523808,67.28095238095239,68.55459770114942,68.96376811594203,67.13875123885035,69.53619047619047,14.467619047619047,15.553639846743295,15.839673913043478,14.32804757185332,16.31904761904762,11.0,11.0,5.0,11.0,15.301605599661352
