,1,1l,1r,1s,2,2l,2r,2s,3,3l,3r,3s,4,4l,4r,4s,id,1_2,1_3,1_4,2_1,2_3,2_4,3_1,3_2,3_4,4_1,4_2,4_3,p1,p2,p3,p4,speed0,speed1,speed2,speed3,speed4,stop0,stop1,stop2,stop3,stop4,time,timeloss0,timeloss1,timeloss2,timeloss3,timeloss4,travel0,travel1,travel2,travel3,travel4,wait0,wait1,wait2,wait3,wait4,rsl_rsssl_rssssl_rssll_0,rsl_rsssl_rssssl_rssll_1,rsl_rsssl_rssssl_rssll_2,rsl_rsssl_rssssl_rssll_3,performance measure
0,3,1,1,1,5,1,1,3,6,1,1,4,5,2,1,2,rsl_rsssl_rssssl_rssll,257.0,332.0,189.0,127.0,238.0,122.0,182.0,226.0,197.0,222.0,486.0,185.0,14.0,18.0,11.0,11.0,8.773341698982273,8.781849939410675,8.210728727712283,8.570461286816654,8.65645870754463,0.7693121693121693,0.7852494577006508,0.9129533678756476,0.8933030646992054,0.8023630504833512,2.9680182933807373,26.602507936507926,27.14823210412149,34.094248704663215,33.11162315550514,28.212545649838876,71.3883597883598,71.95770065075922,78.88290155440414,77.8422247446084,73.02470461868958,18.744973544973544,19.163774403470715,24.98134715025907,24.010215664018162,19.876476906552096,14.0,18.0,11.0,11.0,21.35535753385472
