,1,1l,1r,1s,2,2l,2r,2s,3,3l,3r,3s,4,4l,4r,4s,id,1_2,1_3,1_4,2_1,2_3,2_4,3_1,3_2,3_4,4_1,4_2,4_3,p1,p2,p3,p4,speed0,speed1,speed2,speed3,speed4,stop0,stop1,stop2,stop3,stop4,time,timeloss0,timeloss1,timeloss2,timeloss3,timeloss4,travel0,travel1,travel2,travel3,travel4,wait0,wait1,wait2,wait3,wait4,rsl_rrsll_rsl_rslll_0,rsl_rrsll_rsl_rslll_1,rsl_rrsll_rsl_rslll_2,rsl_rrsll_rsl_rslll_3,performance measure
0,3,1,1,1,5,2,2,1,3,1,1,1,5,3,1,1,rsl_rrsll_rsl_rslll,103.0,185.0,119.0,397.0,138.0,62.0,123.0,183.0,188.0,782.0,291.0,48.0,8.0,8.0,11.0,11.0,9.31759645963928,9.123318367882668,8.925430791705926,9.218157341699197,9.040457170952202,0.7443181818181818,0.7860411899313501,0.8542336548767417,0.775255391600454,0.8597081930415263,2.7329742908477783,21.447420454545462,22.975686498855836,25.801843515541243,22.28849035187289,25.992918069584732,66.42159090909091,67.96109839816934,70.7749196141479,67.25312145289443,71.003367003367,13.779545454545454,14.871853546910755,17.317256162915328,14.433598183881953,17.358024691358025,8.0,8.0,11.0,11.0,15.552055607922304
