,1,1l,1r,1s,2,2l,2r,2s,3,3l,3r,3s,4,4l,4r,4s,id,1_2,1_3,1_4,2_1,2_3,2_4,3_1,3_2,3_4,4_1,4_2,4_3,p1,p2,p3,p4,speed0,speed1,speed2,speed3,speed4,stop0,stop1,stop2,stop3,stop4,time,timeloss0,timeloss1,timeloss2,timeloss3,timeloss4,travel0,travel1,travel2,travel3,travel4,wait0,wait1,wait2,wait3,wait4,rsll_rsl_rssslll_rrsssll_0,rsll_rsl_rssslll_rrsssll_1,rsll_rsl_rssslll_rrsssll_2,rsll_rsl_rssslll_rrsssll_3,performance measure
0,4,2,1,1,3,1,1,1,7,3,1,3,7,2,2,3,rsll_rsl_rssslll_rrsssll,125.0,190.0,178.0,74.0,194.0,91.0,950.0,211.0,229.0,630.0,787.0,491.0,5.0,14.0,14.0,11.0,9.167531727547706,8.918704304876682,8.974655042646404,9.249839167141745,9.054742164194023,0.7380442541042113,0.7809859154929577,0.7932251235003529,0.7185892725936811,0.7616320687186829,3.7571425437927246,22.34319057815845,24.28659859154933,23.794580098800274,21.781535635562054,23.013865425912684,67.13633119200571,69.1443661971831,68.68242766407904,66.55400440852314,67.83894058697209,14.643825838686652,16.25281690140845,15.665490472829923,14.158706833210875,15.093056549749463,5.0,14.0,14.0,11.0,15.162779319177073
