,1,1l,1r,1s,2,2l,2r,2s,3,3l,3r,3s,4,4l,4r,4s,id,1_2,1_3,1_4,2_1,2_3,2_4,3_1,3_2,3_4,4_1,4_2,4_3,p1,p2,p3,p4,speed0,speed1,speed2,speed3,speed4,stop0,stop1,stop2,stop3,stop4,time,timeloss0,timeloss1,timeloss2,timeloss3,timeloss4,travel0,travel1,travel2,travel3,travel4,wait0,wait1,wait2,wait3,wait4,rssll_rrsl_rsssl_rrsl_0,rssll_rrsl_rsssl_rrsl_1,rssll_rrsl_rsssl_rrsl_2,rssll_rrsl_rsssl_rrsl_3,performance measure
0,5,2,1,2,4,1,2,1,5,1,1,3,4,1,2,1,rssll_rrsl_rsssl_rrsl,358.0,709.0,131.0,204.0,272.0,215.0,547.0,267.0,82.0,185.0,203.0,361.0,8.0,14.0,11.0,11.0,9.035296449995938,9.058790718205438,8.77180385745208,8.933724080174644,8.965405290523885,0.7802840434419381,0.7603993344425957,0.8558256496227996,0.8141831238779175,0.7977815699658704,3.3427321910858154,24.334010025062668,23.99551580698837,27.94981559094717,25.85031418312392,24.699948805460746,69.1294903926483,68.8153078202995,72.76026823134954,70.58617594254937,69.5085324232082,16.389306599832917,16.117304492512478,19.331098072087176,17.717235188509875,16.563993174061434,8.0,14.0,11.0,11.0,17.223787505400775
