,1,1l,1r,1s,2,2l,2r,2s,3,3l,3r,3s,4,4l,4r,4s,id,1_2,1_3,1_4,2_1,2_3,2_4,3_1,3_2,3_4,4_1,4_2,4_3,p1,p2,p3,p4,speed0,speed1,speed2,speed3,speed4,stop0,stop1,stop2,stop3,stop4,time,timeloss0,timeloss1,timeloss2,timeloss3,timeloss4,travel0,travel1,travel2,travel3,travel4,wait0,wait1,wait2,wait3,wait4,rslll_rsl_rrslll_rsl_0,rslll_rsl_rrslll_rsl_1,rslll_rsl_rrslll_rsl_2,rslll_rsl_rrslll_rsl_3,performance measure
0,5,3,1,1,3,1,1,1,6,3,2,1,3,1,1,1,rslll_rsl_rrslll_rsl,970.0,94.0,278.0,236.0,233.0,254.0,352.0,500.0,453.0,265.0,121.0,252.0,14.0,14.0,11.0,11.0,8.54023361957523,8.184662086236832,8.396833781548363,8.44344845610504,8.733863849606907,0.9110787172011662,0.9756637168141593,0.8786791098348887,0.9055177626606198,0.8033409263477601,3.5708444118499756,32.44668367346937,35.995825958702014,31.042656137832047,32.30364323507184,27.25018223234624,77.27769679300292,80.84144542772862,75.94687724335965,77.14436885865457,72.05922551252847,22.698979591836736,25.707227138643066,21.779612347451543,22.59334845049131,18.69855732725892,14.0,14.0,11.0,11.0,22.295544971136316
