,1,1l,1r,1s,2,2l,2r,2s,3,3l,3r,3s,4,4l,4r,4s,id,1_2,1_3,1_4,2_1,2_3,2_4,3_1,3_2,3_4,4_1,4_2,4_3,p1,p2,p3,p4,speed0,speed1,speed2,speed3,speed4,stop0,stop1,stop2,stop3,stop4,time,timeloss0,timeloss1,timeloss2,timeloss3,timeloss4,travel0,travel1,travel2,travel3,travel4,wait0,wait1,wait2,wait3,wait4,rrsslll_rrsll_rsssl_rrsslll_0,rrsslll_rrsll_rsssl_rrsslll_1,rrsslll_rrsll_rsssl_rrsslll_2,rrsslll_rrsll_rsssl_rrsslll_3,performance measure
0,7,3,2,2,5,2,2,1,5,1,1,3,7,3,2,2,rrsslll_rrsll_rsssl_rrsslll,188.0,258.0,537.0,265.0,145.0,243.0,812.0,38.0,231.0,208.0,486.0,264.0,11.0,11.0,5.0,11.0,9.336570881546582,9.375246034689424,9.393105974568464,9.401283747520123,9.603684792617978,0.7598393574297189,0.7382282521947326,0.7308282208588958,0.7282051282051282,0.6874500399680256,3.6379380226135254,21.50090763052212,20.74689545091779,20.632377300613495,20.375162393162427,19.136522781774598,66.01285140562248,65.26735833998404,65.14493865030674,64.92222222222222,63.62829736211031,13.839357429718875,13.284118116520352,13.13803680981595,13.029059829059829,11.954436450839328,11.0,11.0,5.0,11.0,13.049001727190866
