,1,1l,1r,1s,2,2l,2r,2s,3,3l,3r,3s,4,4l,4r,4s,id,1_2,1_3,1_4,2_1,2_3,2_4,3_1,3_2,3_4,4_1,4_2,4_3,p1,p2,p3,p4,speed0,speed1,speed2,speed3,speed4,stop0,stop1,stop2,stop3,stop4,time,timeloss0,timeloss1,timeloss2,timeloss3,timeloss4,travel0,travel1,travel2,travel3,travel4,wait0,wait1,wait2,wait3,wait4,rssll_rrssl_rssslll_rrssll_0,rssll_rrssl_rssslll_rrssll_1,rssll_rrssl_rssslll_rrssll_2,rssll_rrssl_rssslll_rrssll_3,performance measure
0,5,2,1,2,5,1,2,2,7,3,1,3,6,2,2,2,rssll_rrssl_rssslll_rrssll,491.0,107.0,301.0,119.0,307.0,383.0,905.0,97.0,306.0,302.0,285.0,336.0,11.0,11.0,11.0,8.0,8.827632896057079,8.78617622261694,8.80289975761571,8.82645460032138,9.030300725799679,0.8472324723247232,0.8423390081421169,0.8502235469448585,0.8651771956856703,0.7888198757763976,3.6558542251586914,26.095926199261996,26.103982235381213,26.344552906110287,26.641640986132522,23.973190993788812,70.7690036900369,70.81051073279052,71.07451564828614,71.34437596302003,68.70186335403727,17.82730627306273,17.798667653589934,17.93591654247392,18.16024653312789,16.12111801242236,11.0,11.0,11.0,8.0,17.568651002935365
