,1,1l,1r,1s,2,2l,2r,2s,3,3l,3r,3s,4,4l,4r,4s,id,1_2,1_3,1_4,2_1,2_3,2_4,3_1,3_2,3_4,4_1,4_2,4_3,p1,p2,p3,p4,speed0,speed1,speed2,speed3,speed4,stop0,stop1,stop2,stop3,stop4,time,timeloss0,timeloss1,timeloss2,timeloss3,timeloss4,travel0,travel1,travel2,travel3,travel4,wait0,wait1,wait2,wait3,wait4,rslll_rsl_rrslll_rsl_0,rslll_rsl_rrslll_rsl_1,rslll_rsl_rrslll_rsl_2,rslll_rsl_rrslll_rsl_3,performance measure
0,5,3,1,1,3,1,1,1,6,3,2,1,3,1,1,1,rslll_rsl_rrslll_rsl,412.0,170.0,104.0,61.0,142.0,304.0,151.0,373.0,162.0,269.0,307.0,46.0,8.0,11.0,14.0,14.0,8.767022006066355,8.846511320539244,8.869160087508776,9.248388720360863,8.905441969654573,0.8327645051194539,0.7992831541218638,0.7832009080590239,0.7044632086851629,0.7773809523809524,2.921182632446289,26.827986348122838,25.695973715651142,25.945561861520954,22.240241254523525,25.68420238095238,71.77133105802048,70.64277180406212,70.89784335981838,67.145958986731,70.6,18.225255972696246,17.495818399044204,18.028376844494893,14.838359469240048,17.429761904761904,8.0,11.0,14.0,14.0,17.20351451804746
