,1,1l,1r,1s,2,2l,2r,2s,3,3l,3r,3s,4,4l,4r,4s,id,1_2,1_3,1_4,2_1,2_3,2_4,3_1,3_2,3_4,4_1,4_2,4_3,p1,p2,p3,p4,speed0,speed1,speed2,speed3,speed4,stop0,stop1,stop2,stop3,stop4,time,timeloss0,timeloss1,timeloss2,timeloss3,timeloss4,travel0,travel1,travel2,travel3,travel4,wait0,wait1,wait2,wait3,wait4,rsl_rrsll_rsl_rslll_0,rsl_rrsll_rsl_rslll_1,rsl_rrsll_rsl_rslll_2,rsl_rrsll_rsl_rslll_3,performance measure
0,3,1,1,1,5,2,2,1,3,1,1,1,5,3,1,1,rsl_rrsll_rsl_rslll,221.0,298.0,135.0,330.0,188.0,191.0,58.0,132.0,99.0,109.0,58.0,99.0,11.0,11.0,5.0,8.0,9.056262966733325,9.53249184415765,9.376866684119548,9.379007647848958,9.316634565422078,0.8897168405365127,0.7237048665620094,0.7707736389684814,0.7448494453248812,0.8128834355828221,2.522747039794922,26.48377049180328,19.77557299843015,20.82073065902579,20.951156893819345,22.52446319018404,71.2220566318927,64.50078492935636,65.58739255014326,65.6323296354992,67.21165644171779,17.698956780923993,12.416012558869701,12.977077363896848,13.41838351822504,14.300613496932515,11.0,11.0,5.0,8.0,14.16220874376962
