,1,1l,1r,1s,2,2l,2r,2s,3,3l,3r,3s,4,4l,4r,4s,id,1_2,1_3,1_4,2_1,2_3,2_4,3_1,3_2,3_4,4_1,4_2,4_3,p1,p2,p3,p4,speed0,speed1,speed2,speed3,speed4,stop0,stop1,stop2,stop3,stop4,time,timeloss0,timeloss1,timeloss2,timeloss3,timeloss4,travel0,travel1,travel2,travel3,travel4,wait0,wait1,wait2,wait3,wait4,rrsll_rssl_rsssll_rsl_0,rrsll_rssl_rsssll_rsl_1,rrsll_rssl_rsssll_rsl_2,rrsll_rssl_rsssll_rsl_3,performance measure
0,5,2,2,1,4,1,1,2,6,2,1,3,3,1,1,1,rrsll_rssl_rsssll_rsl,146.0,98.0,561.0,73.0,207.0,612.0,720.0,286.0,153.0,300.0,46.0,143.0,5.0,11.0,11.0,11.0,9.138317670316125,9.170610542088125,9.426418810741144,9.357361830120546,9.2434234182434,0.7904761904761904,0.8,0.7105030891438658,0.7295081967213115,0.7684021543985637,3.406066417694092,23.059238095238104,23.0520789473684,20.39485436893204,21.155519125683057,22.660368043087963,67.84155844155845,67.82982456140351,65.15092674315976,65.86976320582878,67.39228007181329,14.832900432900432,14.822807017543859,12.841129744042366,13.49544626593807,14.675942549371634,5.0,11.0,11.0,11.0,14.133645201959274
