,1,1l,1r,1s,2,2l,2r,2s,3,3l,3r,3s,4,4l,4r,4s,id,1_2,1_3,1_4,2_1,2_3,2_4,3_1,3_2,3_4,4_1,4_2,4_3,p1,p2,p3,p4,speed0,speed1,speed2,speed3,speed4,stop0,stop1,stop2,stop3,stop4,time,timeloss0,timeloss1,timeloss2,timeloss3,timeloss4,travel0,travel1,travel2,travel3,travel4,wait0,wait1,wait2,wait3,wait4,rrsssll_rsl_rsl_rrsll_0,rrsssll_rsl_rsl_rrsll_1,rrsssll_rsl_rsl_rrsll_2,rrsssll_rsl_rsl_rrsll_3,performance measure
0,7,2,2,3,3,1,1,1,3,1,1,1,5,2,2,1,rrsssll_rsl_rsl_rrsll,92.0,632.0,578.0,162.0,182.0,232.0,334.0,54.0,260.0,499.0,90.0,516.0,11.0,14.0,11.0,11.0,8.664340597318152,8.599698933136187,8.70613685753599,8.927134681801427,9.08919888258122,0.8741092636579573,0.8557919621749409,0.8466981132075472,0.7940677966101695,0.7432762836185819,3.1770687103271484,29.531219319081597,29.13152876280535,28.519685534591183,26.19347457627122,23.64145069274653,74.12272367379256,73.74152876280536,73.12735849056604,70.76864406779661,68.25020374898125,20.43705463182898,20.38455476753349,19.746069182389938,17.848305084745764,15.78239608801956,11.0,14.0,11.0,11.0,18.839675950903548
