,1,1l,1r,1s,2,2l,2r,2s,3,3l,3r,3s,4,4l,4r,4s,id,1_2,1_3,1_4,2_1,2_3,2_4,3_1,3_2,3_4,4_1,4_2,4_3,p1,p2,p3,p4,speed0,speed1,speed2,speed3,speed4,stop0,stop1,stop2,stop3,stop4,time,timeloss0,timeloss1,timeloss2,timeloss3,timeloss4,travel0,travel1,travel2,travel3,travel4,wait0,wait1,wait2,wait3,wait4,rssll_rrsl_rsssl_rrsl_0,rssll_rrsl_rsssl_rrsl_1,rssll_rrsl_rsssl_rrsl_2,rssll_rrsl_rsssl_rrsl_3,performance measure
0,5,2,1,2,4,1,2,1,5,1,1,3,4,1,2,1,rssll_rrsl_rsssl_rrsl,282.0,643.0,210.0,380.0,63.0,187.0,605.0,292.0,239.0,301.0,116.0,364.0,11.0,11.0,11.0,8.0,8.868914306714554,8.612028202608322,8.719019732025863,9.290652269730124,8.512736320420561,0.8872357086922474,0.9257781324820431,0.8981191222570533,0.7533670033670034,0.9472843450479234,3.3865628242492676,28.006930305403323,30.01282521947324,28.160713166144202,22.021464646464633,31.485023961661312,72.72905246671887,74.6951316839585,72.87852664576802,66.6902356902357,76.17332268370608,19.059514487079092,20.874700718276138,19.143416927899686,14.25,22.10143769968051,11.0,11.0,11.0,8.0,19.085813966587086
