,1,1l,1r,1s,2,2l,2r,2s,3,3l,3r,3s,4,4l,4r,4s,id,1_2,1_3,1_4,2_1,2_3,2_4,3_1,3_2,3_4,4_1,4_2,4_3,p1,p2,p3,p4,speed0,speed1,speed2,speed3,speed4,stop0,stop1,stop2,stop3,stop4,time,timeloss0,timeloss1,timeloss2,timeloss3,timeloss4,travel0,travel1,travel2,travel3,travel4,wait0,wait1,wait2,wait3,wait4,rssll_rrsl_rsssl_rrsl_0,rssll_rrsl_rsssl_rrsl_1,rssll_rrsl_rsssl_rrsl_2,rssll_rrsl_rsssl_rrsl_3,performance measure
0,5,2,1,2,4,1,2,1,5,1,1,3,4,1,2,1,rssll_rrsl_rsssl_rrsl,396.0,468.0,195.0,429.0,178.0,192.0,627.0,151.0,284.0,293.0,355.0,603.0,14.0,11.0,14.0,14.0,8.668755946937486,8.459261336306135,8.618849385065388,8.806443073122884,8.565101820645365,0.8031442241968558,0.8704626334519573,0.8023994354269584,0.7727941176470589,0.8198847262247838,3.516674041748047,27.484641148325384,32.328896797153,28.57119266055042,26.055573529411767,29.55631123919315,72.27614490772386,77.14661921708185,73.37191249117855,70.76176470588236,74.33861671469741,19.04853041695147,23.1644128113879,20.18772053634439,17.965441176470588,20.995677233429394,14.0,11.0,14.0,14.0,20.272356434916748
