,1,1l,1r,1s,2,2l,2r,2s,3,3l,3r,3s,4,4l,4r,4s,id,1_2,1_3,1_4,2_1,2_3,2_4,3_1,3_2,3_4,4_1,4_2,4_3,p1,p2,p3,p4,speed0,speed1,speed2,speed3,speed4,stop0,stop1,stop2,stop3,stop4,time,timeloss0,timeloss1,timeloss2,timeloss3,timeloss4,travel0,travel1,travel2,travel3,travel4,wait0,wait1,wait2,wait3,wait4,rsl_rsssll_rrssl_rrsslll_0,rsl_rsssll_rrssl_rrsslll_1,rsl_rsssll_rrssl_rrsslll_2,rsl_rsssll_rrssl_rrsslll_3,performance measure
0,3,1,1,1,6,2,1,3,5,1,2,2,7,3,2,2,rsl_rsssll_rrssl_rrsslll,168.0,355.0,158.0,37.0,248.0,863.0,206.0,90.0,210.0,714.0,477.0,355.0,11.0,18.0,14.0,14.0,8.537468444919739,8.614354574733628,8.511780618224643,8.38113140982627,8.543859508720722,0.7998460354118553,0.7960872836719338,0.823876197494473,0.8440944881889764,0.8110419906687403,3.6295902729034424,29.379222478829874,28.365891647855555,28.95753131908619,30.944944881889764,28.67195178849141,74.23633564280216,73.22949586155003,73.88798820928518,75.82755905511812,73.59020217729393,21.1955350269438,20.193378480060197,20.47162859248342,22.41968503937008,20.414463452566096,11.0,18.0,14.0,14.0,20.938938118284717
