,1,1l,1r,1s,2,2l,2r,2s,3,3l,3r,3s,4,4l,4r,4s,id,1_2,1_3,1_4,2_1,2_3,2_4,3_1,3_2,3_4,4_1,4_2,4_3,p1,p2,p3,p4,speed0,speed1,speed2,speed3,speed4,stop0,stop1,stop2,stop3,stop4,time,timeloss0,timeloss1,timeloss2,timeloss3,timeloss4,travel0,travel1,travel2,travel3,travel4,wait0,wait1,wait2,wait3,wait4,rssll_rrsl_rsssl_rrsl_0,rssll_rrsl_rsssl_rrsl_1,rssll_rrsl_rsssl_rrsl_2,rssll_rrsl_rsssl_rrsl_3,performance measure
0,5,2,1,2,4,1,2,1,5,1,1,3,4,1,2,1,rssll_rrsl_rsssl_rrsl,647.0,650.0,63.0,182.0,202.0,53.0,322.0,234.0,210.0,99.0,333.0,160.0,18.0,14.0,11.0,14.0,8.655369384148823,8.351133507436213,8.195608576081737,8.646768935332382,8.139618630666295,0.7647619047619048,0.8697718631178707,0.8862815884476535,0.7806072477962782,0.9020172910662824,3.227684736251831,27.99649523809523,32.780152091254756,33.0885108303249,28.02172380019588,34.818559077809766,72.89619047619047,77.69011406844106,77.99729241877256,72.97159647404506,79.76176753121999,19.914285714285715,23.868821292775664,24.08303249097473,19.93731635651322,25.719500480307396,18.0,14.0,11.0,14.0,22.704591266971345
