,1,1l,1r,1s,2,2l,2r,2s,3,3l,3r,3s,4,4l,4r,4s,id,1_2,1_3,1_4,2_1,2_3,2_4,3_1,3_2,3_4,4_1,4_2,4_3,p1,p2,p3,p4,speed0,speed1,speed2,speed3,speed4,stop0,stop1,stop2,stop3,stop4,time,timeloss0,timeloss1,timeloss2,timeloss3,timeloss4,travel0,travel1,travel2,travel3,travel4,wait0,wait1,wait2,wait3,wait4,rsl_rrsll_rsl_rslll_0,rsl_rrsll_rsl_rslll_1,rsl_rrsll_rsl_rslll_2,rsl_rrsll_rsl_rslll_3,performance measure
0,3,1,1,1,5,2,2,1,3,1,1,1,5,3,1,1,rsl_rrsll_rsl_rslll,267.0,145.0,181.0,546.0,264.0,144.0,49.0,152.0,142.0,571.0,236.0,309.0,11.0,8.0,11.0,11.0,9.392428730940336,9.247606047336959,9.118778355959975,9.327800272728174,9.368014514202303,0.6985074626865672,0.7290836653386454,0.7814569536423841,0.7258883248730964,0.7135575942915392,2.8905179500579834,20.620308457711428,21.548486055776863,23.97050141911068,21.17106598984774,21.306095820591242,65.50348258706468,66.43326693227091,68.79848628193,66.02030456852792,66.16106014271152,13.150248756218906,13.917330677290837,15.644276253547776,13.495431472081219,13.648318042813456,11.0,8.0,11.0,11.0,13.97112104039044
