,1,1l,1r,1s,2,2l,2r,2s,3,3l,3r,3s,4,4l,4r,4s,id,1_2,1_3,1_4,2_1,2_3,2_4,3_1,3_2,3_4,4_1,4_2,4_3,p1,p2,p3,p4,speed0,speed1,speed2,speed3,speed4,stop0,stop1,stop2,stop3,stop4,time,timeloss0,timeloss1,timeloss2,timeloss3,timeloss4,travel0,travel1,travel2,travel3,travel4,wait0,wait1,wait2,wait3,wait4,rsl_rsl_rsssl_rsl_0,rsl_rsl_rsssl_rsl_1,rsl_rsl_rsssl_rsl_2,rsl_rsl_rsssl_rsl_3,performance measure
0,3,1,1,1,3,1,1,1,5,1,1,3,3,1,1,1,rsl_rsl_rsssl_rsl,171.0,130.0,208.0,102.0,322.0,202.0,706.0,64.0,96.0,298.0,178.0,309.0,8.0,11.0,14.0,11.0,8.651832333810763,8.679640543622826,8.749776711615905,8.759525126460435,8.978168553867713,0.8836251287332647,0.8476890756302521,0.8387776606954689,0.825938566552901,0.7806176783812566,3.0461208820343018,29.499382080329536,28.01439075630246,27.02582718651212,25.96589306029575,24.144387646432346,74.60453141091658,73.1218487394958,72.1622760800843,71.03526734926052,69.24387646432375,20.435633367662202,19.224789915966387,18.38883034773446,17.5608646188851,15.956336528221513,8.0,11.0,14.0,11.0,18.313290955693933
