,1,1l,1r,1s,2,2l,2r,2s,3,3l,3r,3s,4,4l,4r,4s,id,1_2,1_3,1_4,2_1,2_3,2_4,3_1,3_2,3_4,4_1,4_2,4_3,p1,p2,p3,p4,speed0,speed1,speed2,speed3,speed4,stop0,stop1,stop2,stop3,stop4,time,timeloss0,timeloss1,timeloss2,timeloss3,timeloss4,travel0,travel1,travel2,travel3,travel4,wait0,wait1,wait2,wait3,wait4,rsssssl_rssssll_rsl_rssll_0,rsssssl_rssssll_rsl_rssll_1,rsssssl_rssssll_rsl_rssll_2,rsssssl_rssssll_rsl_rssll_3,performance measure
0,7,1,1,5,7,2,1,4,3,1,1,1,5,2,1,2,rsssssl_rssssll_rsl_rssll,249.0,1307.0,184.0,36.0,606.0,183.0,308.0,134.0,146.0,559.0,608.0,101.0,11.0,14.0,14.0,14.0,8.378852651951064,8.474819346738515,8.246270781433315,8.501920265566737,8.394694638475931,0.8780160857908847,0.8404616429056347,0.9193548387096774,0.8294736842105264,0.8697705802968961,3.8750321865081787,32.41300938337797,29.491595383570935,33.32257392473114,28.905607017543883,30.50223346828609,77.4088471849866,74.48811948404617,78.32862903225806,73.90526315789474,75.47165991902834,23.3357908847185,20.822810590631363,23.920698924731184,20.529824561403508,21.633603238866396,11.0,14.0,14.0,14.0,22.04854564007019
