,1,1l,1r,1s,2,2l,2r,2s,3,3l,3r,3s,4,4l,4r,4s,id,1_2,1_3,1_4,2_1,2_3,2_4,3_1,3_2,3_4,4_1,4_2,4_3,p1,p2,p3,p4,speed0,speed1,speed2,speed3,speed4,stop0,stop1,stop2,stop3,stop4,time,timeloss0,timeloss1,timeloss2,timeloss3,timeloss4,travel0,travel1,travel2,travel3,travel4,wait0,wait1,wait2,wait3,wait4,rslll_rsl_rrslll_rsl_0,rslll_rsl_rrslll_rsl_1,rslll_rsl_rrslll_rsl_2,rslll_rsl_rrslll_rsl_3,performance measure
0,5,3,1,1,3,1,1,1,6,3,2,1,3,1,1,1,rslll_rsl_rrslll_rsl,512.0,64.0,109.0,66.0,194.0,66.0,339.0,131.0,427.0,139.0,294.0,203.0,8.0,11.0,8.0,11.0,8.648394956846165,8.792959788217857,8.71407980323036,8.628817693796027,8.748654158659145,0.9613636363636363,0.8790035587188612,0.909706546275395,0.9406175771971497,0.8967193195625759,2.906724691390991,30.54225000000002,26.54230130486356,28.314458239277656,28.716377672209045,28.210911300121552,75.52613636363637,71.49703440094899,73.3273137697517,73.75771971496437,73.17010935601458,21.045454545454547,18.072360616844602,19.363431151241535,19.69952494061758,19.195625759416767,8.0,11.0,8.0,11.0,19.475279402715007
