,1,1l,1r,1s,2,2l,2r,2s,3,3l,3r,3s,4,4l,4r,4s,id,1_2,1_3,1_4,2_1,2_3,2_4,3_1,3_2,3_4,4_1,4_2,4_3,p1,p2,p3,p4,speed0,speed1,speed2,speed3,speed4,stop0,stop1,stop2,stop3,stop4,time,timeloss0,timeloss1,timeloss2,timeloss3,timeloss4,travel0,travel1,travel2,travel3,travel4,wait0,wait1,wait2,wait3,wait4,rsl_rrsl_rssslll_rssssl_0,rsl_rrsl_rssslll_rssssl_1,rsl_rrsl_rssslll_rssssl_2,rsl_rrsl_rssslll_rssssl_3,performance measure
0,3,1,1,1,4,1,2,1,7,3,1,3,6,1,1,4,rsl_rrsl_rssslll_rssssl,234.0,99.0,133.0,360.0,316.0,224.0,536.0,92.0,187.0,199.0,815.0,303.0,11.0,8.0,14.0,11.0,8.811241628469944,8.959620343013892,9.020821349814593,9.008891422144876,9.036682779574416,0.8421052631578947,0.7779675491033304,0.7852965747702589,0.775089605734767,0.770293609671848,3.307056427001953,27.09917293233081,24.32590093936805,24.33258145363406,24.042786738351246,23.465431778929172,71.86800334168755,69.09137489325363,69.03842940685045,68.75627240143369,68.23056994818653,18.55639097744361,16.345004269854826,16.19799498746867,16.13888888888889,15.594127806563039,11.0,8.0,14.0,11.0,16.566481386043808
