,1,1l,1r,1s,2,2l,2r,2s,3,3l,3r,3s,4,4l,4r,4s,id,1_2,1_3,1_4,2_1,2_3,2_4,3_1,3_2,3_4,4_1,4_2,4_3,p1,p2,p3,p4,speed0,speed1,speed2,speed3,speed4,stop0,stop1,stop2,stop3,stop4,time,timeloss0,timeloss1,timeloss2,timeloss3,timeloss4,travel0,travel1,travel2,travel3,travel4,wait0,wait1,wait2,wait3,wait4,rsssssl_rsl_rrsslll_rsssll_0,rsssssl_rsl_rrsslll_rsssll_1,rsssssl_rsl_rrsslll_rsssll_2,rsssssl_rsl_rrsslll_rsssll_3,performance measure
0,7,1,1,5,3,1,1,1,7,3,2,2,6,2,1,3,rsssssl_rsl_rrsslll_rsssll,278.0,483.0,234.0,38.0,53.0,336.0,665.0,244.0,537.0,121.0,1030.0,40.0,11.0,11.0,5.0,14.0,8.42527523536753,8.65036994721726,8.631120959418011,8.98667119568272,8.884457315022008,0.9674620390455532,0.9012527634487841,0.9176056338028169,0.8207547169811321,0.8250355618776671,4.264521837234497,30.954808387563222,28.127332350773756,28.216816901408404,24.243419811320734,24.66931009957328,75.80115690527838,73.06042741341194,73.20422535211267,69.10849056603773,69.5896159317212,21.259580621836587,19.173176123802506,19.083802816901407,16.04952830188679,16.28520625889047,11.0,11.0,5.0,14.0,18.370258824663555
