,1,1l,1r,1s,2,2l,2r,2s,3,3l,3r,3s,4,4l,4r,4s,id,1_2,1_3,1_4,2_1,2_3,2_4,3_1,3_2,3_4,4_1,4_2,4_3,p1,p2,p3,p4,speed0,speed1,speed2,speed3,speed4,stop0,stop1,stop2,stop3,stop4,time,timeloss0,timeloss1,timeloss2,timeloss3,timeloss4,travel0,travel1,travel2,travel3,travel4,wait0,wait1,wait2,wait3,wait4,rsl_rsl_rsssl_rsl_0,rsl_rsl_rsssl_rsl_1,rsl_rsl_rsssl_rsl_2,rsl_rsl_rsssl_rsl_3,performance measure
0,3,1,1,1,3,1,1,1,5,1,1,3,3,1,1,1,rsl_rsl_rsssl_rsl,40.0,329.0,54.0,122.0,238.0,84.0,670.0,109.0,48.0,206.0,202.0,294.0,5.0,11.0,11.0,8.0,9.314030893260737,9.126746924350213,8.778457426144813,9.19101690373991,8.717482902271831,0.772782503037667,0.807551766138855,0.9429611650485437,0.806282722513089,1.0175,2.836257219314575,20.752539489671918,22.924713763702773,27.017038834951443,22.21318062827227,30.293100000000017,65.76306196840827,67.91717417783191,72.02063106796116,67.16230366492147,75.295,12.69501822600243,14.830694275274055,17.387135922330096,14.00392670157068,20.2025,5.0,11.0,11.0,8.0,15.823855025035453
