,1,1l,1r,1s,2,2l,2r,2s,3,3l,3r,3s,4,4l,4r,4s,id,1_2,1_3,1_4,2_1,2_3,2_4,3_1,3_2,3_4,4_1,4_2,4_3,p1,p2,p3,p4,speed0,speed1,speed2,speed3,speed4,stop0,stop1,stop2,stop3,stop4,time,timeloss0,timeloss1,timeloss2,timeloss3,timeloss4,travel0,travel1,travel2,travel3,travel4,wait0,wait1,wait2,wait3,wait4,rsl_rrsll_rsl_rslll_0,rsl_rrsll_rsl_rslll_1,rsl_rrsll_rsl_rslll_2,rsl_rrsll_rsl_rslll_3,performance measure
0,3,1,1,1,5,2,2,1,3,1,1,1,5,3,1,1,rsl_rrsll_rsl_rslll,320.0,129.0,300.0,302.0,371.0,310.0,342.0,211.0,43.0,747.0,249.0,260.0,18.0,18.0,14.0,18.0,7.9680661366755405,8.148912747082766,7.94621238471172,8.235138012016609,8.28914607926398,0.8519710378117458,0.8132578819725141,0.8619582664526485,0.7989949748743719,0.7733990147783252,3.3324623107910156,36.25547868061149,33.82156022635406,36.83154093097914,32.74464824120603,32.08091133004921,81.17940466613032,78.76071139854487,81.70947030497592,77.65996649916248,76.99178981937602,26.847948511665326,24.842360549717057,27.613162118780096,23.959798994974875,23.539408866995075,18.0,18.0,14.0,18.0,25.360535808426484
