,1,1l,1r,1s,2,2l,2r,2s,3,3l,3r,3s,4,4l,4r,4s,id,1_2,1_3,1_4,2_1,2_3,2_4,3_1,3_2,3_4,4_1,4_2,4_3,p1,p2,p3,p4,speed0,speed1,speed2,speed3,speed4,stop0,stop1,stop2,stop3,stop4,time,timeloss0,timeloss1,timeloss2,timeloss3,timeloss4,travel0,travel1,travel2,travel3,travel4,wait0,wait1,wait2,wait3,wait4,rssslll_rssll_rsssl_rrssl_0,rssslll_rssll_rsssl_rrssl_1,rssslll_rssll_rsssl_rrssl_2,rssslll_rssll_rsssl_rrssl_3,performance measure
0,7,3,1,3,5,2,1,2,5,1,1,3,5,1,2,2,rssslll_rssll_rsssl_rrssl,773.0,457.0,137.0,218.0,635.0,673.0,564.0,89.0,323.0,289.0,490.0,288.0,14.0,8.0,14.0,14.0,8.276145653809724,8.512989396439412,8.271912911843065,8.390950509028857,8.54359273636215,0.9022329511164756,0.8469750889679716,0.9136732329084588,0.8978056426332288,0.8428657435279951,4.312496185302734,31.66975256487631,28.811785290628684,31.732427578215535,31.254984326018807,28.335972305839814,76.6113458056729,73.72835112692763,76.68945538818076,76.21253918495297,73.25406381697772,22.628243814121905,20.248517200474495,22.69640787949015,22.12037617554859,19.794701986754966,14.0,8.0,14.0,14.0,21.49764941127802
