,1,1l,1r,1s,2,2l,2r,2s,3,3l,3r,3s,4,4l,4r,4s,id,1_2,1_3,1_4,2_1,2_3,2_4,3_1,3_2,3_4,4_1,4_2,4_3,p1,p2,p3,p4,speed0,speed1,speed2,speed3,speed4,stop0,stop1,stop2,stop3,stop4,time,timeloss0,timeloss1,timeloss2,timeloss3,timeloss4,travel0,travel1,travel2,travel3,travel4,wait0,wait1,wait2,wait3,wait4,rssslll_rssll_rsssl_rrssl_0,rssslll_rssll_rsssl_rrssl_1,rssslll_rssll_rsssl_rrssl_2,rssslll_rssll_rsssl_rrssl_3,performance measure
0,7,3,1,3,5,2,1,2,5,1,1,3,5,1,2,2,rssslll_rssll_rsssl_rrssl,806.0,206.0,172.0,194.0,468.0,107.0,1041.0,92.0,61.0,313.0,355.0,319.0,11.0,14.0,14.0,8.0,8.79882963996106,8.380197427176716,8.447667167721633,8.891724399705739,8.874832364004384,0.8043636363636364,0.8986013986013986,0.871994342291372,0.7804878048780488,0.7887740029542097,3.8504273891448975,25.756356363636392,30.487503496503464,29.728429985855765,24.939896526237984,25.150797636632237,70.57745454545454,75.36153846153846,74.58415841584159,69.71322985957133,69.99187592319055,17.568,21.5986013986014,20.924328147100425,16.988174427198818,17.112998522895126,11.0,14.0,14.0,8.0,18.838420499159152
