,1,1l,1r,1s,2,2l,2r,2s,3,3l,3r,3s,4,4l,4r,4s,id,1_2,1_3,1_4,2_1,2_3,2_4,3_1,3_2,3_4,4_1,4_2,4_3,p1,p2,p3,p4,speed0,speed1,speed2,speed3,speed4,stop0,stop1,stop2,stop3,stop4,time,timeloss0,timeloss1,timeloss2,timeloss3,timeloss4,travel0,travel1,travel2,travel3,travel4,wait0,wait1,wait2,wait3,wait4,rsl_rsl_rsssl_rsl_0,rsl_rsl_rsssl_rsl_1,rsl_rsl_rsssl_rsl_2,rsl_rsl_rsssl_rsl_3,performance measure
0,3,1,1,1,3,1,1,1,5,1,1,3,3,1,1,1,rsl_rsl_rsssl_rsl,93.0,237.0,85.0,116.0,185.0,44.0,383.0,309.0,236.0,222.0,216.0,189.0,11.0,11.0,11.0,8.0,9.04714877610861,8.845426373977956,8.818310330061523,9.20140432218252,8.877934106494045,0.7896039603960396,0.8767833981841764,0.8555276381909548,0.7448186528497409,0.8648648648648649,2.7964611053466797,23.683985148514864,27.76042801556421,26.664773869346714,22.361217616580287,28.161171171171176,68.65470297029702,72.68352788586252,71.61306532663316,67.23186528497409,73.06435006435007,15.693069306930694,19.06485084306096,18.06281407035176,14.571243523316062,19.494208494208493,11.0,11.0,11.0,8.0,17.377237247573593
