,1,1l,1r,1s,2,2l,2r,2s,3,3l,3r,3s,4,4l,4r,4s,id,1_2,1_3,1_4,2_1,2_3,2_4,3_1,3_2,3_4,4_1,4_2,4_3,p1,p2,p3,p4,speed0,speed1,speed2,speed3,speed4,stop0,stop1,stop2,stop3,stop4,time,timeloss0,timeloss1,timeloss2,timeloss3,timeloss4,travel0,travel1,travel2,travel3,travel4,wait0,wait1,wait2,wait3,wait4,rssslll_rssll_rsssl_rrssl_0,rssslll_rssll_rsssl_rrssl_1,rssslll_rssll_rsssl_rrssl_2,rssslll_rssll_rsssl_rrssl_3,performance measure
0,7,3,1,3,5,2,1,2,5,1,1,3,5,1,2,2,rssslll_rssll_rsssl_rrssl,283.0,558.0,278.0,108.0,629.0,359.0,129.0,278.0,198.0,174.0,293.0,98.0,8.0,8.0,11.0,8.0,9.297322055026884,9.345736281977336,9.229610668642977,9.376379433280318,9.19197074686946,0.776732249786142,0.7700440528634361,0.7908552074513124,0.7640977443609023,0.8005071851225697,3.046527147293091,21.255372112917044,20.852977973568297,21.845791701947526,20.822810150375947,22.087024513947537,65.972626176219,65.54361233480176,66.5969517358171,65.51503759398496,66.75655114116653,13.450812660393499,13.297797356828195,13.96359017781541,13.198308270676693,14.162299239222316,8.0,8.0,11.0,8.0,13.614561540987221
