,1,1l,1r,1s,2,2l,2r,2s,3,3l,3r,3s,4,4l,4r,4s,id,1_2,1_3,1_4,2_1,2_3,2_4,3_1,3_2,3_4,4_1,4_2,4_3,p1,p2,p3,p4,speed0,speed1,speed2,speed3,speed4,stop0,stop1,stop2,stop3,stop4,time,timeloss0,timeloss1,timeloss2,timeloss3,timeloss4,travel0,travel1,travel2,travel3,travel4,wait0,wait1,wait2,wait3,wait4,rssll_rrsl_rsssl_rrsl_0,rssll_rrsl_rsssl_rrsl_1,rssll_rrsl_rsssl_rrsl_2,rssll_rrsl_rsssl_rrsl_3,performance measure
0,5,2,1,2,4,1,2,1,5,1,1,3,4,1,2,1,rssll_rrsl_rsssl_rrsl,141.0,708.0,300.0,645.0,36.0,246.0,768.0,122.0,241.0,143.0,103.0,253.0,11.0,14.0,8.0,11.0,9.203922429262201,9.304685433934592,9.135274045341623,9.221748198739672,9.210176626888341,0.7615324472243941,0.7190016103059581,0.755054432348367,0.7502145922746781,0.7348066298342542,3.6866250038146973,23.734722439405754,21.905877616747198,22.810178849144613,22.65431759656655,22.222683504340964,68.41673182173574,66.60789049919485,67.5085536547434,67.35364806866953,66.89344909234411,15.642689601250977,14.115942028985508,14.901244167962675,14.816309012875536,14.35674822415154,11.0,14.0,8.0,11.0,14.766586607045246
