,1,1l,1r,1s,2,2l,2r,2s,3,3l,3r,3s,4,4l,4r,4s,id,1_2,1_3,1_4,2_1,2_3,2_4,3_1,3_2,3_4,4_1,4_2,4_3,p1,p2,p3,p4,speed0,speed1,speed2,speed3,speed4,stop0,stop1,stop2,stop3,stop4,time,timeloss0,timeloss1,timeloss2,timeloss3,timeloss4,travel0,travel1,travel2,travel3,travel4,wait0,wait1,wait2,wait3,wait4,rsl_rssslll_rrsssl_rsslll_0,rsl_rssslll_rrsssl_rsslll_1,rsl_rssslll_rrsssl_rsslll_2,rsl_rssslll_rrsssl_rsslll_3,performance measure
0,3,1,1,1,7,3,1,3,6,1,2,3,6,3,1,2,rsl_rssslll_rrsssl_rsslll,184.0,131.0,81.0,249.0,459.0,847.0,128.0,118.0,206.0,573.0,556.0,87.0,8.0,5.0,8.0,11.0,9.321190374097371,9.481410538743498,9.276345796488336,9.391604421296345,9.279546759718581,0.8122923588039868,0.758340113913751,0.8466403162055336,0.7986520640269588,0.8073770491803278,3.0996408462524414,21.196104651162802,19.704076484947127,23.216347826086967,20.806529064869395,21.50931147540983,65.984219269103,64.5126118795769,68.01185770750988,65.64026958719461,66.28934426229509,13.38953488372093,12.19039869812856,14.863241106719368,13.005897219882055,13.639344262295081,8.0,5.0,8.0,11.0,13.4176832341492
