,1,1l,1r,1s,2,2l,2r,2s,3,3l,3r,3s,4,4l,4r,4s,id,1_2,1_3,1_4,2_1,2_3,2_4,3_1,3_2,3_4,4_1,4_2,4_3,p1,p2,p3,p4,speed0,speed1,speed2,speed3,speed4,stop0,stop1,stop2,stop3,stop4,time,timeloss0,timeloss1,timeloss2,timeloss3,timeloss4,travel0,travel1,travel2,travel3,travel4,wait0,wait1,wait2,wait3,wait4,rsl_rrsll_rsl_rslll_0,rsl_rrsll_rsl_rslll_1,rsl_rrsll_rsl_rslll_2,rsl_rrsll_rsl_rslll_3,performance measure
0,3,1,1,1,5,2,2,1,3,1,1,1,5,3,1,1,rsl_rrsll_rsl_rslll,59.0,192.0,207.0,393.0,360.0,251.0,314.0,115.0,132.0,300.0,87.0,253.0,5.0,11.0,8.0,11.0,9.068886138312074,9.245719156612276,9.283521224146105,9.140590428158522,9.37588601251185,0.887940234791889,0.7841409691629956,0.8095238095238095,0.8312428734321551,0.7644444444444445,2.6217634677886963,26.093874066168645,22.105517621145392,22.011523809523812,23.735929304446945,20.84605555555556,70.93810032017076,66.95925110132158,66.87301587301587,68.55872291904218,65.71444444444444,17.32017075773746,14.21806167400881,13.897354497354497,15.535917901938426,13.081111111111111,5.0,11.0,8.0,11.0,14.810523188430063
