,1,1l,1r,1s,2,2l,2r,2s,3,3l,3r,3s,4,4l,4r,4s,id,1_2,1_3,1_4,2_1,2_3,2_4,3_1,3_2,3_4,4_1,4_2,4_3,p1,p2,p3,p4,speed0,speed1,speed2,speed3,speed4,stop0,stop1,stop2,stop3,stop4,time,timeloss0,timeloss1,timeloss2,timeloss3,timeloss4,travel0,travel1,travel2,travel3,travel4,wait0,wait1,wait2,wait3,wait4,rsl_rsl_rsl_rrssll_0,rsl_rsl_rsl_rrssll_1,rsl_rsl_rsl_rrssll_2,rsl_rsl_rsl_rrssll_3,performance measure
0,3,1,1,1,3,1,1,1,3,1,1,1,6,2,2,2,rsl_rsl_rsl_rrssll,106.0,131.0,44.0,64.0,196.0,291.0,97.0,65.0,281.0,536.0,455.0,297.0,14.0,8.0,14.0,14.0,8.562453862488862,8.763314216497916,8.79455189485753,8.77857950672291,8.627791986699727,0.8667413213885778,0.8022857142857143,0.7879440258342304,0.8082026537997588,0.847045191193511,2.8919193744659424,30.161243001119804,26.006457142857144,26.28262648008609,26.63355850422194,28.164507531865617,75.22956326987682,71.09257142857143,71.43057050592034,71.69119420989144,73.23290845886443,21.349384098544235,17.89142857142857,18.246501614639396,18.498190591073584,19.6558516801854,14.0,8.0,14.0,14.0,19.128271311174235
