,1,1l,1r,1s,2,2l,2r,2s,3,3l,3r,3s,4,4l,4r,4s,id,1_2,1_3,1_4,2_1,2_3,2_4,3_1,3_2,3_4,4_1,4_2,4_3,p1,p2,p3,p4,speed0,speed1,speed2,speed3,speed4,stop0,stop1,stop2,stop3,stop4,time,timeloss0,timeloss1,timeloss2,timeloss3,timeloss4,travel0,travel1,travel2,travel3,travel4,wait0,wait1,wait2,wait3,wait4,rrsll_rssl_rsssll_rsl_0,rrsll_rssl_rsssll_rsl_1,rrsll_rssl_rsssll_rsl_2,rrsll_rssl_rsssll_rsl_3,performance measure
0,5,2,2,1,4,1,1,2,6,2,1,3,3,1,1,1,rrsll_rssl_rsssll_rsl,349.0,302.0,515.0,275.0,162.0,300.0,247.0,249.0,464.0,40.0,200.0,118.0,11.0,11.0,8.0,8.0,9.337636434577107,9.264422005082054,9.163892283318175,9.367068664101497,9.097518315416057,0.7502238137869293,0.7889400921658987,0.7778738115816768,0.7316841103710752,0.8425339366515837,3.182429075241089,21.31222023276634,22.235668202764966,22.59980121002591,21.013330161750737,25.94139366515835,66.00716204118174,66.91705069124424,67.28781331028522,65.7174119885823,70.63076923076923,13.523724261414504,14.294930875576037,14.624027657735523,13.414843006660323,17.31764705882353,11.0,11.0,8.0,8.0,14.635034572041983
