,1,1l,1r,1s,2,2l,2r,2s,3,3l,3r,3s,4,4l,4r,4s,id,1_2,1_3,1_4,2_1,2_3,2_4,3_1,3_2,3_4,4_1,4_2,4_3,p1,p2,p3,p4,speed0,speed1,speed2,speed3,speed4,stop0,stop1,stop2,stop3,stop4,time,timeloss0,timeloss1,timeloss2,timeloss3,timeloss4,travel0,travel1,travel2,travel3,travel4,wait0,wait1,wait2,wait3,wait4,rssl_rrsslll_rsl_rrsll_0,rssl_rrsslll_rsl_rrsll_1,rssl_rrsslll_rsl_rrsll_2,rssl_rrsslll_rsl_rrsll_3,performance measure
0,4,1,1,2,7,3,2,2,3,1,1,1,5,2,2,1,rssl_rrsslll_rsl_rrsll,61.0,313.0,236.0,470.0,166.0,303.0,66.0,174.0,78.0,177.0,119.0,564.0,8.0,8.0,5.0,8.0,10.06019380638566,9.900382887191451,9.98090012026799,10.07354600959523,10.003479308295528,0.6300403225806451,0.6706521739130434,0.6501057082452432,0.6237288135593221,0.6398305084745762,2.7841484546661377,14.983377016129019,16.168358695652177,15.719291754756856,14.879819209039539,15.385338983050831,59.43850806451613,60.62826086956522,60.1892177589852,59.29265536723164,59.85275423728814,8.19858870967742,9.177173913043479,8.774841437632135,8.206779661016949,8.490466101694915,8.0,8.0,5.0,8.0,8.56956996461298
