,1,1l,1r,1s,2,2l,2r,2s,3,3l,3r,3s,4,4l,4r,4s,id,1_2,1_3,1_4,2_1,2_3,2_4,3_1,3_2,3_4,4_1,4_2,4_3,p1,p2,p3,p4,speed0,speed1,speed2,speed3,speed4,stop0,stop1,stop2,stop3,stop4,time,timeloss0,timeloss1,timeloss2,timeloss3,timeloss4,travel0,travel1,travel2,travel3,travel4,wait0,wait1,wait2,wait3,wait4,rsl_rsssll_rrssl_rrsslll_0,rsl_rsssll_rrssl_rrsslll_1,rsl_rsssll_rrssl_rrsslll_2,rsl_rsssll_rrssl_rrsslll_3,performance measure
0,3,1,1,1,6,2,1,3,5,1,2,2,7,3,2,2,rsl_rsssll_rrssl_rrsslll,131.0,40.0,121.0,151.0,511.0,1027.0,109.0,576.0,129.0,250.0,177.0,371.0,5.0,5.0,8.0,11.0,9.475143754553587,9.746080516081873,9.59539363851797,9.433433923437427,9.727657754347966,0.8226324237560193,0.7287716405605935,0.7686688311688312,0.8088962108731467,0.7280334728033473,3.4554014205932617,21.470818619582666,17.832753503709775,19.383977272727254,20.377710049423417,17.938510460251052,65.96468699839487,62.345424567188786,63.888798701298704,64.8846787479407,62.42426778242678,13.376404494382022,10.467436108821104,11.614448051948052,12.362438220757825,10.477824267782427,5.0,5.0,8.0,11.0,11.659710228738286
