,1,1l,1r,1s,2,2l,2r,2s,3,3l,3r,3s,4,4l,4r,4s,id,1_2,1_3,1_4,2_1,2_3,2_4,3_1,3_2,3_4,4_1,4_2,4_3,p1,p2,p3,p4,speed0,speed1,speed2,speed3,speed4,stop0,stop1,stop2,stop3,stop4,time,timeloss0,timeloss1,timeloss2,timeloss3,timeloss4,travel0,travel1,travel2,travel3,travel4,wait0,wait1,wait2,wait3,wait4,rsl_rrsl_rssslll_rssssl_0,rsl_rrsl_rssslll_rssssl_1,rsl_rrsl_rssslll_rssssl_2,rsl_rrsl_rssslll_rssssl_3,performance measure
0,3,1,1,1,4,1,2,1,7,3,1,3,6,1,1,4,rsl_rrsl_rssslll_rssssl,318.0,52.0,64.0,556.0,241.0,83.0,317.0,317.0,541.0,48.0,1166.0,84.0,11.0,5.0,8.0,11.0,9.25737364908565,9.141094000129183,8.919606863018055,9.219312502562381,9.405684002589265,0.8075412411626081,0.8356275303643724,0.9453592814371258,0.855166802278275,0.7628617363344051,3.2889509201049805,21.89650432050271,23.654931174089082,27.08601047904185,24.49562245728235,20.688834405144696,66.55695208169678,68.32388663967612,71.74101796407186,69.10903173311635,65.31752411575563,13.755695208169678,15.25425101214575,17.5501497005988,15.771358828315703,12.891479099678456,11.0,5.0,8.0,11.0,15.044586769781677
