,1,1l,1r,1s,2,2l,2r,2s,3,3l,3r,3s,4,4l,4r,4s,id,1_2,1_3,1_4,2_1,2_3,2_4,3_1,3_2,3_4,4_1,4_2,4_3,p1,p2,p3,p4,speed0,speed1,speed2,speed3,speed4,stop0,stop1,stop2,stop3,stop4,time,timeloss0,timeloss1,timeloss2,timeloss3,timeloss4,travel0,travel1,travel2,travel3,travel4,wait0,wait1,wait2,wait3,wait4,rssslll_rrsssl_rsssssl_rsl_0,rssslll_rrsssl_rsssssl_rsl_1,rssslll_rrsssl_rsssssl_rsl_2,rssslll_rrsssl_rsssssl_rsl_3,performance measure
0,7,3,1,3,6,1,2,3,7,1,1,5,3,1,1,1,rssslll_rrsssl_rsssssl_rsl,313.0,165.0,221.0,215.0,212.0,651.0,367.0,261.0,44.0,111.0,130.0,231.0,5.0,5.0,8.0,8.0,9.777202195126762,9.768073115211259,9.760708281134237,9.691979831499589,9.801510794843953,0.6988188976377953,0.7162837162837162,0.7277131782945736,0.7559709241952233,0.7096446700507614,3.1145358085632324,17.013710629921242,17.14711288711288,17.20151162790696,18.13085150571132,16.766121827411165,61.60236220472441,61.701298701298704,61.748062015503876,62.714434060228456,61.25989847715736,9.741141732283465,9.94905094905095,9.848837209302326,10.739356178608515,9.559390862944163,5.0,5.0,8.0,8.0,9.967555386437883
