,1,1l,1r,1s,2,2l,2r,2s,3,3l,3r,3s,4,4l,4r,4s,id,1_2,1_3,1_4,2_1,2_3,2_4,3_1,3_2,3_4,4_1,4_2,4_3,p1,p2,p3,p4,speed0,speed1,speed2,speed3,speed4,stop0,stop1,stop2,stop3,stop4,time,timeloss0,timeloss1,timeloss2,timeloss3,timeloss4,travel0,travel1,travel2,travel3,travel4,wait0,wait1,wait2,wait3,wait4,rssll_rrssl_rssslll_rrssll_0,rssll_rrssl_rssslll_rrssll_1,rssll_rrssl_rssslll_rrssll_2,rssll_rrssl_rssslll_rrssll_3,performance measure
0,5,2,1,2,5,1,2,2,7,3,1,3,6,2,2,2,rssll_rrssl_rssslll_rrssll,276.0,626.0,314.0,499.0,279.0,668.0,1070.0,233.0,341.0,340.0,572.0,306.0,8.0,14.0,11.0,14.0,8.931250283077212,8.757887973329657,8.838598090043762,8.807233888819448,8.945568006876973,0.779826464208243,0.813641245972073,0.7993779160186625,0.8345403899721449,0.7765089722675367,4.543539524078369,24.559680043383953,26.070365198711077,26.04755313634006,27.533420612813313,24.612414355628044,69.22396963123644,70.78088077336197,70.71124935199585,72.2033426183844,69.24306688417619,16.494034707158352,17.674543501611172,17.745463970969414,18.825626740947076,16.424143556280587,8.0,14.0,11.0,14.0,17.43276249539332
