,1,1l,1r,1s,2,2l,2r,2s,3,3l,3r,3s,4,4l,4r,4s,id,1_2,1_3,1_4,2_1,2_3,2_4,3_1,3_2,3_4,4_1,4_2,4_3,p1,p2,p3,p4,speed0,speed1,speed2,speed3,speed4,stop0,stop1,stop2,stop3,stop4,time,timeloss0,timeloss1,timeloss2,timeloss3,timeloss4,travel0,travel1,travel2,travel3,travel4,wait0,wait1,wait2,wait3,wait4,rssslll_rssll_rsssl_rrssl_0,rssslll_rssll_rsssl_rrssl_1,rssslll_rssll_rsssl_rrssl_2,rssslll_rssll_rsssl_rrssl_3,performance measure
0,7,3,1,3,5,2,1,2,5,1,1,3,5,1,2,2,rssslll_rssll_rsssl_rrssl,794.0,1067.0,276.0,295.0,309.0,398.0,1037.0,289.0,289.0,318.0,175.0,592.0,11.0,14.0,11.0,8.0,8.667623544315203,8.637487310193174,8.390724585971999,8.759934136532275,8.69788302609944,0.8753753753753754,0.9189463019250254,0.9731237322515213,0.8652219873150105,0.8740320082601962,4.7407591342926025,28.6822072072072,30.24656028368794,32.659487829614605,27.943609936575097,28.251109963861616,73.37587587587588,74.93363728470112,77.38539553752535,72.62367864693447,72.87454827052143,19.57807807807808,20.674772036474163,22.732251521298174,18.916490486257928,19.29891584925142,11.0,14.0,11.0,8.0,20.240101594271955
