,1,1l,1r,1s,2,2l,2r,2s,3,3l,3r,3s,4,4l,4r,4s,id,1_2,1_3,1_4,2_1,2_3,2_4,3_1,3_2,3_4,4_1,4_2,4_3,p1,p2,p3,p4,speed0,speed1,speed2,speed3,speed4,stop0,stop1,stop2,stop3,stop4,time,timeloss0,timeloss1,timeloss2,timeloss3,timeloss4,travel0,travel1,travel2,travel3,travel4,wait0,wait1,wait2,wait3,wait4,rsssssl_rsl_rrsslll_rsssll_0,rsssssl_rsl_rrsslll_rsssll_1,rsssssl_rsl_rrsslll_rsssll_2,rsssssl_rsl_rrsslll_rsssll_3,performance measure
0,7,1,1,5,3,1,1,1,7,3,2,2,6,2,1,3,rsssssl_rsl_rrsslll_rsssll,181.0,1245.0,113.0,137.0,293.0,51.0,297.0,529.0,491.0,400.0,964.0,302.0,8.0,11.0,11.0,11.0,8.998202469704978,8.7331158653736,8.718571789926363,8.940548759492687,8.88312480477472,0.8131283264340626,0.8469326980345444,0.8676039835969537,0.8218673218673219,0.8219584569732937,4.28820538520813,24.686008279124795,26.650565812983913,26.76625659050971,24.95636363636359,24.834973293768606,69.40922531046718,71.40500297796308,71.51845342706503,69.67383292383292,69.55014836795252,16.42400946185689,18.182846932698034,18.065612185120095,16.63882063882064,16.58278931750742,8.0,11.0,11.0,11.0,17.178815707200616
