,1,1l,1r,1s,2,2l,2r,2s,3,3l,3r,3s,4,4l,4r,4s,id,1_2,1_3,1_4,2_1,2_3,2_4,3_1,3_2,3_4,4_1,4_2,4_3,p1,p2,p3,p4,speed0,speed1,speed2,speed3,speed4,stop0,stop1,stop2,stop3,stop4,time,timeloss0,timeloss1,timeloss2,timeloss3,timeloss4,travel0,travel1,travel2,travel3,travel4,wait0,wait1,wait2,wait3,wait4,rrsssll_rsl_rsl_rrsll_0,rrsssll_rsl_rsl_rrsll_1,rrsssll_rsl_rsl_rrsll_2,rrsssll_rsl_rsl_rrsll_3,performance measure
0,7,2,2,3,3,1,1,1,3,1,1,1,5,2,2,1,rrsssll_rsl_rsl_rrsll,523.0,819.0,629.0,105.0,63.0,170.0,230.0,308.0,324.0,249.0,101.0,515.0,14.0,11.0,8.0,8.0,8.964521911745768,9.323445831701534,8.9801382731913,9.420153833420795,9.308957839157806,0.8333333333333334,0.7092511013215859,0.7929328621908127,0.718562874251497,0.7047128129602357,3.7826087474823,25.471441631504923,21.01653450807637,23.97235335689047,20.36059880239522,21.144388807069237,70.13994374120956,65.68722466960352,68.686925795053,64.94985029940119,65.75257731958763,16.79465541490858,13.320851688693098,15.550530035335688,12.72679640718563,13.55081001472754,14.0,11.0,8.0,8.0,14.38872871217011
