,1,1l,1r,1s,2,2l,2r,2s,3,3l,3r,3s,4,4l,4r,4s,id,1_2,1_3,1_4,2_1,2_3,2_4,3_1,3_2,3_4,4_1,4_2,4_3,p1,p2,p3,p4,speed0,speed1,speed2,speed3,speed4,stop0,stop1,stop2,stop3,stop4,time,timeloss0,timeloss1,timeloss2,timeloss3,timeloss4,travel0,travel1,travel2,travel3,travel4,wait0,wait1,wait2,wait3,wait4,rrsll_rssl_rsssll_rsl_0,rrsll_rssl_rsssll_rsl_1,rrsll_rssl_rsssll_rsl_2,rrsll_rssl_rsssll_rsl_3,performance measure
0,5,2,2,1,4,1,1,2,6,2,1,3,3,1,1,1,rrsll_rssl_rsssll_rsl,444.0,311.0,220.0,140.0,87.0,434.0,1019.0,237.0,279.0,111.0,194.0,263.0,8.0,11.0,5.0,8.0,9.269719479902733,9.091474613445273,8.980639695520177,9.26895246623012,9.141002114160077,0.7972136222910217,0.8359375,0.9144838212634823,0.7995090016366612,0.8564742589703588,3.5788183212280273,21.33780185758513,22.89657812500002,24.865046224961446,21.182111292962357,23.501606864274574,66.21594427244582,67.74140625,69.73574730354392,66.04173486088379,68.33853354134165,13.392414860681114,14.64453125,16.050077041602464,13.110474631751227,14.978159126365055,8.0,11.0,5.0,8.0,14.435131382079973
