,1,1l,1r,1s,2,2l,2r,2s,3,3l,3r,3s,4,4l,4r,4s,id,1_2,1_3,1_4,2_1,2_3,2_4,3_1,3_2,3_4,4_1,4_2,4_3,p1,p2,p3,p4,speed0,speed1,speed2,speed3,speed4,stop0,stop1,stop2,stop3,stop4,time,timeloss0,timeloss1,timeloss2,timeloss3,timeloss4,travel0,travel1,travel2,travel3,travel4,wait0,wait1,wait2,wait3,wait4,rrsslll_rrsll_rsssl_rrsslll_0,rrsslll_rrsll_rsssl_rrsslll_1,rrsslll_rrsll_rsssl_rrsslll_2,rrsslll_rrsll_rsssl_rrsslll_3,performance measure
0,7,3,2,2,5,2,2,1,5,1,1,3,7,3,2,2,rrsslll_rrsll_rsssl_rrsslll,166.0,261.0,170.0,475.0,280.0,329.0,400.0,310.0,48.0,578.0,436.0,592.0,5.0,8.0,8.0,11.0,9.430804083720304,9.600360396818902,9.654645624419356,9.748860225831445,9.633198145898117,0.7928057553956834,0.7229437229437229,0.7140825035561877,0.6982693754702785,0.7277448071216617,3.530532121658325,20.660338129496438,18.536544011544,18.511941678520646,17.406478555304773,18.701780415430253,65.03669064748202,62.923520923520925,62.97439544807966,61.7163280662152,63.074183976261125,12.544604316546762,11.163059163059163,11.029871977240399,10.159518434913469,11.17433234421365,5.0,8.0,8.0,11.0,11.21427724719469
