,1,1l,1r,1s,2,2l,2r,2s,3,3l,3r,3s,4,4l,4r,4s,id,1_2,1_3,1_4,2_1,2_3,2_4,3_1,3_2,3_4,4_1,4_2,4_3,p1,p2,p3,p4,speed0,speed1,speed2,speed3,speed4,stop0,stop1,stop2,stop3,stop4,time,timeloss0,timeloss1,timeloss2,timeloss3,timeloss4,travel0,travel1,travel2,travel3,travel4,wait0,wait1,wait2,wait3,wait4,rsl_rsssll_rrssl_rrsslll_0,rsl_rsssll_rrssl_rrsslll_1,rsl_rsssll_rrssl_rrsslll_2,rsl_rsssll_rrssl_rrsslll_3,performance measure
0,3,1,1,1,6,2,1,3,5,1,2,2,7,3,2,2,rsl_rsssll_rrssl_rrsslll,272.0,332.0,189.0,190.0,339.0,867.0,469.0,614.0,114.0,685.0,440.0,168.0,11.0,14.0,11.0,11.0,8.524337659425697,8.626707363620538,8.572883332576424,8.473324106419842,8.677426935179387,0.8800513149454778,0.8349267049075845,0.8672403196066379,0.895445798588839,0.8195153061224489,4.068120241165161,29.254830019243098,27.369515615041355,29.468610940381073,30.704194996792815,26.967110969387768,74.00256574727389,72.17654557042702,74.2519975414874,75.46696600384863,71.75701530612245,20.42334830019243,18.938814531548758,20.534726490473265,21.638871071199485,18.566964285714285,11.0,14.0,11.0,11.0,20.020544935825644
