,1,1l,1r,1s,2,2l,2r,2s,3,3l,3r,3s,4,4l,4r,4s,id,1_2,1_3,1_4,2_1,2_3,2_4,3_1,3_2,3_4,4_1,4_2,4_3,p1,p2,p3,p4,speed0,speed1,speed2,speed3,speed4,stop0,stop1,stop2,stop3,stop4,time,timeloss0,timeloss1,timeloss2,timeloss3,timeloss4,travel0,travel1,travel2,travel3,travel4,wait0,wait1,wait2,wait3,wait4,rsll_rsl_rssslll_rrsssll_0,rsll_rsl_rssslll_rrsssll_1,rsll_rsl_rssslll_rrsssll_2,rsll_rsl_rssslll_rrsssll_3,performance measure
0,4,2,1,1,3,1,1,1,7,3,1,3,7,2,2,3,rsll_rsl_rssslll_rrsssll,470.0,319.0,190.0,322.0,269.0,275.0,233.0,168.0,794.0,329.0,167.0,491.0,14.0,14.0,11.0,11.0,8.663893108703265,8.612283086369668,8.505208536120588,8.665143122652799,8.55941896872045,0.9075691411935953,0.8425787106446777,0.8685874912157414,0.8829305135951662,0.888481291269259,3.5035154819488525,32.38263464337698,29.206064467766144,30.086120871398492,31.516941087613343,31.143719735876704,77.03930131004367,73.84632683658171,74.78566408995081,76.10574018126889,75.81291269258988,22.75618631732169,20.491004497751124,21.0049191848208,22.257552870090635,21.954512105649304,14.0,14.0,11.0,11.0,21.69283499512671
