,1,1l,1r,1s,2,2l,2r,2s,3,3l,3r,3s,4,4l,4r,4s,id,1_2,1_3,1_4,2_1,2_3,2_4,3_1,3_2,3_4,4_1,4_2,4_3,p1,p2,p3,p4,speed0,speed1,speed2,speed3,speed4,stop0,stop1,stop2,stop3,stop4,time,timeloss0,timeloss1,timeloss2,timeloss3,timeloss4,travel0,travel1,travel2,travel3,travel4,wait0,wait1,wait2,wait3,wait4,rssslll_rrsssl_rsssssl_rsl_0,rssslll_rrsssl_rsssssl_rsl_1,rssslll_rrsssl_rsssssl_rsl_2,rssslll_rrsssl_rsssssl_rsl_3,performance measure
0,7,3,1,3,6,1,2,3,7,1,1,5,3,1,1,1,rssslll_rrsssl_rsssssl_rsl,183.0,298.0,260.0,490.0,149.0,628.0,1699.0,141.0,89.0,57.0,75.0,172.0,5.0,11.0,8.0,8.0,9.554091013923117,9.372218373299933,9.602440900110803,9.54824971850186,9.606168597910047,0.7364341085271318,0.7762237762237763,0.7266576454668471,0.7298850574712644,0.7251217814892137,3.739964246749878,18.729809725158578,20.058363636363616,18.441346414073074,18.69781609195406,18.378336812804424,63.42353770260747,64.76363636363637,63.14208389715832,63.377155172413794,63.06471816283925,11.190274841437633,12.206293706293707,10.882949932341,11.09985632183908,10.769659011830202,5.0,11.0,8.0,8.0,11.229806762748325
