,1,1l,1r,1s,2,2l,2r,2s,3,3l,3r,3s,4,4l,4r,4s,id,1_2,1_3,1_4,2_1,2_3,2_4,3_1,3_2,3_4,4_1,4_2,4_3,p1,p2,p3,p4,speed0,speed1,speed2,speed3,speed4,stop0,stop1,stop2,stop3,stop4,time,timeloss0,timeloss1,timeloss2,timeloss3,timeloss4,travel0,travel1,travel2,travel3,travel4,wait0,wait1,wait2,wait3,wait4,rsssssl_rsl_rrsslll_rsssll_0,rsssssl_rsl_rrsslll_rsssll_1,rsssssl_rsl_rrsslll_rsssll_2,rsssssl_rsl_rrsslll_rsssll_3,performance measure
0,7,1,1,5,3,1,1,1,7,3,2,2,6,2,1,3,rsssssl_rsl_rrsslll_rsssll,318.0,416.0,213.0,309.0,42.0,43.0,673.0,419.0,165.0,148.0,1072.0,281.0,14.0,14.0,5.0,14.0,9.029446284014632,8.767246048962107,8.8241140248865,9.156405099296336,9.124036873827434,0.7537906137184116,0.8023426061493412,0.7807377049180327,0.7295208655332303,0.7399135446685879,3.7634918689727783,23.63485198555955,25.80006588579799,25.73067622950817,22.713361669242666,22.753796829971176,68.21083032490975,70.43411420204978,70.33060109289617,67.22952086553323,67.36023054755043,15.694584837545126,17.48462664714495,17.2698087431694,14.942040185471406,14.871757925072046,14.0,14.0,5.0,14.0,16.052563667680584
