,1,1l,1r,1s,2,2l,2r,2s,3,3l,3r,3s,4,4l,4r,4s,id,1_2,1_3,1_4,2_1,2_3,2_4,3_1,3_2,3_4,4_1,4_2,4_3,p1,p2,p3,p4,speed0,speed1,speed2,speed3,speed4,stop0,stop1,stop2,stop3,stop4,time,timeloss0,timeloss1,timeloss2,timeloss3,timeloss4,travel0,travel1,travel2,travel3,travel4,wait0,wait1,wait2,wait3,wait4,rrsll_rssl_rsssll_rsl_0,rrsll_rssl_rsssll_rsl_1,rrsll_rssl_rsssll_rsl_2,rrsll_rssl_rsssll_rsl_3,performance measure
0,5,2,2,1,4,1,1,2,6,2,1,3,3,1,1,1,rrsll_rssl_rsssll_rsl,296.0,91.0,73.0,68.0,112.0,177.0,894.0,175.0,294.0,294.0,215.0,288.0,8.0,11.0,11.0,8.0,9.124507431954003,8.813851414225867,8.956738956666888,9.045148401193153,8.97495987724948,0.7963320463320464,0.8814070351758794,0.822265625,0.7934560327198364,0.8527918781725888,2.93109393119812,23.24022200772204,26.35870351758797,24.145878906249987,23.455766871165643,25.211401015228446,68.2007722007722,71.36180904522612,69.119140625,68.4120654396728,70.16446700507615,15.231660231660232,17.711557788944724,15.90234375,15.497955010224949,16.819289340101523,8.0,11.0,11.0,8.0,16.232561224186284
