,1,1l,1r,1s,2,2l,2r,2s,3,3l,3r,3s,4,4l,4r,4s,id,1_2,1_3,1_4,2_1,2_3,2_4,3_1,3_2,3_4,4_1,4_2,4_3,p1,p2,p3,p4,speed0,speed1,speed2,speed3,speed4,stop0,stop1,stop2,stop3,stop4,time,timeloss0,timeloss1,timeloss2,timeloss3,timeloss4,travel0,travel1,travel2,travel3,travel4,wait0,wait1,wait2,wait3,wait4,rrsll_rssl_rsssll_rsl_0,rrsll_rssl_rsssll_rsl_1,rrsll_rssl_rsssll_rsl_2,rrsll_rssl_rsssll_rsl_3,performance measure
0,5,2,2,1,4,1,1,2,6,2,1,3,3,1,1,1,rrsll_rssl_rsssll_rsl,491.0,172.0,259.0,85.0,90.0,319.0,796.0,54.0,237.0,198.0,137.0,115.0,11.0,11.0,8.0,8.0,9.25453497549395,8.968055341026673,9.146490936642458,9.308920364458427,9.292202557028206,0.7684003925417076,0.8527667984189723,0.7851637764932563,0.7568421052631579,0.7641129032258065,2.9867970943450928,21.800755642787028,24.998349802371543,22.87263005780347,21.2238105263158,21.922338709677394,66.8233562315996,69.99209486166008,67.86416184971098,66.2357894736842,66.86290322580645,14.215897939156035,16.75197628458498,14.986512524084779,13.7,14.327620967741936,11.0,11.0,8.0,8.0,14.796401543113546
