,1,1l,1r,1s,2,2l,2r,2s,3,3l,3r,3s,4,4l,4r,4s,id,1_2,1_3,1_4,2_1,2_3,2_4,3_1,3_2,3_4,4_1,4_2,4_3,p1,p2,p3,p4,speed0,speed1,speed2,speed3,speed4,stop0,stop1,stop2,stop3,stop4,time,timeloss0,timeloss1,timeloss2,timeloss3,timeloss4,travel0,travel1,travel2,travel3,travel4,wait0,wait1,wait2,wait3,wait4,rrslll_rssll_rsl_rssssll_0,rrslll_rssll_rsl_rssssll_1,rrslll_rssll_rsl_rssssll_2,rrslll_rssll_rsl_rssssll_3,performance measure
0,6,3,2,1,5,2,1,2,3,1,1,1,7,2,1,4,rrslll_rssll_rsl_rssssll,742.0,67.0,232.0,251.0,165.0,233.0,125.0,90.0,156.0,430.0,636.0,112.0,8.0,5.0,8.0,8.0,9.556239456855474,9.272891680151586,9.172215588838242,9.632919546684912,9.638462710940743,0.783710407239819,0.8225068618481244,0.8752212389380531,0.7507082152974505,0.7448151487826871,2.9848098754882812,20.008117647058832,21.350182982616644,23.1409646017699,18.73060434372047,18.47353471596033,64.85248868778281,66.20311070448308,67.99557522123894,63.60528800755429,63.2858431018936,12.320361990950227,13.479414455626715,14.863716814159291,11.28328611898017,10.983769161406673,8.0,5.0,8.0,8.0,12.586109708224615
