,1,1l,1r,1s,2,2l,2r,2s,3,3l,3r,3s,4,4l,4r,4s,id,1_2,1_3,1_4,2_1,2_3,2_4,3_1,3_2,3_4,4_1,4_2,4_3,p1,p2,p3,p4,speed0,speed1,speed2,speed3,speed4,stop0,stop1,stop2,stop3,stop4,time,timeloss0,timeloss1,timeloss2,timeloss3,timeloss4,travel0,travel1,travel2,travel3,travel4,wait0,wait1,wait2,wait3,wait4,rrslll_rssll_rsl_rssssll_0,rrslll_rssll_rsl_rssssll_1,rrslll_rssll_rsl_rssssll_2,rrslll_rssll_rsl_rssssll_3,performance measure
0,6,3,2,1,5,2,1,2,3,1,1,1,7,2,1,4,rrslll_rssll_rsl_rssssll,527.0,344.0,610.0,142.0,271.0,273.0,357.0,43.0,123.0,363.0,334.0,202.0,8.0,14.0,11.0,8.0,9.114528225855892,9.124249523802243,9.120921073294877,9.25955757745119,9.242163814858491,0.7657657657657657,0.765040650406504,0.7745019920318725,0.7385398981324278,0.7329974811083123,3.4344589710235596,23.09836199836202,23.1009756097561,23.154087649402364,21.678463497453297,21.873375314861434,67.78787878787878,67.77479674796749,67.84462151394422,66.39049235993208,66.56675062972292,15.167076167076168,15.207317073170731,15.171314741035857,13.980475382003396,14.201511335012594,8.0,14.0,11.0,8.0,14.745538939659749
