,1,1l,1r,1s,2,2l,2r,2s,3,3l,3r,3s,4,4l,4r,4s,id,1_2,1_3,1_4,2_1,2_3,2_4,3_1,3_2,3_4,4_1,4_2,4_3,p1,p2,p3,p4,speed0,speed1,speed2,speed3,speed4,stop0,stop1,stop2,stop3,stop4,time,timeloss0,timeloss1,timeloss2,timeloss3,timeloss4,travel0,travel1,travel2,travel3,travel4,wait0,wait1,wait2,wait3,wait4,rsl_rsl_rsssl_rsl_0,rsl_rsl_rsssl_rsl_1,rsl_rsl_rsssl_rsl_2,rsl_rsl_rsssl_rsl_3,performance measure
0,3,1,1,1,3,1,1,1,5,1,1,3,3,1,1,1,rsl_rsl_rsssl_rsl,177.0,76.0,47.0,265.0,181.0,256.0,546.0,236.0,257.0,245.0,258.0,58.0,11.0,8.0,11.0,11.0,8.540856278736818,8.792740672926984,8.7396435464345,8.763161748377632,8.808707278247896,0.9357997823721437,0.8464243845252052,0.8533791523482245,0.8403755868544601,0.8244620611551529,2.889974355697632,29.849238302502748,26.197549824150048,26.296002290950728,26.007816901408393,26.212231030577588,74.89880304679,71.22039859320047,71.31042382588774,70.99530516431925,71.2400906002265,20.516866158868336,17.70926143024619,17.66552119129439,17.509389671361504,17.73952434881087,11.0,8.0,11.0,11.0,18.22811256011626
