,1,1l,1r,1s,2,2l,2r,2s,3,3l,3r,3s,4,4l,4r,4s,id,1_2,1_3,1_4,2_1,2_3,2_4,3_1,3_2,3_4,4_1,4_2,4_3,p1,p2,p3,p4,speed0,speed1,speed2,speed3,speed4,stop0,stop1,stop2,stop3,stop4,time,timeloss0,timeloss1,timeloss2,timeloss3,timeloss4,travel0,travel1,travel2,travel3,travel4,wait0,wait1,wait2,wait3,wait4,rrsslll_rrsll_rsssl_rrsslll_0,rrsslll_rrsll_rsssl_rrsslll_1,rrsslll_rrsll_rsssl_rrsslll_2,rrsslll_rrsll_rsssl_rrsslll_3,performance measure
0,7,3,2,2,5,2,2,1,5,1,1,3,7,3,2,2,rrsslll_rrsll_rsssl_rrsslll,277.0,694.0,209.0,618.0,475.0,97.0,992.0,241.0,194.0,354.0,465.0,551.0,11.0,14.0,11.0,11.0,9.0407912074077,9.004653974094337,9.03773962278853,9.088300057306862,9.07686284114076,0.7544565842438183,0.7555168408826946,0.746551724137931,0.7365883062085594,0.7453810623556582,4.231611967086792,23.443720529039684,23.5764866434378,23.582936781609156,23.243646775165733,23.2116974595843,67.97182288671651,68.14343786295005,68.15459770114943,67.78239903556359,67.74364896073904,15.507188039102934,15.680603948896632,15.735632183908047,15.40928270042194,15.340646651270207,11.0,14.0,11.0,11.0,15.534670704719952
