,1,1l,1r,1s,2,2l,2r,2s,3,3l,3r,3s,4,4l,4r,4s,id,1_2,1_3,1_4,2_1,2_3,2_4,3_1,3_2,3_4,4_1,4_2,4_3,p1,p2,p3,p4,speed0,speed1,speed2,speed3,speed4,stop0,stop1,stop2,stop3,stop4,time,timeloss0,timeloss1,timeloss2,timeloss3,timeloss4,travel0,travel1,travel2,travel3,travel4,wait0,wait1,wait2,wait3,wait4,rssl_rrsslll_rsl_rrsll_0,rssl_rrsslll_rsl_rrsll_1,rssl_rrsslll_rsl_rrsll_2,rssl_rrsslll_rsl_rrsll_3,performance measure
0,4,1,1,2,7,3,2,2,3,1,1,1,5,2,2,1,rssl_rrsslll_rsl_rrsll,283.0,143.0,167.0,610.0,823.0,285.0,250.0,195.0,137.0,452.0,59.0,498.0,14.0,11.0,14.0,8.0,8.901911860960409,8.998041625002147,9.085676253492217,9.156337423302736,9.190426845214095,0.7973950795947902,0.7525925925925926,0.7461482024944974,0.7340345604808415,0.7221385542168675,3.734745740890503,25.512785817655587,23.805859259259268,24.19170212765956,22.53477084898572,22.404118975903593,70.18813314037627,68.47037037037038,68.89508437270726,67.17956423741548,67.04819277108433,17.3082489146165,15.92074074074074,16.113719735876742,14.803906836964687,14.693524096385541,14.0,11.0,14.0,8.0,15.768028064916843
