,1,1l,1r,1s,2,2l,2r,2s,3,3l,3r,3s,4,4l,4r,4s,id,1_2,1_3,1_4,2_1,2_3,2_4,3_1,3_2,3_4,4_1,4_2,4_3,p1,p2,p3,p4,speed0,speed1,speed2,speed3,speed4,stop0,stop1,stop2,stop3,stop4,time,timeloss0,timeloss1,timeloss2,timeloss3,timeloss4,travel0,travel1,travel2,travel3,travel4,wait0,wait1,wait2,wait3,wait4,rsl_rsl_rsssl_rsl_0,rsl_rsl_rsssl_rsl_1,rsl_rsl_rsssl_rsl_2,rsl_rsl_rsssl_rsl_3,performance measure
0,3,1,1,1,3,1,1,1,5,1,1,3,3,1,1,1,rsl_rsl_rsssl_rsl,170.0,222.0,180.0,285.0,174.0,307.0,158.0,128.0,65.0,237.0,119.0,39.0,8.0,11.0,11.0,14.0,8.689538260291178,8.887310839698575,8.798289259791543,9.043214943621104,8.970904194414778,0.8795669824086604,0.8468085106382979,0.8319783197831978,0.77217125382263,0.7678321678321678,2.6759934425354004,30.19939106901221,28.202652482269517,27.35693766937673,23.759495412844046,24.260867132867155,75.0893098782138,73.07234042553192,72.27235772357723,68.56422018348624,69.13426573426574,21.096075778078486,19.591489361702127,18.850948509485097,15.932721712538227,16.195804195804197,8.0,11.0,11.0,14.0,18.333407911521626
