,1,1l,1r,1s,2,2l,2r,2s,3,3l,3r,3s,4,4l,4r,4s,id,1_2,1_3,1_4,2_1,2_3,2_4,3_1,3_2,3_4,4_1,4_2,4_3,p1,p2,p3,p4,speed0,speed1,speed2,speed3,speed4,stop0,stop1,stop2,stop3,stop4,time,timeloss0,timeloss1,timeloss2,timeloss3,timeloss4,travel0,travel1,travel2,travel3,travel4,wait0,wait1,wait2,wait3,wait4,rsll_rsl_rssslll_rrsssll_0,rsll_rsl_rssslll_rrsssll_1,rsll_rsl_rssslll_rrsssll_2,rsll_rsl_rssslll_rrsssll_3,performance measure
0,4,2,1,1,3,1,1,1,7,3,1,3,7,2,2,3,rsll_rsl_rssslll_rrsssll,261.0,55.0,183.0,310.0,228.0,195.0,150.0,198.0,818.0,304.0,274.0,545.0,11.0,5.0,8.0,8.0,9.544060846274341,9.625822065496845,9.618000018581125,9.435050148422873,9.7060830922533,0.7595141700404858,0.7103684661525278,0.7203319502074689,0.8409863945578231,0.6949013157894737,3.252032995223999,19.95934412955464,18.692802056555298,18.49743568464727,23.10286564625854,17.928799342105258,64.46315789473684,63.2133676092545,63.016597510373444,67.59098639455782,62.41776315789474,12.120647773279352,11.378748928877464,10.945228215767635,14.648809523809524,10.529605263157896,11.0,5.0,8.0,8.0,11.924607940978374
