,1,1l,1r,1s,2,2l,2r,2s,3,3l,3r,3s,4,4l,4r,4s,id,1_2,1_3,1_4,2_1,2_3,2_4,3_1,3_2,3_4,4_1,4_2,4_3,p1,p2,p3,p4,speed0,speed1,speed2,speed3,speed4,stop0,stop1,stop2,stop3,stop4,time,timeloss0,timeloss1,timeloss2,timeloss3,timeloss4,travel0,travel1,travel2,travel3,travel4,wait0,wait1,wait2,wait3,wait4,rsl_rsl_rsl_rrssssl_0,rsl_rsl_rsl_rrssssl_1,rsl_rsl_rsl_rrssssl_2,rsl_rsl_rsl_rrssssl_3,performance measure
0,3,1,1,1,3,1,1,1,3,1,1,1,7,1,2,4,rsl_rsl_rsl_rrssssl,276.0,331.0,49.0,177.0,212.0,221.0,315.0,159.0,202.0,219.0,779.0,619.0,11.0,14.0,11.0,11.0,8.405425522150345,8.525031727841068,8.53217011401033,8.664254717705319,8.816246983877898,0.926984126984127,0.8747967479674796,0.8848979591836734,0.8422391857506362,0.7975708502024291,3.484218120574951,31.656603174603227,29.47023577235771,30.70453061224493,27.90301102629351,25.818923076923063,76.45555555555555,74.31463414634146,75.55183673469388,72.7175572519084,70.61943319838056,22.173809523809524,20.54959349593496,21.405714285714286,19.225614927905003,17.31578947368421,11.0,14.0,11.0,11.0,20.134104341409593
