,1,1l,1r,1s,2,2l,2r,2s,3,3l,3r,3s,4,4l,4r,4s,id,1_2,1_3,1_4,2_1,2_3,2_4,3_1,3_2,3_4,4_1,4_2,4_3,p1,p2,p3,p4,speed0,speed1,speed2,speed3,speed4,stop0,stop1,stop2,stop3,stop4,time,timeloss0,timeloss1,timeloss2,timeloss3,timeloss4,travel0,travel1,travel2,travel3,travel4,wait0,wait1,wait2,wait3,wait4,rsl_rsl_rsl_rrssssl_0,rsl_rsl_rsl_rrssssl_1,rsl_rsl_rsl_rrssssl_2,rsl_rsl_rsl_rrssssl_3,performance measure
0,3,1,1,1,3,1,1,1,3,1,1,1,7,1,2,4,rsl_rsl_rsl_rrssssl,122.0,88.0,318.0,166.0,189.0,253.0,63.0,153.0,247.0,162.0,160.0,108.0,11.0,5.0,11.0,11.0,9.07984080600456,9.433195868744088,9.288546160807014,9.384399623310914,9.512499258417892,0.8136300417246175,0.7220588235294118,0.7580872011251758,0.7415902140672783,0.7013888888888888,2.269747018814087,24.444311543810873,20.512617647058825,21.805344585091415,20.706360856269114,19.965555555555575,69.20166898470097,65.2764705882353,66.57524613220816,65.41896024464832,64.68055555555556,15.899860917941586,12.925,14.042194092827005,13.097859327217126,12.45,11.0,5.0,11.0,11.0,13.682982867597143
