,1,1l,1r,1s,2,2l,2r,2s,3,3l,3r,3s,4,4l,4r,4s,id,1_2,1_3,1_4,2_1,2_3,2_4,3_1,3_2,3_4,4_1,4_2,4_3,p1,p2,p3,p4,speed0,speed1,speed2,speed3,speed4,stop0,stop1,stop2,stop3,stop4,time,timeloss0,timeloss1,timeloss2,timeloss3,timeloss4,travel0,travel1,travel2,travel3,travel4,wait0,wait1,wait2,wait3,wait4,rssl_rrsslll_rsl_rrsll_0,rssl_rrsslll_rsl_rrsll_1,rssl_rrsslll_rsl_rrsll_2,rssl_rrsslll_rsl_rrsll_3,performance measure
0,4,1,1,2,7,3,2,2,3,1,1,1,5,2,2,1,rssl_rrsslll_rsl_rrsll,197.0,424.0,43.0,244.0,439.0,442.0,102.0,215.0,68.0,475.0,75.0,100.0,11.0,11.0,11.0,11.0,9.069418996447036,8.869815303970379,9.054314086713942,9.203373247146478,9.05546880879962,0.7666325486182191,0.8083588175331294,0.766121270452358,0.7497291440953413,0.7686034658511722,2.8504281044006348,23.813346980552698,25.556360856269144,23.601905678537076,22.310595882990256,23.397094801223247,68.75230296827021,70.48827726809378,68.48411934552455,67.21451787648971,68.3078491335372,16.11463664278403,17.60244648318043,15.96150144369586,14.910075839653304,15.665647298674822,11.0,11.0,11.0,11.0,16.05086154159769
