,1,1l,1r,1s,2,2l,2r,2s,3,3l,3r,3s,4,4l,4r,4s,id,1_2,1_3,1_4,2_1,2_3,2_4,3_1,3_2,3_4,4_1,4_2,4_3,p1,p2,p3,p4,speed0,speed1,speed2,speed3,speed4,stop0,stop1,stop2,stop3,stop4,time,timeloss0,timeloss1,timeloss2,timeloss3,timeloss4,travel0,travel1,travel2,travel3,travel4,wait0,wait1,wait2,wait3,wait4,rssslll_rrsssl_rsssssl_rsl_0,rssslll_rrsssl_rsssssl_rsl_1,rssslll_rrsssl_rsssssl_rsl_2,rssslll_rrsssl_rsssssl_rsl_3,performance measure
0,7,3,1,3,6,1,2,3,7,1,1,5,3,1,1,1,rssslll_rrsssl_rsssssl_rsl,719.0,766.0,210.0,573.0,254.0,581.0,299.0,132.0,283.0,234.0,122.0,37.0,11.0,11.0,11.0,8.0,8.925542763140008,8.909813368602256,8.791099867215202,8.971727767688101,8.94635403181514,0.8071379547014413,0.8191489361702128,0.8581081081081081,0.8300510576221736,0.8117732558139535,3.858043909072876,24.521475634866142,24.92804964539006,25.814560810810796,25.147432530999254,24.666111918604656,69.22168840082361,69.67659574468085,70.51891891891891,69.78993435448578,69.36191860465117,16.398764584763214,16.709929078014184,17.3472972972973,16.828592268417214,16.617005813953487,11.0,11.0,11.0,8.0,16.78031780848908
