,1,1l,1r,1s,2,2l,2r,2s,3,3l,3r,3s,4,4l,4r,4s,id,1_2,1_3,1_4,2_1,2_3,2_4,3_1,3_2,3_4,4_1,4_2,4_3,p1,p2,p3,p4,speed0,speed1,speed2,speed3,speed4,stop0,stop1,stop2,stop3,stop4,time,timeloss0,timeloss1,timeloss2,timeloss3,timeloss4,travel0,travel1,travel2,travel3,travel4,wait0,wait1,wait2,wait3,wait4,rrsslll_rrsll_rsssl_rrsslll_0,rrsslll_rrsll_rsssl_rrsslll_1,rrsslll_rrsll_rsssl_rrsslll_2,rrsslll_rrsll_rsssl_rrsslll_3,performance measure
0,7,3,2,2,5,2,2,1,5,1,1,3,7,3,2,2,rrsslll_rrsll_rsssl_rrsslll,194.0,587.0,598.0,155.0,362.0,86.0,1030.0,291.0,250.0,230.0,682.0,230.0,11.0,14.0,8.0,14.0,8.99238535701505,8.780463537085899,8.840679738657073,8.764378520609238,8.98112423880351,0.7653452685421995,0.8036966220522626,0.7965152457996266,0.8458950201884253,0.766497461928934,4.093927383422852,24.125517902813247,25.772797960484397,25.827081518357158,28.31713324360701,24.212461928934037,68.71803069053709,70.43403441682601,70.47293092719353,72.93606998654106,68.83502538071066,16.124040920716112,17.532823454429572,17.573739887990044,19.738896366083445,16.20494923857868,11.0,14.0,8.0,14.0,17.43488997355957
