,1,1l,1r,1s,2,2l,2r,2s,3,3l,3r,3s,4,4l,4r,4s,id,1_2,1_3,1_4,2_1,2_3,2_4,3_1,3_2,3_4,4_1,4_2,4_3,p1,p2,p3,p4,speed0,speed1,speed2,speed3,speed4,stop0,stop1,stop2,stop3,stop4,time,timeloss0,timeloss1,timeloss2,timeloss3,timeloss4,travel0,travel1,travel2,travel3,travel4,wait0,wait1,wait2,wait3,wait4,rssl_rrsslll_rsl_rrsll_0,rssl_rrsslll_rsl_rrsll_1,rssl_rrsslll_rsl_rrsll_2,rssl_rrsslll_rsl_rrsll_3,performance measure
0,4,1,1,2,7,3,2,2,3,1,1,1,5,2,2,1,rssl_rrsslll_rsl_rrsll,44.0,233.0,273.0,260.0,556.0,165.0,62.0,175.0,219.0,507.0,103.0,554.0,8.0,5.0,11.0,8.0,9.615347873272365,9.650916019079004,9.559602848127653,9.611235768212127,9.748623862922098,0.7258928571428571,0.7160148975791434,0.735239852398524,0.7445185891325071,0.690975387420237,3.0986626148223877,18.41774999999999,18.107960893854774,19.477804428044283,19.37396568160153,17.782525068368273,62.95625,62.68621973929236,64.09686346863468,64.01143946615825,62.3236098450319,11.008035714285715,10.776536312849162,12.002767527675276,11.892278360343184,10.530537830446672,8.0,5.0,11.0,8.0,11.24203114912
