,1,1l,1r,1s,2,2l,2r,2s,3,3l,3r,3s,4,4l,4r,4s,id,1_2,1_3,1_4,2_1,2_3,2_4,3_1,3_2,3_4,4_1,4_2,4_3,p1,p2,p3,p4,speed0,speed1,speed2,speed3,speed4,stop0,stop1,stop2,stop3,stop4,time,timeloss0,timeloss1,timeloss2,timeloss3,timeloss4,travel0,travel1,travel2,travel3,travel4,wait0,wait1,wait2,wait3,wait4,rrsssll_rsl_rsl_rrsll_0,rrsssll_rsl_rsl_rrsll_1,rrsssll_rsl_rsl_rrsll_2,rrsssll_rsl_rsl_rrsll_3,performance measure
0,7,2,2,3,3,1,1,1,3,1,1,1,5,2,2,1,rrsssll_rsl_rsl_rrsll,110.0,632.0,73.0,301.0,67.0,303.0,328.0,80.0,52.0,624.0,126.0,244.0,5.0,14.0,14.0,14.0,8.522718771514882,8.609001348427183,8.797273990532739,8.957148840976817,8.920247528057113,0.9108910891089109,0.8440276406712734,0.8003784295175024,0.7734457323498419,0.7639877924720244,3.053107738494873,29.893386138613888,27.276456071076034,26.392847682119193,24.352149631190716,24.67671414038657,74.84356435643565,72.22507403751234,71.26868495742669,69.27081138040042,69.63580874872838,20.50990099009901,18.54294175715696,17.879848628193,16.146469968387777,16.52797558494405,5.0,14.0,14.0,14.0,17.921427385756157
