,1,1l,1r,1s,2,2l,2r,2s,3,3l,3r,3s,4,4l,4r,4s,id,1_2,1_3,1_4,2_1,2_3,2_4,3_1,3_2,3_4,4_1,4_2,4_3,p1,p2,p3,p4,speed0,speed1,speed2,speed3,speed4,stop0,stop1,stop2,stop3,stop4,time,timeloss0,timeloss1,timeloss2,timeloss3,timeloss4,travel0,travel1,travel2,travel3,travel4,wait0,wait1,wait2,wait3,wait4,rsl_rsl_rsl_rrssll_0,rsl_rsl_rsl_rrssll_1,rsl_rsl_rsl_rrssll_2,rsl_rsl_rsl_rrssll_3,performance measure
0,3,1,1,1,3,1,1,1,3,1,1,1,6,2,2,2,rsl_rsl_rsl_rrssll,295.0,291.0,188.0,36.0,78.0,164.0,345.0,286.0,210.0,539.0,182.0,197.0,14.0,18.0,14.0,8.0,8.412933152828746,8.389733043315532,8.265003519014083,8.687539466503278,8.619541907634781,0.9359916054564533,0.8506224066390041,0.9017051153460381,0.7830802603036876,0.7954070981210856,3.0436129570007324,37.18974816369355,30.650788381742778,33.54313941825478,27.85829718004335,28.803475991649293,82.25393494228751,75.76763485477179,78.62487462387162,72.87418655097613,73.83611691022965,27.36411332633788,21.74273858921162,24.13139418254764,19.587852494577007,20.360125260960334,14.0,18.0,14.0,8.0,22.637244770726895
