,1,1l,1r,1s,2,2l,2r,2s,3,3l,3r,3s,4,4l,4r,4s,id,1_2,1_3,1_4,2_1,2_3,2_4,3_1,3_2,3_4,4_1,4_2,4_3,p1,p2,p3,p4,speed0,speed1,speed2,speed3,speed4,stop0,stop1,stop2,stop3,stop4,time,timeloss0,timeloss1,timeloss2,timeloss3,timeloss4,travel0,travel1,travel2,travel3,travel4,wait0,wait1,wait2,wait3,wait4,rsssl_rrsll_rsl_rsslll_0,rsssl_rrsll_rsl_rsslll_1,rsssl_rrsll_rsl_rsslll_2,rsssl_rrsll_rsl_rsslll_3,performance measure
0,5,1,1,3,5,2,2,1,3,1,1,1,6,3,1,2,rsssl_rrsll_rsl_rsslll,324.0,908.0,148.0,521.0,240.0,285.0,73.0,237.0,136.0,260.0,578.0,322.0,11.0,11.0,5.0,11.0,8.854546606893374,9.018343079723834,8.789905420308143,9.03672039111637,9.30241392909305,0.9220489977728286,0.8413284132841329,0.9212034383954155,0.8459094519459889,0.7572078907435509,3.3276426792144775,27.980415738678538,24.67943173431732,28.500780802292255,25.498189038919826,21.777412746585746,72.7253155159614,69.42066420664207,73.30372492836676,70.208895949166,66.52276176024279,18.538233110616183,16.20590405904059,19.121776504297994,17.167593328038127,13.741274658573596,11.0,11.0,5.0,11.0,16.954956332113298
