,1,1l,1r,1s,2,2l,2r,2s,3,3l,3r,3s,4,4l,4r,4s,id,1_2,1_3,1_4,2_1,2_3,2_4,3_1,3_2,3_4,4_1,4_2,4_3,p1,p2,p3,p4,speed0,speed1,speed2,speed3,speed4,stop0,stop1,stop2,stop3,stop4,time,timeloss0,timeloss1,timeloss2,timeloss3,timeloss4,travel0,travel1,travel2,travel3,travel4,wait0,wait1,wait2,wait3,wait4,rsl_rssslll_rrsssl_rsslll_0,rsl_rssslll_rrsssl_rsslll_1,rsl_rssslll_rrsssl_rsslll_2,rsl_rssslll_rrsssl_rsslll_3,performance measure
0,3,1,1,1,7,3,1,3,6,1,2,3,6,3,1,2,rsl_rssslll_rrsssl_rsslll,77.0,67.0,76.0,134.0,389.0,674.0,400.0,345.0,224.0,227.0,208.0,205.0,8.0,5.0,8.0,11.0,9.409150463443694,9.434250394844103,9.562413642722252,9.538838739171162,9.590987038314585,0.7869318181818182,0.7661448140900196,0.7572533849129593,0.7612966601178782,0.7271835132482827,3.0787417888641357,20.77024621212124,20.274921722113472,19.43185686653771,19.737003929273097,19.25988223748774,65.48106060606061,64.96575342465754,64.08510638297872,64.4410609037328,63.9342492639843,13.357954545454545,12.974559686888455,11.970019342359768,12.31335952848723,12.05397448478901,8.0,5.0,8.0,11.0,12.533973517595802
