,1,1l,1r,1s,2,2l,2r,2s,3,3l,3r,3s,4,4l,4r,4s,id,1_2,1_3,1_4,2_1,2_3,2_4,3_1,3_2,3_4,4_1,4_2,4_3,p1,p2,p3,p4,speed0,speed1,speed2,speed3,speed4,stop0,stop1,stop2,stop3,stop4,time,timeloss0,timeloss1,timeloss2,timeloss3,timeloss4,travel0,travel1,travel2,travel3,travel4,wait0,wait1,wait2,wait3,wait4,rsssll_rssl_rsslll_rrsl_0,rsssll_rssl_rsslll_rrsl_1,rsssll_rssl_rsslll_rrsl_2,rsssll_rssl_rsslll_rrsl_3,performance measure
0,6,2,1,3,4,1,1,2,6,3,1,2,4,1,2,1,rsssll_rssl_rsslll_rrsl,346.0,754.0,248.0,264.0,319.0,679.0,137.0,58.0,701.0,220.0,288.0,625.0,11.0,11.0,14.0,14.0,8.645770317645175,8.583893160113737,8.397797361892971,8.60509561679131,8.622110458901377,0.8089816571790006,0.8245838668373879,0.8658385093167702,0.8308724832214766,0.8198717948717948,3.948725938796997,27.440733712839986,27.52852112676058,29.850409937888205,28.57560402684564,27.39487820512824,72.23655913978494,72.33546734955186,74.68509316770187,73.39194630872483,72.20128205128205,18.864010120177102,19.0044814340589,20.97701863354037,19.84765100671141,18.89294871794872,11.0,11.0,14.0,14.0,19.517221982487296
