,1,1l,1r,1s,2,2l,2r,2s,3,3l,3r,3s,4,4l,4r,4s,id,1_2,1_3,1_4,2_1,2_3,2_4,3_1,3_2,3_4,4_1,4_2,4_3,p1,p2,p3,p4,speed0,speed1,speed2,speed3,speed4,stop0,stop1,stop2,stop3,stop4,time,timeloss0,timeloss1,timeloss2,timeloss3,timeloss4,travel0,travel1,travel2,travel3,travel4,wait0,wait1,wait2,wait3,wait4,rsssssl_rsl_rrsslll_rsssll_0,rsssssl_rsl_rrsslll_rsssll_1,rsssssl_rsl_rrsslll_rsssll_2,rsssssl_rsl_rrsslll_rsssll_3,performance measure
0,7,1,1,5,3,1,1,1,7,3,2,2,6,2,1,3,rsssssl_rsl_rrsslll_rsssll,179.0,598.0,308.0,47.0,232.0,322.0,636.0,174.0,558.0,313.0,385.0,257.0,11.0,14.0,11.0,14.0,8.701250675989945,8.646697241264345,8.689273359260778,8.661783729170553,8.817114870322884,0.8350364963503649,0.8189781021897811,0.8151382823871907,0.8559935639581657,0.7940959409594096,3.708883285522461,28.84651094890511,27.64724087591241,27.594665211062566,29.717892196299285,26.02170479704803,73.54014598540147,72.3992700729927,72.3566229985444,74.44328238133548,70.77416974169742,20.086861313868614,19.28175182481752,19.316593886462883,21.07240547063556,17.836162361623618,11.0,14.0,11.0,14.0,19.518754971481638
