,1,1l,1r,1s,2,2l,2r,2s,3,3l,3r,3s,4,4l,4r,4s,id,1_2,1_3,1_4,2_1,2_3,2_4,3_1,3_2,3_4,4_1,4_2,4_3,p1,p2,p3,p4,speed0,speed1,speed2,speed3,speed4,stop0,stop1,stop2,stop3,stop4,time,timeloss0,timeloss1,timeloss2,timeloss3,timeloss4,travel0,travel1,travel2,travel3,travel4,wait0,wait1,wait2,wait3,wait4,rsl_rssslll_rrsssl_rsslll_0,rsl_rssslll_rrsssl_rsslll_1,rsl_rssslll_rrsssl_rsslll_2,rsl_rssslll_rrsssl_rsslll_3,performance measure
0,3,1,1,1,7,3,1,3,6,1,2,3,6,3,1,2,rsl_rssslll_rrsssl_rsslll,98.0,126.0,118.0,134.0,860.0,485.0,205.0,175.0,157.0,222.0,694.0,312.0,5.0,5.0,11.0,11.0,9.30630126092012,9.475688862816002,9.35056408674672,9.376949584573664,9.284203222429442,0.8877388535031847,0.7673267326732673,0.8585365853658536,0.8600508905852418,0.8246329526916802,3.2843921184539795,25.053702229299347,20.288811881188106,23.45295121951217,23.746641221374066,22.58467373572595,69.76831210191082,64.99339933993399,68.169918699187,68.4724342663274,67.30995106035888,16.436305732484076,12.727722772277227,15.091869918699187,15.37913486005089,14.51957585644372,5.0,5.0,11.0,11.0,14.83092182799102
