,1,1l,1r,1s,2,2l,2r,2s,3,3l,3r,3s,4,4l,4r,4s,id,1_2,1_3,1_4,2_1,2_3,2_4,3_1,3_2,3_4,4_1,4_2,4_3,p1,p2,p3,p4,speed0,speed1,speed2,speed3,speed4,stop0,stop1,stop2,stop3,stop4,time,timeloss0,timeloss1,timeloss2,timeloss3,timeloss4,travel0,travel1,travel2,travel3,travel4,wait0,wait1,wait2,wait3,wait4,rssslll_rssll_rsssl_rrssl_0,rssslll_rssll_rsssl_rrssl_1,rssslll_rssll_rsssl_rrssl_2,rssslll_rssll_rsssl_rrssl_3,performance measure
0,7,3,1,3,5,2,1,2,5,1,1,3,5,1,2,2,rssslll_rssll_rsssl_rrssl,940.0,380.0,146.0,128.0,283.0,563.0,701.0,124.0,194.0,281.0,392.0,432.0,14.0,11.0,11.0,11.0,8.484123092653846,8.353531718544254,8.591111717148872,8.887232275037684,8.571661630256402,0.9025974025974026,0.9513581806696146,0.8484059856864021,0.7873910127431254,0.8745874587458746,4.144108057022095,31.162155844155873,33.10861655085285,28.436382563435284,25.524775318578186,29.418528052805332,75.98766233766234,78.00126342387871,73.31620039037085,70.37223340040241,74.27920792079208,22.12922077922078,23.665192672141504,19.96356538711776,17.47082494969819,20.757755775577557,14.0,11.0,11.0,11.0,20.797311912751162
