,1,1l,1r,1s,2,2l,2r,2s,3,3l,3r,3s,4,4l,4r,4s,id,1_2,1_3,1_4,2_1,2_3,2_4,3_1,3_2,3_4,4_1,4_2,4_3,p1,p2,p3,p4,speed0,speed1,speed2,speed3,speed4,stop0,stop1,stop2,stop3,stop4,time,timeloss0,timeloss1,timeloss2,timeloss3,timeloss4,travel0,travel1,travel2,travel3,travel4,wait0,wait1,wait2,wait3,wait4,rssll_rrssl_rssslll_rrssll_0,rssll_rrssl_rssslll_rrssll_1,rssll_rrssl_rssslll_rrssll_2,rssll_rrssl_rssslll_rrssll_3,performance measure
0,5,2,1,2,5,1,2,2,7,3,1,3,6,2,2,2,rssll_rrssl_rssslll_rrssll,577.0,310.0,154.0,485.0,148.0,611.0,938.0,280.0,897.0,509.0,164.0,341.0,14.0,14.0,11.0,14.0,8.604217770947546,8.294061488712039,8.213407607649813,8.606610592522145,8.64956075398966,0.7993402968664101,0.9476268412438625,0.9428421604614577,0.8178826110806363,0.794928335170893,4.523939609527588,27.725239142385984,35.71261320240043,35.46143156790775,27.746708721886947,27.425887541345073,72.42221000549753,80.43589743589743,80.1651809124279,72.44377399890291,72.13009922822492,19.381528312259483,26.045280960174576,25.744100681699003,19.269336258913878,19.247519294377067,14.0,14.0,11.0,14.0,21.937553101484802
