,1,1l,1r,1s,2,2l,2r,2s,3,3l,3r,3s,4,4l,4r,4s,id,1_2,1_3,1_4,2_1,2_3,2_4,3_1,3_2,3_4,4_1,4_2,4_3,p1,p2,p3,p4,speed0,speed1,speed2,speed3,speed4,stop0,stop1,stop2,stop3,stop4,time,timeloss0,timeloss1,timeloss2,timeloss3,timeloss4,travel0,travel1,travel2,travel3,travel4,wait0,wait1,wait2,wait3,wait4,rsll_rsl_rssslll_rrsssll_0,rsll_rsl_rssslll_rrsssll_1,rsll_rsl_rssslll_rrsssll_2,rsll_rsl_rssslll_rrsssll_3,performance measure
0,4,2,1,1,3,1,1,1,7,3,1,3,7,2,2,3,rsll_rsl_rssslll_rrsssll,224.0,303.0,269.0,43.0,217.0,252.0,565.0,294.0,748.0,586.0,378.0,590.0,11.0,14.0,14.0,11.0,8.775494367531868,8.726768455929466,8.546907334593644,8.700024526067887,8.576294257929854,0.8484650555192684,0.7946194225721784,0.8367617783676178,0.815807560137457,0.8242622950819672,4.04591703414917,29.153324624428553,26.134146981627293,28.666390179163912,27.292206185567014,28.224360655737712,73.84193337687786,70.89566929133858,73.44591904445919,72.00756013745705,72.96918032786886,20.146962769431745,17.853674540682416,20.074319840743197,18.841237113402062,19.621639344262295,11.0,14.0,14.0,11.0,19.30756672170434
