,1,1l,1r,1s,2,2l,2r,2s,3,3l,3r,3s,4,4l,4r,4s,id,1_2,1_3,1_4,2_1,2_3,2_4,3_1,3_2,3_4,4_1,4_2,4_3,p1,p2,p3,p4,speed0,speed1,speed2,speed3,speed4,stop0,stop1,stop2,stop3,stop4,time,timeloss0,timeloss1,timeloss2,timeloss3,timeloss4,travel0,travel1,travel2,travel3,travel4,wait0,wait1,wait2,wait3,wait4,rrssl_rrssl_rrsslll_rrsslll_0,rrssl_rrssl_rrsslll_rrsslll_1,rrssl_rrssl_rrsslll_rrsslll_2,rrssl_rrssl_rrsslll_rrsslll_3,performance measure
0,5,1,2,2,5,1,2,2,7,3,2,2,7,3,2,2,rrssl_rrssl_rrsslll_rrsslll,226.0,435.0,312.0,167.0,91.0,256.0,606.0,124.0,339.0,435.0,414.0,222.0,11.0,11.0,8.0,8.0,9.339474906295598,9.266870189852476,9.275279619776683,9.408876485904976,9.451835043425714,0.7592891760904685,0.7728355837966641,0.7518072289156627,0.7377622377622378,0.7307073954983923,3.3599472045898438,21.701728594507284,21.79191421763305,21.46228112449799,20.45623251748252,20.491390675241142,66.39579967689822,66.50754567116759,66.18634538152611,65.16783216783217,65.19051446945338,14.097738287560581,14.216838760921366,13.951004016064257,13.13986013986014,13.189710610932476,11.0,11.0,8.0,8.0,13.719030363067764
