,1,1l,1r,1s,2,2l,2r,2s,3,3l,3r,3s,4,4l,4r,4s,id,1_2,1_3,1_4,2_1,2_3,2_4,3_1,3_2,3_4,4_1,4_2,4_3,p1,p2,p3,p4,speed0,speed1,speed2,speed3,speed4,stop0,stop1,stop2,stop3,stop4,time,timeloss0,timeloss1,timeloss2,timeloss3,timeloss4,travel0,travel1,travel2,travel3,travel4,wait0,wait1,wait2,wait3,wait4,rsl_rsssll_rrssl_rrsslll_0,rsl_rsssll_rrssl_rrsslll_1,rsl_rsssll_rrssl_rrsslll_2,rsl_rsssll_rrssl_rrsslll_3,performance measure
0,3,1,1,1,6,2,1,3,5,1,2,2,7,3,2,2,rsl_rsssll_rrssl_rrsslll,112.0,266.0,276.0,184.0,364.0,667.0,327.0,590.0,306.0,607.0,259.0,336.0,14.0,14.0,11.0,11.0,9.053991513406459,8.90860169294064,8.85678192383001,8.901589689111459,9.009976526844191,0.7360544217687075,0.7745429925524713,0.7756578947368421,0.7860082304526749,0.7349315068493151,3.767476797103882,23.55773469387755,24.4976980365606,25.31774342105263,25.533984910836754,23.731198630137005,68.1843537414966,69.14624238320921,69.98618421052632,70.15843621399176,68.36780821917809,15.831292517006803,16.652674339878132,17.285526315789475,17.358710562414267,15.934931506849315,14.0,14.0,11.0,11.0,16.612627048387598
