,1,1l,1r,1s,2,2l,2r,2s,3,3l,3r,3s,4,4l,4r,4s,id,1_2,1_3,1_4,2_1,2_3,2_4,3_1,3_2,3_4,4_1,4_2,4_3,p1,p2,p3,p4,speed0,speed1,speed2,speed3,speed4,stop0,stop1,stop2,stop3,stop4,time,timeloss0,timeloss1,timeloss2,timeloss3,timeloss4,travel0,travel1,travel2,travel3,travel4,wait0,wait1,wait2,wait3,wait4,rsssl_rrsll_rsl_rsslll_0,rsssl_rrsll_rsl_rsslll_1,rsssl_rrsll_rsl_rsslll_2,rsssl_rrsll_rsl_rsslll_3,performance measure
0,5,1,1,3,5,2,2,1,3,1,1,1,6,3,1,2,rsssl_rrsll_rsl_rsslll,299.0,354.0,188.0,265.0,268.0,346.0,218.0,315.0,113.0,860.0,468.0,65.0,14.0,11.0,14.0,18.0,8.310289310648272,8.421483234113534,8.237173505281602,8.325156460857142,8.570560010214678,0.8597038191738113,0.838154808444097,0.9026217228464419,0.8431689571544059,0.7903351519875292,3.4459683895111084,32.596321122369424,30.299609069585607,34.42245692883893,30.91154405820536,28.755268901013274,77.45830085736554,75.16653635652854,79.29812734082397,75.73160873080032,73.59158222915043,23.590802805923616,21.60594214229867,24.991011235955057,22.33306386418755,20.289945440374122,14.0,11.0,14.0,18.0,22.562153097747803
