,1,1l,1r,1s,2,2l,2r,2s,3,3l,3r,3s,4,4l,4r,4s,id,1_2,1_3,1_4,2_1,2_3,2_4,3_1,3_2,3_4,4_1,4_2,4_3,p1,p2,p3,p4,speed0,speed1,speed2,speed3,speed4,stop0,stop1,stop2,stop3,stop4,time,timeloss0,timeloss1,timeloss2,timeloss3,timeloss4,travel0,travel1,travel2,travel3,travel4,wait0,wait1,wait2,wait3,wait4,rsssl_rrsll_rsl_rsslll_0,rsssl_rrsll_rsl_rsslll_1,rsssl_rrsll_rsl_rsslll_2,rsssl_rrsll_rsl_rsslll_3,performance measure
0,5,1,1,3,5,2,2,1,3,1,1,1,6,3,1,2,rsssl_rrsll_rsl_rsslll,134.0,213.0,305.0,454.0,189.0,156.0,83.0,211.0,81.0,532.0,332.0,169.0,8.0,5.0,8.0,8.0,9.896799639558711,9.725157215433956,9.769084732871992,9.943506121280805,9.956052119255789,0.6815816857440167,0.7136929460580913,0.6895522388059702,0.6708994708994709,0.6577042399172699,3.046510696411133,16.55077003121748,17.3641182572614,17.226845771144273,15.755269841269854,15.83094105480872,61.21123829344433,62.05601659751037,61.876616915422886,60.3978835978836,60.44364012409514,9.420395421436004,10.060165975103734,10.132338308457712,8.778835978835978,8.81799379524302,8.0,5.0,8.0,8.0,9.44194589581529
