,1,1l,1r,1s,2,2l,2r,2s,3,3l,3r,3s,4,4l,4r,4s,id,1_2,1_3,1_4,2_1,2_3,2_4,3_1,3_2,3_4,4_1,4_2,4_3,p1,p2,p3,p4,speed0,speed1,speed2,speed3,speed4,stop0,stop1,stop2,stop3,stop4,time,timeloss0,timeloss1,timeloss2,timeloss3,timeloss4,travel0,travel1,travel2,travel3,travel4,wait0,wait1,wait2,wait3,wait4,rsl_rsl_rsl_rrssssl_0,rsl_rsl_rsl_rrssssl_1,rsl_rsl_rsl_rrssssl_2,rsl_rsl_rsl_rrssssl_3,performance measure
0,3,1,1,1,3,1,1,1,3,1,1,1,7,1,2,4,rsl_rsl_rsl_rrssssl,307.0,143.0,316.0,249.0,126.0,237.0,173.0,129.0,180.0,323.0,977.0,354.0,11.0,8.0,11.0,11.0,8.623427725658685,8.59008691088683,8.479799113231879,8.932005081681744,8.908313674259537,0.9235245220282626,0.9542760372565622,0.9834299917149959,0.830948121645796,0.8284518828451883,3.2499852180480957,29.91227763923524,31.184775613886508,32.4805053852527,25.369534883720924,25.499347280334675,74.82211138819618,76.09060118543607,77.3927091963546,70.26296958855099,70.418410041841,20.46467165419784,21.440304826418288,22.47970173985087,16.976744186046513,16.90878661087866,11.0,8.0,11.0,11.0,19.654041803478435
