,1,1l,1r,1s,2,2l,2r,2s,3,3l,3r,3s,4,4l,4r,4s,id,1_2,1_3,1_4,2_1,2_3,2_4,3_1,3_2,3_4,4_1,4_2,4_3,p1,p2,p3,p4,speed0,speed1,speed2,speed3,speed4,stop0,stop1,stop2,stop3,stop4,time,timeloss0,timeloss1,timeloss2,timeloss3,timeloss4,travel0,travel1,travel2,travel3,travel4,wait0,wait1,wait2,wait3,wait4,rsl_rssslll_rrsssl_rsslll_0,rsl_rssslll_rrsssl_rsslll_1,rsl_rssslll_rrsssl_rsslll_2,rsl_rssslll_rrsssl_rsslll_3,performance measure
0,3,1,1,1,7,3,1,3,6,1,2,3,6,3,1,2,rsl_rssslll_rrsssl_rsslll,203.0,340.0,212.0,263.0,867.0,976.0,541.0,528.0,315.0,606.0,155.0,258.0,14.0,14.0,14.0,14.0,8.419170529465987,8.50718043748305,8.170830466662059,8.18199701070516,8.319963433700378,0.8311833987661245,0.8218487394957983,0.9247135842880524,0.9243888573052871,0.9359550561797753,4.6064252853393555,29.52266404935498,29.240521008403288,35.76307146753962,33.98558840250142,34.88825280898879,74.22265844083006,73.97703081232493,80.44735406437535,78.69528140989199,79.55898876404494,20.888951205832868,20.61792717086835,25.855428259683578,24.505400795906766,24.930337078651686,14.0,14.0,14.0,14.0,23.35960890218865
