,1,1l,1r,1s,2,2l,2r,2s,3,3l,3r,3s,4,4l,4r,4s,id,1_2,1_3,1_4,2_1,2_3,2_4,3_1,3_2,3_4,4_1,4_2,4_3,p1,p2,p3,p4,speed0,speed1,speed2,speed3,speed4,stop0,stop1,stop2,stop3,stop4,time,timeloss0,timeloss1,timeloss2,timeloss3,timeloss4,travel0,travel1,travel2,travel3,travel4,wait0,wait1,wait2,wait3,wait4,rsl_rsl_rsl_rrssll_0,rsl_rsl_rsl_rrssll_1,rsl_rsl_rsl_rrssll_2,rsl_rsl_rsl_rrssll_3,performance measure
0,3,1,1,1,3,1,1,1,3,1,1,1,6,2,2,2,rsl_rsl_rsl_rrssll,169.0,331.0,59.0,86.0,221.0,145.0,63.0,109.0,160.0,170.0,257.0,548.0,11.0,14.0,11.0,8.0,9.074180054537647,9.083288230937637,9.065444064541373,9.051243819478573,9.069752459312395,0.7591240875912408,0.758043758043758,0.7518703241895262,0.7819148936170213,0.7759067357512953,2.8507115840911865,23.980754257907524,23.26948519948519,23.430211970074815,24.117300531914935,24.005725388601046,68.79075425790754,68.11454311454311,68.32294264339153,68.88164893617021,68.8238341968912,16.081508515815084,15.574002574002574,15.547381546134662,16.18351063829787,16.007772020725387,11.0,14.0,11.0,8.0,15.878835058995117
