,1,1l,1r,1s,2,2l,2r,2s,3,3l,3r,3s,4,4l,4r,4s,id,1_2,1_3,1_4,2_1,2_3,2_4,3_1,3_2,3_4,4_1,4_2,4_3,p1,p2,p3,p4,speed0,speed1,speed2,speed3,speed4,stop0,stop1,stop2,stop3,stop4,time,timeloss0,timeloss1,timeloss2,timeloss3,timeloss4,travel0,travel1,travel2,travel3,travel4,wait0,wait1,wait2,wait3,wait4,rsl_rsssssl_rsll_rrssl_0,rsl_rsssssl_rsll_rrssl_1,rsl_rsssssl_rsll_rrssl_2,rsl_rsssssl_rsll_rrssl_3,performance measure
0,3,1,1,1,7,1,1,5,4,2,1,1,5,1,2,2,rsl_rsssssl_rsll_rrssl,110.0,313.0,263.0,149.0,212.0,826.0,273.0,278.0,275.0,154.0,639.0,554.0,8.0,14.0,11.0,14.0,9.150576721379426,9.059449934476778,9.143714466175352,9.05512538289112,9.19625253192459,0.7415492957746479,0.7573313782991202,0.7403636363636363,0.7551775147928994,0.7209302325581395,3.6936287879943848,22.832063380281678,23.53967008797655,23.184261818181863,24.08522189349114,22.64680761099367,67.65352112676057,68.27785923753666,68.04436363636364,68.85133136094674,67.45172656800564,14.92887323943662,15.621700879765395,15.328727272727273,16.15310650887574,14.782241014799155,8.0,14.0,11.0,14.0,15.362929783120837
