,1,1l,1r,1s,2,2l,2r,2s,3,3l,3r,3s,4,4l,4r,4s,id,1_2,1_3,1_4,2_1,2_3,2_4,3_1,3_2,3_4,4_1,4_2,4_3,p1,p2,p3,p4,speed0,speed1,speed2,speed3,speed4,stop0,stop1,stop2,stop3,stop4,time,timeloss0,timeloss1,timeloss2,timeloss3,timeloss4,travel0,travel1,travel2,travel3,travel4,wait0,wait1,wait2,wait3,wait4,rsl_rsl_rsssl_rsl_0,rsl_rsl_rsssl_rsl_1,rsl_rsl_rsssl_rsl_2,rsl_rsl_rsssl_rsl_3,performance measure
0,3,1,1,1,3,1,1,1,5,1,1,3,3,1,1,1,rsl_rsl_rsssl_rsl,161.0,93.0,49.0,231.0,186.0,353.0,810.0,313.0,171.0,76.0,64.0,94.0,8.0,11.0,8.0,14.0,8.612684474988736,8.868309249215619,8.622086947439035,8.827099311928087,9.087192856655454,0.8924259055982436,0.8129988597491448,0.8806133625410734,0.8264462809917356,0.7585421412300684,2.671915292739868,28.766509330406148,25.729703534777688,27.883263964950697,25.763093270366,23.524066059225504,73.73545554335895,70.66704675028507,72.86308871851041,70.70484061393152,68.4373576309795,19.61251372118551,17.322690992018245,19.05695509309967,17.322314049586776,15.518223234624147,8.0,11.0,8.0,14.0,17.766539418102873
