,1,1l,1r,1s,2,2l,2r,2s,3,3l,3r,3s,4,4l,4r,4s,id,1_2,1_3,1_4,2_1,2_3,2_4,3_1,3_2,3_4,4_1,4_2,4_3,p1,p2,p3,p4,speed0,speed1,speed2,speed3,speed4,stop0,stop1,stop2,stop3,stop4,time,timeloss0,timeloss1,timeloss2,timeloss3,timeloss4,travel0,travel1,travel2,travel3,travel4,wait0,wait1,wait2,wait3,wait4,rsl_rrsll_rsl_rslll_0,rsl_rrsll_rsl_rslll_1,rsl_rrsll_rsl_rslll_2,rsl_rrsll_rsl_rslll_3,performance measure
0,3,1,1,1,5,2,2,1,3,1,1,1,5,3,1,1,rsl_rrsll_rsl_rslll,215.0,319.0,323.0,106.0,468.0,80.0,54.0,94.0,131.0,558.0,354.0,193.0,11.0,14.0,11.0,14.0,8.62454399274954,8.209469016061268,8.391681692421802,8.58361880826577,8.362424583857534,0.8309716599190283,0.9216867469879518,0.8649706457925636,0.8397435897435898,0.8884422110552764,2.8973028659820557,28.574251012145712,32.22748995983937,30.404540117416836,28.739700854700903,31.227226130653236,73.58603238866397,77.25200803212851,75.43542074363992,73.76388888888889,76.22814070351758,19.94331983805668,22.86144578313253,21.57632093933464,20.168803418803417,22.069346733668343,11.0,14.0,11.0,14.0,21.323847342599123
