,1,1l,1r,1s,2,2l,2r,2s,3,3l,3r,3s,4,4l,4r,4s,id,1_2,1_3,1_4,2_1,2_3,2_4,3_1,3_2,3_4,4_1,4_2,4_3,p1,p2,p3,p4,speed0,speed1,speed2,speed3,speed4,stop0,stop1,stop2,stop3,stop4,time,timeloss0,timeloss1,timeloss2,timeloss3,timeloss4,travel0,travel1,travel2,travel3,travel4,wait0,wait1,wait2,wait3,wait4,rsssssl_rssssll_rsl_rssll_0,rsssssl_rssssll_rsl_rssll_1,rsssssl_rssssll_rsl_rssll_2,rsssssl_rssssll_rsl_rssll_3,performance measure
0,7,1,1,5,7,2,1,4,3,1,1,1,5,2,1,2,rsssssl_rssssll_rsl_rssll,62.0,1200.0,297.0,78.0,281.0,731.0,234.0,144.0,204.0,384.0,117.0,161.0,8.0,11.0,11.0,8.0,9.320865222682857,9.33297267091339,9.161206251167377,9.274364992968636,9.280721380779836,0.759009009009009,0.749060856498873,0.7897943640517898,0.7698907956318253,0.7602739726027398,3.515528440475464,21.2920870870871,21.26882043576259,23.158469154607783,22.151840873634956,22.115692541856976,66.05330330330331,66.03681442524417,67.91089108910892,66.899375975039,66.85007610350075,13.572822822822824,13.703230653643876,15.199543031226199,14.36817472698908,14.28158295281583,8.0,11.0,11.0,8.0,14.225070837499562
