,1,1l,1r,1s,2,2l,2r,2s,3,3l,3r,3s,4,4l,4r,4s,id,1_2,1_3,1_4,2_1,2_3,2_4,3_1,3_2,3_4,4_1,4_2,4_3,p1,p2,p3,p4,speed0,speed1,speed2,speed3,speed4,stop0,stop1,stop2,stop3,stop4,time,timeloss0,timeloss1,timeloss2,timeloss3,timeloss4,travel0,travel1,travel2,travel3,travel4,wait0,wait1,wait2,wait3,wait4,rrsll_rssl_rsssll_rsl_0,rrsll_rssl_rsssll_rsl_1,rrsll_rssl_rsssll_rsl_2,rrsll_rssl_rsssll_rsl_3,performance measure
0,5,2,2,1,4,1,1,2,6,2,1,3,3,1,1,1,rrsll_rssl_rsssll_rsl,224.0,247.0,125.0,37.0,125.0,243.0,638.0,120.0,147.0,85.0,165.0,170.0,5.0,11.0,8.0,8.0,9.442237385226884,9.524774863117822,9.470887469094027,9.61722248910388,9.51695396656115,0.7708333333333334,0.7388535031847133,0.7650676506765067,0.7307692307692307,0.7493734335839599,2.7709290981292725,20.60252450980393,19.774203821656013,20.420971709717087,18.76603448275862,19.798157894736857,65.5171568627451,64.72101910828026,65.34071340713407,63.58753315649867,64.71929824561404,13.196078431372548,12.40764331210191,12.830258302583026,11.411140583554376,12.50125313283208,5.0,11.0,8.0,8.0,12.46927475248879
