,1,1l,1r,1s,2,2l,2r,2s,3,3l,3r,3s,4,4l,4r,4s,id,1_2,1_3,1_4,2_1,2_3,2_4,3_1,3_2,3_4,4_1,4_2,4_3,p1,p2,p3,p4,speed0,speed1,speed2,speed3,speed4,stop0,stop1,stop2,stop3,stop4,time,timeloss0,timeloss1,timeloss2,timeloss3,timeloss4,travel0,travel1,travel2,travel3,travel4,wait0,wait1,wait2,wait3,wait4,rsll_rsl_rssslll_rrsssll_0,rsll_rsl_rssslll_rrsssll_1,rsll_rsl_rssslll_rrsssll_2,rsll_rsl_rssslll_rrsssll_3,performance measure
0,4,2,1,1,3,1,1,1,7,3,1,3,7,2,2,3,rsll_rsl_rssslll_rrsssll,238.0,222.0,184.0,65.0,162.0,110.0,422.0,49.0,624.0,358.0,1047.0,395.0,11.0,11.0,11.0,14.0,8.964269146503264,8.899429231003834,8.765411424771944,8.953952283480769,9.078909300155757,0.7840909090909091,0.784627092846271,0.8026412325752018,0.7673692427790788,0.7584905660377359,3.3940720558166504,24.09618939393937,24.572998477929982,26.214431401320613,24.48420765027319,23.338913207547172,68.93863636363636,69.40943683409436,71.12105649303008,69.32552693208432,68.1788679245283,16.21212121212121,16.668188736681888,18.068231841526046,16.749414519906324,15.581132075471698,11.0,11.0,11.0,14.0,16.655817677141435
