,1,1l,1r,1s,2,2l,2r,2s,3,3l,3r,3s,4,4l,4r,4s,id,1_2,1_3,1_4,2_1,2_3,2_4,3_1,3_2,3_4,4_1,4_2,4_3,p1,p2,p3,p4,speed0,speed1,speed2,speed3,speed4,stop0,stop1,stop2,stop3,stop4,time,timeloss0,timeloss1,timeloss2,timeloss3,timeloss4,travel0,travel1,travel2,travel3,travel4,wait0,wait1,wait2,wait3,wait4,rssll_rrssl_rssslll_rrssll_0,rssll_rrssl_rssslll_rrssll_1,rssll_rrssl_rssslll_rrssll_2,rssll_rrssl_rssslll_rrssll_3,performance measure
0,5,2,1,2,5,1,2,2,7,3,1,3,6,2,2,2,rssll_rrssl_rssslll_rrssll,597.0,214.0,177.0,582.0,100.0,291.0,307.0,260.0,629.0,526.0,412.0,517.0,11.0,5.0,11.0,8.0,9.481038456949184,9.500675053223333,9.239307705963002,9.55354596497102,9.511701441331633,0.7273885350318471,0.7282051282051282,0.7868649318463445,0.7200784826684107,0.7230869001297017,3.9239017963409424,19.582630573248398,19.45276923076923,21.636629491945502,18.93892086330937,19.233767833981855,64.1063694267516,64.02820512820513,66.25526641883519,63.45650752125572,63.80350194552529,12.024840764331211,11.972435897435897,13.636307311028501,11.502289077828646,11.843709468223087,11.0,5.0,11.0,8.0,12.19591650376947
