,1,1l,1r,1s,2,2l,2r,2s,3,3l,3r,3s,4,4l,4r,4s,id,1_2,1_3,1_4,2_1,2_3,2_4,3_1,3_2,3_4,4_1,4_2,4_3,p1,p2,p3,p4,speed0,speed1,speed2,speed3,speed4,stop0,stop1,stop2,stop3,stop4,time,timeloss0,timeloss1,timeloss2,timeloss3,timeloss4,travel0,travel1,travel2,travel3,travel4,wait0,wait1,wait2,wait3,wait4,rrsll_rssl_rsssll_rsl_0,rrsll_rssl_rsssll_rsl_1,rrsll_rssl_rsssll_rsl_2,rrsll_rssl_rsssll_rsl_3,performance measure
0,5,2,2,1,4,1,1,2,6,2,1,3,3,1,1,1,rrsll_rssl_rsssll_rsl,583.0,142.0,497.0,279.0,41.0,711.0,806.0,251.0,398.0,276.0,92.0,205.0,14.0,14.0,14.0,18.0,8.459415634905081,8.282852116130245,8.344076926390432,8.499407033492723,8.542679980957622,0.8077975376196991,0.8304853041695147,0.8323353293413174,0.7905027932960894,0.7772346368715084,3.5313446521759033,29.172284541723673,32.701606288448396,31.049015302727856,29.431927374301633,28.554280726256977,74.01504787961696,77.56801093643199,75.91683300066533,74.31703910614524,73.4127094972067,20.736662106703147,23.805194805194805,22.19494344644045,20.9231843575419,20.26396648044693,14.0,14.0,14.0,18.0,21.584790239265445
