,1,1l,1r,1s,2,2l,2r,2s,3,3l,3r,3s,4,4l,4r,4s,id,1_2,1_3,1_4,2_1,2_3,2_4,3_1,3_2,3_4,4_1,4_2,4_3,p1,p2,p3,p4,speed0,speed1,speed2,speed3,speed4,stop0,stop1,stop2,stop3,stop4,time,timeloss0,timeloss1,timeloss2,timeloss3,timeloss4,travel0,travel1,travel2,travel3,travel4,wait0,wait1,wait2,wait3,wait4,rsl_rsl_rsl_rrssll_0,rsl_rsl_rsl_rrssll_1,rsl_rsl_rsl_rrssll_2,rsl_rsl_rsl_rrssll_3,performance measure
0,3,1,1,1,3,1,1,1,3,1,1,1,6,2,2,2,rsl_rsl_rsl_rrssll,106.0,215.0,76.0,111.0,49.0,352.0,173.0,230.0,95.0,247.0,675.0,378.0,5.0,8.0,5.0,11.0,9.203736941282822,9.407954028045282,9.139309776765025,9.586492203790737,9.443091399335788,0.8881856540084389,0.8074398249452954,0.8816067653276956,0.7599544937428896,0.7830290010741139,2.9744720458984375,23.44412447257383,20.478949671772412,23.077463002114172,18.752002275312876,20.526380236305076,68.35337552742617,65.38074398249454,68.01268498942918,63.617747440273035,65.44897959183673,14.520042194092827,12.5109409190372,14.519027484143763,11.127417519908988,12.415682062298604,5.0,8.0,5.0,11.0,13.018622035896277
