,1,1l,1r,1s,2,2l,2r,2s,3,3l,3r,3s,4,4l,4r,4s,id,1_2,1_3,1_4,2_1,2_3,2_4,3_1,3_2,3_4,4_1,4_2,4_3,p1,p2,p3,p4,speed0,speed1,speed2,speed3,speed4,stop0,stop1,stop2,stop3,stop4,time,timeloss0,timeloss1,timeloss2,timeloss3,timeloss4,travel0,travel1,travel2,travel3,travel4,wait0,wait1,wait2,wait3,wait4,rsl_rrsll_rsl_rslll_0,rsl_rrsll_rsl_rslll_1,rsl_rrsll_rsl_rslll_2,rsl_rrsll_rsl_rslll_3,performance measure
0,3,1,1,1,5,2,2,1,3,1,1,1,5,3,1,1,rsl_rrsll_rsl_rslll,233.0,259.0,178.0,176.0,409.0,107.0,185.0,187.0,117.0,286.0,64.0,224.0,11.0,11.0,8.0,5.0,9.273195591385571,9.39295173342142,9.232575156351475,9.402283002341685,9.378796328416628,0.7907801418439716,0.7389749702026222,0.801605504587156,0.7402269861286255,0.7701564380264742,2.686864137649536,22.506111111111114,20.76860548271753,21.984449541284423,20.38459016393441,20.745607701564364,67.37825059101655,65.64362336114422,66.85550458715596,65.24590163934427,65.56317689530685,14.52127659574468,13.353992848629321,14.009174311926605,12.804539722572509,13.10589651022864,11.0,11.0,8.0,5.0,13.558975997820351
