,1,1l,1r,1s,2,2l,2r,2s,3,3l,3r,3s,4,4l,4r,4s,id,1_2,1_3,1_4,2_1,2_3,2_4,3_1,3_2,3_4,4_1,4_2,4_3,p1,p2,p3,p4,speed0,speed1,speed2,speed3,speed4,stop0,stop1,stop2,stop3,stop4,time,timeloss0,timeloss1,timeloss2,timeloss3,timeloss4,travel0,travel1,travel2,travel3,travel4,wait0,wait1,wait2,wait3,wait4,rssll_rrssl_rssslll_rrssll_0,rssll_rrssl_rssslll_rrssll_1,rssll_rrssl_rssslll_rrssll_2,rssll_rrssl_rssslll_rrssll_3,performance measure
0,5,2,1,2,5,1,2,2,7,3,1,3,6,2,2,2,rssll_rrssl_rssslll_rrssll,215.0,230.0,129.0,525.0,283.0,173.0,487.0,201.0,339.0,567.0,287.0,554.0,5.0,8.0,11.0,8.0,9.496951013228797,9.503226807493007,9.427452764806224,9.536584055691241,9.640055755751494,0.7590448625180898,0.7345132743362832,0.7622126436781609,0.7447604790419161,0.7105064247921391,3.2656772136688232,19.255716353111463,19.195368731563406,19.867931034482755,19.128630239520948,18.198465608465614,63.69247467438495,63.66445427728613,64.4382183908046,63.53517964071856,62.63869992441421,11.811866859623734,11.699852507374631,12.258620689655173,11.58682634730539,11.004535147392291,5.0,8.0,11.0,8.0,11.672340310270243
