,1,1l,1r,1s,2,2l,2r,2s,3,3l,3r,3s,4,4l,4r,4s,id,1_2,1_3,1_4,2_1,2_3,2_4,3_1,3_2,3_4,4_1,4_2,4_3,p1,p2,p3,p4,speed0,speed1,speed2,speed3,speed4,stop0,stop1,stop2,stop3,stop4,time,timeloss0,timeloss1,timeloss2,timeloss3,timeloss4,travel0,travel1,travel2,travel3,travel4,wait0,wait1,wait2,wait3,wait4,rrsll_rssl_rsssll_rsl_0,rrsll_rssl_rsssll_rsl_1,rrsll_rssl_rsssll_rsl_2,rrsll_rssl_rsssll_rsl_3,performance measure
0,5,2,2,1,4,1,1,2,6,2,1,3,3,1,1,1,rrsll_rssl_rsssll_rsl,244.0,145.0,329.0,278.0,268.0,689.0,394.0,164.0,154.0,81.0,165.0,75.0,5.0,8.0,8.0,11.0,9.197267795142146,9.271430274339242,9.099145449568343,9.062274422110683,9.427863817050204,0.8262548262548263,0.8191808191808192,0.9083895853423336,0.9469928644240571,0.7762512266928361,3.062278985977173,22.431669884169878,22.186353646353613,25.727415621986523,26.634046890927667,20.30659470068694,67.25965250965251,67.03696303696303,70.48505303760848,71.43730886850153,65.07850834151128,14.285714285714286,14.257742257742258,16.887174541947928,17.408766564729866,12.5053974484789,5.0,8.0,8.0,11.0,15.068959019722646
