,1,1l,1r,1s,2,2l,2r,2s,3,3l,3r,3s,4,4l,4r,4s,id,1_2,1_3,1_4,2_1,2_3,2_4,3_1,3_2,3_4,4_1,4_2,4_3,p1,p2,p3,p4,speed0,speed1,speed2,speed3,speed4,stop0,stop1,stop2,stop3,stop4,time,timeloss0,timeloss1,timeloss2,timeloss3,timeloss4,travel0,travel1,travel2,travel3,travel4,wait0,wait1,wait2,wait3,wait4,rsssssl_rsl_rrsslll_rsssll_0,rsssssl_rsl_rrsslll_rsssll_1,rsssssl_rsl_rrsslll_rsssll_2,rsssssl_rsl_rrsslll_rsssll_3,performance measure
0,7,1,1,5,3,1,1,1,7,3,2,2,6,2,1,3,rsssssl_rsl_rrsslll_rsssll,246.0,982.0,211.0,132.0,127.0,264.0,554.0,386.0,786.0,319.0,430.0,55.0,11.0,11.0,8.0,11.0,8.791674040894057,8.99674230632523,8.84793591331852,9.040287404276537,9.008949311942283,0.900131406044678,0.7874331550802139,0.8438516590761224,0.7876901798063624,0.7940026075619296,4.125845670700073,27.98257555847574,23.916651069518743,25.449700715679853,23.268997233748266,23.68685136897001,72.84494086727989,68.7894385026738,70.27586206896552,68.11272475795298,68.50782268578878,18.821944809461236,15.953877005347593,17.087833441769682,15.337482710926695,15.69361147327249,11.0,11.0,8.0,11.0,16.57894988815554
