,1,1l,1r,1s,2,2l,2r,2s,3,3l,3r,3s,4,4l,4r,4s,id,1_2,1_3,1_4,2_1,2_3,2_4,3_1,3_2,3_4,4_1,4_2,4_3,p1,p2,p3,p4,speed0,speed1,speed2,speed3,speed4,stop0,stop1,stop2,stop3,stop4,time,timeloss0,timeloss1,timeloss2,timeloss3,timeloss4,travel0,travel1,travel2,travel3,travel4,wait0,wait1,wait2,wait3,wait4,rsl_rsssssl_rsll_rrssl_0,rsl_rsssssl_rsll_rrssl_1,rsl_rsssssl_rsll_rrssl_2,rsl_rsssssl_rsll_rrssl_3,performance measure
0,3,1,1,1,7,1,1,5,4,2,1,1,5,1,2,2,rsl_rsssssl_rsll_rrssl,164.0,244.0,222.0,222.0,215.0,1201.0,54.0,243.0,226.0,120.0,130.0,391.0,8.0,11.0,8.0,11.0,9.459595247312444,9.179950389655287,9.238986466475225,9.208320381025649,9.557387967704958,0.7216582064297801,0.8058419243986255,0.7649958915365653,0.8421052631578947,0.7007738607050731,3.30493426322937,20.852487309644662,23.425506872852246,22.420566967953985,25.200421052631565,19.621306964746317,65.58206429780034,68.13230240549828,67.14626129827444,69.91578947368421,64.32674118658642,13.208121827411167,15.289518900343642,14.52013147082991,16.81140350877193,12.187446259673258,8.0,11.0,8.0,11.0,14.403324393405985
