,1,1l,1r,1s,2,2l,2r,2s,3,3l,3r,3s,4,4l,4r,4s,id,1_2,1_3,1_4,2_1,2_3,2_4,3_1,3_2,3_4,4_1,4_2,4_3,p1,p2,p3,p4,speed0,speed1,speed2,speed3,speed4,stop0,stop1,stop2,stop3,stop4,time,timeloss0,timeloss1,timeloss2,timeloss3,timeloss4,travel0,travel1,travel2,travel3,travel4,wait0,wait1,wait2,wait3,wait4,rsssssl_rssssll_rsl_rssll_0,rsssssl_rssssll_rsl_rssll_1,rsssssl_rssssll_rsl_rssll_2,rsssssl_rssssll_rsl_rssll_3,performance measure
0,7,1,1,5,7,2,1,4,3,1,1,1,5,2,1,2,rsssssl_rssssll_rsl_rssll,212.0,893.0,296.0,95.0,140.0,255.0,150.0,216.0,100.0,230.0,444.0,165.0,11.0,11.0,8.0,11.0,9.27482257721203,9.281116879130357,9.222439661732626,9.413790244092999,9.346768152027295,0.7506775067750677,0.726078799249531,0.761012183692596,0.7038883349950149,0.7291280148423006,3.6801373958587646,21.562222222222264,21.65477485928705,21.86204311152765,20.521515453639108,20.914656771799603,66.20234869015357,66.3048780487805,66.53139643861293,65.18444666001994,65.52226345083488,13.998193315266485,14.332082551594747,14.268978444236176,13.216350947158524,13.600185528756958,11.0,11.0,8.0,11.0,13.88315815740258
