,1,1l,1r,1s,2,2l,2r,2s,3,3l,3r,3s,4,4l,4r,4s,id,1_2,1_3,1_4,2_1,2_3,2_4,3_1,3_2,3_4,4_1,4_2,4_3,p1,p2,p3,p4,speed0,speed1,speed2,speed3,speed4,stop0,stop1,stop2,stop3,stop4,time,timeloss0,timeloss1,timeloss2,timeloss3,timeloss4,travel0,travel1,travel2,travel3,travel4,wait0,wait1,wait2,wait3,wait4,rsl_rsl_rsl_rrssssl_0,rsl_rsl_rsl_rrssssl_1,rsl_rsl_rsl_rrssssl_2,rsl_rsl_rsl_rrssssl_3,performance measure
0,3,1,1,1,3,1,1,1,3,1,1,1,7,1,2,4,rsl_rsl_rsl_rrssssl,135.0,192.0,283.0,208.0,220.0,220.0,187.0,294.0,195.0,277.0,815.0,613.0,8.0,8.0,11.0,11.0,9.160831862839748,9.173736157796833,8.88687423140134,9.21978536238635,9.237734163155261,0.8056206088992974,0.7885391444713479,0.9333333333333333,0.7760683760683761,0.7867820613690008,3.5953032970428467,24.373286494925853,22.486263115415678,30.309186991869904,22.251777777777786,23.255255704169944,69.05074160811866,67.2090395480226,75.02276422764227,66.96752136752137,67.9645948072384,15.842310694769711,14.27360774818402,20.770731707317072,14.196581196581196,14.923682140047207,8.0,8.0,11.0,11.0,16.001382697379842
