,1,1l,1r,1s,2,2l,2r,2s,3,3l,3r,3s,4,4l,4r,4s,id,1_2,1_3,1_4,2_1,2_3,2_4,3_1,3_2,3_4,4_1,4_2,4_3,p1,p2,p3,p4,speed0,speed1,speed2,speed3,speed4,stop0,stop1,stop2,stop3,stop4,time,timeloss0,timeloss1,timeloss2,timeloss3,timeloss4,travel0,travel1,travel2,travel3,travel4,wait0,wait1,wait2,wait3,wait4,rsll_rsl_rssslll_rrsssll_0,rsll_rsl_rssslll_rrsssll_1,rsll_rsl_rssslll_rrsssll_2,rsll_rsl_rssslll_rrsssll_3,performance measure
0,4,2,1,1,3,1,1,1,7,3,1,3,7,2,2,3,rsll_rsl_rssslll_rrsssll,224.0,232.0,223.0,171.0,201.0,109.0,835.0,107.0,804.0,374.0,1041.0,120.0,11.0,14.0,11.0,14.0,8.678747334557269,8.599470813457259,8.2356063095069,8.278065397718697,8.295890686703206,0.8059904697072838,0.8346666666666667,0.9043927648578811,0.9187853107344632,0.8902116402116402,3.8126020431518555,26.813539823008806,27.33452666666671,31.462868217054204,32.35223870056496,31.017665343915347,71.77671885636488,72.34333333333333,76.45025839793281,77.34533898305085,75.98280423280423,18.479237576582708,18.958,22.415374677002585,23.236581920903955,21.997354497354497,11.0,14.0,11.0,14.0,21.017309734368748
