,1,1l,1r,1s,2,2l,2r,2s,3,3l,3r,3s,4,4l,4r,4s,id,1_2,1_3,1_4,2_1,2_3,2_4,3_1,3_2,3_4,4_1,4_2,4_3,p1,p2,p3,p4,speed0,speed1,speed2,speed3,speed4,stop0,stop1,stop2,stop3,stop4,time,timeloss0,timeloss1,timeloss2,timeloss3,timeloss4,travel0,travel1,travel2,travel3,travel4,wait0,wait1,wait2,wait3,wait4,rsl_rrsll_rsl_rslll_0,rsl_rrsll_rsl_rslll_1,rsl_rrsll_rsl_rslll_2,rsl_rrsll_rsl_rslll_3,performance measure
0,3,1,1,1,5,2,2,1,3,1,1,1,5,3,1,1,rsl_rrsll_rsl_rslll,178.0,302.0,295.0,440.0,339.0,312.0,132.0,59.0,257.0,639.0,244.0,292.0,11.0,14.0,11.0,14.0,8.575908474914918,8.714467380517696,8.534797024032045,8.853939159274125,8.611015807075498,0.864406779661017,0.8058091286307054,0.85,0.7980684811237928,0.8259041211101766,3.2790169715881348,29.989194915254206,26.99112033195018,29.094072580645104,26.972256365232685,27.927552565180875,74.87711864406779,71.91286307053942,73.98870967741935,71.85250219490781,72.80656013456687,20.87542372881356,18.582572614107885,20.276612903225807,18.54609306409131,19.223717409587888,11.0,14.0,11.0,14.0,19.50088394396529
