,1,1l,1r,1s,2,2l,2r,2s,3,3l,3r,3s,4,4l,4r,4s,id,1_2,1_3,1_4,2_1,2_3,2_4,3_1,3_2,3_4,4_1,4_2,4_3,p1,p2,p3,p4,speed0,speed1,speed2,speed3,speed4,stop0,stop1,stop2,stop3,stop4,time,timeloss0,timeloss1,timeloss2,timeloss3,timeloss4,travel0,travel1,travel2,travel3,travel4,wait0,wait1,wait2,wait3,wait4,rssl_rrsslll_rsl_rrsll_0,rssl_rrsslll_rsl_rrsll_1,rssl_rrsslll_rsl_rrsll_2,rssl_rrsslll_rsl_rrsll_3,performance measure
0,4,1,1,2,7,3,2,2,3,1,1,1,5,2,2,1,rssl_rrsslll_rsl_rrsll,42.0,496.0,306.0,328.0,784.0,286.0,289.0,65.0,47.0,495.0,85.0,197.0,5.0,11.0,11.0,8.0,9.427744421809399,9.388138592172083,9.426264309334355,9.52147993652103,9.441501694337386,0.7438087105038429,0.7408637873754153,0.7535153019023987,0.7258064516129032,0.7452123230641132,3.4950876235961914,20.53153714773696,20.246960132890376,19.92410256410252,19.1242831541219,19.943896752706085,65.29632792485056,65.0390365448505,64.68651778329198,63.88709677419355,64.72522897585345,12.768573868488472,12.633720930232558,12.136476426799007,11.57168458781362,12.16985845129059,5.0,11.0,11.0,8.0,12.25606285292485
