,1,1l,1r,1s,2,2l,2r,2s,3,3l,3r,3s,4,4l,4r,4s,id,1_2,1_3,1_4,2_1,2_3,2_4,3_1,3_2,3_4,4_1,4_2,4_3,p1,p2,p3,p4,speed0,speed1,speed2,speed3,speed4,stop0,stop1,stop2,stop3,stop4,time,timeloss0,timeloss1,timeloss2,timeloss3,timeloss4,travel0,travel1,travel2,travel3,travel4,wait0,wait1,wait2,wait3,wait4,rsll_rsl_rssslll_rrsssll_0,rsll_rsl_rssslll_rrsssll_1,rsll_rsl_rssslll_rrsssll_2,rsll_rsl_rssslll_rrsssll_3,performance measure
0,4,2,1,1,3,1,1,1,7,3,1,3,7,2,2,3,rsll_rsl_rssslll_rrsssll,390.0,113.0,148.0,238.0,289.0,150.0,423.0,216.0,587.0,168.0,182.0,300.0,11.0,8.0,11.0,8.0,9.406348356951739,9.419464421032037,9.323885233836776,9.28448766921119,9.509699370391466,0.7351598173515982,0.7385321100917431,0.7411347517730497,0.7669172932330827,0.7027027027027027,3.242007255554199,20.580566210045653,20.198110091743086,21.175859929077976,21.92609022556393,19.674790307548918,65.14611872146119,64.80366972477064,65.75797872340425,66.51503759398496,64.24510717614166,13.157990867579908,12.8348623853211,13.546099290780141,14.204887218045112,12.353215284249767,11.0,8.0,11.0,8.0,13.219411009195207
