,1,1l,1r,1s,2,2l,2r,2s,3,3l,3r,3s,4,4l,4r,4s,id,1_2,1_3,1_4,2_1,2_3,2_4,3_1,3_2,3_4,4_1,4_2,4_3,p1,p2,p3,p4,speed0,speed1,speed2,speed3,speed4,stop0,stop1,stop2,stop3,stop4,time,timeloss0,timeloss1,timeloss2,timeloss3,timeloss4,travel0,travel1,travel2,travel3,travel4,wait0,wait1,wait2,wait3,wait4,rrsssll_rsl_rsl_rrsll_0,rrsssll_rsl_rsl_rrsll_1,rrsssll_rsl_rsl_rrsll_2,rrsssll_rsl_rsl_rrsll_3,performance measure
0,7,2,2,3,3,1,1,1,3,1,1,1,5,2,2,1,rrsssll_rsl_rsl_rrsll,648.0,670.0,487.0,111.0,280.0,321.0,344.0,257.0,152.0,585.0,181.0,625.0,18.0,18.0,18.0,18.0,7.8065508388226545,7.916829759748829,7.884846324800136,8.272960982969314,8.111743487411898,0.9080100125156445,0.8526119402985075,0.8520859671302149,0.7868087941372418,0.8112965340179717,3.963038921356201,40.70767834793492,37.18290422885573,37.36752212389378,32.884383744170556,34.46775353016694,85.459324155194,81.99378109452736,82.23008849557522,77.66955363091273,79.26893453145058,30.647058823529413,27.867537313432837,27.9582806573957,24.120586275816123,25.64826700898588,18.0,18.0,18.0,18.0,27.24834601583199
