,1,1l,1r,1s,2,2l,2r,2s,3,3l,3r,3s,4,4l,4r,4s,id,1_2,1_3,1_4,2_1,2_3,2_4,3_1,3_2,3_4,4_1,4_2,4_3,p1,p2,p3,p4,speed0,speed1,speed2,speed3,speed4,stop0,stop1,stop2,stop3,stop4,time,timeloss0,timeloss1,timeloss2,timeloss3,timeloss4,travel0,travel1,travel2,travel3,travel4,wait0,wait1,wait2,wait3,wait4,rsl_rsssl_rssssl_rssll_0,rsl_rsssl_rssssl_rssll_1,rsl_rsssl_rssssl_rssll_2,rsl_rsssl_rssssl_rssll_3,performance measure
0,3,1,1,1,5,1,1,3,6,1,1,4,5,2,1,2,rsl_rsssl_rssssl_rssll,62.0,310.0,124.0,50.0,185.0,362.0,1079.0,83.0,193.0,646.0,110.0,46.0,8.0,11.0,11.0,5.0,9.042935876526341,8.641794486830884,8.940039560894443,9.08000919891125,8.866379459010655,0.8481012658227848,0.9602824360105914,0.8745674740484429,0.8426966292134831,0.906567992599445,3.3205487728118896,23.784367088607606,28.505834068843757,24.995025951557086,23.38406367041197,26.214616096207234,68.8245931283906,73.55604589585172,70.08996539792388,68.46348314606742,71.2886216466235,15.58860759493671,19.05648720211827,16.32179930795848,15.043071161048688,17.353376503237744,8.0,11.0,11.0,5.0,16.67266835385998
