,1,1l,1r,1s,2,2l,2r,2s,3,3l,3r,3s,4,4l,4r,4s,id,1_2,1_3,1_4,2_1,2_3,2_4,3_1,3_2,3_4,4_1,4_2,4_3,p1,p2,p3,p4,speed0,speed1,speed2,speed3,speed4,stop0,stop1,stop2,stop3,stop4,time,timeloss0,timeloss1,timeloss2,timeloss3,timeloss4,travel0,travel1,travel2,travel3,travel4,wait0,wait1,wait2,wait3,wait4,rsl_rsssssl_rsll_rrssl_0,rsl_rsssssl_rsll_rrssl_1,rsl_rsssssl_rsll_rrssl_2,rsl_rsssssl_rsll_rrssl_3,performance measure
0,3,1,1,1,7,1,1,5,4,2,1,1,5,1,2,2,rsl_rsssssl_rsll_rrssl,140.0,135.0,243.0,222.0,124.0,1377.0,93.0,56.0,413.0,91.0,412.0,604.0,8.0,5.0,8.0,11.0,9.648037979797714,9.639373523256129,9.386779855010053,9.668325552391991,9.634284210818791,0.7313769751693002,0.7231939163498099,0.8373983739837398,0.71850699844479,0.725,3.496285915374756,18.674808126410817,18.8016577946768,22.88451589061346,18.34320373250387,18.775454545454537,63.44018058690745,63.573384030418254,67.73540280857354,63.13063763608087,63.53030303030303,11.121896162528216,11.392395437262357,14.609016999260902,10.993779160186625,11.216666666666667,8.0,5.0,8.0,11.0,11.866750885180954
