,1,1l,1r,1s,2,2l,2r,2s,3,3l,3r,3s,4,4l,4r,4s,id,1_2,1_3,1_4,2_1,2_3,2_4,3_1,3_2,3_4,4_1,4_2,4_3,p1,p2,p3,p4,speed0,speed1,speed2,speed3,speed4,stop0,stop1,stop2,stop3,stop4,time,timeloss0,timeloss1,timeloss2,timeloss3,timeloss4,travel0,travel1,travel2,travel3,travel4,wait0,wait1,wait2,wait3,wait4,rrsslll_rrsll_rsssl_rrsslll_0,rrsslll_rrsll_rsssl_rrsslll_1,rrsslll_rrsll_rsssl_rrsslll_2,rrsslll_rrsll_rsssl_rrsslll_3,performance measure
0,7,3,2,2,5,2,2,1,5,1,1,3,7,3,2,2,rrsslll_rrsll_rsssl_rrsslll,562.0,537.0,81.0,602.0,423.0,330.0,500.0,298.0,250.0,708.0,681.0,586.0,11.0,11.0,11.0,14.0,8.774755918360741,8.713407573402522,8.686597217688313,8.980094928289647,8.821692122693774,0.8221281101111699,0.8171641791044776,0.8343717549325026,0.7677984665936474,0.8070929607737776,4.71851921081543,26.569057702488056,26.52734541577825,27.390051921079998,24.954720700985693,26.131300376141837,71.10428798305982,71.0996801705757,72.00051921079958,69.52026286966046,70.69425040300914,17.941238750661725,18.171108742004265,18.734683281412252,16.805038335158816,17.70231058570661,11.0,11.0,11.0,14.0,17.870875938988735
