,1,1l,1r,1s,2,2l,2r,2s,3,3l,3r,3s,4,4l,4r,4s,id,1_2,1_3,1_4,2_1,2_3,2_4,3_1,3_2,3_4,4_1,4_2,4_3,p1,p2,p3,p4,speed0,speed1,speed2,speed3,speed4,stop0,stop1,stop2,stop3,stop4,time,timeloss0,timeloss1,timeloss2,timeloss3,timeloss4,travel0,travel1,travel2,travel3,travel4,wait0,wait1,wait2,wait3,wait4,rsl_rsssssl_rsll_rrssl_0,rsl_rsssssl_rsll_rrssl_1,rsl_rsssssl_rsll_rrssl_2,rsl_rsssssl_rsll_rrssl_3,performance measure
0,3,1,1,1,7,1,1,5,4,2,1,1,5,1,2,2,rsl_rsssssl_rsll_rrssl,58.0,262.0,240.0,290.0,176.0,1044.0,57.0,118.0,104.0,93.0,152.0,163.0,5.0,11.0,8.0,11.0,9.630030716803537,9.65547904671048,9.445359854231661,9.626111641647201,9.665649176727838,0.6962162162162162,0.689922480620155,0.7553516819571865,0.7152103559870551,0.6973262032085561,3.0259368419647217,18.573037837837827,18.388870431893693,20.346126401630997,18.673063646170426,18.27097326203208,63.30594594594594,63.13067552602436,65.08868501529052,63.4217907227616,62.973262032085564,11.285405405405406,11.199335548172758,12.642201834862385,11.348435814455232,10.986096256684492,5.0,11.0,8.0,11.0,11.492294971916056
