,1,1l,1r,1s,2,2l,2r,2s,3,3l,3r,3s,4,4l,4r,4s,id,1_2,1_3,1_4,2_1,2_3,2_4,3_1,3_2,3_4,4_1,4_2,4_3,p1,p2,p3,p4,speed0,speed1,speed2,speed3,speed4,stop0,stop1,stop2,stop3,stop4,time,timeloss0,timeloss1,timeloss2,timeloss3,timeloss4,travel0,travel1,travel2,travel3,travel4,wait0,wait1,wait2,wait3,wait4,rssll_rrssl_rssslll_rrssll_0,rssll_rrssl_rssslll_rrssll_1,rssll_rrssl_rssslll_rrssll_2,rssll_rrssl_rssslll_rrssll_3,performance measure
0,5,2,1,2,5,1,2,2,7,3,1,3,6,2,2,2,rssll_rrssl_rssslll_rrssll,174.0,330.0,226.0,261.0,297.0,263.0,970.0,166.0,577.0,616.0,599.0,271.0,8.0,14.0,14.0,11.0,8.838686823464855,8.540675040018789,8.343423117436506,8.569563841831627,8.663183186536871,0.8075235109717869,0.8511685116851169,0.9168184578020644,0.8736156351791531,0.8452380952380952,4.015470027923584,25.78070219435741,28.313228782287826,32.261936854887644,29.498358306188866,28.050676691729322,70.57931034482759,73.15252152521525,77.08075288403157,74.29641693811075,72.86027568922306,17.69216300940439,19.748462484624845,23.195506982392228,20.813680781758958,19.56954887218045,8.0,14.0,14.0,11.0,20.203872426072174
