,1,1l,1r,1s,2,2l,2r,2s,3,3l,3r,3s,4,4l,4r,4s,id,1_2,1_3,1_4,2_1,2_3,2_4,3_1,3_2,3_4,4_1,4_2,4_3,p1,p2,p3,p4,speed0,speed1,speed2,speed3,speed4,stop0,stop1,stop2,stop3,stop4,time,timeloss0,timeloss1,timeloss2,timeloss3,timeloss4,travel0,travel1,travel2,travel3,travel4,wait0,wait1,wait2,wait3,wait4,rsl_rrsll_rsl_rslll_0,rsl_rrsll_rsl_rslll_1,rsl_rrsll_rsl_rslll_2,rsl_rrsll_rsl_rslll_3,performance measure
0,3,1,1,1,5,2,2,1,3,1,1,1,5,3,1,1,rsl_rrsll_rsl_rslll,126.0,248.0,296.0,121.0,542.0,83.0,209.0,197.0,181.0,889.0,223.0,180.0,8.0,11.0,14.0,11.0,9.097131461298035,9.039947772443057,8.66568759746846,8.929432017954872,8.882873225954835,0.7557117750439367,0.7533875338753387,0.8679409209383145,0.7971656333038086,0.8234790059982862,3.2531893253326416,23.454103690685383,23.92377597109301,28.642458731537815,24.886031886625275,25.96562982005139,68.4323374340949,68.90424570912376,73.63683753258036,69.90256864481843,70.91345329905741,15.53427065026362,15.815718157181571,19.64813205907906,16.596988485385296,17.416452442159382,8.0,11.0,14.0,11.0,17.002312358813786
