,1,1l,1r,1s,2,2l,2r,2s,3,3l,3r,3s,4,4l,4r,4s,id,1_2,1_3,1_4,2_1,2_3,2_4,3_1,3_2,3_4,4_1,4_2,4_3,p1,p2,p3,p4,speed0,speed1,speed2,speed3,speed4,stop0,stop1,stop2,stop3,stop4,time,timeloss0,timeloss1,timeloss2,timeloss3,timeloss4,travel0,travel1,travel2,travel3,travel4,wait0,wait1,wait2,wait3,wait4,rsl_rsssll_rrssl_rrsslll_0,rsl_rsssll_rrssl_rrsslll_1,rsl_rsssll_rrssl_rrsslll_2,rsl_rsssll_rrssl_rrsslll_3,performance measure
0,3,1,1,1,6,2,1,3,5,1,2,2,7,3,2,2,rsl_rsssll_rrssl_rrsslll,146.0,349.0,144.0,261.0,399.0,1047.0,495.0,508.0,248.0,342.0,669.0,353.0,11.0,14.0,8.0,14.0,8.682102808908452,8.748012855979324,8.633678945800822,8.61886927793605,8.791180166886297,0.8522458628841607,0.810042347247429,0.8442240373395566,0.8638014527845036,0.8185117967332124,4.313508987426758,28.149095744680878,26.36556563823353,28.274591598599798,29.218111380145213,26.74935269207502,72.89066193853428,71.13127646702964,73.00583430571761,73.96428571428571,71.49667271627344,19.469267139479907,18.0865093768905,19.54959159859977,20.420096852300244,18.203871748336358,11.0,14.0,8.0,14.0,19.145867343121356
