,1,1l,1r,1s,2,2l,2r,2s,3,3l,3r,3s,4,4l,4r,4s,id,1_2,1_3,1_4,2_1,2_3,2_4,3_1,3_2,3_4,4_1,4_2,4_3,p1,p2,p3,p4,speed0,speed1,speed2,speed3,speed4,stop0,stop1,stop2,stop3,stop4,time,timeloss0,timeloss1,timeloss2,timeloss3,timeloss4,travel0,travel1,travel2,travel3,travel4,wait0,wait1,wait2,wait3,wait4,rsl_rrsll_rsl_rslll_0,rsl_rrsll_rsl_rslll_1,rsl_rrsll_rsl_rslll_2,rsl_rrsll_rsl_rslll_3,performance measure
0,3,1,1,1,5,2,2,1,3,1,1,1,5,3,1,1,rsl_rrsll_rsl_rslll,293.0,191.0,163.0,302.0,367.0,272.0,177.0,237.0,112.0,543.0,356.0,317.0,14.0,11.0,11.0,14.0,8.63312636293357,8.53067613790955,8.425290992237487,8.891719420204142,8.716091998103382,0.8308631211857018,0.871160409556314,0.8653198653198653,0.7722323049001815,0.8169642857142857,3.1753506660461426,28.782580645161286,29.78782423208192,30.370286195286216,25.2668239564428,27.206223214285707,73.63121185701831,74.68088737201366,75.26515151515152,70.11524500907441,72.06785714285714,19.90061028770706,20.791808873720136,21.327441077441076,17.16152450090744,18.785714285714285,14.0,11.0,11.0,14.0,19.593419805098
