,1,1l,1r,1s,2,2l,2r,2s,3,3l,3r,3s,4,4l,4r,4s,id,1_2,1_3,1_4,2_1,2_3,2_4,3_1,3_2,3_4,4_1,4_2,4_3,p1,p2,p3,p4,speed0,speed1,speed2,speed3,speed4,stop0,stop1,stop2,stop3,stop4,time,timeloss0,timeloss1,timeloss2,timeloss3,timeloss4,travel0,travel1,travel2,travel3,travel4,wait0,wait1,wait2,wait3,wait4,rrslll_rssll_rsl_rssssll_0,rrslll_rssll_rsl_rssssll_1,rrslll_rssll_rsl_rssssll_2,rrslll_rssll_rsl_rssssll_3,performance measure
0,6,3,2,1,5,2,1,2,3,1,1,1,7,2,1,4,rrslll_rssll_rsl_rssssll,285.0,105.0,86.0,185.0,498.0,517.0,322.0,189.0,135.0,512.0,442.0,234.0,5.0,11.0,11.0,11.0,8.876136215359265,8.952258465556334,8.964394990284172,8.952750444178491,9.108817268801346,0.8935456831517183,0.8620116375727348,0.8378158109209454,0.8719723183391004,0.805414551607445,3.5464203357696533,27.74440067057836,25.437905236907753,25.02435207823962,26.153200692041512,24.670084602368856,72.56328583403186,70.26184538653366,69.82722086389568,70.9636678200692,69.47377326565145,18.945515507124895,16.919368246051537,16.649551752241237,17.707612456747405,16.467851099830796,5.0,11.0,11.0,11.0,17.337979812399176
