,1,1l,1r,1s,2,2l,2r,2s,3,3l,3r,3s,4,4l,4r,4s,id,1_2,1_3,1_4,2_1,2_3,2_4,3_1,3_2,3_4,4_1,4_2,4_3,p1,p2,p3,p4,speed0,speed1,speed2,speed3,speed4,stop0,stop1,stop2,stop3,stop4,time,timeloss0,timeloss1,timeloss2,timeloss3,timeloss4,travel0,travel1,travel2,travel3,travel4,wait0,wait1,wait2,wait3,wait4,rsl_rrsl_rssslll_rssssl_0,rsl_rrsl_rssslll_rssssl_1,rsl_rrsl_rssslll_rssssl_2,rsl_rrsl_rssslll_rssssl_3,performance measure
0,3,1,1,1,4,1,2,1,7,3,1,3,6,1,1,4,rsl_rrsl_rssslll_rssssl,275.0,115.0,292.0,438.0,225.0,302.0,121.0,183.0,718.0,237.0,644.0,282.0,11.0,5.0,11.0,11.0,9.017804684401781,9.25378126601898,9.024058149151665,9.179889123295542,9.251324259952655,0.8905165767154973,0.7681274900398406,0.9032496307237814,0.7868462757527733,0.7880393641180924,3.4785144329071045,27.428720123361657,21.959235059760978,28.29253323485972,22.62209191759114,23.136813020439064,72.15111796453354,66.67490039840638,72.9837518463811,67.29635499207608,67.82891748675246,17.94602929838088,14.01593625498008,19.231905465288037,14.561806656101426,14.922028766086298,11.0,5.0,11.0,11.0,16.135541288167342
