,1,1l,1r,1s,2,2l,2r,2s,3,3l,3r,3s,4,4l,4r,4s,id,1_2,1_3,1_4,2_1,2_3,2_4,3_1,3_2,3_4,4_1,4_2,4_3,p1,p2,p3,p4,speed0,speed1,speed2,speed3,speed4,stop0,stop1,stop2,stop3,stop4,time,timeloss0,timeloss1,timeloss2,timeloss3,timeloss4,travel0,travel1,travel2,travel3,travel4,wait0,wait1,wait2,wait3,wait4,rssslll_rrsssl_rsssssl_rsl_0,rssslll_rrsssl_rsssssl_rsl_1,rssslll_rrsssl_rsssssl_rsl_2,rssslll_rrsssl_rsssssl_rsl_3,performance measure
0,7,3,1,3,6,1,2,3,7,1,1,5,3,1,1,1,rssslll_rrsssl_rsssssl_rsl,352.0,935.0,292.0,581.0,202.0,534.0,757.0,161.0,299.0,76.0,89.0,155.0,11.0,11.0,8.0,8.0,9.28148900210483,9.12912746267369,9.07280258424618,9.10326777524085,9.320871684454586,0.7637326273990734,0.799468791500664,0.8139686684073107,0.8299791811242193,0.7484662576687117,3.826613664627075,21.3213964262078,22.86228419654717,23.809086161879875,24.523317140874408,21.362978868438987,65.96757114493712,67.52456839309428,68.43276762402088,69.16516308119361,66.0040899795501,13.481138318994043,14.868525896414342,15.531984334203655,16.23178348369188,13.603953646898432,11.0,11.0,8.0,8.0,14.743477136040472
