,1,1l,1r,1s,2,2l,2r,2s,3,3l,3r,3s,4,4l,4r,4s,id,1_2,1_3,1_4,2_1,2_3,2_4,3_1,3_2,3_4,4_1,4_2,4_3,p1,p2,p3,p4,speed0,speed1,speed2,speed3,speed4,stop0,stop1,stop2,stop3,stop4,time,timeloss0,timeloss1,timeloss2,timeloss3,timeloss4,travel0,travel1,travel2,travel3,travel4,wait0,wait1,wait2,wait3,wait4,rsssll_rssl_rsslll_rrsl_0,rsssll_rssl_rsslll_rrsl_1,rsssll_rssl_rsslll_rrsl_2,rsssll_rssl_rsslll_rrsl_3,performance measure
0,6,2,1,3,4,1,1,2,6,3,1,2,4,1,2,1,rsssll_rssl_rsslll_rrsl,273.0,268.0,205.0,124.0,211.0,501.0,163.0,99.0,573.0,246.0,186.0,560.0,8.0,5.0,11.0,11.0,9.421648506111008,9.467392312477058,9.42722269884543,9.534942578998612,9.421087072798725,0.74,0.7239896818572656,0.7404902789518174,0.7163375224416517,0.7452830188679245,3.2805020809173584,20.23867500000001,19.744290627687004,20.120980557903614,19.182980251346514,20.114099485420244,64.89333333333333,64.42992261392949,64.83431952662721,63.834829443447035,64.78559176672384,12.628333333333334,12.261392949269132,12.59425190194421,11.842908438061041,12.496569468267582,8.0,5.0,11.0,11.0,12.364691218175059
