,1,1l,1r,1s,2,2l,2r,2s,3,3l,3r,3s,4,4l,4r,4s,id,1_2,1_3,1_4,2_1,2_3,2_4,3_1,3_2,3_4,4_1,4_2,4_3,p1,p2,p3,p4,speed0,speed1,speed2,speed3,speed4,stop0,stop1,stop2,stop3,stop4,time,timeloss0,timeloss1,timeloss2,timeloss3,timeloss4,travel0,travel1,travel2,travel3,travel4,wait0,wait1,wait2,wait3,wait4,rsl_rssslll_rrsssl_rsslll_0,rsl_rssslll_rrsssl_rsslll_1,rsl_rssslll_rrsssl_rsslll_2,rsl_rssslll_rrsssl_rsslll_3,performance measure
0,3,1,1,1,7,3,1,3,6,1,2,3,6,3,1,2,rsl_rssslll_rrsssl_rsslll,77.0,87.0,303.0,215.0,683.0,592.0,365.0,641.0,42.0,566.0,661.0,85.0,5.0,8.0,11.0,11.0,9.584714581040286,9.5334369779019,9.510458372074,9.697955516927173,9.529533521312377,0.7142857142857143,0.7298969072164948,0.7255689424364123,0.690794096978215,0.7170830519918974,3.9531211853027344,18.743450134770907,19.059697594501706,19.340374832664008,17.843485593815878,19.1281971640783,63.350404312668466,63.699656357388314,63.95113788487282,62.49051300070274,63.717758271438214,11.277628032345014,11.580756013745704,11.728246318607765,10.573436401967674,11.543551654287644,5.0,8.0,11.0,11.0,11.34072368419076
