,1,1l,1r,1s,2,2l,2r,2s,3,3l,3r,3s,4,4l,4r,4s,id,1_2,1_3,1_4,2_1,2_3,2_4,3_1,3_2,3_4,4_1,4_2,4_3,p1,p2,p3,p4,speed0,speed1,speed2,speed3,speed4,stop0,stop1,stop2,stop3,stop4,time,timeloss0,timeloss1,timeloss2,timeloss3,timeloss4,travel0,travel1,travel2,travel3,travel4,wait0,wait1,wait2,wait3,wait4,rsssll_rssl_rsslll_rrsl_0,rsssll_rssl_rsslll_rrsl_1,rsssll_rssl_rsslll_rrsl_2,rsssll_rssl_rsslll_rrsl_3,performance measure
0,6,2,1,3,4,1,1,2,6,3,1,2,4,1,2,1,rsssll_rssl_rsslll_rrsl,395.0,625.0,130.0,77.0,133.0,631.0,560.0,67.0,412.0,68.0,138.0,638.0,8.0,11.0,5.0,11.0,9.190190234878411,9.425142703199976,9.212625911564574,9.30447874508398,9.27920164410659,0.8034124629080118,0.7467581998474447,0.8152818991097923,0.8335987261146497,0.7992248062015503,3.650604486465454,22.780778931750717,20.662387490465274,22.629910979228466,23.29993630573248,22.428511627907014,67.52596439169139,65.41800152555301,67.42878338278932,68.07245222929936,67.1906976744186,14.7040059347181,13.056445461479786,14.5986646884273,15.179140127388536,14.45891472868217,8.0,11.0,5.0,11.0,14.399434188139178
