,1,1l,1r,1s,2,2l,2r,2s,3,3l,3r,3s,4,4l,4r,4s,id,1_2,1_3,1_4,2_1,2_3,2_4,3_1,3_2,3_4,4_1,4_2,4_3,p1,p2,p3,p4,speed0,speed1,speed2,speed3,speed4,stop0,stop1,stop2,stop3,stop4,time,timeloss0,timeloss1,timeloss2,timeloss3,timeloss4,travel0,travel1,travel2,travel3,travel4,wait0,wait1,wait2,wait3,wait4,rsl_rsl_rsl_rrssssl_0,rsl_rsl_rsl_rrssssl_1,rsl_rsl_rsl_rrssssl_2,rsl_rsl_rsl_rrssssl_3,performance measure
0,3,1,1,1,3,1,1,1,3,1,1,1,7,1,2,4,rsl_rsl_rsl_rrssssl,302.0,41.0,120.0,49.0,101.0,40.0,46.0,40.0,129.0,161.0,1406.0,625.0,11.0,5.0,8.0,14.0,9.566541453182445,9.409231812357808,9.134208052609303,9.557364437540267,9.546016228302936,0.7000946073793756,0.7419668938656281,0.8294717330861909,0.7135575942915392,0.6914893617021277,3.132429361343384,19.63759697256384,20.796377799415787,25.062993512511568,19.364638124362898,19.62907156673115,64.46736045411542,65.68549172346641,69.9212233549583,64.27013251783895,64.50967117988395,12.040681173131505,12.925998052580331,16.212233549582947,11.983690112130478,11.923597678916828,11.0,5.0,8.0,14.0,13.017240113268418
