,1,1l,1r,1s,2,2l,2r,2s,3,3l,3r,3s,4,4l,4r,4s,id,1_2,1_3,1_4,2_1,2_3,2_4,3_1,3_2,3_4,4_1,4_2,4_3,p1,p2,p3,p4,speed0,speed1,speed2,speed3,speed4,stop0,stop1,stop2,stop3,stop4,time,timeloss0,timeloss1,timeloss2,timeloss3,timeloss4,travel0,travel1,travel2,travel3,travel4,wait0,wait1,wait2,wait3,wait4,rssslll_rssll_rsssl_rrssl_0,rssslll_rssll_rsssl_rrssl_1,rssslll_rssll_rsssl_rrssl_2,rssslll_rssll_rsssl_rrssl_3,performance measure
0,7,3,1,3,5,2,1,2,5,1,1,3,5,1,2,2,rssslll_rssll_rsssl_rrssl,750.0,1030.0,206.0,101.0,222.0,256.0,404.0,296.0,220.0,86.0,428.0,339.0,11.0,14.0,8.0,8.0,9.183690966982674,9.231718585198607,9.102253228701953,9.258622149288191,9.185865631890811,0.7657718120805369,0.7568493150684932,0.7904109589041096,0.7364341085271318,0.7529658060013956,4.022216320037842,22.087765100671135,22.110020547945208,22.813630136986312,21.602078928823104,22.422777390090722,66.88053691275168,66.93835616438356,67.62054794520547,66.4277660324172,67.21074668527565,14.228187919463087,14.44041095890411,14.902739726027397,13.943622269203665,14.736915561758549,11.0,14.0,8.0,8.0,14.450375287071362
