,1,1l,1r,1s,2,2l,2r,2s,3,3l,3r,3s,4,4l,4r,4s,id,1_2,1_3,1_4,2_1,2_3,2_4,3_1,3_2,3_4,4_1,4_2,4_3,p1,p2,p3,p4,speed0,speed1,speed2,speed3,speed4,stop0,stop1,stop2,stop3,stop4,time,timeloss0,timeloss1,timeloss2,timeloss3,timeloss4,travel0,travel1,travel2,travel3,travel4,wait0,wait1,wait2,wait3,wait4,rsssssl_rssssll_rsl_rssll_0,rsssssl_rssssll_rsl_rssll_1,rsssssl_rssssll_rsl_rssll_2,rsssssl_rssssll_rsl_rssll_3,performance measure
0,7,1,1,5,7,2,1,4,3,1,1,1,5,2,1,2,rsssssl_rssssll_rsl_rssll,131.0,718.0,207.0,95.0,82.0,895.0,241.0,205.0,317.0,165.0,333.0,107.0,11.0,11.0,5.0,11.0,9.357000188381509,9.306353215863338,8.930257726038354,8.98125996853248,9.323195781448403,0.7461669505962522,0.7673434856175972,0.8765331152902698,0.90625,0.7526970954356846,3.434171676635742,21.06605621805788,21.65054145516073,26.474284546197893,26.585330357142862,21.527892116182564,65.83645655877342,66.46362098138748,71.25102207686018,71.33303571428571,66.28215767634855,13.459965928449744,13.983925549915398,17.66148814390842,17.666071428571428,13.80331950207469,11.0,11.0,5.0,11.0,15.314954110583935
