,1,1l,1r,1s,2,2l,2r,2s,3,3l,3r,3s,4,4l,4r,4s,id,1_2,1_3,1_4,2_1,2_3,2_4,3_1,3_2,3_4,4_1,4_2,4_3,p1,p2,p3,p4,speed0,speed1,speed2,speed3,speed4,stop0,stop1,stop2,stop3,stop4,time,timeloss0,timeloss1,timeloss2,timeloss3,timeloss4,travel0,travel1,travel2,travel3,travel4,wait0,wait1,wait2,wait3,wait4,rssslll_rrsssl_rsssssl_rsl_0,rssslll_rrsssl_rsssssl_rsl_1,rssslll_rrsssl_rsssssl_rsl_2,rssslll_rrsssl_rsssssl_rsl_3,performance measure
0,7,3,1,3,6,1,2,3,7,1,1,5,3,1,1,1,rssslll_rrsssl_rsssssl_rsl,736.0,742.0,69.0,134.0,151.0,650.0,1001.0,89.0,322.0,96.0,282.0,40.0,14.0,11.0,8.0,11.0,8.960800414133496,8.917693459623678,8.698039659100585,8.89168510497561,8.822565722307933,0.7959610027855153,0.8089041095890411,0.8661784287616512,0.8172804532577904,0.8362863217576187,3.907160758972168,24.721051532033464,25.06378767123285,26.956245006657774,25.30992209631731,26.37878100637845,69.75,70.13835616438357,72.00066577896139,70.33215297450425,71.42310418143161,16.71866295264624,16.98904109589041,18.342876165113182,17.076487252124647,18.00850460666194,14.0,11.0,8.0,11.0,17.427114414487285
