,1,1l,1r,1s,2,2l,2r,2s,3,3l,3r,3s,4,4l,4r,4s,id,1_2,1_3,1_4,2_1,2_3,2_4,3_1,3_2,3_4,4_1,4_2,4_3,p1,p2,p3,p4,speed0,speed1,speed2,speed3,speed4,stop0,stop1,stop2,stop3,stop4,time,timeloss0,timeloss1,timeloss2,timeloss3,timeloss4,travel0,travel1,travel2,travel3,travel4,wait0,wait1,wait2,wait3,wait4,rssslll_rrsssl_rsssssl_rsl_0,rssslll_rrsssl_rsssssl_rsl_1,rssslll_rrsssl_rsssssl_rsl_2,rssslll_rrsssl_rsssssl_rsl_3,performance measure
0,7,3,1,3,6,1,2,3,7,1,1,5,3,1,1,1,rssslll_rrsssl_rsssssl_rsl,239.0,927.0,115.0,527.0,48.0,670.0,1430.0,182.0,76.0,96.0,245.0,79.0,5.0,11.0,5.0,11.0,9.611439936393527,9.548567856575078,9.703759521084585,9.657602608691073,9.629781274299836,0.729099157485418,0.7479153303399615,0.6990712074303406,0.7237715803452855,0.7256410256410256,3.718215227127075,18.51122488658459,18.85479153303398,17.764489164086683,18.12077689243027,18.502589743589727,63.33700583279326,63.696600384862094,62.578947368421055,62.91434262948207,63.31666666666667,11.050550874918988,11.270044900577293,10.296594427244582,10.705179282868526,11.0,5.0,11.0,5.0,11.0,10.864473897121877
