,1,1l,1r,1s,2,2l,2r,2s,3,3l,3r,3s,4,4l,4r,4s,id,1_2,1_3,1_4,2_1,2_3,2_4,3_1,3_2,3_4,4_1,4_2,4_3,p1,p2,p3,p4,speed0,speed1,speed2,speed3,speed4,stop0,stop1,stop2,stop3,stop4,time,timeloss0,timeloss1,timeloss2,timeloss3,timeloss4,travel0,travel1,travel2,travel3,travel4,wait0,wait1,wait2,wait3,wait4,rsl_rrsll_rsl_rslll_0,rsl_rrsll_rsl_rslll_1,rsl_rrsll_rsl_rslll_2,rsl_rrsll_rsl_rslll_3,performance measure
0,3,1,1,1,5,2,2,1,3,1,1,1,5,3,1,1,rsl_rrsll_rsl_rslll,189.0,145.0,141.0,634.0,345.0,88.0,70.0,88.0,113.0,312.0,97.0,177.0,11.0,8.0,8.0,5.0,9.572832992887294,9.640508802328478,9.690241513314596,9.728416687318175,9.793879597858698,0.7436208991494532,0.7002518891687658,0.6964933494558646,0.7121212121212122,0.6768060836501901,2.6414663791656494,19.459258809234512,18.254080604534018,17.805888754534475,17.451439393939385,17.346945500633733,64.23450789793439,63.02770780856423,62.58766626360339,62.19949494949495,62.12167300380228,12.06318347509113,11.144836272040303,10.552599758162032,10.194444444444445,10.318124207858048,11.0,8.0,8.0,5.0,10.854637631519191
