,1,1l,1r,1s,2,2l,2r,2s,3,3l,3r,3s,4,4l,4r,4s,id,1_2,1_3,1_4,2_1,2_3,2_4,3_1,3_2,3_4,4_1,4_2,4_3,p1,p2,p3,p4,speed0,speed1,speed2,speed3,speed4,stop0,stop1,stop2,stop3,stop4,time,timeloss0,timeloss1,timeloss2,timeloss3,timeloss4,travel0,travel1,travel2,travel3,travel4,wait0,wait1,wait2,wait3,wait4,rsl_rrsll_rsl_rslll_0,rsl_rrsll_rsl_rslll_1,rsl_rrsll_rsl_rslll_2,rsl_rrsll_rsl_rslll_3,performance measure
0,3,1,1,1,5,2,2,1,3,1,1,1,5,3,1,1,rsl_rrsll_rsl_rslll,88.0,314.0,160.0,346.0,269.0,310.0,147.0,320.0,280.0,537.0,73.0,263.0,14.0,14.0,11.0,14.0,8.500484860617881,8.763079875868796,8.568875886434341,8.827083434679341,8.504359940493266,0.8522402287893232,0.7644276253547777,0.8102981029810298,0.7628765792031098,0.8648130393096836,2.9531116485595703,31.440305052430883,26.53004730368971,29.208373983739843,26.005510204081652,31.676596356663495,76.3298379408961,71.3907284768212,74.03703703703704,70.89990281827016,76.51198465963567,22.27073403241182,18.337748344370862,20.476964769647697,17.827016520894073,22.39693192713327,14.0,14.0,11.0,14.0,20.261879118891546
