,1,1l,1r,1s,2,2l,2r,2s,3,3l,3r,3s,4,4l,4r,4s,id,1_2,1_3,1_4,2_1,2_3,2_4,3_1,3_2,3_4,4_1,4_2,4_3,p1,p2,p3,p4,speed0,speed1,speed2,speed3,speed4,stop0,stop1,stop2,stop3,stop4,time,timeloss0,timeloss1,timeloss2,timeloss3,timeloss4,travel0,travel1,travel2,travel3,travel4,wait0,wait1,wait2,wait3,wait4,rsl_rrsl_rssslll_rssssl_0,rsl_rrsl_rssslll_rssssl_1,rsl_rrsl_rssslll_rssssl_2,rsl_rrsl_rssslll_rssssl_3,performance measure
0,3,1,1,1,4,1,2,1,7,3,1,3,6,1,1,4,rsl_rrsl_rssslll_rssssl,95.0,289.0,208.0,536.0,301.0,98.0,318.0,295.0,921.0,130.0,1164.0,235.0,14.0,14.0,14.0,14.0,8.69806517556896,8.686778430644605,8.484269025524839,8.399147594013902,8.596929817445846,0.7688345138441726,0.7822950819672131,0.8175092478421702,0.8447121820615796,0.8028169014084507,3.795227289199829,26.768461043142253,27.099652459016355,29.33834771886558,30.4056827309237,28.388527528809284,71.52736638763683,71.92262295081967,74.14488286066585,75.21151271753682,73.16261203585147,18.50482936252415,18.78950819672131,20.47965474722565,21.57496653279786,19.86875800256082,14.0,14.0,14.0,14.0,19.84354336836596
