,1,1l,1r,1s,2,2l,2r,2s,3,3l,3r,3s,4,4l,4r,4s,id,1_2,1_3,1_4,2_1,2_3,2_4,3_1,3_2,3_4,4_1,4_2,4_3,p1,p2,p3,p4,speed0,speed1,speed2,speed3,speed4,stop0,stop1,stop2,stop3,stop4,time,timeloss0,timeloss1,timeloss2,timeloss3,timeloss4,travel0,travel1,travel2,travel3,travel4,wait0,wait1,wait2,wait3,wait4,rsl_rssslll_rrsssl_rsslll_0,rsl_rssslll_rrsssl_rsslll_1,rsl_rssslll_rrsssl_rsslll_2,rsl_rssslll_rrsssl_rsslll_3,performance measure
0,3,1,1,1,7,3,1,3,6,1,2,3,6,3,1,2,rsl_rssslll_rrsssl_rsslll,322.0,162.0,83.0,81.0,912.0,131.0,459.0,392.0,57.0,972.0,257.0,264.0,11.0,8.0,14.0,5.0,9.335512554287183,9.178287362013437,8.99073083700355,9.297146042638591,9.306235510924832,0.7551896921975663,0.8036764705882353,0.871977240398293,0.7606038820992091,0.7634092578986039,3.531034469604492,21.59183965640658,23.36001470588234,26.55158605974391,21.553889288281802,22.33357090374727,66.32283464566929,68.07794117647059,71.31792318634425,66.24586628324946,67.0852314474651,13.609162491052254,15.055147058823529,17.612375533428164,13.64845434938893,14.279941219691404,11.0,8.0,14.0,5.0,14.841016130476856
