,1,1l,1r,1s,2,2l,2r,2s,3,3l,3r,3s,4,4l,4r,4s,id,1_2,1_3,1_4,2_1,2_3,2_4,3_1,3_2,3_4,4_1,4_2,4_3,p1,p2,p3,p4,speed0,speed1,speed2,speed3,speed4,stop0,stop1,stop2,stop3,stop4,time,timeloss0,timeloss1,timeloss2,timeloss3,timeloss4,travel0,travel1,travel2,travel3,travel4,wait0,wait1,wait2,wait3,wait4,rssslll_rrsssl_rsssssl_rsl_0,rssslll_rrsssl_rsssssl_rsl_1,rssslll_rrsssl_rsssssl_rsl_2,rssslll_rrsssl_rsssssl_rsl_3,performance measure
0,7,3,1,3,6,1,2,3,7,1,1,5,3,1,1,1,rssslll_rrsssl_rsssssl_rsl,747.0,159.0,274.0,398.0,61.0,949.0,854.0,40.0,247.0,290.0,67.0,58.0,11.0,8.0,11.0,11.0,8.717368744996527,8.703079502385126,8.783130623663984,8.530506504739742,8.943756252913134,0.8515625,0.8706467661691543,0.8414965986394558,0.9301152737752162,0.8087272727272727,3.68276309967041,26.25617897727274,26.928144989339042,25.76297959183677,29.446268011527398,24.335643636363642,71.02485795454545,71.7363184079602,70.52380952380952,74.1649855907781,69.08145454545455,17.72940340909091,18.282160625444206,17.31156462585034,20.314841498559076,16.18690909090909,11.0,8.0,11.0,11.0,17.96497584997072
