,1,1l,1r,1s,2,2l,2r,2s,3,3l,3r,3s,4,4l,4r,4s,id,1_2,1_3,1_4,2_1,2_3,2_4,3_1,3_2,3_4,4_1,4_2,4_3,p1,p2,p3,p4,speed0,speed1,speed2,speed3,speed4,stop0,stop1,stop2,stop3,stop4,time,timeloss0,timeloss1,timeloss2,timeloss3,timeloss4,travel0,travel1,travel2,travel3,travel4,wait0,wait1,wait2,wait3,wait4,rrsslll_rrsll_rsssl_rrsslll_0,rrsslll_rrsll_rsssl_rrsslll_1,rrsslll_rrsll_rsssl_rrsslll_2,rrsslll_rrsll_rsssl_rrsslll_3,performance measure
0,7,3,2,2,5,2,2,1,5,1,1,3,7,3,2,2,rrsslll_rrsll_rsssl_rrsslll,360.0,219.0,227.0,475.0,357.0,257.0,316.0,83.0,287.0,145.0,705.0,156.0,11.0,5.0,8.0,14.0,9.40253678821367,9.322544731848614,9.116592162663231,9.190781023278285,9.47753852539544,0.7271986970684039,0.7603648424543947,0.824685534591195,0.7884940778341794,0.7233691164327003,3.245286464691162,20.709723127035833,21.64887230514096,25.35102201257859,23.313443316412865,20.858678777869525,65.3599348534202,66.29767827529021,69.96462264150944,67.95008460236886,65.48554913294798,13.14413680781759,14.088723051409618,17.28301886792453,15.448392554991539,13.490503715937242,11.0,5.0,8.0,14.0,14.690954999616102
