,1,1l,1r,1s,2,2l,2r,2s,3,3l,3r,3s,4,4l,4r,4s,id,1_2,1_3,1_4,2_1,2_3,2_4,3_1,3_2,3_4,4_1,4_2,4_3,p1,p2,p3,p4,speed0,speed1,speed2,speed3,speed4,stop0,stop1,stop2,stop3,stop4,time,timeloss0,timeloss1,timeloss2,timeloss3,timeloss4,travel0,travel1,travel2,travel3,travel4,wait0,wait1,wait2,wait3,wait4,rrsslll_rrsll_rsssl_rrsslll_0,rrsslll_rrsll_rsssl_rrsslll_1,rrsslll_rrsll_rsssl_rrsslll_2,rrsslll_rrsll_rsssl_rrsslll_3,performance measure
0,7,3,2,2,5,2,2,1,5,1,1,3,7,3,2,2,rrsslll_rrsll_rsssl_rrsslll,497.0,594.0,510.0,183.0,236.0,335.0,841.0,288.0,316.0,267.0,474.0,561.0,11.0,11.0,5.0,11.0,9.01997391611144,9.029148322934388,8.731729281830992,8.875442371970859,9.180429448122274,0.8842105263157894,0.824,0.946560545764639,0.9192852741836106,0.8235642391947898,4.170859336853027,26.901274853801173,24.00705714285716,28.94317225696415,28.24483056069009,24.148821788040316,71.41988304093567,68.54857142857144,73.51733939738487,72.75539125077017,68.65482534043812,17.56608187134503,15.706285714285714,19.478681068789086,19.184842883548985,15.619301361752516,11.0,11.0,5.0,11.0,17.511038579944266
