,1,1l,1r,1s,2,2l,2r,2s,3,3l,3r,3s,4,4l,4r,4s,id,1_2,1_3,1_4,2_1,2_3,2_4,3_1,3_2,3_4,4_1,4_2,4_3,p1,p2,p3,p4,speed0,speed1,speed2,speed3,speed4,stop0,stop1,stop2,stop3,stop4,time,timeloss0,timeloss1,timeloss2,timeloss3,timeloss4,travel0,travel1,travel2,travel3,travel4,wait0,wait1,wait2,wait3,wait4,rsl_rsl_rsssl_rsl_0,rsl_rsl_rsssl_rsl_1,rsl_rsl_rsssl_rsl_2,rsl_rsl_rsssl_rsl_3,performance measure
0,3,1,1,1,3,1,1,1,5,1,1,3,3,1,1,1,rsl_rsl_rsssl_rsl,213.0,337.0,179.0,308.0,200.0,268.0,673.0,164.0,134.0,215.0,187.0,198.0,11.0,14.0,11.0,14.0,8.63933411772321,8.628725402205562,8.49510913817251,8.805485063685165,8.616052954703884,0.8414634146341463,0.8336501901140685,0.8613207547169811,0.7942973523421588,0.8377609108159393,3.1547794342041016,29.104878048780485,28.319771863117843,29.557745283018857,26.549348268839097,28.429838709677426,74.11538461538461,73.33555133079848,74.53867924528302,71.5488798370672,73.38519924098672,20.19699812382739,19.777566539923953,20.60188679245283,18.227087576374746,19.685009487666033,11.0,14.0,11.0,14.0,19.697709704048993
