,1,1l,1r,1s,2,2l,2r,2s,3,3l,3r,3s,4,4l,4r,4s,id,1_2,1_3,1_4,2_1,2_3,2_4,3_1,3_2,3_4,4_1,4_2,4_3,p1,p2,p3,p4,speed0,speed1,speed2,speed3,speed4,stop0,stop1,stop2,stop3,stop4,time,timeloss0,timeloss1,timeloss2,timeloss3,timeloss4,travel0,travel1,travel2,travel3,travel4,wait0,wait1,wait2,wait3,wait4,rsl_rsl_rsssl_rsl_0,rsl_rsl_rsssl_rsl_1,rsl_rsl_rsssl_rsl_2,rsl_rsl_rsssl_rsl_3,performance measure
0,3,1,1,1,3,1,1,1,5,1,1,3,3,1,1,1,rsl_rsl_rsssl_rsl,320.0,299.0,278.0,155.0,270.0,155.0,543.0,133.0,96.0,171.0,214.0,292.0,14.0,14.0,14.0,11.0,8.526301614444847,8.476901218772555,8.356368345888649,8.620666803232266,8.410559235208495,0.8223099703849951,0.8498498498498499,0.8997955010224948,0.8167372881355932,0.8717948717948718,2.9368064403533936,29.52959526159923,30.174934934934917,33.24353783231085,28.465254237288168,31.523230769230796,74.55676209279368,75.23823823823824,78.27505112474438,73.51906779661017,76.52,20.77887462981244,21.37237237237237,23.650306748466257,19.86864406779661,22.445128205128206,14.0,14.0,14.0,11.0,21.623065204715175
