,1,1l,1r,1s,2,2l,2r,2s,3,3l,3r,3s,4,4l,4r,4s,id,1_2,1_3,1_4,2_1,2_3,2_4,3_1,3_2,3_4,4_1,4_2,4_3,p1,p2,p3,p4,speed0,speed1,speed2,speed3,speed4,stop0,stop1,stop2,stop3,stop4,time,timeloss0,timeloss1,timeloss2,timeloss3,timeloss4,travel0,travel1,travel2,travel3,travel4,wait0,wait1,wait2,wait3,wait4,rsll_rsl_rssslll_rrsssll_0,rsll_rsl_rssslll_rrsssll_1,rsll_rsl_rssslll_rrsssll_2,rsll_rsl_rssslll_rrsssll_3,performance measure
0,4,2,1,1,3,1,1,1,7,3,1,3,7,2,2,3,rsll_rsl_rssslll_rrsssll,392.0,170.0,324.0,86.0,200.0,211.0,1051.0,264.0,371.0,271.0,333.0,115.0,8.0,11.0,8.0,8.0,8.927288899555512,8.886290873401498,8.997745703193443,9.004459670134478,9.245808749809562,0.9048723897911833,0.8762490392006149,0.8637395912187736,0.8607287449392712,0.7990430622009569,3.780355453491211,26.65899458623358,25.349093005380492,24.36074943224831,24.10706072874496,21.65768740031895,71.40680587780356,70.14219830899309,69.1438304314913,68.88502024291498,66.41626794258373,17.796597061098222,16.739431206764028,15.875851627554884,15.74008097165992,13.68421052631579,8.0,11.0,8.0,8.0,15.96723427867857
