,1,1l,1r,1s,2,2l,2r,2s,3,3l,3r,3s,4,4l,4r,4s,id,1_2,1_3,1_4,2_1,2_3,2_4,3_1,3_2,3_4,4_1,4_2,4_3,p1,p2,p3,p4,speed0,speed1,speed2,speed3,speed4,stop0,stop1,stop2,stop3,stop4,time,timeloss0,timeloss1,timeloss2,timeloss3,timeloss4,travel0,travel1,travel2,travel3,travel4,wait0,wait1,wait2,wait3,wait4,rsl_rsl_rsl_rrssssl_0,rsl_rsl_rsl_rrssssl_1,rsl_rsl_rsl_rrssssl_2,rsl_rsl_rsl_rrssssl_3,performance measure
0,3,1,1,1,3,1,1,1,3,1,1,1,7,1,2,4,rsl_rsl_rsl_rrssssl,177.0,107.0,39.0,116.0,268.0,75.0,248.0,174.0,115.0,116.0,1103.0,585.0,8.0,11.0,11.0,11.0,8.873010205129432,8.96133817302758,8.876776064909114,9.042670982545355,9.242025725020053,0.8511415525114155,0.8049242424242424,0.8406337371854613,0.792,0.7402843601895734,3.122258424758911,26.102237442922384,24.9044602272727,25.2837837837838,24.28220000000004,21.885535545023714,70.84566210045662,69.71306818181819,70.09878844361603,69.094,66.69668246445498,17.557077625570777,16.654356060606062,16.86393289841566,16.176,14.135545023696682,8.0,11.0,11.0,11.0,16.277382321657836
