,1,1l,1r,1s,2,2l,2r,2s,3,3l,3r,3s,4,4l,4r,4s,id,1_2,1_3,1_4,2_1,2_3,2_4,3_1,3_2,3_4,4_1,4_2,4_3,p1,p2,p3,p4,speed0,speed1,speed2,speed3,speed4,stop0,stop1,stop2,stop3,stop4,time,timeloss0,timeloss1,timeloss2,timeloss3,timeloss4,travel0,travel1,travel2,travel3,travel4,wait0,wait1,wait2,wait3,wait4,rsl_rsl_rsssl_rsl_0,rsl_rsl_rsssl_rsl_1,rsl_rsl_rsssl_rsl_2,rsl_rsl_rsssl_rsl_3,performance measure
0,3,1,1,1,3,1,1,1,5,1,1,3,3,1,1,1,rsl_rsl_rsssl_rsl,70.0,161.0,52.0,152.0,315.0,281.0,806.0,67.0,43.0,303.0,329.0,163.0,5.0,11.0,14.0,14.0,8.652752589773437,8.72055659076134,8.781492104442597,8.717075538719797,8.857709561509887,0.8580645161290322,0.8306709265175719,0.8409818569903948,0.8325740318906606,0.8017429193899782,2.953108072280884,27.189967741935494,26.346613418530353,26.743521878335077,26.518359908883852,25.090599128540326,72.35698924731183,71.49733759318424,71.87620064034151,71.58883826879271,70.24509803921569,18.374193548387098,17.773162939297123,18.150480256136607,17.982915717539864,16.81045751633987,5.0,11.0,14.0,14.0,17.818241995540113
