,1,1l,1r,1s,2,2l,2r,2s,3,3l,3r,3s,4,4l,4r,4s,id,1_2,1_3,1_4,2_1,2_3,2_4,3_1,3_2,3_4,4_1,4_2,4_3,p1,p2,p3,p4,speed0,speed1,speed2,speed3,speed4,stop0,stop1,stop2,stop3,stop4,time,timeloss0,timeloss1,timeloss2,timeloss3,timeloss4,travel0,travel1,travel2,travel3,travel4,wait0,wait1,wait2,wait3,wait4,rsl_rssslll_rrsssl_rsslll_0,rsl_rssslll_rrsssl_rsslll_1,rsl_rssslll_rrsssl_rsslll_2,rsl_rssslll_rrsssl_rsslll_3,performance measure
0,3,1,1,1,7,3,1,3,6,1,2,3,6,3,1,2,rsl_rssslll_rrsssl_rsslll,69.0,255.0,138.0,228.0,761.0,819.0,437.0,546.0,198.0,538.0,406.0,104.0,8.0,11.0,11.0,11.0,9.146399691582635,9.10169933100905,9.094166415741205,8.996729867201527,9.133663564832744,0.7780748663101604,0.7816015883520847,0.7857142857142857,0.8144675150703282,0.7549407114624506,4.133358478546143,23.388569518716583,23.08779616148243,23.103571428571428,24.709410582719403,22.50171277997364,68.12566844919786,67.83189940436797,67.84502551020408,69.43871399866042,67.2292490118577,15.448529411764707,15.240238252812707,15.047831632653061,16.538513060951104,14.647562582345191,8.0,11.0,11.0,11.0,15.384534988105353
