,1,1l,1r,1s,2,2l,2r,2s,3,3l,3r,3s,4,4l,4r,4s,id,1_2,1_3,1_4,2_1,2_3,2_4,3_1,3_2,3_4,4_1,4_2,4_3,p1,p2,p3,p4,speed0,speed1,speed2,speed3,speed4,stop0,stop1,stop2,stop3,stop4,time,timeloss0,timeloss1,timeloss2,timeloss3,timeloss4,travel0,travel1,travel2,travel3,travel4,wait0,wait1,wait2,wait3,wait4,rsssll_rssl_rsslll_rrsl_0,rsssll_rssl_rsslll_rrsl_1,rsssll_rssl_rsslll_rrsl_2,rsssll_rssl_rsslll_rrsl_3,performance measure
0,6,2,1,3,4,1,1,2,6,3,1,2,4,1,2,1,rsssll_rssl_rsslll_rrsl,621.0,809.0,66.0,296.0,212.0,433.0,709.0,227.0,791.0,288.0,246.0,468.0,14.0,14.0,11.0,11.0,8.458030413979962,8.243676170336977,8.41188690096275,8.640678290491048,8.562932500861548,0.8745743473325767,0.9812974868497955,0.870463428252373,0.8295589988081049,0.852992446252179,4.322054862976074,30.409790011350793,35.829140853302135,30.148888888888884,28.152127532777094,29.35229517722259,75.25822928490352,80.708357685564,74.98492462311557,72.97914183551848,74.2184776292853,21.37627695800227,25.719462302746933,21.20547180346175,19.588200238379024,20.53108657757118,14.0,14.0,11.0,11.0,21.68409957603223
