,1,1l,1r,1s,2,2l,2r,2s,3,3l,3r,3s,4,4l,4r,4s,id,1_2,1_3,1_4,2_1,2_3,2_4,3_1,3_2,3_4,4_1,4_2,4_3,p1,p2,p3,p4,speed0,speed1,speed2,speed3,speed4,stop0,stop1,stop2,stop3,stop4,time,timeloss0,timeloss1,timeloss2,timeloss3,timeloss4,travel0,travel1,travel2,travel3,travel4,wait0,wait1,wait2,wait3,wait4,rrsll_rssl_rsssll_rsl_0,rrsll_rssl_rsssll_rsl_1,rrsll_rssl_rsssll_rsl_2,rrsll_rssl_rsssll_rsl_3,performance measure
0,5,2,2,1,4,1,1,2,6,2,1,3,3,1,1,1,rrsll_rssl_rsssll_rsl,348.0,190.0,128.0,71.0,176.0,609.0,273.0,53.0,439.0,124.0,204.0,180.0,11.0,8.0,8.0,11.0,9.072302074464,9.02672774287408,9.006570741162992,9.00138101471515,8.934312422494521,0.8049792531120332,0.8259493670886076,0.8290258449304175,0.816017316017316,0.8442796610169492,3.0346834659576416,23.559087136929467,23.845010548523177,24.891809145129226,23.75128787878789,25.057129237288112,68.62966804979253,68.92932489451476,69.95328031809144,68.7965367965368,70.11758474576271,15.442946058091286,15.927215189873417,16.75347912524851,15.814935064935066,16.8739406779661,11.0,8.0,8.0,11.0,16.162503223222878
