,1,1l,1r,1s,2,2l,2r,2s,3,3l,3r,3s,4,4l,4r,4s,id,1_2,1_3,1_4,2_1,2_3,2_4,3_1,3_2,3_4,4_1,4_2,4_3,p1,p2,p3,p4,speed0,speed1,speed2,speed3,speed4,stop0,stop1,stop2,stop3,stop4,time,timeloss0,timeloss1,timeloss2,timeloss3,timeloss4,travel0,travel1,travel2,travel3,travel4,wait0,wait1,wait2,wait3,wait4,rrssl_rrssl_rrsslll_rrsslll_0,rrssl_rrssl_rrsslll_rrsslll_1,rrssl_rrssl_rrsslll_rrsslll_2,rrssl_rrssl_rrsslll_rrsslll_3,performance measure
0,5,1,2,2,5,1,2,2,7,3,2,2,7,3,2,2,rrssl_rrssl_rrsslll_rrsslll,68.0,89.0,109.0,494.0,182.0,315.0,635.0,74.0,361.0,680.0,717.0,386.0,8.0,14.0,14.0,14.0,8.926605782047286,8.804044384442534,8.772698759890643,9.062674281804895,8.84314925453785,0.7693399574166075,0.7991452991452992,0.7956460674157303,0.7522123893805309,0.7868245743893413,3.672297477722168,24.79239176721076,25.667286324786318,25.904353932584232,23.422234513274383,25.317224278312395,69.48261178140525,70.39957264957265,70.62359550561797,68.07669616519173,70.03182827535159,17.00780695528744,17.631766381766383,17.853230337078653,15.71976401179941,17.35677276091784,8.0,14.0,14.0,14.0,17.113868089369944
