,1,1l,1r,1s,2,2l,2r,2s,3,3l,3r,3s,4,4l,4r,4s,id,1_2,1_3,1_4,2_1,2_3,2_4,3_1,3_2,3_4,4_1,4_2,4_3,p1,p2,p3,p4,speed0,speed1,speed2,speed3,speed4,stop0,stop1,stop2,stop3,stop4,time,timeloss0,timeloss1,timeloss2,timeloss3,timeloss4,travel0,travel1,travel2,travel3,travel4,wait0,wait1,wait2,wait3,wait4,rsssssl_rsl_rrsslll_rsssll_0,rsssssl_rsl_rrsslll_rsssll_1,rsssssl_rsl_rrsslll_rsssll_2,rsssssl_rsl_rrsslll_rsssll_3,performance measure
0,7,1,1,5,3,1,1,1,7,3,2,2,6,2,1,3,rsssssl_rsl_rrsslll_rsssll,145.0,286.0,263.0,113.0,261.0,132.0,482.0,648.0,430.0,548.0,1058.0,241.0,8.0,11.0,14.0,14.0,8.964543032927855,8.809888819659967,8.751844754647564,9.079405682943598,9.115415336979913,0.7813504823151125,0.7888239116309291,0.8097290640394089,0.7437086092715232,0.7421875,3.930647850036621,24.655684887459763,25.132144249512635,26.224772167487675,23.227794701986753,22.75805338541664,69.28488745980708,69.7933723196881,70.89224137931035,67.86556291390728,67.37955729166667,16.49581993569132,16.92267706302794,17.89408866995074,15.366225165562915,14.951822916666666,8.0,11.0,14.0,14.0,16.326126750179917
