,1,1l,1r,1s,2,2l,2r,2s,3,3l,3r,3s,4,4l,4r,4s,id,1_2,1_3,1_4,2_1,2_3,2_4,3_1,3_2,3_4,4_1,4_2,4_3,p1,p2,p3,p4,speed0,speed1,speed2,speed3,speed4,stop0,stop1,stop2,stop3,stop4,time,timeloss0,timeloss1,timeloss2,timeloss3,timeloss4,travel0,travel1,travel2,travel3,travel4,wait0,wait1,wait2,wait3,wait4,rsssll_rssl_rsslll_rrsl_0,rsssll_rssl_rsslll_rrsl_1,rsssll_rssl_rsslll_rrsl_2,rsssll_rssl_rsslll_rrsl_3,performance measure
0,6,2,1,3,4,1,1,2,6,3,1,2,4,1,2,1,rsssll_rssl_rsslll_rrsl,197.0,291.0,161.0,189.0,322.0,357.0,418.0,123.0,575.0,133.0,80.0,416.0,8.0,8.0,11.0,8.0,9.183494354540823,9.222317555513213,9.239621229994523,9.16177197692037,9.432034140730766,0.8045375218150087,0.779646017699115,0.8010425716768028,0.8274253731343284,0.7540687160940326,2.9617927074432373,22.41204188481674,22.073442477876103,21.92596872284968,23.10574626865677,20.022450271247756,67.08813263525306,66.75309734513274,66.65508253692441,67.78731343283582,64.67631103074142,14.516579406631763,14.315044247787611,13.979148566463945,15.036380597014926,12.561482820976492,8.0,8.0,11.0,8.0,14.081727127774949
