,1,1l,1r,1s,2,2l,2r,2s,3,3l,3r,3s,4,4l,4r,4s,id,1_2,1_3,1_4,2_1,2_3,2_4,3_1,3_2,3_4,4_1,4_2,4_3,p1,p2,p3,p4,speed0,speed1,speed2,speed3,speed4,stop0,stop1,stop2,stop3,stop4,time,timeloss0,timeloss1,timeloss2,timeloss3,timeloss4,travel0,travel1,travel2,travel3,travel4,wait0,wait1,wait2,wait3,wait4,rsl_rsssssl_rsll_rrssl_0,rsl_rsssssl_rsll_rrssl_1,rsl_rsssssl_rsll_rrssl_2,rsl_rsssssl_rsll_rrssl_3,performance measure
0,3,1,1,1,7,1,1,5,4,2,1,1,5,1,2,2,rsl_rsssssl_rsll_rrssl,74.0,343.0,238.0,306.0,322.0,1128.0,318.0,158.0,447.0,197.0,513.0,231.0,11.0,18.0,14.0,11.0,8.496124738815347,8.380092538283062,8.016080477872057,8.358131381386713,8.456113897635628,0.8116838487972509,0.8363259668508287,0.9308970099667774,0.8708065667380442,0.8341362697866483,4.068272829055786,28.811243986254304,30.1104281767956,34.97495681063121,31.590506780870747,29.722670337233282,73.71546391752577,75.02209944751381,79.87707641196013,76.47323340471092,74.62697866483138,20.395189003436425,21.459254143646408,25.43920265780731,22.63526052819415,21.07639366827254,11.0,18.0,14.0,11.0,22.20106000027137
