,1,1l,1r,1s,2,2l,2r,2s,3,3l,3r,3s,4,4l,4r,4s,id,1_2,1_3,1_4,2_1,2_3,2_4,3_1,3_2,3_4,4_1,4_2,4_3,p1,p2,p3,p4,speed0,speed1,speed2,speed3,speed4,stop0,stop1,stop2,stop3,stop4,time,timeloss0,timeloss1,timeloss2,timeloss3,timeloss4,travel0,travel1,travel2,travel3,travel4,wait0,wait1,wait2,wait3,wait4,rssll_rrsl_rsssl_rrsl_0,rssll_rrsl_rsssl_rrsl_1,rssll_rrsl_rsssl_rrsl_2,rssll_rrsl_rsssl_rrsl_3,performance measure
0,5,2,1,2,4,1,2,1,5,1,1,3,4,1,2,1,rssll_rrsl_rsssl_rrsl,495.0,310.0,262.0,585.0,191.0,55.0,498.0,58.0,69.0,285.0,198.0,335.0,11.0,8.0,11.0,8.0,9.415928059484312,9.200066227148863,9.309610892018194,9.448695999064908,9.31042092944319,0.7358657243816255,0.7959001782531194,0.7459505541346974,0.7135036496350365,0.7834394904458599,3.3219590187072754,20.551113074204956,22.461354723707668,21.161747655583994,19.888330291970785,23.52638762511375,65.22084805653711,67.13101604278074,65.88746803069054,64.55656934306569,68.18016378525932,12.904593639575971,14.499108734402853,13.419437340153452,12.510948905109489,15.475887170154687,11.0,8.0,11.0,8.0,13.761995157879289
