,1,1l,1r,1s,2,2l,2r,2s,3,3l,3r,3s,4,4l,4r,4s,id,1_2,1_3,1_4,2_1,2_3,2_4,3_1,3_2,3_4,4_1,4_2,4_3,p1,p2,p3,p4,speed0,speed1,speed2,speed3,speed4,stop0,stop1,stop2,stop3,stop4,time,timeloss0,timeloss1,timeloss2,timeloss3,timeloss4,travel0,travel1,travel2,travel3,travel4,wait0,wait1,wait2,wait3,wait4,rsl_rsssll_rrssl_rrsslll_0,rsl_rsssll_rrssl_rrsslll_1,rsl_rsssll_rrssl_rrsslll_2,rsl_rsssll_rrssl_rrsslll_3,performance measure
0,3,1,1,1,6,2,1,3,5,1,2,2,7,3,2,2,rsl_rsssll_rrssl_rrsslll,129.0,150.0,81.0,250.0,113.0,1044.0,593.0,91.0,87.0,510.0,354.0,569.0,8.0,11.0,8.0,14.0,9.23223769461261,9.02037612582617,9.26905917535974,9.245563448709717,9.293917571038056,0.7586460632818248,0.8038777032065623,0.7387724550898204,0.7554552294958615,0.7271329746348962,3.4687438011169434,22.445739514348812,23.824735272184913,21.44297155688624,21.622197140707314,21.42973866256724,67.1832229580574,68.58612975391499,66.24625748502994,66.35139202407825,66.1760184473482,14.520971302428256,15.811334824757644,13.696856287425149,13.89390519187359,13.81552651806303,8.0,11.0,8.0,14.0,14.347718824909531
