,1,1l,1r,1s,2,2l,2r,2s,3,3l,3r,3s,4,4l,4r,4s,id,1_2,1_3,1_4,2_1,2_3,2_4,3_1,3_2,3_4,4_1,4_2,4_3,p1,p2,p3,p4,speed0,speed1,speed2,speed3,speed4,stop0,stop1,stop2,stop3,stop4,time,timeloss0,timeloss1,timeloss2,timeloss3,timeloss4,travel0,travel1,travel2,travel3,travel4,wait0,wait1,wait2,wait3,wait4,rsl_rrsl_rssslll_rssssl_0,rsl_rrsl_rssslll_rssssl_1,rsl_rrsl_rssslll_rssssl_2,rsl_rrsl_rssslll_rssssl_3,performance measure
0,3,1,1,1,4,1,2,1,7,3,1,3,6,1,1,4,rsl_rrsl_rssslll_rssssl,209.0,176.0,179.0,421.0,58.0,195.0,811.0,225.0,294.0,160.0,371.0,320.0,8.0,11.0,8.0,8.0,9.057775441954139,9.378767450069768,9.393363258901955,9.421031335721697,9.480661184306864,0.8920068027210885,0.7811418685121108,0.7906197654941374,0.7545454545454545,0.7328111401218451,3.2379987239837646,26.413316326530623,21.905086505190344,21.354053601340006,20.46156363636363,19.80199303742384,71.0484693877551,66.5674740484429,65.96984924623115,65.04636363636364,64.43342036553524,17.50170068027211,14.006920415224913,13.34003350083752,12.840909090909092,12.164490861618798,8.0,11.0,8.0,8.0,13.970810909772487
