,1,1l,1r,1s,2,2l,2r,2s,3,3l,3r,3s,4,4l,4r,4s,id,1_2,1_3,1_4,2_1,2_3,2_4,3_1,3_2,3_4,4_1,4_2,4_3,p1,p2,p3,p4,speed0,speed1,speed2,speed3,speed4,stop0,stop1,stop2,stop3,stop4,time,timeloss0,timeloss1,timeloss2,timeloss3,timeloss4,travel0,travel1,travel2,travel3,travel4,wait0,wait1,wait2,wait3,wait4,rsl_rrsll_rsl_rslll_0,rsl_rrsll_rsl_rslll_1,rsl_rrsll_rsl_rslll_2,rsl_rrsll_rsl_rslll_3,performance measure
0,3,1,1,1,5,2,2,1,3,1,1,1,5,3,1,1,rsl_rrsll_rsl_rslll,131.0,342.0,216.0,495.0,488.0,191.0,203.0,112.0,212.0,910.0,116.0,88.0,11.0,14.0,14.0,11.0,8.817679597355548,8.833452943217713,8.588435512195561,8.764176308825677,8.622115363785355,0.784072249589491,0.7721518987341772,0.8196457326892109,0.7950889077053345,0.8354114713216958,3.4045214653015137,26.118735632183906,25.32285232067511,27.846884057970975,26.458628281117722,27.972003325020776,71.10837438423646,70.3409282700422,72.82045088566828,71.4233700254022,72.96009975062344,17.8440065681445,17.034599156118144,19.165056360708533,18.011007620660457,19.204488778054863,11.0,14.0,14.0,11.0,18.251831696737298
