,1,1l,1r,1s,2,2l,2r,2s,3,3l,3r,3s,4,4l,4r,4s,id,1_2,1_3,1_4,2_1,2_3,2_4,3_1,3_2,3_4,4_1,4_2,4_3,p1,p2,p3,p4,speed0,speed1,speed2,speed3,speed4,stop0,stop1,stop2,stop3,stop4,time,timeloss0,timeloss1,timeloss2,timeloss3,timeloss4,travel0,travel1,travel2,travel3,travel4,wait0,wait1,wait2,wait3,wait4,rssslll_rrsssl_rsssssl_rsl_0,rssslll_rrsssl_rsssssl_rsl_1,rssslll_rrsssl_rsssssl_rsl_2,rssslll_rrsssl_rsssssl_rsl_3,performance measure
0,7,3,1,3,6,1,2,3,7,1,1,5,3,1,1,1,rssslll_rrsssl_rsssssl_rsl,920.0,864.0,314.0,444.0,309.0,488.0,1496.0,97.0,215.0,316.0,105.0,102.0,14.0,14.0,14.0,8.0,8.660188322120009,8.694181136708917,8.539070089505735,8.62853356458356,8.739693130067701,0.8223270440251572,0.8089073019161056,0.8367758186397984,0.8272279934390377,0.7990430622009569,4.5784523487091064,27.27202830188673,26.629518384256865,28.154841309823617,27.65821760524884,26.274295587453445,72.06184486373165,71.42206110823408,72.92745591939547,72.45872061235647,71.02126528442318,18.76153039832285,18.083894355256344,19.405037783375313,19.061235647895025,17.860712387028176,14.0,14.0,14.0,8.0,18.63448211437554
