,1,1l,1r,1s,2,2l,2r,2s,3,3l,3r,3s,4,4l,4r,4s,id,1_2,1_3,1_4,2_1,2_3,2_4,3_1,3_2,3_4,4_1,4_2,4_3,p1,p2,p3,p4,speed0,speed1,speed2,speed3,speed4,stop0,stop1,stop2,stop3,stop4,time,timeloss0,timeloss1,timeloss2,timeloss3,timeloss4,travel0,travel1,travel2,travel3,travel4,wait0,wait1,wait2,wait3,wait4,rsl_rsssll_rrssl_rrsslll_0,rsl_rsssll_rrssl_rrsslll_1,rsl_rsssll_rrssl_rrsslll_2,rsl_rsssll_rrssl_rrsslll_3,performance measure
0,3,1,1,1,6,2,1,3,5,1,2,2,7,3,2,2,rsl_rsssll_rrssl_rrsslll,219.0,325.0,100.0,158.0,139.0,418.0,370.0,204.0,164.0,929.0,406.0,334.0,11.0,14.0,14.0,8.0,8.76216782456468,8.657564329743686,8.694032334169568,8.807952667163509,8.55702826000904,0.8191570881226053,0.8385093167701864,0.8325581395348837,0.7951334379905809,0.8891472868217054,3.4920246601104736,26.501662835249046,27.495714285714282,27.51800000000004,26.02848508634221,30.1874651162791,71.29425287356322,72.29658385093168,72.32480620155039,70.79199372056515,74.95038759689922,18.474329501915708,19.23913043478261,19.269767441860466,17.959968602825747,21.31705426356589,11.0,14.0,14.0,8.0,19.252050048990082
