,1,1l,1r,1s,2,2l,2r,2s,3,3l,3r,3s,4,4l,4r,4s,id,1_2,1_3,1_4,2_1,2_3,2_4,3_1,3_2,3_4,4_1,4_2,4_3,p1,p2,p3,p4,speed0,speed1,speed2,speed3,speed4,stop0,stop1,stop2,stop3,stop4,time,timeloss0,timeloss1,timeloss2,timeloss3,timeloss4,travel0,travel1,travel2,travel3,travel4,wait0,wait1,wait2,wait3,wait4,rsl_rsssll_rrssl_rrsslll_0,rsl_rsssll_rrssl_rrsslll_1,rsl_rsssll_rrssl_rrsslll_2,rsl_rsssll_rrssl_rrsslll_3,performance measure
0,3,1,1,1,6,2,1,3,5,1,2,2,7,3,2,2,rsl_rsssll_rrssl_rrsslll,188.0,293.0,250.0,124.0,307.0,193.0,200.0,567.0,282.0,734.0,217.0,200.0,11.0,11.0,11.0,5.0,9.4279286080119,9.260972224666954,9.214851776654836,9.382910974341431,9.216174614173504,0.7146341463414634,0.7756622516556292,0.7720706260032103,0.7457627118644068,0.8011503697617092,3.2190494537353516,20.110560975609786,22.08820364238411,22.431027287319427,20.821228813559326,23.989515201314738,64.72113821138211,66.70281456953643,67.01926163723917,65.37627118644068,68.557107641742,12.640650406504065,14.149006622516556,14.48314606741573,13.132203389830508,15.813475760065735,11.0,11.0,11.0,5.0,14.04369644926652
