,1,1l,1r,1s,2,2l,2r,2s,3,3l,3r,3s,4,4l,4r,4s,id,1_2,1_3,1_4,2_1,2_3,2_4,3_1,3_2,3_4,4_1,4_2,4_3,p1,p2,p3,p4,speed0,speed1,speed2,speed3,speed4,stop0,stop1,stop2,stop3,stop4,time,timeloss0,timeloss1,timeloss2,timeloss3,timeloss4,travel0,travel1,travel2,travel3,travel4,wait0,wait1,wait2,wait3,wait4,rsssll_rssl_rsslll_rrsl_0,rsssll_rssl_rsslll_rrsl_1,rsssll_rssl_rsslll_rrsl_2,rsssll_rssl_rsslll_rrsl_3,performance measure
0,6,2,1,3,4,1,1,2,6,3,1,2,4,1,2,1,rsssll_rssl_rsslll_rrsl,587.0,589.0,293.0,299.0,105.0,121.0,429.0,135.0,878.0,303.0,300.0,192.0,14.0,11.0,11.0,11.0,8.595263912116467,8.275802688196244,8.566616507122108,8.89740396901904,8.555137576645992,0.8738548273431994,1.0289017341040463,0.8616949152542372,0.7879234167893961,0.8967696629213483,3.921903610229492,29.510063424947095,37.02261560693647,29.196535593220357,25.38772459499264,30.3898665730337,74.33051444679352,81.84609826589596,74.03728813559322,70.15316642120766,75.20716292134831,20.579985905567302,26.658236994219653,20.202033898305086,17.158321060382917,21.150280898876403,14.0,11.0,11.0,11.0,21.149771751470272
