,1,1l,1r,1s,2,2l,2r,2s,3,3l,3r,3s,4,4l,4r,4s,id,1_2,1_3,1_4,2_1,2_3,2_4,3_1,3_2,3_4,4_1,4_2,4_3,p1,p2,p3,p4,speed0,speed1,speed2,speed3,speed4,stop0,stop1,stop2,stop3,stop4,time,timeloss0,timeloss1,timeloss2,timeloss3,timeloss4,travel0,travel1,travel2,travel3,travel4,wait0,wait1,wait2,wait3,wait4,rsl_rsl_rsssl_rsl_0,rsl_rsl_rsssl_rsl_1,rsl_rsl_rsssl_rsl_2,rsl_rsl_rsssl_rsl_3,performance measure
0,3,1,1,1,3,1,1,1,5,1,1,3,3,1,1,1,rsl_rsl_rsssl_rsl,284.0,147.0,274.0,248.0,269.0,275.0,384.0,44.0,104.0,257.0,289.0,289.0,11.0,8.0,11.0,11.0,8.605287182861838,8.56813884230815,8.38075596797913,8.802938100844557,8.711449305281848,0.9459734964322121,0.8887755102040816,0.9764344262295082,0.8462365591397849,0.8785340314136125,2.837803363800049,30.92761467889906,28.780081632653065,31.51285860655735,26.410182795698926,28.315078534031418,76.01732925586137,73.82857142857142,76.54200819672131,71.47419354838709,73.317277486911,20.97553516819572,19.73265306122449,21.665983606557376,17.668817204301074,19.096335078534032,11.0,8.0,11.0,11.0,19.827864823762535
