,1,1l,1r,1s,2,2l,2r,2s,3,3l,3r,3s,4,4l,4r,4s,id,1_2,1_3,1_4,2_1,2_3,2_4,3_1,3_2,3_4,4_1,4_2,4_3,p1,p2,p3,p4,speed0,speed1,speed2,speed3,speed4,stop0,stop1,stop2,stop3,stop4,time,timeloss0,timeloss1,timeloss2,timeloss3,timeloss4,travel0,travel1,travel2,travel3,travel4,wait0,wait1,wait2,wait3,wait4,rssll_rrsl_rsssl_rrsl_0,rssll_rrsl_rsssl_rrsl_1,rssll_rrsl_rsssl_rrsl_2,rssll_rrsl_rsssl_rrsl_3,performance measure
0,5,2,1,2,4,1,2,1,5,1,1,3,4,1,2,1,rssll_rrsl_rsssl_rrsl,189.0,633.0,305.0,574.0,275.0,320.0,520.0,106.0,288.0,70.0,143.0,105.0,14.0,14.0,14.0,14.0,8.386747786461724,8.583605403186258,8.443285765976794,8.2918262796386,8.470659726379637,0.9014443500424809,0.8109495295124037,0.8441345365053322,0.9177837354781054,0.8681506849315068,3.473158121109009,33.73141036533563,28.705414884516703,31.448285479901557,34.278382484361074,32.034948630136995,78.48003398470688,73.50898203592814,76.21164889253487,79.00089365504915,76.77825342465754,24.252336448598133,20.268605645851157,22.68416735028712,24.805183199285075,22.934075342465754,14.0,14.0,14.0,14.0,22.98887359729745
