,1,1l,1r,1s,2,2l,2r,2s,3,3l,3r,3s,4,4l,4r,4s,id,1_2,1_3,1_4,2_1,2_3,2_4,3_1,3_2,3_4,4_1,4_2,4_3,p1,p2,p3,p4,speed0,speed1,speed2,speed3,speed4,stop0,stop1,stop2,stop3,stop4,time,timeloss0,timeloss1,timeloss2,timeloss3,timeloss4,travel0,travel1,travel2,travel3,travel4,wait0,wait1,wait2,wait3,wait4,rsl_rsl_rsl_rrssssl_0,rsl_rsl_rsl_rrssssl_1,rsl_rsl_rsl_rrssssl_2,rsl_rsl_rsl_rrssssl_3,performance measure
0,3,1,1,1,3,1,1,1,3,1,1,1,7,1,2,4,rsl_rsl_rsl_rrssssl,57.0,262.0,193.0,216.0,119.0,60.0,277.0,59.0,85.0,196.0,320.0,331.0,5.0,11.0,8.0,8.0,9.549257668013055,9.380480834423505,9.404244617111727,9.533935153482695,9.605188007559223,0.7473262032085561,0.7693333333333333,0.7840314136125655,0.7463768115942029,0.7273954116059379,2.6300482749938965,19.083395721925136,21.012826666666662,20.423075916230385,19.039550724637675,18.813522267206483,63.830213903743314,65.74933333333334,65.18717277486911,63.721739130434784,63.5357624831309,11.524064171122994,13.214666666666666,12.463350785340314,11.482608695652173,11.22132253711201,5.0,11.0,8.0,8.0,11.98120257117883
