,1,1l,1r,1s,2,2l,2r,2s,3,3l,3r,3s,4,4l,4r,4s,id,1_2,1_3,1_4,2_1,2_3,2_4,3_1,3_2,3_4,4_1,4_2,4_3,p1,p2,p3,p4,speed0,speed1,speed2,speed3,speed4,stop0,stop1,stop2,stop3,stop4,time,timeloss0,timeloss1,timeloss2,timeloss3,timeloss4,travel0,travel1,travel2,travel3,travel4,wait0,wait1,wait2,wait3,wait4,rsl_rssslll_rrsssl_rsslll_0,rsl_rssslll_rrsssl_rsslll_1,rsl_rssslll_rrsssl_rsslll_2,rsl_rssslll_rrsssl_rsslll_3,performance measure
0,3,1,1,1,7,3,1,3,6,1,2,3,6,3,1,2,rsl_rssslll_rrsssl_rsslll,183.0,186.0,87.0,239.0,834.0,809.0,903.0,535.0,127.0,965.0,178.0,94.0,8.0,11.0,14.0,11.0,8.883866342826735,8.677513407806504,8.777110072494958,8.677606974247821,8.91007157057116,0.8202764976958525,0.8540229885057471,0.8190423162583519,0.8391528334287349,0.7910704064109902,4.22472357749939,26.562885944700476,27.625005747126448,26.1543763919822,27.01874069834003,24.543360045792845,71.37154377880184,72.4396551724138,70.93541202672606,71.80480824270177,69.34287349742415,18.10599078341014,18.835632183908046,17.734966592427618,18.44304522037779,16.389811104751,8.0,11.0,14.0,11.0,17.90188917697492
