,1,1l,1r,1s,2,2l,2r,2s,3,3l,3r,3s,4,4l,4r,4s,id,1_2,1_3,1_4,2_1,2_3,2_4,3_1,3_2,3_4,4_1,4_2,4_3,p1,p2,p3,p4,speed0,speed1,speed2,speed3,speed4,stop0,stop1,stop2,stop3,stop4,time,timeloss0,timeloss1,timeloss2,timeloss3,timeloss4,travel0,travel1,travel2,travel3,travel4,wait0,wait1,wait2,wait3,wait4,rssslll_rrsssl_rsssssl_rsl_0,rssslll_rrsssl_rsssssl_rsl_1,rssslll_rrsssl_rsssssl_rsl_2,rssslll_rrsssl_rsssssl_rsl_3,performance measure
0,7,3,1,3,6,1,2,3,7,1,1,5,3,1,1,1,rssslll_rrsssl_rsssssl_rsl,848.0,1008.0,228.0,542.0,257.0,571.0,1295.0,319.0,264.0,284.0,266.0,161.0,14.0,14.0,14.0,11.0,8.593811843780259,8.467691159037464,8.557420975037989,8.615042328141945,8.54609125709144,0.8083743842364532,0.8430493273542601,0.8220174587778856,0.8107700050327127,0.8250758341759353,4.788426876068115,27.873768472906377,29.651709018435465,28.262424830261864,27.61075490689477,29.171799797775527,72.5975369458128,74.40807174887892,72.99224054316198,72.30951182687468,73.86147623862487,19.288177339901477,20.800199302441456,19.46459747817653,19.117765475591344,20.461071789686553,14.0,14.0,14.0,11.0,19.826362277159472
