,1,1l,1r,1s,2,2l,2r,2s,3,3l,3r,3s,4,4l,4r,4s,id,1_2,1_3,1_4,2_1,2_3,2_4,3_1,3_2,3_4,4_1,4_2,4_3,p1,p2,p3,p4,speed0,speed1,speed2,speed3,speed4,stop0,stop1,stop2,stop3,stop4,time,timeloss0,timeloss1,timeloss2,timeloss3,timeloss4,travel0,travel1,travel2,travel3,travel4,wait0,wait1,wait2,wait3,wait4,rrslll_rssll_rsl_rssssll_0,rrslll_rssll_rsl_rssssll_1,rrslll_rssll_rsl_rssssll_2,rrslll_rssll_rsl_rssssll_3,performance measure
0,6,3,2,1,5,2,1,2,3,1,1,1,7,2,1,4,rrslll_rssll_rsl_rssssll,629.0,276.0,529.0,280.0,463.0,585.0,323.0,82.0,69.0,559.0,179.0,164.0,11.0,14.0,14.0,14.0,8.631734575075004,8.702555481950792,8.577524641999577,8.708789172088384,8.745307734922637,0.8031953522149601,0.7885431400282885,0.8122866894197952,0.7817258883248731,0.7718023255813954,3.811849594116211,28.002142338416842,26.85080622347947,28.234286689419793,26.99688179840464,26.935225290697687,72.84967320261438,71.70862800565772,73.06621160409556,71.77810007251631,71.75218023255815,19.567901234567902,18.51768033946252,19.653924914675766,18.79042784626541,18.781976744186046,11.0,14.0,14.0,14.0,19.062382215831526
