,1,1l,1r,1s,2,2l,2r,2s,3,3l,3r,3s,4,4l,4r,4s,id,1_2,1_3,1_4,2_1,2_3,2_4,3_1,3_2,3_4,4_1,4_2,4_3,p1,p2,p3,p4,speed0,speed1,speed2,speed3,speed4,stop0,stop1,stop2,stop3,stop4,time,timeloss0,timeloss1,timeloss2,timeloss3,timeloss4,travel0,travel1,travel2,travel3,travel4,wait0,wait1,wait2,wait3,wait4,rssll_rrsl_rsssl_rrsl_0,rssll_rrsl_rsssl_rrsl_1,rssll_rrsl_rsssl_rrsl_2,rssll_rrsl_rsssl_rrsl_3,performance measure
0,5,2,1,2,4,1,2,1,5,1,1,3,4,1,2,1,rssll_rrsl_rsssl_rrsl,494.0,90.0,216.0,613.0,101.0,315.0,1075.0,250.0,311.0,291.0,234.0,307.0,18.0,18.0,14.0,18.0,8.200026490901914,8.246672901828584,8.21331792346003,8.311116409600755,8.292112095188065,0.8148400272294077,0.8410364145658263,0.8142186452045607,0.7933709449929478,0.7878151260504201,3.6315972805023193,33.754152484683445,35.95915966386555,33.03177062374246,32.54851198871653,32.722598039215626,78.55888359428182,80.79551820728291,77.83769282360832,77.34837799717913,77.53081232492997,24.775357385976854,26.589635854341736,24.077129443326626,23.880112834978842,24.081932773109244,18.0,18.0,14.0,18.0,24.68083365834666
