,1,1l,1r,1s,2,2l,2r,2s,3,3l,3r,3s,4,4l,4r,4s,id,1_2,1_3,1_4,2_1,2_3,2_4,3_1,3_2,3_4,4_1,4_2,4_3,p1,p2,p3,p4,speed0,speed1,speed2,speed3,speed4,stop0,stop1,stop2,stop3,stop4,time,timeloss0,timeloss1,timeloss2,timeloss3,timeloss4,travel0,travel1,travel2,travel3,travel4,wait0,wait1,wait2,wait3,wait4,rsssssl_rsl_rrsslll_rsssll_0,rsssssl_rsl_rrsslll_rsssll_1,rsssssl_rsl_rrsslll_rsssll_2,rsssssl_rsl_rrsslll_rsssll_3,performance measure
0,7,1,1,5,3,1,1,1,7,3,2,2,6,2,1,3,rsssssl_rsl_rrsslll_rsssll,171.0,1344.0,278.0,124.0,201.0,195.0,471.0,170.0,335.0,302.0,572.0,237.0,8.0,11.0,8.0,8.0,9.185619948772906,9.228172702170244,9.255833148619518,9.330073100781412,9.445551483596502,0.8422090729783037,0.7870182555780934,0.8012008005336891,0.7889908256880734,0.7370892018779343,3.798269033432007,23.58174884944115,22.158519269776864,21.401627751834567,21.50880733944955,19.94606304493628,68.38395792241946,66.97430696416498,66.25350233488993,66.3514467184192,64.75989268947015,15.263642340565417,14.269776876267748,13.498332221480988,13.658433309809457,12.434607645875252,8.0,11.0,8.0,8.0,13.824958478799772
