,1,1l,1r,1s,2,2l,2r,2s,3,3l,3r,3s,4,4l,4r,4s,id,1_2,1_3,1_4,2_1,2_3,2_4,3_1,3_2,3_4,4_1,4_2,4_3,p1,p2,p3,p4,speed0,speed1,speed2,speed3,speed4,stop0,stop1,stop2,stop3,stop4,time,timeloss0,timeloss1,timeloss2,timeloss3,timeloss4,travel0,travel1,travel2,travel3,travel4,wait0,wait1,wait2,wait3,wait4,rsl_rsssl_rssssl_rssll_0,rsl_rsssl_rssssl_rssll_1,rsl_rsssl_rssssl_rssll_2,rsl_rsssl_rssssl_rssll_3,performance measure
0,3,1,1,1,5,1,1,3,6,1,1,4,5,2,1,2,rsl_rsssl_rssssl_rssll,292.0,279.0,61.0,222.0,210.0,905.0,889.0,37.0,202.0,367.0,300.0,98.0,14.0,14.0,11.0,14.0,8.581626207359047,8.63504316286353,8.41137161028161,8.520221050577218,8.692849603440312,0.81875,0.8192862566438877,0.8602391629297459,0.8363636363636363,0.7848101265822784,3.709084987640381,28.029914062499966,27.734487471526162,30.68351270553065,28.85573913043482,27.259525316455697,73.02421875,72.70690964312833,75.64349775784753,73.82371541501976,72.21993670886076,19.70234375,19.52391799544419,21.813153961136024,20.509881422924902,19.200949367088608,14.0,14.0,11.0,14.0,20.150049299318745
