,1,1l,1r,1s,2,2l,2r,2s,3,3l,3r,3s,4,4l,4r,4s,id,1_2,1_3,1_4,2_1,2_3,2_4,3_1,3_2,3_4,4_1,4_2,4_3,p1,p2,p3,p4,speed0,speed1,speed2,speed3,speed4,stop0,stop1,stop2,stop3,stop4,time,timeloss0,timeloss1,timeloss2,timeloss3,timeloss4,travel0,travel1,travel2,travel3,travel4,wait0,wait1,wait2,wait3,wait4,rrslll_rssll_rsl_rssssll_0,rrslll_rssll_rsl_rssssll_1,rrslll_rssll_rsl_rssssll_2,rrslll_rssll_rsl_rssssll_3,performance measure
0,6,3,2,1,5,2,1,2,3,1,1,1,7,2,1,4,rrslll_rssll_rsl_rssssll,512.0,226.0,526.0,271.0,301.0,407.0,253.0,48.0,90.0,219.0,1435.0,82.0,8.0,11.0,8.0,14.0,9.206781237021902,9.210399408831568,8.989383765455669,9.213842642805938,9.151927347558328,0.7517053206002728,0.7584803256445047,0.8014093529788597,0.7489300998573466,0.757700205338809,3.7709126472473145,22.05436562073672,21.932666214382635,24.084356181934645,21.97866619115552,22.299397672826824,66.97135061391542,66.85888738127544,69.01089045483664,66.90798858773181,67.20054757015743,14.125511596180083,14.00135685210312,15.822549647661756,14.275320970042795,14.365503080082135,8.0,11.0,8.0,14.0,14.51804842921398
