,1,1l,1r,1s,2,2l,2r,2s,3,3l,3r,3s,4,4l,4r,4s,id,1_2,1_3,1_4,2_1,2_3,2_4,3_1,3_2,3_4,4_1,4_2,4_3,p1,p2,p3,p4,speed0,speed1,speed2,speed3,speed4,stop0,stop1,stop2,stop3,stop4,time,timeloss0,timeloss1,timeloss2,timeloss3,timeloss4,travel0,travel1,travel2,travel3,travel4,wait0,wait1,wait2,wait3,wait4,rsl_rsl_rsl_rrssssl_0,rsl_rsl_rsl_rrssssl_1,rsl_rsl_rsl_rrssssl_2,rsl_rsl_rsl_rrssssl_3,performance measure
0,3,1,1,1,3,1,1,1,3,1,1,1,7,1,2,4,rsl_rsl_rsl_rrssssl,316.0,188.0,258.0,276.0,186.0,357.0,130.0,239.0,108.0,182.0,1355.0,166.0,11.0,8.0,8.0,14.0,8.629200916271653,8.623295919659316,8.42166566570746,8.78080236925685,8.841317466256355,0.9065200314218381,0.9238699444885012,1.0196671709531013,0.8603868797308662,0.8470031545741324,3.459847927093506,29.02593087195596,29.733782712133213,34.14299546142201,26.84914213624895,26.218359621451057,73.97800471327572,74.69389373513084,79.07413010590015,71.75021026072329,71.13564668769716,19.531814611154754,20.305313243457572,23.629349470499243,18.056349873843565,17.41403785488959,11.0,8.0,8.0,14.0,19.787373010768942
