,1,1l,1r,1s,2,2l,2r,2s,3,3l,3r,3s,4,4l,4r,4s,id,1_2,1_3,1_4,2_1,2_3,2_4,3_1,3_2,3_4,4_1,4_2,4_3,p1,p2,p3,p4,speed0,speed1,speed2,speed3,speed4,stop0,stop1,stop2,stop3,stop4,time,timeloss0,timeloss1,timeloss2,timeloss3,timeloss4,travel0,travel1,travel2,travel3,travel4,wait0,wait1,wait2,wait3,wait4,rrslll_rssll_rsl_rssssll_0,rrslll_rssll_rsl_rssssll_1,rrslll_rssll_rsl_rssssll_2,rrslll_rssll_rsl_rssssll_3,performance measure
0,6,3,2,1,5,2,1,2,3,1,1,1,7,2,1,4,rrslll_rssll_rsl_rssssll,331.0,261.0,596.0,213.0,180.0,665.0,187.0,201.0,280.0,163.0,611.0,185.0,11.0,11.0,5.0,14.0,9.246319265350072,9.21762183747127,8.933184198614775,9.10085912361807,9.194781765672744,0.7501909854851031,0.7455938697318008,0.8261183261183261,0.7881889763779527,0.753030303030303,3.8057241439819336,21.819541634835783,22.378881226053622,25.285432900432912,23.82851181102362,22.3561666666667,66.43239113827349,66.99846743295019,69.93867243867244,68.45590551181103,66.94242424242424,14.06340718105424,14.613793103448275,16.8989898989899,15.78976377952756,14.566666666666666,11.0,11.0,5.0,14.0,15.186524125937328
