,1,1l,1r,1s,2,2l,2r,2s,3,3l,3r,3s,4,4l,4r,4s,id,1_2,1_3,1_4,2_1,2_3,2_4,3_1,3_2,3_4,4_1,4_2,4_3,p1,p2,p3,p4,speed0,speed1,speed2,speed3,speed4,stop0,stop1,stop2,stop3,stop4,time,timeloss0,timeloss1,timeloss2,timeloss3,timeloss4,travel0,travel1,travel2,travel3,travel4,wait0,wait1,wait2,wait3,wait4,rsssssl_rsl_rrsslll_rsssll_0,rsssssl_rsl_rrsslll_rsssll_1,rsssssl_rsl_rrsslll_rsssll_2,rsssssl_rsl_rrsslll_rsssll_3,performance measure
0,7,1,1,5,3,1,1,1,7,3,2,2,6,2,1,3,rsssssl_rsl_rrsslll_rsssll,40.0,940.0,237.0,107.0,40.0,167.0,516.0,647.0,538.0,326.0,637.0,296.0,8.0,11.0,8.0,8.0,9.380977859617676,9.479803467398648,9.437551999643391,9.617645673239526,9.516960556325131,0.7625160462130937,0.7272122421823021,0.7561768530559168,0.7006280530355897,0.7207621550591328,3.9656131267547607,20.72985237483955,19.64332002661347,19.757626788036394,18.600279134682463,19.313876478318033,65.30744544287548,64.2787757817698,64.35630689206762,63.19399860432659,63.92706964520368,12.916559691912708,12.204258150365934,12.065019505851755,11.24214933705513,11.823915900131405,8.0,11.0,8.0,8.0,12.050380517063385
