,1,1l,1r,1s,2,2l,2r,2s,3,3l,3r,3s,4,4l,4r,4s,id,1_2,1_3,1_4,2_1,2_3,2_4,3_1,3_2,3_4,4_1,4_2,4_3,p1,p2,p3,p4,speed0,speed1,speed2,speed3,speed4,stop0,stop1,stop2,stop3,stop4,time,timeloss0,timeloss1,timeloss2,timeloss3,timeloss4,travel0,travel1,travel2,travel3,travel4,wait0,wait1,wait2,wait3,wait4,rssll_rrsl_rsssl_rrsl_0,rssll_rrsl_rsssl_rrsl_1,rssll_rrsl_rsssl_rrsl_2,rssll_rrsl_rsssl_rrsl_3,performance measure
0,5,2,1,2,4,1,2,1,5,1,1,3,4,1,2,1,rssll_rrsl_rsssl_rrsl,236.0,450.0,305.0,226.0,59.0,77.0,418.0,304.0,322.0,144.0,134.0,591.0,11.0,8.0,5.0,5.0,9.68771176487782,9.32728436763669,9.388897117641495,9.715573228978647,9.4950837194894,0.7249782419495213,0.9259927797833934,0.8290293855743545,0.7244611059044048,0.8045375218150087,2.999523401260376,18.36019147084422,25.46257220216608,21.529082813891353,18.184067478912876,20.852940663176284,62.91470844212358,70.04693140794224,66.13980409617098,62.79100281162137,65.38656195462478,10.873803307223673,16.700361010830324,13.34639358860196,10.686035613870665,12.74694589877836,11.0,8.0,5.0,5.0,12.870707883860996
