,1,1l,1r,1s,2,2l,2r,2s,3,3l,3r,3s,4,4l,4r,4s,id,1_2,1_3,1_4,2_1,2_3,2_4,3_1,3_2,3_4,4_1,4_2,4_3,p1,p2,p3,p4,speed0,speed1,speed2,speed3,speed4,stop0,stop1,stop2,stop3,stop4,time,timeloss0,timeloss1,timeloss2,timeloss3,timeloss4,travel0,travel1,travel2,travel3,travel4,wait0,wait1,wait2,wait3,wait4,rrsslll_rrsll_rsssl_rrsslll_0,rrsslll_rrsll_rsssl_rrsslll_1,rrsslll_rrsll_rsssl_rrsslll_2,rrsslll_rrsll_rsssl_rrsslll_3,performance measure
0,7,3,2,2,5,2,2,1,5,1,1,3,7,3,2,2,rrsslll_rrsll_rsssl_rrsslll,680.0,146.0,356.0,538.0,122.0,253.0,486.0,236.0,179.0,626.0,591.0,87.0,11.0,8.0,11.0,11.0,9.120460000530896,9.190991113226259,9.092402926103265,9.276753318459004,9.144017119451815,0.8027586206896552,0.7577464788732394,0.7736351531291611,0.7299787384833452,0.75768156424581,3.8284926414489746,23.712793103448277,22.097845070422498,22.87149134487347,21.19174344436574,22.585398044692724,68.39724137931034,66.83169014084507,67.56924101198402,65.88731396172928,67.26815642458101,15.58,14.38943661971831,14.998002663115846,13.65272856130404,14.85195530726257,11.0,8.0,11.0,11.0,14.694424630280153
