,1,1l,1r,1s,2,2l,2r,2s,3,3l,3r,3s,4,4l,4r,4s,id,1_2,1_3,1_4,2_1,2_3,2_4,3_1,3_2,3_4,4_1,4_2,4_3,p1,p2,p3,p4,speed0,speed1,speed2,speed3,speed4,stop0,stop1,stop2,stop3,stop4,time,timeloss0,timeloss1,timeloss2,timeloss3,timeloss4,travel0,travel1,travel2,travel3,travel4,wait0,wait1,wait2,wait3,wait4,rsl_rsssll_rrssl_rrsslll_0,rsl_rsssll_rrssl_rrsslll_1,rsl_rsssll_rrssl_rrsslll_2,rsl_rsssll_rrssl_rrsslll_3,performance measure
0,3,1,1,1,6,2,1,3,5,1,2,2,7,3,2,2,rsl_rsssll_rrssl_rrsslll,270.0,69.0,183.0,204.0,408.0,1013.0,423.0,369.0,78.0,657.0,281.0,142.0,11.0,11.0,11.0,14.0,8.899787069031495,8.801224412736147,8.840838058503998,8.893195706284676,9.033433773363726,0.8002915451895044,0.8092820884699057,0.820694542877392,0.7915168943206327,0.7575757575757576,3.73103404045105,25.792981049562698,25.82812907904278,27.04390503189226,25.02314881380308,23.750923872875116,70.6100583090379,70.59318346627991,71.8582565556343,69.78360891445004,68.51071692535108,17.591836734693878,17.688905003625816,18.627923458540042,17.02731847591661,15.971914264597192,11.0,11.0,11.0,14.0,17.381579587474704
