,1,1l,1r,1s,2,2l,2r,2s,3,3l,3r,3s,4,4l,4r,4s,id,1_2,1_3,1_4,2_1,2_3,2_4,3_1,3_2,3_4,4_1,4_2,4_3,p1,p2,p3,p4,speed0,speed1,speed2,speed3,speed4,stop0,stop1,stop2,stop3,stop4,time,timeloss0,timeloss1,timeloss2,timeloss3,timeloss4,travel0,travel1,travel2,travel3,travel4,wait0,wait1,wait2,wait3,wait4,rsl_rsl_rsssl_rsl_0,rsl_rsl_rsssl_rsl_1,rsl_rsl_rsssl_rsl_2,rsl_rsl_rsssl_rsl_3,performance measure
0,3,1,1,1,3,1,1,1,5,1,1,3,3,1,1,1,rsl_rsl_rsssl_rsl,252.0,271.0,87.0,286.0,301.0,150.0,993.0,258.0,191.0,252.0,111.0,217.0,11.0,14.0,14.0,8.0,8.665028660991691,8.640894014960258,8.612209292443838,8.711758793454948,8.76430392273044,0.8549955791335102,0.8314210061782877,0.8500851788756388,0.8089579524680073,0.8009049773755657,3.2241740226745605,28.58948717948718,27.133221535745797,29.067214650766626,26.86916819012796,26.12473303167419,73.5658709106985,72.1323918799647,74.0511073253833,71.85557586837294,71.07782805429865,19.670203359858533,18.546337157987644,19.93100511073254,18.283363802559414,17.710407239819006,11.0,14.0,14.0,8.0,18.828263334191426
