,1,1l,1r,1s,2,2l,2r,2s,3,3l,3r,3s,4,4l,4r,4s,id,1_2,1_3,1_4,2_1,2_3,2_4,3_1,3_2,3_4,4_1,4_2,4_3,p1,p2,p3,p4,speed0,speed1,speed2,speed3,speed4,stop0,stop1,stop2,stop3,stop4,time,timeloss0,timeloss1,timeloss2,timeloss3,timeloss4,travel0,travel1,travel2,travel3,travel4,wait0,wait1,wait2,wait3,wait4,rsssl_rrsll_rsl_rsslll_0,rsssl_rrsll_rsl_rsslll_1,rsssl_rrsll_rsl_rsslll_2,rsssl_rrsll_rsl_rsslll_3,performance measure
0,5,1,1,3,5,2,2,1,3,1,1,1,6,3,1,2,rsssl_rrsll_rsl_rsslll,192.0,1035.0,249.0,183.0,154.0,225.0,105.0,36.0,45.0,956.0,377.0,42.0,8.0,14.0,14.0,11.0,8.448773103062486,8.727641832503664,8.785665496623906,8.69927063335698,8.85589645657864,0.9836199836199836,0.8382352941176471,0.8417085427135679,0.8450946643717728,0.7940935192780968,3.4762730598449707,34.14298116298109,27.88677287581699,27.802060301507595,28.199664371772844,25.44626743232158,79.07862407862407,72.81209150326798,72.73450586264657,73.1617900172117,70.36751435602953,24.46109746109746,19.173202614379086,19.299832495812396,19.53614457831325,17.083675143560296,8.0,14.0,14.0,11.0,19.910790458632498
