,1,1l,1r,1s,2,2l,2r,2s,3,3l,3r,3s,4,4l,4r,4s,id,1_2,1_3,1_4,2_1,2_3,2_4,3_1,3_2,3_4,4_1,4_2,4_3,p1,p2,p3,p4,speed0,speed1,speed2,speed3,speed4,stop0,stop1,stop2,stop3,stop4,time,timeloss0,timeloss1,timeloss2,timeloss3,timeloss4,travel0,travel1,travel2,travel3,travel4,wait0,wait1,wait2,wait3,wait4,rsl_rrsl_rssslll_rssssl_0,rsl_rrsl_rssslll_rssssl_1,rsl_rrsl_rssslll_rssssl_2,rsl_rrsl_rssslll_rssssl_3,performance measure
0,3,1,1,1,4,1,2,1,7,3,1,3,6,1,1,4,rsl_rrsl_rssslll_rssssl,132.0,121.0,102.0,562.0,66.0,141.0,227.0,75.0,329.0,266.0,789.0,60.0,5.0,5.0,8.0,8.0,9.579080068684178,9.49104974874941,9.50720281633572,9.689506128975921,9.600180843878636,0.8006103763987793,0.8195173137460651,0.803960396039604,0.7478354978354979,0.7745604963805585,3.047706127166748,20.196907426246195,20.14802728226653,20.059702970297018,17.944058441558433,18.67632885211998,64.97863682604273,64.96956977964324,64.82277227722773,62.70021645021645,63.49638055842813,12.39471007121058,12.38405036726128,12.218811881188119,10.577922077922079,11.082730093071355,5.0,5.0,8.0,8.0,11.731644898130684
