,1,1l,1r,1s,2,2l,2r,2s,3,3l,3r,3s,4,4l,4r,4s,id,1_2,1_3,1_4,2_1,2_3,2_4,3_1,3_2,3_4,4_1,4_2,4_3,p1,p2,p3,p4,speed0,speed1,speed2,speed3,speed4,stop0,stop1,stop2,stop3,stop4,time,timeloss0,timeloss1,timeloss2,timeloss3,timeloss4,travel0,travel1,travel2,travel3,travel4,wait0,wait1,wait2,wait3,wait4,rsl_rsl_rsl_rrssll_0,rsl_rsl_rsl_rrssll_1,rsl_rsl_rsl_rrssll_2,rsl_rsl_rsl_rrssll_3,performance measure
0,3,1,1,1,3,1,1,1,3,1,1,1,6,2,2,2,rsl_rsl_rsl_rrssll,244.0,204.0,136.0,99.0,177.0,194.0,102.0,95.0,90.0,593.0,307.0,604.0,11.0,11.0,14.0,11.0,8.669285107630147,8.842483078728302,8.913175427396633,9.018959414212844,9.080471014380157,0.8701684836471755,0.7949748743718593,0.7815384615384615,0.7565582371458552,0.7460815047021944,3.058642625808716,28.7237661050545,25.170592964824127,26.05193846153845,23.774942287513102,23.42955067920584,73.69177403369673,70.1788944723618,71.02974358974359,68.73347324239245,68.41065830721003,19.814667988107036,17.008040201005024,17.795897435897437,15.926547743966422,15.637408568443051,11.0,11.0,14.0,11.0,17.236512387483792
