,1,1l,1r,1s,2,2l,2r,2s,3,3l,3r,3s,4,4l,4r,4s,id,1_2,1_3,1_4,2_1,2_3,2_4,3_1,3_2,3_4,4_1,4_2,4_3,p1,p2,p3,p4,speed0,speed1,speed2,speed3,speed4,stop0,stop1,stop2,stop3,stop4,time,timeloss0,timeloss1,timeloss2,timeloss3,timeloss4,travel0,travel1,travel2,travel3,travel4,wait0,wait1,wait2,wait3,wait4,rrsslll_rrsll_rsssl_rrsslll_0,rrsslll_rrsll_rsssl_rrsslll_1,rrsslll_rrsll_rsssl_rrsslll_2,rrsslll_rrsll_rsssl_rrsslll_3,performance measure
0,7,3,2,2,5,2,2,1,5,1,1,3,7,3,2,2,rrsslll_rrsll_rsssl_rrsslll,138.0,162.0,196.0,238.0,363.0,198.0,1030.0,204.0,42.0,346.0,211.0,626.0,5.0,11.0,8.0,8.0,9.357216979870778,9.492748422005176,9.61177228042376,9.573516563590475,9.693653275887222,0.810477657935285,0.7552611067809821,0.7288401253918495,0.7376916868442293,0.7082683307332294,3.312091112136841,21.27258859784282,19.35699922057676,18.351520376175575,18.866965294592408,17.89300312012481,65.62788906009246,63.773187840997664,62.789968652037615,63.22598870056497,62.27145085803432,13.151001540832048,11.7692907248636,10.960031347962383,11.303470540758676,10.595163806552263,5.0,11.0,8.0,8.0,11.555791592193795
