,1,1l,1r,1s,2,2l,2r,2s,3,3l,3r,3s,4,4l,4r,4s,id,1_2,1_3,1_4,2_1,2_3,2_4,3_1,3_2,3_4,4_1,4_2,4_3,p1,p2,p3,p4,speed0,speed1,speed2,speed3,speed4,stop0,stop1,stop2,stop3,stop4,time,timeloss0,timeloss1,timeloss2,timeloss3,timeloss4,travel0,travel1,travel2,travel3,travel4,wait0,wait1,wait2,wait3,wait4,rssl_rrsslll_rsl_rrsll_0,rssl_rrsslll_rsl_rrsll_1,rssl_rrsslll_rsl_rrsll_2,rssl_rrsslll_rsl_rrsll_3,performance measure
0,4,1,1,2,7,3,2,2,3,1,1,1,5,2,2,1,rssl_rrsslll_rsl_rrsll,45.0,271.0,168.0,91.0,190.0,607.0,42.0,324.0,324.0,305.0,289.0,397.0,11.0,5.0,8.0,11.0,9.116305943234575,9.072220574827071,8.620039672458175,8.965350585080404,8.804361754942983,0.7986829727187206,0.8206831119544592,1.1307692307692307,0.9190523198420533,0.9492822966507177,3.0677576065063477,22.665823142050787,24.332893738140378,36.442730769230785,27.153149062191524,28.44937799043058,67.37535277516463,69.04174573055029,81.13557692307693,71.89832181638697,73.15406698564593,14.443085606773284,16.080645161290324,25.76153846153846,17.833168805528135,19.28421052631579,11.0,5.0,8.0,11.0,18.680529712289196
