,1,1l,1r,1s,2,2l,2r,2s,3,3l,3r,3s,4,4l,4r,4s,id,1_2,1_3,1_4,2_1,2_3,2_4,3_1,3_2,3_4,4_1,4_2,4_3,p1,p2,p3,p4,speed0,speed1,speed2,speed3,speed4,stop0,stop1,stop2,stop3,stop4,time,timeloss0,timeloss1,timeloss2,timeloss3,timeloss4,travel0,travel1,travel2,travel3,travel4,wait0,wait1,wait2,wait3,wait4,rssll_rrsl_rsssl_rrsl_0,rssll_rrsl_rsssl_rrsl_1,rssll_rrsl_rsssl_rrsl_2,rssll_rrsl_rsssl_rrsl_3,performance measure
0,5,2,1,2,4,1,2,1,5,1,1,3,4,1,2,1,rssll_rrsl_rsssl_rrsl,134.0,287.0,123.0,489.0,143.0,305.0,862.0,66.0,197.0,255.0,201.0,308.0,8.0,11.0,11.0,14.0,8.816113316440914,8.795504366636797,9.017019376694535,8.89913598878664,8.838829494944251,0.8288209606986899,0.835387323943662,0.7882653061224489,0.8286235186873291,0.8463587921847247,3.2957143783569336,26.592558951965028,27.081760563380286,24.334336734693892,27.075989061075656,27.975275310834817,71.36855895196507,71.8899647887324,69.10799319727892,71.82497721057429,72.7513321492007,18.042794759825327,18.720950704225352,16.369897959183675,18.774840474020056,19.403197158081706,8.0,11.0,11.0,14.0,18.262336211067225
