,1,1l,1r,1s,2,2l,2r,2s,3,3l,3r,3s,4,4l,4r,4s,id,1_2,1_3,1_4,2_1,2_3,2_4,3_1,3_2,3_4,4_1,4_2,4_3,p1,p2,p3,p4,speed0,speed1,speed2,speed3,speed4,stop0,stop1,stop2,stop3,stop4,time,timeloss0,timeloss1,timeloss2,timeloss3,timeloss4,travel0,travel1,travel2,travel3,travel4,wait0,wait1,wait2,wait3,wait4,rsl_rsssssl_rsll_rrssl_0,rsl_rsssssl_rsll_rrssl_1,rsl_rsssssl_rsll_rrssl_2,rsl_rsssssl_rsll_rrssl_3,performance measure
0,3,1,1,1,7,1,1,5,4,2,1,1,5,1,2,2,rsl_rsssssl_rsll_rrssl,139.0,175.0,163.0,255.0,76.0,458.0,267.0,237.0,645.0,210.0,260.0,265.0,11.0,11.0,8.0,5.0,9.156769643102272,9.079487254354508,8.974154908373484,9.100957733030388,9.069535420187673,0.8007312614259597,0.8375826251180358,0.8619133574007221,0.8085519922254616,0.8545288197621226,3.1227526664733887,22.73949725776964,24.505410764872543,24.773880866425976,23.39621963070941,24.095599268069552,67.5073126142596,69.30311614730878,69.53971119133574,68.20991253644316,68.85269899359561,14.784277879341865,16.237016052880076,16.187725631768952,15.235179786200195,15.741079597438244,11.0,11.0,8.0,5.0,15.637055789525865
