,1,1l,1r,1s,2,2l,2r,2s,3,3l,3r,3s,4,4l,4r,4s,id,1_2,1_3,1_4,2_1,2_3,2_4,3_1,3_2,3_4,4_1,4_2,4_3,p1,p2,p3,p4,speed0,speed1,speed2,speed3,speed4,stop0,stop1,stop2,stop3,stop4,time,timeloss0,timeloss1,timeloss2,timeloss3,timeloss4,travel0,travel1,travel2,travel3,travel4,wait0,wait1,wait2,wait3,wait4,rsl_rsl_rsl_rrssll_0,rsl_rsl_rsl_rrssll_1,rsl_rsl_rsl_rrssll_2,rsl_rsl_rsl_rrssll_3,performance measure
0,3,1,1,1,3,1,1,1,3,1,1,1,6,2,2,2,rsl_rsl_rsl_rrssll,78.0,138.0,250.0,249.0,276.0,68.0,253.0,167.0,76.0,75.0,146.0,354.0,5.0,11.0,11.0,5.0,9.649302018023858,9.462062379740463,9.330314160744598,9.594389642461712,9.722167029776015,0.6964047936085219,0.7323162274618585,0.7893333333333333,0.7464183381088825,0.7028885832187071,2.3276023864746094,18.4207723035952,19.56235783633841,20.959853333333324,19.17912607449857,17.871829436038524,63.081225033288945,64.23994452149792,65.63333333333334,63.759312320916905,62.50343878954608,10.938748335552596,11.993065187239944,12.945333333333334,11.435530085959885,10.321870701513067,5.0,11.0,11.0,5.0,11.526909528719765
