,1,1l,1r,1s,2,2l,2r,2s,3,3l,3r,3s,4,4l,4r,4s,id,1_2,1_3,1_4,2_1,2_3,2_4,3_1,3_2,3_4,4_1,4_2,4_3,p1,p2,p3,p4,speed0,speed1,speed2,speed3,speed4,stop0,stop1,stop2,stop3,stop4,time,timeloss0,timeloss1,timeloss2,timeloss3,timeloss4,travel0,travel1,travel2,travel3,travel4,wait0,wait1,wait2,wait3,wait4,rrsssll_rsl_rsl_rrsll_0,rrsssll_rsl_rsl_rrsll_1,rrsssll_rsl_rsl_rrsll_2,rrsssll_rsl_rsl_rrsll_3,performance measure
0,7,2,2,3,3,1,1,1,3,1,1,1,5,2,2,1,rrsssll_rsl_rsl_rrsll,415.0,830.0,137.0,140.0,206.0,285.0,279.0,294.0,126.0,442.0,126.0,180.0,11.0,14.0,11.0,14.0,8.531823065549498,8.62567482076184,8.594108880563459,8.726217968980633,8.784129439580388,0.8602329450915142,0.8151815181518152,0.8298755186721992,0.8051601423487544,0.7825327510917031,3.5468926429748535,29.816405990016676,27.75715346534651,28.007053941908726,27.114412811387908,26.016558951965035,74.75873544093179,72.72194719471948,72.95767634854772,72.03113879003558,70.917903930131,20.89351081530782,19.346534653465348,19.62240663900415,18.79626334519573,17.900436681222708,11.0,14.0,11.0,14.0,19.31183042683915
