,1,1l,1r,1s,2,2l,2r,2s,3,3l,3r,3s,4,4l,4r,4s,id,1_2,1_3,1_4,2_1,2_3,2_4,3_1,3_2,3_4,4_1,4_2,4_3,p1,p2,p3,p4,speed0,speed1,speed2,speed3,speed4,stop0,stop1,stop2,stop3,stop4,time,timeloss0,timeloss1,timeloss2,timeloss3,timeloss4,travel0,travel1,travel2,travel3,travel4,wait0,wait1,wait2,wait3,wait4,rsssl_rrsll_rsl_rsslll_0,rsssl_rrsll_rsl_rsslll_1,rsssl_rrsll_rsl_rsslll_2,rsssl_rrsll_rsl_rsslll_3,performance measure
0,5,1,1,3,5,2,2,1,3,1,1,1,6,3,1,2,rsssl_rrsll_rsl_rsslll,179.0,146.0,234.0,648.0,367.0,64.0,53.0,249.0,238.0,960.0,220.0,274.0,11.0,5.0,14.0,11.0,9.391935916420902,9.436322021615512,9.366035027077476,9.339855056991412,9.593279817228158,0.7033762057877814,0.7073170731707317,0.7055555555555556,0.7160596026490066,0.6562756357670222,3.2657077312469482,20.199381028938898,19.967746005046248,20.523722222222226,20.775579470198657,18.71045939294505,64.80144694533762,64.60470984020185,65.13253968253969,65.42549668874172,63.320754716981135,12.517684887459808,12.375946173254835,12.705555555555556,12.93046357615894,11.378999179655455,11.0,5.0,14.0,11.0,12.38172987441692
