,1,1l,1r,1s,2,2l,2r,2s,3,3l,3r,3s,4,4l,4r,4s,id,1_2,1_3,1_4,2_1,2_3,2_4,3_1,3_2,3_4,4_1,4_2,4_3,p1,p2,p3,p4,speed0,speed1,speed2,speed3,speed4,stop0,stop1,stop2,stop3,stop4,time,timeloss0,timeloss1,timeloss2,timeloss3,timeloss4,travel0,travel1,travel2,travel3,travel4,wait0,wait1,wait2,wait3,wait4,rslll_rsl_rrslll_rsl_0,rslll_rsl_rrslll_rsl_1,rslll_rsl_rrslll_rsl_2,rslll_rsl_rrslll_rsl_3,performance measure
0,5,3,1,1,3,1,1,1,6,3,2,1,3,1,1,1,rslll_rsl_rrslll_rsl,497.0,48.0,188.0,244.0,305.0,221.0,299.0,352.0,773.0,260.0,262.0,314.0,11.0,11.0,11.0,11.0,8.572805000874931,8.453744218488092,8.584223222095535,8.42491547288344,8.636094817852335,0.890015600624025,0.9215210355987055,0.8942965779467681,0.9433198380566802,0.8670338316286389,3.434934377670288,29.836037441497663,31.098454692556697,29.67407604562733,31.809246963562735,28.386845003933875,74.71996879875195,75.99757281553399,74.53840304182509,76.6842105263158,73.26357199055862,20.64430577223089,21.782362459546924,20.33916349809886,22.282591093117407,19.41542092840283,11.0,11.0,11.0,11.0,20.89276875027938
