,1,1l,1r,1s,2,2l,2r,2s,3,3l,3r,3s,4,4l,4r,4s,id,1_2,1_3,1_4,2_1,2_3,2_4,3_1,3_2,3_4,4_1,4_2,4_3,p1,p2,p3,p4,speed0,speed1,speed2,speed3,speed4,stop0,stop1,stop2,stop3,stop4,time,timeloss0,timeloss1,timeloss2,timeloss3,timeloss4,travel0,travel1,travel2,travel3,travel4,wait0,wait1,wait2,wait3,wait4,rslll_rsl_rrslll_rsl_0,rslll_rsl_rrslll_rsl_1,rslll_rsl_rrslll_rsl_2,rslll_rsl_rrslll_rsl_3,performance measure
0,5,3,1,1,3,1,1,1,6,3,2,1,3,1,1,1,rslll_rsl_rrslll_rsl,616.0,238.0,173.0,86.0,98.0,347.0,41.0,252.0,840.0,301.0,354.0,84.0,14.0,14.0,14.0,18.0,8.113710625559435,8.22876056502788,8.06032878446241,8.274725562853686,7.963908823676563,0.8756388415672913,0.8261633011413521,0.8677074774034511,0.8440285204991087,0.9010152284263959,3.2657768726348877,33.19195911413971,32.527647058823575,34.17982744453575,31.96424242424239,35.10337563451778,78.22657580919932,77.56277436347673,79.2037797863599,76.98306595365419,80.15566835871404,24.035775127768314,23.644424934152767,24.931799506984387,23.206773618538325,25.74280879864636,14.0,14.0,14.0,18.0,24.312316397218034
