,1,1l,1r,1s,2,2l,2r,2s,3,3l,3r,3s,4,4l,4r,4s,id,1_2,1_3,1_4,2_1,2_3,2_4,3_1,3_2,3_4,4_1,4_2,4_3,p1,p2,p3,p4,speed0,speed1,speed2,speed3,speed4,stop0,stop1,stop2,stop3,stop4,time,timeloss0,timeloss1,timeloss2,timeloss3,timeloss4,travel0,travel1,travel2,travel3,travel4,wait0,wait1,wait2,wait3,wait4,rslll_rsl_rrslll_rsl_0,rslll_rsl_rrslll_rsl_1,rslll_rsl_rrslll_rsl_2,rslll_rsl_rrslll_rsl_3,performance measure
0,5,3,1,1,3,1,1,1,6,3,2,1,3,1,1,1,rslll_rsl_rrslll_rsl,529.0,342.0,189.0,49.0,272.0,91.0,126.0,161.0,668.0,176.0,340.0,195.0,11.0,14.0,11.0,14.0,8.807726542317187,8.11031247635066,7.833741378134956,8.38939278196214,8.331760606232303,0.7853705486044273,0.9649805447470817,1.0307136404697381,0.949050949050949,0.9182509505703422,3.2273855209350586,26.071549566891235,34.08233463035019,38.50915989159895,34.058401598401645,32.49722433460072,71.09624639076034,79.13132295719845,83.51671183378501,79.1108891108891,77.53897338403041,18.045235803657363,24.664396887159533,28.263775971093043,24.434565434565435,23.190114068441066,11.0,14.0,11.0,14.0,23.71961763298329
