,1,1l,1r,1s,2,2l,2r,2s,3,3l,3r,3s,4,4l,4r,4s,id,1_2,1_3,1_4,2_1,2_3,2_4,3_1,3_2,3_4,4_1,4_2,4_3,p1,p2,p3,p4,speed0,speed1,speed2,speed3,speed4,stop0,stop1,stop2,stop3,stop4,time,timeloss0,timeloss1,timeloss2,timeloss3,timeloss4,travel0,travel1,travel2,travel3,travel4,wait0,wait1,wait2,wait3,wait4,rslll_rsl_rrslll_rsl_0,rslll_rsl_rrslll_rsl_1,rslll_rsl_rrslll_rsl_2,rslll_rsl_rrslll_rsl_3,performance measure
0,5,3,1,1,3,1,1,1,6,3,2,1,3,1,1,1,rslll_rsl_rrslll_rsl,187.0,317.0,83.0,303.0,243.0,257.0,143.0,212.0,957.0,250.0,212.0,68.0,14.0,14.0,11.0,11.0,8.417298629747107,8.32854709753735,8.23956268200031,8.361427879458347,8.117564406844137,0.9536178107606679,0.8876298394711992,0.9020979020979021,0.9350893697083725,0.9633601429848079,3.3667097091674805,34.67307050092768,31.674400377714846,32.195979020979024,33.65576669802449,34.80676496872207,79.67254174397031,76.70915958451369,77.18706293706293,78.67074317968014,79.81054512957998,24.58070500927644,22.486307837582626,22.861888111888113,23.983066792097837,25.01608579088472,14.0,14.0,11.0,11.0,23.785610708345946
