,1,1l,1r,1s,2,2l,2r,2s,3,3l,3r,3s,4,4l,4r,4s,id,1_2,1_3,1_4,2_1,2_3,2_4,3_1,3_2,3_4,4_1,4_2,4_3,p1,p2,p3,p4,speed0,speed1,speed2,speed3,speed4,stop0,stop1,stop2,stop3,stop4,time,timeloss0,timeloss1,timeloss2,timeloss3,timeloss4,travel0,travel1,travel2,travel3,travel4,wait0,wait1,wait2,wait3,wait4,rsl_rrsll_rsl_rslll_0,rsl_rrsll_rsl_rslll_1,rsl_rrsll_rsl_rslll_2,rsl_rrsll_rsl_rslll_3,performance measure
0,3,1,1,1,5,2,2,1,3,1,1,1,5,3,1,1,rsl_rrsll_rsl_rslll,142.0,223.0,205.0,106.0,86.0,127.0,187.0,119.0,229.0,857.0,236.0,295.0,11.0,11.0,14.0,11.0,8.900192526829924,8.769864932006918,8.800412933141857,8.784553475488638,8.823608042181604,0.7842323651452282,0.8054679284963197,0.7879714576962283,0.8027426160337553,0.8150051387461459,2.8752243518829346,24.941794605809136,26.16770767613045,26.467370030581037,26.21744725738399,26.842312435765685,69.93775933609959,71.21030494216615,71.52089704383282,71.22257383966245,71.84069886947584,16.736514522821576,17.932702418506835,18.044852191641183,17.885021097046412,18.35251798561151,11.0,11.0,14.0,11.0,17.790321643125502
