,1,1l,1r,1s,2,2l,2r,2s,3,3l,3r,3s,4,4l,4r,4s,id,1_2,1_3,1_4,2_1,2_3,2_4,3_1,3_2,3_4,4_1,4_2,4_3,p1,p2,p3,p4,speed0,speed1,speed2,speed3,speed4,stop0,stop1,stop2,stop3,stop4,time,timeloss0,timeloss1,timeloss2,timeloss3,timeloss4,travel0,travel1,travel2,travel3,travel4,wait0,wait1,wait2,wait3,wait4,rsl_rsssll_rrssl_rrsslll_0,rsl_rsssll_rrssl_rrsslll_1,rsl_rsssll_rrssl_rrsslll_2,rsl_rsssll_rrssl_rrsslll_3,performance measure
0,3,1,1,1,6,2,1,3,5,1,2,2,7,3,2,2,rsl_rsssll_rrssl_rrsslll,232.0,173.0,97.0,158.0,594.0,787.0,565.0,352.0,174.0,334.0,106.0,330.0,11.0,11.0,11.0,11.0,8.674124950207345,8.867264013143254,8.66840473569604,8.687568201711308,8.408627759284682,0.8674074074074074,0.8,0.8498520710059172,0.8483670295489891,0.9721595184349134,3.675171375274658,28.337088888888943,25.18552671755726,27.698587278106544,27.22863141524105,33.09797592174571,72.99185185185185,69.87328244274809,72.42307692307692,71.89424572317263,77.76975169300226,19.662222222222223,17.14580152671756,19.124260355029588,18.89891135303266,23.49510910458992,11.0,11.0,11.0,11.0,19.665260912318388
