,1,1l,1r,1s,2,2l,2r,2s,3,3l,3r,3s,4,4l,4r,4s,id,1_2,1_3,1_4,2_1,2_3,2_4,3_1,3_2,3_4,4_1,4_2,4_3,p1,p2,p3,p4,speed0,speed1,speed2,speed3,speed4,stop0,stop1,stop2,stop3,stop4,time,timeloss0,timeloss1,timeloss2,timeloss3,timeloss4,travel0,travel1,travel2,travel3,travel4,wait0,wait1,wait2,wait3,wait4,rsssssl_rsl_rrsslll_rsssll_0,rsssssl_rsl_rrsslll_rsssll_1,rsssssl_rsl_rrsslll_rsssll_2,rsssssl_rsl_rrsslll_rsssll_3,performance measure
0,7,1,1,5,3,1,1,1,7,3,2,2,6,2,1,3,rsssssl_rsl_rrsslll_rsssll,293.0,596.0,220.0,298.0,260.0,63.0,640.0,348.0,180.0,299.0,157.0,62.0,11.0,11.0,11.0,5.0,9.125456358818074,9.20584916545514,8.990520156384903,9.286279985860563,9.50835389771847,0.8176265270506108,0.7933450087565674,0.8515429524603837,0.767097966728281,0.7080035180299032,3.2245399951934814,23.723219895287958,22.35298598949208,25.208924103419527,21.842818853974098,19.72174142480213,68.33158813263525,66.99474605954465,69.81818181818181,66.39371534195934,64.29903254177661,15.535776614310645,14.34938704028021,16.630525437864886,14.043438077634011,12.375549692172383,11.0,11.0,11.0,5.0,14.586935372452427
