,1,1l,1r,1s,2,2l,2r,2s,3,3l,3r,3s,4,4l,4r,4s,id,1_2,1_3,1_4,2_1,2_3,2_4,3_1,3_2,3_4,4_1,4_2,4_3,p1,p2,p3,p4,speed0,speed1,speed2,speed3,speed4,stop0,stop1,stop2,stop3,stop4,time,timeloss0,timeloss1,timeloss2,timeloss3,timeloss4,travel0,travel1,travel2,travel3,travel4,wait0,wait1,wait2,wait3,wait4,rslll_rsl_rrslll_rsl_0,rslll_rsl_rrslll_rsl_1,rslll_rsl_rrslll_rsl_2,rslll_rsl_rrslll_rsl_3,performance measure
0,5,3,1,1,3,1,1,1,6,3,2,1,3,1,1,1,rslll_rsl_rrslll_rsl,207.0,285.0,135.0,176.0,228.0,286.0,118.0,274.0,787.0,199.0,107.0,75.0,14.0,14.0,11.0,14.0,8.46188362869468,8.522931301839824,8.50535291728106,8.502441351654136,8.52651944203271,0.857,0.8309128630705395,0.8131655372700871,0.8713389121338913,0.8271728271728271,2.9952266216278076,31.33222000000001,28.89438796680498,29.68401742497581,31.815334728033516,29.46396603396603,76.374,73.90041493775934,74.70474346563408,76.8347280334728,74.48751248751249,22.407,20.446058091286307,21.05808325266215,22.780334728033473,20.843156843156844,14.0,14.0,11.0,14.0,21.506926583027756
