,1,1l,1r,1s,2,2l,2r,2s,3,3l,3r,3s,4,4l,4r,4s,id,1_2,1_3,1_4,2_1,2_3,2_4,3_1,3_2,3_4,4_1,4_2,4_3,p1,p2,p3,p4,speed0,speed1,speed2,speed3,speed4,stop0,stop1,stop2,stop3,stop4,time,timeloss0,timeloss1,timeloss2,timeloss3,timeloss4,travel0,travel1,travel2,travel3,travel4,wait0,wait1,wait2,wait3,wait4,rssslll_rssll_rsssl_rrssl_0,rssslll_rssll_rsssl_rrssl_1,rssslll_rssll_rsssl_rrssl_2,rssslll_rssll_rsssl_rrssl_3,performance measure
0,7,3,1,3,5,2,1,2,5,1,1,3,5,1,2,2,rssslll_rssll_rsssl_rrssl,678.0,281.0,302.0,153.0,431.0,271.0,584.0,61.0,181.0,314.0,289.0,552.0,8.0,8.0,11.0,5.0,8.994316229742182,9.051151505172149,9.053151442618267,9.243114563438949,9.158595270505911,0.9382456140350878,0.8586647727272727,0.8709677419354839,0.8110944527736131,0.842680262199563,3.7028095722198486,26.64737543859649,23.50250710227273,23.900043010752707,21.453065967016524,23.55416605972327,71.3157894736842,68.18963068181819,68.66379928315412,66.0712143928036,68.24326292789512,17.83157894736842,15.264914772727273,15.544802867383513,13.620689655172415,15.388929351784414,8.0,8.0,11.0,5.0,15.530183118887205
