,1,1l,1r,1s,2,2l,2r,2s,3,3l,3r,3s,4,4l,4r,4s,id,1_2,1_3,1_4,2_1,2_3,2_4,3_1,3_2,3_4,4_1,4_2,4_3,p1,p2,p3,p4,speed0,speed1,speed2,speed3,speed4,stop0,stop1,stop2,stop3,stop4,time,timeloss0,timeloss1,timeloss2,timeloss3,timeloss4,travel0,travel1,travel2,travel3,travel4,wait0,wait1,wait2,wait3,wait4,rsssl_rrsll_rsl_rsslll_0,rsssl_rrsll_rsl_rsslll_1,rsssl_rrsll_rsl_rsslll_2,rsssl_rrsll_rsl_rsslll_3,performance measure
0,5,1,1,3,5,2,2,1,3,1,1,1,6,3,1,2,rsssl_rrsll_rsl_rsslll,78.0,600.0,127.0,412.0,526.0,249.0,185.0,205.0,42.0,368.0,321.0,125.0,5.0,11.0,11.0,11.0,9.402007279198116,9.506894055738599,9.379087431575018,9.518947708019246,9.581986971270728,0.7493087557603687,0.7192982456140351,0.7363399826539462,0.7119617224880382,0.6858447488584475,3.4123904705047607,21.27102304147465,19.663120960295494,20.908013876843004,19.4872153110048,19.309689497716892,66.07557603686637,64.471837488458,65.71552471812663,64.2688995215311,64.10867579908675,13.59447004608295,12.333333333333334,13.408499566348656,12.15598086124402,12.091324200913242,5.0,11.0,11.0,11.0,12.71672160158444
