,1,1l,1r,1s,2,2l,2r,2s,3,3l,3r,3s,4,4l,4r,4s,id,1_2,1_3,1_4,2_1,2_3,2_4,3_1,3_2,3_4,4_1,4_2,4_3,p1,p2,p3,p4,speed0,speed1,speed2,speed3,speed4,stop0,stop1,stop2,stop3,stop4,time,timeloss0,timeloss1,timeloss2,timeloss3,timeloss4,travel0,travel1,travel2,travel3,travel4,wait0,wait1,wait2,wait3,wait4,rrssl_rrssl_rrsslll_rrsslll_0,rrssl_rrssl_rrsslll_rrsslll_1,rrssl_rrssl_rrsslll_rrsslll_2,rrssl_rrssl_rrsslll_rrsslll_3,performance measure
0,5,1,2,2,5,1,2,2,7,3,2,2,7,3,2,2,rrssl_rrssl_rrsslll_rrsslll,112.0,101.0,305.0,221.0,241.0,546.0,140.0,75.0,631.0,928.0,345.0,162.0,8.0,5.0,14.0,11.0,9.430184856498792,9.368054750080107,9.121836106264956,9.272381738740826,9.46503958170241,0.7191358024691358,0.7471176018447349,0.8080120937263794,0.7857142857142857,0.721146398140976,3.4703166484832764,20.47951388888886,20.777371252882407,24.01987906273619,22.338990683229802,20.33585592563904,65.26929012345678,65.53881629515757,68.79289493575207,67.11490683229813,65.0867544539117,13.11033950617284,13.201383551114528,15.937263794406652,14.528726708074535,12.963594113090627,8.0,5.0,14.0,11.0,13.948261534571836
