,1,1l,1r,1s,2,2l,2r,2s,3,3l,3r,3s,4,4l,4r,4s,id,1_2,1_3,1_4,2_1,2_3,2_4,3_1,3_2,3_4,4_1,4_2,4_3,p1,p2,p3,p4,speed0,speed1,speed2,speed3,speed4,stop0,stop1,stop2,stop3,stop4,time,timeloss0,timeloss1,timeloss2,timeloss3,timeloss4,travel0,travel1,travel2,travel3,travel4,wait0,wait1,wait2,wait3,wait4,rsssll_rssl_rsslll_rrsl_0,rsssll_rssl_rsslll_rrsl_1,rsssll_rssl_rsslll_rrsl_2,rsssll_rssl_rsslll_rrsl_3,performance measure
0,6,2,1,3,4,1,1,2,6,3,1,2,4,1,2,1,rsssll_rssl_rsslll_rrsl,587.0,711.0,101.0,64.0,174.0,297.0,190.0,317.0,194.0,195.0,112.0,119.0,11.0,8.0,8.0,5.0,8.870712067761499,9.024868124980408,8.990714007764414,9.263856563929362,8.967648327357747,1.0535019455252919,0.8643564356435643,0.8881516587677725,0.8178137651821862,0.911530815109344,3.3586153984069824,31.460680933852124,24.09719801980202,24.541857819905193,21.944453441295586,26.037097415506967,76.31614785992218,68.94950495049505,69.3696682464455,66.76012145748987,70.85487077534792,21.919260700389106,15.907920792079208,16.114691943127962,14.037449392712551,17.53578528827038,11.0,8.0,8.0,5.0,17.10302162331584
