,1,1l,1r,1s,2,2l,2r,2s,3,3l,3r,3s,4,4l,4r,4s,id,1_2,1_3,1_4,2_1,2_3,2_4,3_1,3_2,3_4,4_1,4_2,4_3,p1,p2,p3,p4,speed0,speed1,speed2,speed3,speed4,stop0,stop1,stop2,stop3,stop4,time,timeloss0,timeloss1,timeloss2,timeloss3,timeloss4,travel0,travel1,travel2,travel3,travel4,wait0,wait1,wait2,wait3,wait4,rssll_rrsl_rsssl_rrsl_0,rssll_rrsl_rsssl_rrsl_1,rssll_rrsl_rsssl_rrsl_2,rssll_rrsl_rsssl_rrsl_3,performance measure
0,5,2,1,2,4,1,2,1,5,1,1,3,4,1,2,1,rssll_rrsl_rsssl_rrsl,395.0,141.0,81.0,614.0,119.0,326.0,266.0,302.0,202.0,153.0,211.0,549.0,8.0,5.0,8.0,11.0,9.353226746608904,9.534543117217517,9.41335056580732,9.73668278059437,9.497583862357766,0.8130217028380634,0.727112676056338,0.7719897523484202,0.6967285587975243,0.7365638766519824,3.386019468307495,21.792228714524217,19.313001760563402,20.910871050384298,17.794367816091956,20.191718061674024,66.36978297161937,63.88644366197183,65.50213492741247,62.3342175066313,64.7568281938326,13.368948247078464,11.763204225352112,12.88471391972673,10.392572944297083,12.333039647577092,8.0,5.0,8.0,11.0,12.148495796806296
