,1,1l,1r,1s,2,2l,2r,2s,3,3l,3r,3s,4,4l,4r,4s,id,1_2,1_3,1_4,2_1,2_3,2_4,3_1,3_2,3_4,4_1,4_2,4_3,p1,p2,p3,p4,speed0,speed1,speed2,speed3,speed4,stop0,stop1,stop2,stop3,stop4,time,timeloss0,timeloss1,timeloss2,timeloss3,timeloss4,travel0,travel1,travel2,travel3,travel4,wait0,wait1,wait2,wait3,wait4,rrsssll_rsl_rsl_rrsll_0,rrsssll_rsl_rsl_rrsll_1,rrsssll_rsl_rsl_rrsll_2,rrsssll_rsl_rsl_rrsll_3,performance measure
0,7,2,2,3,3,1,1,1,3,1,1,1,5,2,2,1,rrsssll_rsl_rsl_rrsll,624.0,469.0,200.0,87.0,104.0,62.0,100.0,71.0,161.0,83.0,282.0,319.0,14.0,8.0,5.0,11.0,9.379557056531457,9.583787892130971,9.303464586993591,9.426051297484516,9.392527378579732,0.7395348837209302,0.6918604651162791,0.7543478260869565,0.7396088019559902,0.7631887456037515,2.42846417427063,21.28767441860465,19.12596511627906,21.515902173913037,20.752102689486577,22.00526377491206,66.06279069767442,63.973255813953486,66.41630434782608,65.58924205378973,66.83821805392732,13.743023255813954,11.902325581395349,13.969565217391304,13.336185819070904,14.253223915592027,14.0,8.0,5.0,11.0,13.440864757852708
