,1,1l,1r,1s,2,2l,2r,2s,3,3l,3r,3s,4,4l,4r,4s,id,1_2,1_3,1_4,2_1,2_3,2_4,3_1,3_2,3_4,4_1,4_2,4_3,p1,p2,p3,p4,speed0,speed1,speed2,speed3,speed4,stop0,stop1,stop2,stop3,stop4,time,timeloss0,timeloss1,timeloss2,timeloss3,timeloss4,travel0,travel1,travel2,travel3,travel4,wait0,wait1,wait2,wait3,wait4,rsl_rssslll_rrsssl_rsslll_0,rsl_rssslll_rrsssl_rsslll_1,rsl_rssslll_rrsssl_rsslll_2,rsl_rssslll_rrsssl_rsslll_3,performance measure
0,3,1,1,1,7,3,1,3,6,1,2,3,6,3,1,2,rsl_rssslll_rrsssl_rsslll,188.0,346.0,294.0,114.0,484.0,397.0,504.0,261.0,56.0,476.0,349.0,282.0,8.0,14.0,11.0,8.0,9.136941677696301,9.181351268901066,9.17705586227506,9.276489673641088,9.19256237445859,0.7800925925925926,0.7683965917893106,0.7794466403162056,0.7429752066115702,0.7556773688332028,3.5509414672851562,23.80232253086423,23.363400464756012,22.80143873517787,21.760008264462805,22.406483946750193,68.43904320987654,68.02013942680092,67.47509881422926,66.41735537190083,67.05716523101017,15.847993827160494,15.596436870642913,14.93201581027668,14.216528925619835,14.704776820673453,8.0,14.0,11.0,8.0,15.059550450874676
