,1,1l,1r,1s,2,2l,2r,2s,3,3l,3r,3s,4,4l,4r,4s,id,1_2,1_3,1_4,2_1,2_3,2_4,3_1,3_2,3_4,4_1,4_2,4_3,p1,p2,p3,p4,speed0,speed1,speed2,speed3,speed4,stop0,stop1,stop2,stop3,stop4,time,timeloss0,timeloss1,timeloss2,timeloss3,timeloss4,travel0,travel1,travel2,travel3,travel4,wait0,wait1,wait2,wait3,wait4,rsll_rsl_rssslll_rrsssll_0,rsll_rsl_rssslll_rrsssll_1,rsll_rsl_rssslll_rrsssll_2,rsll_rsl_rssslll_rrsssll_3,performance measure
0,4,2,1,1,3,1,1,1,7,3,1,3,7,2,2,3,rsll_rsl_rssslll_rrsssll,551.0,182.0,191.0,300.0,82.0,143.0,258.0,180.0,609.0,87.0,1055.0,242.0,11.0,8.0,5.0,14.0,9.461478999500503,9.335973387943847,9.112245800911499,9.409032696036839,9.47420664534225,0.7109915449654112,0.7422600619195047,0.8076094759511845,0.7214684756584198,0.7104072398190046,3.629328727722168,19.932951575710995,21.072391640866858,23.6745154343144,20.45318435754193,20.149517345399687,64.62259800153728,65.80185758513932,68.4048815506102,65.16679968076616,64.83182503770739,12.424289008455034,13.324303405572756,15.355348169418521,12.817238627294493,12.57315233785822,11.0,8.0,5.0,14.0,13.298866309719804
