,1,1l,1r,1s,2,2l,2r,2s,3,3l,3r,3s,4,4l,4r,4s,id,1_2,1_3,1_4,2_1,2_3,2_4,3_1,3_2,3_4,4_1,4_2,4_3,p1,p2,p3,p4,speed0,speed1,speed2,speed3,speed4,stop0,stop1,stop2,stop3,stop4,time,timeloss0,timeloss1,timeloss2,timeloss3,timeloss4,travel0,travel1,travel2,travel3,travel4,wait0,wait1,wait2,wait3,wait4,rsssl_rrsll_rsl_rsslll_0,rsssl_rrsll_rsl_rsslll_1,rsssl_rrsll_rsl_rsslll_2,rsssl_rrsll_rsl_rsslll_3,performance measure
0,5,1,1,3,5,2,2,1,3,1,1,1,6,3,1,2,rsssl_rrsll_rsl_rsslll,223.0,483.0,84.0,619.0,138.0,148.0,232.0,99.0,103.0,690.0,457.0,105.0,11.0,11.0,11.0,11.0,9.050531874800672,9.083249483769027,8.962659636580602,9.248975371314293,9.033084248311049,0.7726051924798567,0.7655838454784899,0.7998338870431894,0.7255985267034991,0.7674624226348364,3.2035248279571533,24.36843330349149,23.253160667252022,25.324485049833857,21.917882136279935,23.687603890362503,69.2094897045658,68.099209833187,70.13538205980066,66.73204419889503,68.54465075154731,16.49418084153984,15.44161545215101,17.004983388704318,14.442909760589318,15.938992042440319,11.0,11.0,11.0,11.0,15.864536297084959
