,1,1l,1r,1s,2,2l,2r,2s,3,3l,3r,3s,4,4l,4r,4s,id,1_2,1_3,1_4,2_1,2_3,2_4,3_1,3_2,3_4,4_1,4_2,4_3,p1,p2,p3,p4,speed0,speed1,speed2,speed3,speed4,stop0,stop1,stop2,stop3,stop4,time,timeloss0,timeloss1,timeloss2,timeloss3,timeloss4,travel0,travel1,travel2,travel3,travel4,wait0,wait1,wait2,wait3,wait4,rsl_rsssll_rrssl_rrsslll_0,rsl_rsssll_rrssl_rrsslll_1,rsl_rsssll_rrssl_rrsslll_2,rsl_rsssll_rrssl_rrsslll_3,performance measure
0,3,1,1,1,6,2,1,3,5,1,2,2,7,3,2,2,rsl_rsssll_rrssl_rrsslll,71.0,191.0,288.0,227.0,267.0,497.0,209.0,580.0,247.0,355.0,134.0,357.0,8.0,8.0,8.0,8.0,9.442745867590746,9.513013407588673,9.42966083132039,9.527640530415853,9.613705551931947,0.7734439834024897,0.7341880341880341,0.7835390946502058,0.8024800708591674,0.7325280414150129,3.384998083114624,20.937402489626546,18.982273504273497,20.59680658436218,20.84879539415412,18.606117342536685,65.35601659751038,63.3982905982906,65.02057613168725,65.21080602302924,63.000862812769626,13.180912863070539,11.581196581196581,12.7119341563786,12.947741364038972,11.159620362381363,8.0,8.0,8.0,8.0,12.31628106541321
