,1,1l,1r,1s,2,2l,2r,2s,3,3l,3r,3s,4,4l,4r,4s,id,1_2,1_3,1_4,2_1,2_3,2_4,3_1,3_2,3_4,4_1,4_2,4_3,p1,p2,p3,p4,speed0,speed1,speed2,speed3,speed4,stop0,stop1,stop2,stop3,stop4,time,timeloss0,timeloss1,timeloss2,timeloss3,timeloss4,travel0,travel1,travel2,travel3,travel4,wait0,wait1,wait2,wait3,wait4,rsl_rsssll_rrssl_rrsslll_0,rsl_rsssll_rrssl_rrsslll_1,rsl_rsssll_rrssl_rrsslll_2,rsl_rsssll_rrssl_rrsslll_3,performance measure
0,3,1,1,1,6,2,1,3,5,1,2,2,7,3,2,2,rsl_rsssll_rrssl_rrsslll,127.0,52.0,162.0,149.0,152.0,917.0,281.0,443.0,233.0,534.0,124.0,580.0,8.0,5.0,8.0,11.0,9.290700733421822,9.501786199422652,9.456026642191414,9.448618332128177,9.442004646195818,0.8352059925093633,0.7447956823438705,0.7773467804499612,0.7862232779097387,0.7736883320281911,3.57633376121521,22.259333333333352,19.53379336931378,20.75345228859581,20.544837688044332,20.808144087705596,66.79325842696629,64.1195065535852,65.3134212567882,65.06571654790181,65.34847298355521,14.317602996254681,12.142636854279106,12.933281613653996,12.7458432304038,13.107282693813625,8.0,5.0,8.0,11.0,13.049329477681042
