,1,1l,1r,1s,2,2l,2r,2s,3,3l,3r,3s,4,4l,4r,4s,id,1_2,1_3,1_4,2_1,2_3,2_4,3_1,3_2,3_4,4_1,4_2,4_3,p1,p2,p3,p4,speed0,speed1,speed2,speed3,speed4,stop0,stop1,stop2,stop3,stop4,time,timeloss0,timeloss1,timeloss2,timeloss3,timeloss4,travel0,travel1,travel2,travel3,travel4,wait0,wait1,wait2,wait3,wait4,rsll_rsl_rssslll_rrsssll_0,rsll_rsl_rssslll_rrsssll_1,rsll_rsl_rssslll_rrsssll_2,rsll_rsl_rssslll_rrsssll_3,performance measure
0,4,2,1,1,3,1,1,1,7,3,1,3,7,2,2,3,rsll_rsl_rssslll_rrsssll,124.0,282.0,132.0,233.0,88.0,357.0,662.0,232.0,938.0,452.0,781.0,152.0,14.0,14.0,11.0,18.0,8.288838319966068,8.2138482559128,8.057564060603822,8.199124622145483,8.283464162533656,0.8501672240802676,0.9033557046979865,0.9247104247104247,0.8721011946591708,0.8440129449838187,3.8220443725585938,31.465458193979963,34.888523489932865,34.67888030888027,32.621173576950135,31.684608414239474,76.361872909699,79.8228187919463,79.57850707850707,77.53338018271258,76.58252427184466,22.65685618729097,25.56979865771812,25.207207207207208,23.737174982431483,22.78252427184466,14.0,14.0,11.0,18.0,23.99071226129849
