,1,1l,1r,1s,2,2l,2r,2s,3,3l,3r,3s,4,4l,4r,4s,id,1_2,1_3,1_4,2_1,2_3,2_4,3_1,3_2,3_4,4_1,4_2,4_3,p1,p2,p3,p4,speed0,speed1,speed2,speed3,speed4,stop0,stop1,stop2,stop3,stop4,time,timeloss0,timeloss1,timeloss2,timeloss3,timeloss4,travel0,travel1,travel2,travel3,travel4,wait0,wait1,wait2,wait3,wait4,rsl_rsl_rsssl_rsl_0,rsl_rsl_rsssl_rsl_1,rsl_rsl_rsssl_rsl_2,rsl_rsl_rsssl_rsl_3,performance measure
0,3,1,1,1,3,1,1,1,5,1,1,3,3,1,1,1,rsl_rsl_rsssl_rsl,183.0,119.0,297.0,196.0,133.0,331.0,1049.0,211.0,90.0,303.0,285.0,92.0,8.0,14.0,14.0,14.0,8.149991174744265,8.270821681031594,8.363154670302238,8.467520935841513,8.473509684886546,1.070409982174688,0.936,0.9077887197851388,0.8772258669165885,0.8794642857142857,3.176497459411621,40.72452762923348,33.809164444444406,31.80372426141446,30.20812558575447,30.014758928571446,85.72370766488413,78.80355555555556,76.75738585496866,75.22305529522025,74.98035714285714,29.592691622103388,24.110222222222223,22.477170993733214,21.168697282099345,20.588392857142857,8.0,14.0,14.0,14.0,23.587434995460207
