,1,1l,1r,1s,2,2l,2r,2s,3,3l,3r,3s,4,4l,4r,4s,id,1_2,1_3,1_4,2_1,2_3,2_4,3_1,3_2,3_4,4_1,4_2,4_3,p1,p2,p3,p4,speed0,speed1,speed2,speed3,speed4,stop0,stop1,stop2,stop3,stop4,time,timeloss0,timeloss1,timeloss2,timeloss3,timeloss4,travel0,travel1,travel2,travel3,travel4,wait0,wait1,wait2,wait3,wait4,rsl_rsssll_rrssl_rrsslll_0,rsl_rsssll_rrssl_rrsslll_1,rsl_rsssll_rrssl_rrsslll_2,rsl_rsssll_rrssl_rrsslll_3,performance measure
0,3,1,1,1,6,2,1,3,5,1,2,2,7,3,2,2,rsl_rsssll_rrssl_rrsslll,90.0,227.0,139.0,313.0,326.0,404.0,553.0,138.0,292.0,710.0,616.0,211.0,11.0,11.0,11.0,11.0,8.835150432138756,8.654627242113932,8.376726835527073,8.705980249177788,8.704841558986804,0.8134715025906736,0.861049519586105,0.9500713266761769,0.8958333333333334,0.8334566987416728,3.485726833343506,25.96349370836422,27.67317812269033,32.304343794579225,29.42192129629634,26.816506291635815,70.77720207253886,72.45898004434589,77.17689015691869,74.18441358024691,71.64840858623242,17.68541820873427,19.052475979305246,22.705420827389442,20.381944444444443,18.4900074019245,11.0,11.0,11.0,11.0,19.66305337235958
