,1,1l,1r,1s,2,2l,2r,2s,3,3l,3r,3s,4,4l,4r,4s,id,1_2,1_3,1_4,2_1,2_3,2_4,3_1,3_2,3_4,4_1,4_2,4_3,p1,p2,p3,p4,speed0,speed1,speed2,speed3,speed4,stop0,stop1,stop2,stop3,stop4,time,timeloss0,timeloss1,timeloss2,timeloss3,timeloss4,travel0,travel1,travel2,travel3,travel4,wait0,wait1,wait2,wait3,wait4,rsssssl_rssssll_rsl_rssll_0,rsssssl_rssssll_rsl_rssll_1,rsssssl_rssssll_rsl_rssll_2,rsssssl_rssssll_rsl_rssll_3,performance measure
0,7,1,1,5,7,2,1,4,3,1,1,1,5,2,1,2,rsssssl_rssssll_rsl_rssll,188.0,323.0,300.0,314.0,599.0,1380.0,283.0,193.0,235.0,427.0,646.0,164.0,11.0,11.0,14.0,14.0,8.37073880943307,8.433784733467387,8.603189827252795,8.611717411596063,8.608085965686204,0.9192399049881235,0.9003003003003003,0.8541430192962542,0.8316295850871919,0.8403263403263403,3.857715129852295,32.66833135391914,30.941687687687658,28.574727582292816,28.499555021046312,28.22682983682986,77.51365795724466,75.78438438438438,73.39273552780931,73.33794347564643,73.04195804195804,23.017814726840854,21.706906906906905,19.664585698070375,19.711966325917018,19.375291375291376,11.0,11.0,14.0,14.0,20.695313006605307
