,1,1l,1r,1s,2,2l,2r,2s,3,3l,3r,3s,4,4l,4r,4s,id,1_2,1_3,1_4,2_1,2_3,2_4,3_1,3_2,3_4,4_1,4_2,4_3,p1,p2,p3,p4,speed0,speed1,speed2,speed3,speed4,stop0,stop1,stop2,stop3,stop4,time,timeloss0,timeloss1,timeloss2,timeloss3,timeloss4,travel0,travel1,travel2,travel3,travel4,wait0,wait1,wait2,wait3,wait4,rssslll_rrsssl_rsssssl_rsl_0,rssslll_rrsssl_rsssssl_rsl_1,rssslll_rrsssl_rsssssl_rsl_2,rssslll_rrsssl_rsssssl_rsl_3,performance measure
0,7,3,1,3,6,1,2,3,7,1,1,5,3,1,1,1,rssslll_rrsssl_rsssssl_rsl,339.0,434.0,203.0,321.0,265.0,382.0,1033.0,221.0,167.0,298.0,293.0,124.0,8.0,11.0,11.0,11.0,9.096270873727114,8.869582404920752,8.933788806356562,9.034098611855251,9.076121185872617,0.7747813411078717,0.8476052249637155,0.8192771084337349,0.8074581430745814,0.7947565543071161,3.69680118560791,23.411392128279893,26.314833091436874,24.921573352232468,24.464162861491655,24.417370786516873,68.11224489795919,71.06023222060958,69.68958185683913,69.12404870624049,69.15131086142323,15.534985422740524,17.93831640058055,16.754075124025515,16.43302891933029,16.341573033707864,8.0,11.0,11.0,11.0,16.600395780076948
