,1,1l,1r,1s,2,2l,2r,2s,3,3l,3r,3s,4,4l,4r,4s,id,1_2,1_3,1_4,2_1,2_3,2_4,3_1,3_2,3_4,4_1,4_2,4_3,p1,p2,p3,p4,speed0,speed1,speed2,speed3,speed4,stop0,stop1,stop2,stop3,stop4,time,timeloss0,timeloss1,timeloss2,timeloss3,timeloss4,travel0,travel1,travel2,travel3,travel4,wait0,wait1,wait2,wait3,wait4,rsssssl_rsl_rrsslll_rsssll_0,rsssssl_rsl_rrsslll_rsssll_1,rsssssl_rsl_rrsslll_rsssll_2,rsssssl_rsl_rrsslll_rsssll_3,performance measure
0,7,1,1,5,3,1,1,1,7,3,2,2,6,2,1,3,rsssssl_rsl_rrsslll_rsssll,297.0,1403.0,124.0,218.0,68.0,201.0,360.0,125.0,185.0,247.0,554.0,145.0,11.0,11.0,5.0,8.0,9.078867554748907,9.251545153633495,9.105155596043797,9.412534056175234,9.231254005254408,0.8852583586626139,0.7953348382242288,0.8528974739970282,0.7647527910685805,0.8114199849737039,3.649202346801758,25.234430091185402,22.31556809631297,23.75120356612185,20.815574162679418,22.223350864012037,70.06990881458967,67.14973664409331,68.60475482912332,65.63317384370016,67.06010518407213,16.689969604863222,14.333333333333334,15.310549777117386,13.186602870813397,14.344853493613824,11.0,11.0,5.0,8.0,14.773061815948234
