,1,1l,1r,1s,2,2l,2r,2s,3,3l,3r,3s,4,4l,4r,4s,id,1_2,1_3,1_4,2_1,2_3,2_4,3_1,3_2,3_4,4_1,4_2,4_3,p1,p2,p3,p4,speed0,speed1,speed2,speed3,speed4,stop0,stop1,stop2,stop3,stop4,time,timeloss0,timeloss1,timeloss2,timeloss3,timeloss4,travel0,travel1,travel2,travel3,travel4,wait0,wait1,wait2,wait3,wait4,rrsssll_rsl_rsl_rrsll_0,rrsssll_rsl_rsl_rrsll_1,rrsssll_rsl_rsl_rrsll_2,rrsssll_rsl_rsl_rrsll_3,performance measure
0,7,2,2,3,3,1,1,1,3,1,1,1,5,2,2,1,rrsssll_rsl_rsl_rrsll,196.0,453.0,628.0,47.0,201.0,226.0,357.0,306.0,278.0,449.0,102.0,517.0,11.0,14.0,11.0,11.0,8.57271209948002,8.720957490366574,8.84807960590531,8.84081562570398,9.20428515660405,0.8682816048448145,0.8238503507404521,0.8077220077220078,0.8148148148148148,0.7195892575039494,3.4543333053588867,29.407327781983362,27.1575993764614,26.914393822393816,27.544275362318857,22.5667456556082,73.9553368660106,71.72720187061574,71.46023166023166,72.11030595813205,67.10110584518168,20.312641937925815,18.61730319563523,18.41003861003861,18.78341384863124,14.804107424960506,11.0,14.0,11.0,11.0,18.185501003438283
