,1,1l,1r,1s,2,2l,2r,2s,3,3l,3r,3s,4,4l,4r,4s,id,1_2,1_3,1_4,2_1,2_3,2_4,3_1,3_2,3_4,4_1,4_2,4_3,p1,p2,p3,p4,speed0,speed1,speed2,speed3,speed4,stop0,stop1,stop2,stop3,stop4,time,timeloss0,timeloss1,timeloss2,timeloss3,timeloss4,travel0,travel1,travel2,travel3,travel4,wait0,wait1,wait2,wait3,wait4,rsl_rsl_rsssl_rsl_0,rsl_rsl_rsssl_rsl_1,rsl_rsl_rsssl_rsl_2,rsl_rsl_rsssl_rsl_3,performance measure
0,3,1,1,1,3,1,1,1,5,1,1,3,3,1,1,1,rsl_rsl_rsssl_rsl,97.0,285.0,245.0,180.0,241.0,45.0,350.0,125.0,50.0,310.0,242.0,67.0,5.0,11.0,11.0,8.0,9.319388251188366,8.804102742370498,8.98466147360582,9.241588704042032,8.987116552698001,0.7859922178988327,0.9295212765957447,0.8806161745827985,0.8090659340659341,0.9050802139037433,2.72190523147583,21.9904150453956,28.394986702127696,25.24662387676509,22.66311813186812,26.737179144385017,66.92996108949416,73.29521276595744,70.20924261874198,67.58653846153847,71.69786096256685,13.893644617380026,19.12101063829787,16.602053915275995,14.538461538461538,17.665775401069517,5.0,11.0,11.0,8.0,16.36418922209699
