,1,1l,1r,1s,2,2l,2r,2s,3,3l,3r,3s,4,4l,4r,4s,id,1_2,1_3,1_4,2_1,2_3,2_4,3_1,3_2,3_4,4_1,4_2,4_3,p1,p2,p3,p4,speed0,speed1,speed2,speed3,speed4,stop0,stop1,stop2,stop3,stop4,time,timeloss0,timeloss1,timeloss2,timeloss3,timeloss4,travel0,travel1,travel2,travel3,travel4,wait0,wait1,wait2,wait3,wait4,rsl_rsl_rsssl_rsl_0,rsl_rsl_rsssl_rsl_1,rsl_rsl_rsssl_rsl_2,rsl_rsl_rsssl_rsl_3,performance measure
0,3,1,1,1,3,1,1,1,5,1,1,3,3,1,1,1,rsl_rsl_rsssl_rsl,147.0,297.0,236.0,268.0,156.0,331.0,272.0,294.0,240.0,67.0,45.0,169.0,11.0,14.0,8.0,14.0,8.523980545467323,8.845222601391752,8.830868876236778,8.819404654123534,8.682361233483926,0.9165727170236753,0.779236276849642,0.8114663726571113,0.8283671036948749,0.8480725623582767,2.835575819015503,30.994915445321276,25.46285202863965,27.15228224917307,27.79046483909416,29.050374149659852,75.8793686583991,70.28639618138425,72.03638368246968,72.6471990464839,73.89115646258503,21.399098083427283,17.211217183770884,18.37265711135612,19.28605482717521,19.936507936507937,11.0,14.0,8.0,14.0,19.241107028447487
