,1,1l,1r,1s,2,2l,2r,2s,3,3l,3r,3s,4,4l,4r,4s,id,1_2,1_3,1_4,2_1,2_3,2_4,3_1,3_2,3_4,4_1,4_2,4_3,p1,p2,p3,p4,speed0,speed1,speed2,speed3,speed4,stop0,stop1,stop2,stop3,stop4,time,timeloss0,timeloss1,timeloss2,timeloss3,timeloss4,travel0,travel1,travel2,travel3,travel4,wait0,wait1,wait2,wait3,wait4,rrsslll_rrsll_rsssl_rrsslll_0,rrsslll_rrsll_rsssl_rrsslll_1,rrsslll_rrsll_rsssl_rrsslll_2,rrsslll_rrsll_rsssl_rrsslll_3,performance measure
0,7,3,2,2,5,2,2,1,5,1,1,3,7,3,2,2,rrsslll_rrsll_rsssl_rrsslll,216.0,413.0,530.0,490.0,237.0,99.0,624.0,134.0,55.0,737.0,228.0,211.0,5.0,11.0,11.0,8.0,9.684100025416887,9.686555937487725,9.68924724174691,9.799404002071492,9.757442173925307,0.6985789080029918,0.6797047970479705,0.7007930785868781,0.6797536566589685,0.6834094368340944,3.7749171257019043,18.234300673148855,18.064295202952042,17.87948810382121,17.20493456505006,17.553721461187216,62.74270755422588,62.58154981549816,62.47296322999279,61.69668976135489,62.06164383561644,11.109199700822737,10.980073800738007,10.754866618601298,10.21401077752117,10.590563165905632,5.0,11.0,11.0,8.0,10.729742812717769
