,1,1l,1r,1s,2,2l,2r,2s,3,3l,3r,3s,4,4l,4r,4s,id,1_2,1_3,1_4,2_1,2_3,2_4,3_1,3_2,3_4,4_1,4_2,4_3,p1,p2,p3,p4,speed0,speed1,speed2,speed3,speed4,stop0,stop1,stop2,stop3,stop4,time,timeloss0,timeloss1,timeloss2,timeloss3,timeloss4,travel0,travel1,travel2,travel3,travel4,wait0,wait1,wait2,wait3,wait4,rsl_rsssl_rssssl_rssll_0,rsl_rsssl_rssssl_rssll_1,rsl_rsssl_rssssl_rssll_2,rsl_rsssl_rssssl_rssll_3,performance measure
0,3,1,1,1,5,1,1,3,6,1,1,4,5,2,1,2,rsl_rsssl_rssssl_rssll,50.0,275.0,99.0,96.0,68.0,327.0,565.0,306.0,56.0,410.0,349.0,183.0,5.0,11.0,11.0,8.0,9.666580660397418,9.585800869435811,9.535391356477767,9.62087827840028,9.597693135943503,0.6902748414376322,0.7090336134453782,0.7367864693446089,0.7160493827160493,0.7124868835257083,2.863084554672241,18.29085623678646,18.961050420168068,19.481818181818195,18.70610549943885,18.885498426023073,63.15750528541226,63.84138655462185,64.33403805496829,63.46913580246913,63.746065057712485,11.14799154334038,11.728991596638656,12.043340380549683,11.450056116722783,11.666316894018887,5.0,11.0,11.0,8.0,11.60733930625408
