,1,1l,1r,1s,2,2l,2r,2s,3,3l,3r,3s,4,4l,4r,4s,id,1_2,1_3,1_4,2_1,2_3,2_4,3_1,3_2,3_4,4_1,4_2,4_3,p1,p2,p3,p4,speed0,speed1,speed2,speed3,speed4,stop0,stop1,stop2,stop3,stop4,time,timeloss0,timeloss1,timeloss2,timeloss3,timeloss4,travel0,travel1,travel2,travel3,travel4,wait0,wait1,wait2,wait3,wait4,rrssl_rrssl_rrsslll_rrsslll_0,rrssl_rrssl_rrsslll_rrsslll_1,rrssl_rrssl_rrsslll_rrsslll_2,rrssl_rrssl_rrsslll_rrsslll_3,performance measure
0,5,1,2,2,5,1,2,2,7,3,2,2,7,3,2,2,rrssl_rrssl_rrsslll_rrsslll,110.0,695.0,129.0,268.0,315.0,334.0,212.0,154.0,384.0,331.0,127.0,633.0,8.0,14.0,14.0,8.0,9.077897441541104,9.217532100210649,9.1391532609957,9.177204275202692,9.09546741870368,0.78027950310559,0.7382282521947326,0.7534668721109399,0.7463706233988044,0.7648953301127214,3.6554064750671387,24.231366459627328,22.00920989624897,22.76476887519263,22.472510674637086,23.12975845410623,68.66614906832298,66.51636073423784,67.27580893682588,66.94961571306575,67.63365539452496,16.328416149068325,14.523543495610534,15.033898305084746,14.868488471391972,15.480676328502415,8.0,14.0,14.0,8.0,15.247004549931598
