,1,1l,1r,1s,2,2l,2r,2s,3,3l,3r,3s,4,4l,4r,4s,id,1_2,1_3,1_4,2_1,2_3,2_4,3_1,3_2,3_4,4_1,4_2,4_3,p1,p2,p3,p4,speed0,speed1,speed2,speed3,speed4,stop0,stop1,stop2,stop3,stop4,time,timeloss0,timeloss1,timeloss2,timeloss3,timeloss4,travel0,travel1,travel2,travel3,travel4,wait0,wait1,wait2,wait3,wait4,rsl_rrsll_rsl_rslll_0,rsl_rrsll_rsl_rslll_1,rsl_rrsll_rsl_rslll_2,rsl_rrsll_rsl_rslll_3,performance measure
0,3,1,1,1,5,2,2,1,3,1,1,1,5,3,1,1,rsl_rrsll_rsl_rslll,105.0,296.0,184.0,291.0,487.0,95.0,338.0,62.0,193.0,365.0,117.0,296.0,8.0,11.0,8.0,5.0,8.801561442948474,9.08649900708094,8.850608001078506,8.913943026635911,9.15721409005466,0.9418367346938775,0.8454258675078864,0.933,0.9049676025917927,0.8432601880877743,2.8080570697784424,26.52943877551024,23.52144058885384,25.44102999999999,25.0690172786177,22.904211076280042,71.4908163265306,68.47634069400631,70.366,70.01835853131749,67.83281086729363,17.523469387755103,15.117770767613038,16.314,16.32829373650108,14.591431556948798,8.0,11.0,8.0,5.0,15.974993089763604
