,1,1l,1r,1s,2,2l,2r,2s,3,3l,3r,3s,4,4l,4r,4s,id,1_2,1_3,1_4,2_1,2_3,2_4,3_1,3_2,3_4,4_1,4_2,4_3,p1,p2,p3,p4,speed0,speed1,speed2,speed3,speed4,stop0,stop1,stop2,stop3,stop4,time,timeloss0,timeloss1,timeloss2,timeloss3,timeloss4,travel0,travel1,travel2,travel3,travel4,wait0,wait1,wait2,wait3,wait4,rsl_rsssl_rssssl_rssll_0,rsl_rsssl_rssssl_rssll_1,rsl_rsssl_rssssl_rssll_2,rsl_rsssl_rssssl_rssll_3,performance measure
0,3,1,1,1,5,1,1,3,6,1,1,4,5,2,1,2,rsl_rsssl_rssssl_rssll,171.0,340.0,249.0,180.0,258.0,379.0,162.0,96.0,247.0,405.0,132.0,92.0,14.0,18.0,14.0,8.0,8.753677829867376,8.81161910357666,8.684946091584708,8.78550998998089,8.853643548340631,0.7777777777777778,0.7553648068669528,0.7799188640973631,0.7885057471264367,0.7516268980477223,2.7095985412597656,26.82699470899469,26.056748927038637,27.362515212981748,26.805080459770142,25.437418655097616,71.72910052910053,70.96781115879828,72.25659229208925,71.6264367816092,70.33839479392624,18.8984126984127,18.181330472103003,19.223123732251523,18.85632183908046,17.585683297180044,14.0,18.0,14.0,8.0,18.548974407805545
