,1,1l,1r,1s,2,2l,2r,2s,3,3l,3r,3s,4,4l,4r,4s,id,1_2,1_3,1_4,2_1,2_3,2_4,3_1,3_2,3_4,4_1,4_2,4_3,p1,p2,p3,p4,speed0,speed1,speed2,speed3,speed4,stop0,stop1,stop2,stop3,stop4,time,timeloss0,timeloss1,timeloss2,timeloss3,timeloss4,travel0,travel1,travel2,travel3,travel4,wait0,wait1,wait2,wait3,wait4,rsl_rsssll_rrssl_rrsslll_0,rsl_rsssll_rrssl_rrsslll_1,rsl_rsssll_rrssl_rrsslll_2,rsl_rsssll_rrssl_rrsslll_3,performance measure
0,3,1,1,1,6,2,1,3,5,1,2,2,7,3,2,2,rsl_rsssll_rrssl_rrsslll,170.0,92.0,116.0,241.0,533.0,455.0,569.0,254.0,204.0,478.0,632.0,477.0,8.0,11.0,11.0,11.0,8.76559702656747,8.903975082982347,8.683295585919366,8.975253308577525,8.872424744330267,0.8725154215215901,0.8295615275813296,0.8926553672316384,0.8214285714285714,0.8230337078651685,3.739882707595825,27.64067854694995,25.62841584158417,27.91984463276837,25.218527696793018,25.63193820224718,72.3721727210418,70.37411598302687,72.6927966101695,69.88921282798835,70.37780898876404,19.058944482522275,17.3981612446959,19.16737288135593,17.027696793002914,17.389747191011235,8.0,11.0,11.0,11.0,18.00838451851765
