,1,1l,1r,1s,2,2l,2r,2s,3,3l,3r,3s,4,4l,4r,4s,id,1_2,1_3,1_4,2_1,2_3,2_4,3_1,3_2,3_4,4_1,4_2,4_3,p1,p2,p3,p4,speed0,speed1,speed2,speed3,speed4,stop0,stop1,stop2,stop3,stop4,time,timeloss0,timeloss1,timeloss2,timeloss3,timeloss4,travel0,travel1,travel2,travel3,travel4,wait0,wait1,wait2,wait3,wait4,rslll_rsl_rrslll_rsl_0,rslll_rsl_rrslll_rsl_1,rslll_rsl_rrslll_rsl_2,rslll_rsl_rrslll_rsl_3,performance measure
0,5,3,1,1,3,1,1,1,6,3,2,1,3,1,1,1,rslll_rsl_rrslll_rsl,464.0,199.0,293.0,280.0,72.0,60.0,151.0,415.0,399.0,150.0,48.0,99.0,11.0,11.0,8.0,5.0,9.735536684216918,9.805197760694703,9.770273457611976,9.862592790633583,9.784365046099477,0.6874304783092324,0.6577102803738317,0.6717791411042945,0.6486175115207373,0.668552036199095,2.853090524673462,17.775016685205824,17.248492990654206,17.33502044989774,16.716785714285695,17.235576923076923,62.49499443826474,62.01518691588785,62.0961145194274,61.40668202764977,61.959276018099544,10.542825361512792,10.210280373831775,10.141104294478527,9.702764976958525,10.14027149321267,11.0,11.0,8.0,5.0,10.147449299998858
