,1,1l,1r,1s,2,2l,2r,2s,3,3l,3r,3s,4,4l,4r,4s,id,1_2,1_3,1_4,2_1,2_3,2_4,3_1,3_2,3_4,4_1,4_2,4_3,p1,p2,p3,p4,speed0,speed1,speed2,speed3,speed4,stop0,stop1,stop2,stop3,stop4,time,timeloss0,timeloss1,timeloss2,timeloss3,timeloss4,travel0,travel1,travel2,travel3,travel4,wait0,wait1,wait2,wait3,wait4,rsssll_rssl_rsslll_rrsl_0,rsssll_rssl_rsslll_rrsl_1,rsssll_rssl_rsslll_rrsl_2,rsssll_rssl_rsslll_rrsl_3,performance measure
0,6,2,1,3,4,1,1,2,6,3,1,2,4,1,2,1,rsssll_rssl_rsslll_rrsl,174.0,656.0,248.0,140.0,272.0,371.0,542.0,243.0,679.0,79.0,121.0,167.0,11.0,11.0,11.0,8.0,9.019109458978871,9.01245279969134,8.952684058730041,8.987697478351627,9.054539227038786,0.7957413249211357,0.7891760904684976,0.814872192099148,0.812341504649197,0.7795275590551181,3.296095132827759,23.677941640378528,23.962245557350563,24.470023237800167,24.35670329670332,23.50087401574804,68.46056782334385,68.7269789983845,69.27652982184354,69.12595097210482,68.26535433070866,15.745268138801261,16.10096930533118,16.31990704879938,16.24936601859679,15.708661417322835,11.0,11.0,11.0,8.0,16.024834385770287
