,1,1l,1r,1s,2,2l,2r,2s,3,3l,3r,3s,4,4l,4r,4s,id,1_2,1_3,1_4,2_1,2_3,2_4,3_1,3_2,3_4,4_1,4_2,4_3,p1,p2,p3,p4,speed0,speed1,speed2,speed3,speed4,stop0,stop1,stop2,stop3,stop4,time,timeloss0,timeloss1,timeloss2,timeloss3,timeloss4,travel0,travel1,travel2,travel3,travel4,wait0,wait1,wait2,wait3,wait4,rslll_rsl_rrslll_rsl_0,rslll_rsl_rrslll_rsl_1,rslll_rsl_rrslll_rsl_2,rslll_rsl_rrslll_rsl_3,performance measure
0,5,3,1,1,3,1,1,1,6,3,2,1,3,1,1,1,rslll_rsl_rrslll_rsl,282.0,49.0,147.0,180.0,197.0,170.0,75.0,621.0,331.0,164.0,73.0,200.0,11.0,5.0,11.0,8.0,9.531031107161317,9.720676257826804,9.71671413286305,9.75093848428509,9.769417544851791,0.7471395881006865,0.6804374240583232,0.6741071428571429,0.6719512195121952,0.6909975669099757,2.7437736988067627,20.455869565217387,17.762746051032792,17.649341517857174,17.516036585365867,17.1894647201946,65.13844393592677,62.4277035236938,62.36607142857143,62.13048780487805,61.80900243309002,12.821510297482838,10.664641555285542,10.443080357142858,10.346341463414634,9.899026763990268,11.0,5.0,11.0,8.0,10.834920087463226
