,1,1l,1r,1s,2,2l,2r,2s,3,3l,3r,3s,4,4l,4r,4s,id,1_2,1_3,1_4,2_1,2_3,2_4,3_1,3_2,3_4,4_1,4_2,4_3,p1,p2,p3,p4,speed0,speed1,speed2,speed3,speed4,stop0,stop1,stop2,stop3,stop4,time,timeloss0,timeloss1,timeloss2,timeloss3,timeloss4,travel0,travel1,travel2,travel3,travel4,wait0,wait1,wait2,wait3,wait4,rsl_rrsll_rsl_rslll_0,rsl_rrsll_rsl_rslll_1,rsl_rrsll_rsl_rslll_2,rsl_rrsll_rsl_rslll_3,performance measure
0,3,1,1,1,5,2,2,1,3,1,1,1,5,3,1,1,rsl_rrsll_rsl_rslll,51.0,93.0,77.0,286.0,529.0,135.0,283.0,42.0,131.0,436.0,340.0,197.0,5.0,11.0,11.0,11.0,8.861113158785905,8.70037710421969,8.914878484708613,9.007369022809215,8.838876803912697,0.8931383577052868,0.9754189944134078,0.8653421633554084,0.8634772462077013,0.8881199538638985,2.9125008583068848,27.72272215973,30.46236871508379,26.159139072847726,25.778273045507618,28.059434832756654,72.74915635545557,75.47262569832402,71.15894039735099,70.76662777129522,73.07381776239907,18.99437570303712,20.9195530726257,17.579470198675498,17.37806301050175,19.10495963091119,5.0,11.0,11.0,11.0,18.795284323150252
