,1,1l,1r,1s,2,2l,2r,2s,3,3l,3r,3s,4,4l,4r,4s,id,1_2,1_3,1_4,2_1,2_3,2_4,3_1,3_2,3_4,4_1,4_2,4_3,p1,p2,p3,p4,speed0,speed1,speed2,speed3,speed4,stop0,stop1,stop2,stop3,stop4,time,timeloss0,timeloss1,timeloss2,timeloss3,timeloss4,travel0,travel1,travel2,travel3,travel4,wait0,wait1,wait2,wait3,wait4,rssslll_rrsssl_rsssssl_rsl_0,rssslll_rrsssl_rsssssl_rsl_1,rssslll_rrsssl_rsssssl_rsl_2,rssslll_rrsssl_rsssssl_rsl_3,performance measure
0,7,3,1,3,6,1,2,3,7,1,1,5,3,1,1,1,rssslll_rrsssl_rsssssl_rsl,161.0,310.0,80.0,392.0,128.0,133.0,995.0,139.0,198.0,161.0,135.0,87.0,8.0,8.0,8.0,5.0,9.839522767769855,9.492913055173151,9.561147499479905,9.614255708017755,9.665735213633429,0.6925434116445353,0.8281893004115226,0.7657920310981535,0.7615062761506276,0.7607361963190185,3.361929416656494,17.07014300306436,21.439084362139905,19.427074829931957,18.521799163179924,19.152914110429432,61.74361593462717,66.1574074074074,64.0932944606414,63.18828451882845,63.852760736196316,10.104187946884576,13.610082304526749,11.996112730806608,11.205020920502092,11.754601226993865,8.0,8.0,8.0,5.0,11.734001025942778
