,1,1l,1r,1s,2,2l,2r,2s,3,3l,3r,3s,4,4l,4r,4s,id,1_2,1_3,1_4,2_1,2_3,2_4,3_1,3_2,3_4,4_1,4_2,4_3,p1,p2,p3,p4,speed0,speed1,speed2,speed3,speed4,stop0,stop1,stop2,stop3,stop4,time,timeloss0,timeloss1,timeloss2,timeloss3,timeloss4,travel0,travel1,travel2,travel3,travel4,wait0,wait1,wait2,wait3,wait4,rsll_rsl_rssslll_rrsssll_0,rsll_rsl_rssslll_rrsssll_1,rsll_rsl_rssslll_rrsssll_2,rsll_rsl_rssslll_rrsssll_3,performance measure
0,4,2,1,1,3,1,1,1,7,3,1,3,7,2,2,3,rsll_rsl_rssslll_rrsssll,390.0,279.0,266.0,219.0,174.0,229.0,624.0,67.0,288.0,490.0,838.0,181.0,8.0,11.0,11.0,11.0,8.776902818017566,8.780466564713992,8.501589541917706,9.007960587444263,8.920191525405425,0.8676789587852495,0.8439513242662849,0.9332860184528035,0.7987663839629915,0.825164594001463,3.440631151199341,27.373969631236466,25.868067287043655,30.49625266146204,23.810146491904398,24.961089978054115,72.27982646420824,70.82891911238367,75.46557842441447,68.70084811102544,69.86686174103878,18.725958062183658,17.516821760916248,21.337828246983676,15.781804163454124,16.509875640087785,8.0,11.0,11.0,11.0,17.9744575747251
