,1,1l,1r,1s,2,2l,2r,2s,3,3l,3r,3s,4,4l,4r,4s,id,1_2,1_3,1_4,2_1,2_3,2_4,3_1,3_2,3_4,4_1,4_2,4_3,p1,p2,p3,p4,speed0,speed1,speed2,speed3,speed4,stop0,stop1,stop2,stop3,stop4,time,timeloss0,timeloss1,timeloss2,timeloss3,timeloss4,travel0,travel1,travel2,travel3,travel4,wait0,wait1,wait2,wait3,wait4,rsssll_rssl_rsslll_rrsl_0,rsssll_rssl_rsslll_rrsl_1,rsssll_rssl_rsslll_rrsl_2,rsssll_rssl_rsslll_rrsl_3,performance measure
0,6,2,1,3,4,1,1,2,6,3,1,2,4,1,2,1,rsssll_rssl_rsslll_rrsl,408.0,892.0,241.0,157.0,171.0,409.0,461.0,256.0,119.0,179.0,238.0,324.0,8.0,11.0,8.0,8.0,9.244367637159646,9.053981416866321,8.95048762013195,9.386354812466188,9.19730544873931,0.7881040892193308,0.8495034377387318,0.8837735849056604,0.7618657937806874,0.8367507886435331,3.533296585083008,22.084327137546467,24.641291061879276,25.247260377358486,20.599877250409133,23.748761829653006,66.79776951672862,69.35446906035142,69.98490566037736,65.3240589198036,68.43296529968454,14.051301115241635,16.33460656990069,16.62566037735849,13.004091653027823,15.447160883280757,8.0,11.0,8.0,8.0,15.092564119761878
