,1,1l,1r,1s,2,2l,2r,2s,3,3l,3r,3s,4,4l,4r,4s,id,1_2,1_3,1_4,2_1,2_3,2_4,3_1,3_2,3_4,4_1,4_2,4_3,p1,p2,p3,p4,speed0,speed1,speed2,speed3,speed4,stop0,stop1,stop2,stop3,stop4,time,timeloss0,timeloss1,timeloss2,timeloss3,timeloss4,travel0,travel1,travel2,travel3,travel4,wait0,wait1,wait2,wait3,wait4,rsl_rsssssl_rsll_rrssl_0,rsl_rsssssl_rsll_rrssl_1,rsl_rsssssl_rsll_rrssl_2,rsl_rsssssl_rsll_rrssl_3,performance measure
0,3,1,1,1,7,1,1,5,4,2,1,1,5,1,2,2,rsl_rsssssl_rsll_rrssl,168.0,118.0,60.0,324.0,177.0,347.0,336.0,183.0,406.0,120.0,656.0,333.0,11.0,14.0,8.0,14.0,8.997696958024552,8.956550601485896,8.788386651775069,8.932435633283351,9.181120658501735,0.7852760736196319,0.768303985171455,0.810880829015544,0.7893258426966292,0.7420237010027347,3.1418137550354004,24.697843996494264,24.95311399443927,27.316796200345433,26.059588014981294,22.904202370100304,69.45223488168273,69.7062094531974,72.06390328151986,70.81554307116104,67.68003646308114,16.617879053461877,17.0,18.75215889464594,17.96067415730337,15.142206016408387,11.0,14.0,8.0,14.0,17.094583624363917
