,1,1l,1r,1s,2,2l,2r,2s,3,3l,3r,3s,4,4l,4r,4s,id,1_2,1_3,1_4,2_1,2_3,2_4,3_1,3_2,3_4,4_1,4_2,4_3,p1,p2,p3,p4,speed0,speed1,speed2,speed3,speed4,stop0,stop1,stop2,stop3,stop4,time,timeloss0,timeloss1,timeloss2,timeloss3,timeloss4,travel0,travel1,travel2,travel3,travel4,wait0,wait1,wait2,wait3,wait4,rsl_rssslll_rrsssl_rsslll_0,rsl_rssslll_rrsssl_rsslll_1,rsl_rssslll_rrsssl_rsslll_2,rsl_rssslll_rrsssl_rsslll_3,performance measure
0,3,1,1,1,7,3,1,3,6,1,2,3,6,3,1,2,rsl_rssslll_rrsssl_rsslll,172.0,172.0,259.0,236.0,202.0,833.0,457.0,220.0,252.0,635.0,703.0,230.0,11.0,8.0,11.0,14.0,9.121002498625796,9.00768597491712,8.883175685346771,9.000924556838967,8.949670069536989,0.7496617050067659,0.7734056987788331,0.844488188976378,0.7897648686030428,0.7886563133018231,3.894310712814331,22.964451962110985,24.019063772048867,26.902132545931792,24.29807745504841,24.115334233625948,67.75169147496617,68.8303934871099,71.69488188976378,69.11134163208852,68.89061444969614,15.136671177266576,16.04138398914518,18.42979002624672,16.289764868603044,16.079000675219447,11.0,8.0,11.0,14.0,16.395322147296195
