,1,1l,1r,1s,2,2l,2r,2s,3,3l,3r,3s,4,4l,4r,4s,id,1_2,1_3,1_4,2_1,2_3,2_4,3_1,3_2,3_4,4_1,4_2,4_3,p1,p2,p3,p4,speed0,speed1,speed2,speed3,speed4,stop0,stop1,stop2,stop3,stop4,time,timeloss0,timeloss1,timeloss2,timeloss3,timeloss4,travel0,travel1,travel2,travel3,travel4,wait0,wait1,wait2,wait3,wait4,rsssl_rrsll_rsl_rsslll_0,rsssl_rrsll_rsl_rsslll_1,rsssl_rrsll_rsl_rsslll_2,rsssl_rrsll_rsl_rsslll_3,performance measure
0,5,1,1,3,5,2,2,1,3,1,1,1,6,3,1,2,rsssl_rrsll_rsl_rsslll,135.0,750.0,283.0,423.0,442.0,244.0,153.0,288.0,242.0,746.0,159.0,270.0,11.0,11.0,11.0,11.0,8.973408930147938,8.938005334087999,8.91269868745817,9.015171846416678,8.994113888055658,0.7827317763623496,0.7885431400282885,0.78125,0.7781899109792285,0.771509167842031,3.546496868133545,24.969639065817404,24.34390381895334,24.505502717391273,23.893182492581627,23.704830747531727,69.7310686482661,69.14851485148515,69.30842391304348,68.60608308605342,68.48236953455572,16.637650389242747,16.193776520509193,16.266983695652176,15.821216617210682,15.583215796897038,11.0,11.0,11.0,11.0,16.100568603902367
