,1,1l,1r,1s,2,2l,2r,2s,3,3l,3r,3s,4,4l,4r,4s,id,1_2,1_3,1_4,2_1,2_3,2_4,3_1,3_2,3_4,4_1,4_2,4_3,p1,p2,p3,p4,speed0,speed1,speed2,speed3,speed4,stop0,stop1,stop2,stop3,stop4,time,timeloss0,timeloss1,timeloss2,timeloss3,timeloss4,travel0,travel1,travel2,travel3,travel4,wait0,wait1,wait2,wait3,wait4,rssslll_rssll_rsssl_rrssl_0,rssslll_rssll_rsssl_rrssl_1,rssslll_rssll_rsssl_rrssl_2,rssslll_rssll_rsssl_rrssl_3,performance measure
0,7,3,1,3,5,2,1,2,5,1,1,3,5,1,2,2,rssslll_rssll_rsssl_rrssl,850.0,766.0,68.0,297.0,413.0,143.0,360.0,224.0,70.0,46.0,496.0,118.0,14.0,11.0,11.0,11.0,9.010870818066454,8.822998995261889,8.78848050355817,9.14773570687155,8.912432126295856,0.759375,0.7885075818036712,0.8049512378094523,0.7387755102040816,0.7869362363919129,3.424420118331909,24.06986718750001,25.402577813248197,25.789144786196566,22.908351020408162,24.773157076205308,68.9171875,70.27773343974461,70.57689422355588,67.74938775510203,69.6104199066874,16.325,17.4780526735834,17.598649662415603,15.305306122448979,16.849922239502334,14.0,11.0,11.0,11.0,16.71138613959006
