,1,1l,1r,1s,2,2l,2r,2s,3,3l,3r,3s,4,4l,4r,4s,id,1_2,1_3,1_4,2_1,2_3,2_4,3_1,3_2,3_4,4_1,4_2,4_3,p1,p2,p3,p4,speed0,speed1,speed2,speed3,speed4,stop0,stop1,stop2,stop3,stop4,time,timeloss0,timeloss1,timeloss2,timeloss3,timeloss4,travel0,travel1,travel2,travel3,travel4,wait0,wait1,wait2,wait3,wait4,rsl_rrsll_rsl_rslll_0,rsl_rrsll_rsl_rslll_1,rsl_rrsll_rsl_rslll_2,rsl_rrsll_rsl_rslll_3,performance measure
0,3,1,1,1,5,2,2,1,3,1,1,1,5,3,1,1,rsl_rrsll_rsl_rslll,262.0,320.0,259.0,136.0,570.0,324.0,278.0,180.0,54.0,567.0,355.0,235.0,14.0,18.0,14.0,18.0,7.830558481083788,8.068443788763094,7.99341499035477,8.076095299730987,7.7296374597151445,0.9249394673123487,0.8579638752052545,0.8896156991005724,0.8588850174216028,0.9332790886899919,3.5469703674316406,39.118224374495554,33.819055829228276,35.63982829108752,34.63675087108016,39.17708706265268,84.08393866020985,78.816091954023,80.62551103843009,79.60365853658537,84.11228641171684,29.016949152542374,24.567323481116585,26.17170891251022,25.51829268292683,29.255492270138323,14.0,18.0,14.0,18.0,26.905953299846868
