,1,1l,1r,1s,2,2l,2r,2s,3,3l,3r,3s,4,4l,4r,4s,id,1_2,1_3,1_4,2_1,2_3,2_4,3_1,3_2,3_4,4_1,4_2,4_3,p1,p2,p3,p4,speed0,speed1,speed2,speed3,speed4,stop0,stop1,stop2,stop3,stop4,time,timeloss0,timeloss1,timeloss2,timeloss3,timeloss4,travel0,travel1,travel2,travel3,travel4,wait0,wait1,wait2,wait3,wait4,rsssssl_rsl_rrsslll_rsssll_0,rsssssl_rsl_rrsslll_rsssll_1,rsssssl_rsl_rrsslll_rsssll_2,rsssssl_rsl_rrsslll_rsssll_3,performance measure
0,7,1,1,5,3,1,1,1,7,3,2,2,6,2,1,3,rsssssl_rsl_rrsslll_rsssll,208.0,1084.0,160.0,202.0,158.0,242.0,458.0,361.0,122.0,94.0,399.0,111.0,8.0,11.0,8.0,11.0,9.064209839698346,9.335248033358411,9.249278970517977,9.346029022366803,9.580606526774503,0.9193811074918566,0.7553897180762852,0.7737226277372263,0.7412891986062717,0.684863523573201,3.1097347736358643,28.453802931596094,21.729991708126036,22.435936739659397,21.2365243902439,19.54062034739454,73.13762214983713,66.41210613598673,67.08434712084347,65.88414634146342,64.19520264681555,19.15798045602606,14.076285240464346,14.692619626926197,13.64198606271777,12.33416046319272,8.0,11.0,8.0,11.0,14.780606369865419
