,1,1l,1r,1s,2,2l,2r,2s,3,3l,3r,3s,4,4l,4r,4s,id,1_2,1_3,1_4,2_1,2_3,2_4,3_1,3_2,3_4,4_1,4_2,4_3,p1,p2,p3,p4,speed0,speed1,speed2,speed3,speed4,stop0,stop1,stop2,stop3,stop4,time,timeloss0,timeloss1,timeloss2,timeloss3,timeloss4,travel0,travel1,travel2,travel3,travel4,wait0,wait1,wait2,wait3,wait4,rsl_rrsl_rssslll_rssssl_0,rsl_rrsl_rssslll_rssssl_1,rsl_rrsl_rssslll_rssssl_2,rsl_rrsl_rssslll_rssssl_3,performance measure
0,3,1,1,1,4,1,2,1,7,3,1,3,6,1,1,4,rsl_rrsl_rssslll_rssssl,130.0,91.0,42.0,136.0,205.0,64.0,566.0,52.0,695.0,53.0,755.0,190.0,11.0,8.0,8.0,8.0,9.311837574407413,9.305346014111317,9.271396649100355,9.192457705373108,9.42305165754971,0.7610887096774194,0.7804123711340206,0.7893203883495146,0.8174097664543525,0.7472852912142152,3.1179699897766113,21.092953629032234,21.51672164948459,21.184621359223286,23.565828025477696,20.181717670286265,66.15020161290323,66.51752577319587,66.17864077669903,68.59872611464968,65.1974333662389,13.529233870967742,13.837113402061856,13.409708737864078,15.53927813163482,12.638696939782823,11.0,8.0,8.0,8.0,13.790806216462263
