,1,1l,1r,1s,2,2l,2r,2s,3,3l,3r,3s,4,4l,4r,4s,id,1_2,1_3,1_4,2_1,2_3,2_4,3_1,3_2,3_4,4_1,4_2,4_3,p1,p2,p3,p4,speed0,speed1,speed2,speed3,speed4,stop0,stop1,stop2,stop3,stop4,time,timeloss0,timeloss1,timeloss2,timeloss3,timeloss4,travel0,travel1,travel2,travel3,travel4,wait0,wait1,wait2,wait3,wait4,rssslll_rssll_rsssl_rrssl_0,rssslll_rssll_rsssl_rrssl_1,rssslll_rssll_rsssl_rrssl_2,rssslll_rssll_rsssl_rrssl_3,performance measure
0,7,3,1,3,5,2,1,2,5,1,1,3,5,1,2,2,rssslll_rssll_rsssl_rrssl,220.0,506.0,323.0,213.0,548.0,99.0,875.0,146.0,237.0,59.0,319.0,626.0,11.0,11.0,11.0,8.0,9.193804783577471,9.128858980346063,9.142239203307673,9.15570227598963,9.174914553847819,0.7473903966597077,0.7544107268877911,0.7700496806245565,0.7642276422764228,0.743859649122807,3.889305591583252,21.903528183716066,22.462752293577978,22.392512420156166,22.5111308203991,21.976463157894756,66.49408489909534,67.07551164431898,67.0290986515259,67.03178122690318,66.57473684210527,13.997912317327765,14.604798870853918,14.52306600425834,14.682187730968218,14.222456140350877,11.0,11.0,11.0,8.0,14.406084212751825
