,1,1l,1r,1s,2,2l,2r,2s,3,3l,3r,3s,4,4l,4r,4s,id,1_2,1_3,1_4,2_1,2_3,2_4,3_1,3_2,3_4,4_1,4_2,4_3,p1,p2,p3,p4,speed0,speed1,speed2,speed3,speed4,stop0,stop1,stop2,stop3,stop4,time,timeloss0,timeloss1,timeloss2,timeloss3,timeloss4,travel0,travel1,travel2,travel3,travel4,wait0,wait1,wait2,wait3,wait4,rsl_rsssssl_rsll_rrssl_0,rsl_rsssssl_rsll_rrssl_1,rsl_rsssssl_rsll_rrssl_2,rsl_rsssssl_rsll_rrssl_3,performance measure
0,3,1,1,1,7,1,1,5,4,2,1,1,5,1,2,2,rsl_rsssssl_rsll_rrssl,196.0,302.0,106.0,105.0,251.0,1106.0,253.0,201.0,238.0,140.0,649.0,263.0,11.0,14.0,11.0,14.0,8.851548710711839,8.676329905505819,8.553831682027532,8.748179450299542,8.806617548542544,0.7849961330239753,0.8400315208825847,0.8564988730277987,0.8549679487179487,0.7973499610288387,3.3641679286956787,26.081662799690633,27.515279747832945,29.355559729526643,29.531001602564103,26.22977396726425,70.99149265274555,72.424743892829,74.27422990232908,74.45272435897436,71.11145752143413,17.96829079659706,19.20961386918834,20.760330578512395,20.74599358974359,17.990646921278255,11.0,14.0,11.0,14.0,19.33497515106393
