,1,1l,1r,1s,2,2l,2r,2s,3,3l,3r,3s,4,4l,4r,4s,id,1_2,1_3,1_4,2_1,2_3,2_4,3_1,3_2,3_4,4_1,4_2,4_3,p1,p2,p3,p4,speed0,speed1,speed2,speed3,speed4,stop0,stop1,stop2,stop3,stop4,time,timeloss0,timeloss1,timeloss2,timeloss3,timeloss4,travel0,travel1,travel2,travel3,travel4,wait0,wait1,wait2,wait3,wait4,rsl_rrsl_rssslll_rssssl_0,rsl_rrsl_rssslll_rssssl_1,rsl_rrsl_rssslll_rssssl_2,rsl_rrsl_rssslll_rssssl_3,performance measure
0,3,1,1,1,4,1,2,1,7,3,1,3,6,1,1,4,rsl_rrsl_rssslll_rssssl,127.0,290.0,188.0,318.0,113.0,110.0,856.0,189.0,393.0,192.0,330.0,218.0,8.0,11.0,8.0,5.0,9.435332059632206,9.457693996695077,9.49031492863067,9.509170080681809,9.606753424739857,0.7829181494661922,0.7668439716312057,0.7599309153713298,0.7552703941338221,0.737410071942446,3.2511510848999023,20.871503558718842,20.26005319148933,19.68607944732296,19.304216315307038,18.9592535971223,65.58718861209964,65.03191489361703,64.43091537132987,63.989000916590285,63.64298561151079,13.133451957295375,12.48049645390071,11.962003454231434,11.724106324472961,11.473920863309353,8.0,11.0,8.0,5.0,12.154795810641968
