,1,1l,1r,1s,2,2l,2r,2s,3,3l,3r,3s,4,4l,4r,4s,id,1_2,1_3,1_4,2_1,2_3,2_4,3_1,3_2,3_4,4_1,4_2,4_3,p1,p2,p3,p4,speed0,speed1,speed2,speed3,speed4,stop0,stop1,stop2,stop3,stop4,time,timeloss0,timeloss1,timeloss2,timeloss3,timeloss4,travel0,travel1,travel2,travel3,travel4,wait0,wait1,wait2,wait3,wait4,rrsll_rssl_rsssll_rsl_0,rrsll_rssl_rsssll_rsl_1,rrsll_rssl_rsssll_rsl_2,rrsll_rssl_rsssll_rsl_3,performance measure
0,5,2,2,1,4,1,1,2,6,2,1,3,3,1,1,1,rrsll_rssl_rsssll_rsl,484.0,345.0,414.0,94.0,64.0,220.0,926.0,109.0,203.0,293.0,308.0,64.0,14.0,18.0,14.0,14.0,8.433755410358252,8.22622346559267,8.375502896229975,8.572857461282192,8.293754925703222,0.8052588331963846,0.8668320926385442,0.834703947368421,0.798932384341637,0.8611346316680779,3.412444829940796,29.98577649958918,35.01715467328372,31.023585526315767,29.15008896797154,32.84743437764606,74.9202958093673,79.93713813068652,75.9564144736842,74.07651245551601,77.72734970364098,21.66885784716516,25.93631100082713,22.286184210526315,20.89679715302491,24.058425063505503,14.0,18.0,14.0,14.0,22.969315055009805
