,1,1l,1r,1s,2,2l,2r,2s,3,3l,3r,3s,4,4l,4r,4s,id,1_2,1_3,1_4,2_1,2_3,2_4,3_1,3_2,3_4,4_1,4_2,4_3,p1,p2,p3,p4,speed0,speed1,speed2,speed3,speed4,stop0,stop1,stop2,stop3,stop4,time,timeloss0,timeloss1,timeloss2,timeloss3,timeloss4,travel0,travel1,travel2,travel3,travel4,wait0,wait1,wait2,wait3,wait4,rsl_rsssssl_rsll_rrssl_0,rsl_rsssssl_rsll_rrssl_1,rsl_rsssssl_rsll_rrssl_2,rsl_rsssssl_rsll_rrssl_3,performance measure
0,3,1,1,1,7,1,1,5,4,2,1,1,5,1,2,2,rsl_rsssssl_rsll_rrssl,262.0,290.0,305.0,140.0,104.0,1526.0,313.0,71.0,389.0,78.0,664.0,318.0,11.0,14.0,5.0,14.0,9.021355107492782,9.001842907606996,8.885818359344452,8.99076271086241,8.970316711156755,0.7913621262458472,0.7732166890982504,0.8388349514563107,0.7997247075017205,0.7857618097139055,3.8514063358306885,24.796318936877096,24.017335127860008,26.187779935275074,24.34148657949067,24.279713905522282,69.78006644518273,68.98519515477793,71.15922330097088,69.30557467309016,69.22621423819028,16.49966777408638,15.795423956931359,17.450485436893203,16.128011011699932,16.031270791749833,11.0,14.0,5.0,14.0,16.38097179427214
