,1,1l,1r,1s,2,2l,2r,2s,3,3l,3r,3s,4,4l,4r,4s,id,1_2,1_3,1_4,2_1,2_3,2_4,3_1,3_2,3_4,4_1,4_2,4_3,p1,p2,p3,p4,speed0,speed1,speed2,speed3,speed4,stop0,stop1,stop2,stop3,stop4,time,timeloss0,timeloss1,timeloss2,timeloss3,timeloss4,travel0,travel1,travel2,travel3,travel4,wait0,wait1,wait2,wait3,wait4,rsl_rsssssl_rsll_rrssl_0,rsl_rsssssl_rsll_rrssl_1,rsl_rsssssl_rsll_rrssl_2,rsl_rsssssl_rsll_rrssl_3,performance measure
0,3,1,1,1,7,1,1,5,4,2,1,1,5,1,2,2,rsl_rsssssl_rsll_rrssl,169.0,84.0,275.0,104.0,164.0,1138.0,199.0,158.0,169.0,178.0,596.0,226.0,8.0,8.0,8.0,11.0,9.29697411576165,9.264406728641712,9.306321396225513,9.435592290931464,9.403045701958634,0.8036758563074352,0.7962003454231433,0.7971500419111484,0.7511111111111111,0.7670648464163823,3.5373282432556152,22.435814536340857,22.22718480138167,21.886278290025146,20.441315555555583,20.439692832764536,67.25396825396825,67.02763385146805,66.74098910310143,65.25777777777778,65.28327645051195,14.507936507936508,14.342832469775475,13.894383906119028,12.892444444444445,12.802047781569966,8.0,8.0,8.0,11.0,13.687929021969083
