,1,1l,1r,1s,2,2l,2r,2s,3,3l,3r,3s,4,4l,4r,4s,id,1_2,1_3,1_4,2_1,2_3,2_4,3_1,3_2,3_4,4_1,4_2,4_3,p1,p2,p3,p4,speed0,speed1,speed2,speed3,speed4,stop0,stop1,stop2,stop3,stop4,time,timeloss0,timeloss1,timeloss2,timeloss3,timeloss4,travel0,travel1,travel2,travel3,travel4,wait0,wait1,wait2,wait3,wait4,rsl_rrsl_rssslll_rssssl_0,rsl_rrsl_rssslll_rssssl_1,rsl_rrsl_rssslll_rssssl_2,rsl_rrsl_rssslll_rssssl_3,performance measure
0,3,1,1,1,4,1,2,1,7,3,1,3,6,1,1,4,rsl_rrsl_rssslll_rssssl,183.0,96.0,303.0,515.0,95.0,344.0,293.0,50.0,166.0,58.0,456.0,305.0,8.0,5.0,5.0,14.0,9.64758528650542,9.64902241932804,9.830516769180386,9.810774552956207,9.730861478769716,0.7151515151515152,0.7291666666666666,0.6666666666666666,0.6826086956521739,0.7112244897959183,3.0308523178100586,18.66357575757576,18.768052083333377,17.426121031746025,17.126304347826075,18.221877551020395,63.33030303030303,63.353125,62.02876984126984,61.725,62.88061224489796,10.994949494949495,11.3125,10.19047619047619,9.981521739130434,10.772448979591836,8.0,5.0,5.0,14.0,10.650379280829592
