,1,1l,1r,1s,2,2l,2r,2s,3,3l,3r,3s,4,4l,4r,4s,id,1_2,1_3,1_4,2_1,2_3,2_4,3_1,3_2,3_4,4_1,4_2,4_3,p1,p2,p3,p4,speed0,speed1,speed2,speed3,speed4,stop0,stop1,stop2,stop3,stop4,time,timeloss0,timeloss1,timeloss2,timeloss3,timeloss4,travel0,travel1,travel2,travel3,travel4,wait0,wait1,wait2,wait3,wait4,rsssll_rssl_rsslll_rrsl_0,rsssll_rssl_rsslll_rrsl_1,rsssll_rssl_rsslll_rrsl_2,rsssll_rssl_rsslll_rrsl_3,performance measure
0,6,2,1,3,4,1,1,2,6,3,1,2,4,1,2,1,rsssll_rssl_rsslll_rrsl,258.0,362.0,210.0,313.0,216.0,86.0,437.0,61.0,372.0,257.0,312.0,448.0,8.0,8.0,11.0,11.0,9.250083357650288,9.058564921707703,9.164321785053616,9.101514258909882,9.29294504185129,0.7631118881118881,0.818904593639576,0.7774936061381074,0.802547770700637,0.7640750670241286,3.113234281539917,22.29411713286716,23.80169611307419,22.675387894288164,23.211337579617826,22.669740840035782,66.90472027972028,68.41431095406361,67.32139812446718,67.79981801637852,67.27703306523682,14.476398601398602,15.613074204946997,14.713554987212277,15.251137397634213,14.649687220732797,8.0,8.0,11.0,11.0,14.940770482384977
