,1,1l,1r,1s,2,2l,2r,2s,3,3l,3r,3s,4,4l,4r,4s,id,1_2,1_3,1_4,2_1,2_3,2_4,3_1,3_2,3_4,4_1,4_2,4_3,p1,p2,p3,p4,speed0,speed1,speed2,speed3,speed4,stop0,stop1,stop2,stop3,stop4,time,timeloss0,timeloss1,timeloss2,timeloss3,timeloss4,travel0,travel1,travel2,travel3,travel4,wait0,wait1,wait2,wait3,wait4,rsl_rssslll_rrsssl_rsslll_0,rsl_rssslll_rrsssl_rsslll_1,rsl_rssslll_rrsssl_rsslll_2,rsl_rssslll_rrsssl_rsslll_3,performance measure
0,3,1,1,1,7,3,1,3,6,1,2,3,6,3,1,2,rsl_rssslll_rrsssl_rsslll,255.0,334.0,149.0,53.0,673.0,930.0,232.0,224.0,82.0,335.0,669.0,221.0,11.0,14.0,11.0,14.0,8.60657536778558,8.544137129683296,8.431776311738457,8.652941330725177,8.59636362557237,0.851380042462845,0.8467683369644154,0.8904299583911235,0.8262806236080178,0.8502109704641351,3.8584630489349365,29.208082094833717,28.518344226579554,31.17712205270462,27.746013363028926,28.424760900140704,74.07289455060156,73.359477124183,76.05270457697642,72.56421677802524,73.30731364275668,20.469922151450813,20.027596223674657,22.018030513176143,19.302152932442464,19.663150492264418,11.0,14.0,11.0,14.0,20.2961704626017
