,1,1l,1r,1s,2,2l,2r,2s,3,3l,3r,3s,4,4l,4r,4s,id,1_2,1_3,1_4,2_1,2_3,2_4,3_1,3_2,3_4,4_1,4_2,4_3,p1,p2,p3,p4,speed0,speed1,speed2,speed3,speed4,stop0,stop1,stop2,stop3,stop4,time,timeloss0,timeloss1,timeloss2,timeloss3,timeloss4,travel0,travel1,travel2,travel3,travel4,wait0,wait1,wait2,wait3,wait4,rsl_rrsll_rsl_rslll_0,rsl_rrsll_rsl_rslll_1,rsl_rrsll_rsl_rslll_2,rsl_rrsll_rsl_rslll_3,performance measure
0,3,1,1,1,5,2,2,1,3,1,1,1,5,3,1,1,rsl_rrsll_rsl_rslll,309.0,109.0,137.0,646.0,156.0,129.0,287.0,221.0,136.0,750.0,353.0,188.0,18.0,14.0,14.0,18.0,8.568152297884257,8.22703496263119,8.336449942513331,8.607126824479332,8.51479221059623,0.7660119555935099,0.8362068965517241,0.8209459459459459,0.7552631578947369,0.7814159292035399,3.2524280548095703,30.547805294619966,32.50672413793104,32.09909628378385,28.435833333333303,30.471238938053073,75.38770281810419,77.40862068965517,76.9704391891892,73.27543859649123,75.33185840707965,21.81468830059778,23.568103448275863,23.006756756756758,20.13421052631579,21.946017699115043,18.0,14.0,14.0,18.0,22.093955346212248
