,1,1l,1r,1s,2,2l,2r,2s,3,3l,3r,3s,4,4l,4r,4s,id,1_2,1_3,1_4,2_1,2_3,2_4,3_1,3_2,3_4,4_1,4_2,4_3,p1,p2,p3,p4,speed0,speed1,speed2,speed3,speed4,stop0,stop1,stop2,stop3,stop4,time,timeloss0,timeloss1,timeloss2,timeloss3,timeloss4,travel0,travel1,travel2,travel3,travel4,wait0,wait1,wait2,wait3,wait4,rsl_rsl_rsl_rrssll_0,rsl_rsl_rsl_rrssll_1,rsl_rsl_rsl_rrssll_2,rsl_rsl_rsl_rrssll_3,performance measure
0,3,1,1,1,3,1,1,1,3,1,1,1,6,2,2,2,rsl_rsl_rsl_rrssll,128.0,344.0,291.0,131.0,176.0,307.0,118.0,116.0,229.0,304.0,659.0,78.0,11.0,14.0,8.0,14.0,8.407353817196762,8.608838198814402,8.508928108778914,8.639373184552376,8.557663507720346,0.9429429429429429,0.8233471074380165,0.8747454175152749,0.8679653679653679,0.8526522593320236,3.0212810039520264,31.901801801801838,27.571766528925643,29.643360488798375,29.38634199134195,29.031640471512773,76.98398398398399,72.68181818181819,74.77494908350306,74.46320346320347,74.1237721021611,22.34934934934935,19.081611570247933,20.74032586558045,20.62121212121212,19.94793713163065,11.0,14.0,8.0,14.0,20.5480872076041
