,1,1l,1r,1s,2,2l,2r,2s,3,3l,3r,3s,4,4l,4r,4s,id,1_2,1_3,1_4,2_1,2_3,2_4,3_1,3_2,3_4,4_1,4_2,4_3,p1,p2,p3,p4,speed0,speed1,speed2,speed3,speed4,stop0,stop1,stop2,stop3,stop4,time,timeloss0,timeloss1,timeloss2,timeloss3,timeloss4,travel0,travel1,travel2,travel3,travel4,wait0,wait1,wait2,wait3,wait4,rssl_rrsslll_rsl_rrsll_0,rssl_rrsslll_rsl_rrsll_1,rssl_rrsslll_rsl_rrsll_2,rssl_rrsslll_rsl_rrsll_3,performance measure
0,4,1,1,2,7,3,2,2,3,1,1,1,5,2,2,1,rssl_rrsslll_rsl_rrsll,168.0,502.0,262.0,316.0,836.0,204.0,154.0,136.0,224.0,334.0,319.0,524.0,11.0,11.0,14.0,14.0,8.897330234979705,8.667704188257147,8.664110330650288,9.021984276087384,8.86283156023232,0.7704561911658219,0.8093498904309715,0.8211920529801324,0.7381874515879163,0.7956043956043956,3.6709742546081543,25.02931933381603,27.226742147552933,27.86025754231045,24.491037955073573,26.164358974358983,69.72845763939175,71.98319941563184,72.66519499632082,69.2323780015492,70.90695970695971,17.00362056480811,18.85756026296567,19.444444444444443,16.766847405112316,18.016849816849817,11.0,11.0,14.0,14.0,18.01786449883607
