,1,1l,1r,1s,2,2l,2r,2s,3,3l,3r,3s,4,4l,4r,4s,id,1_2,1_3,1_4,2_1,2_3,2_4,3_1,3_2,3_4,4_1,4_2,4_3,p1,p2,p3,p4,speed0,speed1,speed2,speed3,speed4,stop0,stop1,stop2,stop3,stop4,time,timeloss0,timeloss1,timeloss2,timeloss3,timeloss4,travel0,travel1,travel2,travel3,travel4,wait0,wait1,wait2,wait3,wait4,rsssll_rssl_rsslll_rrsl_0,rsssll_rssl_rsslll_rrsl_1,rsssll_rssl_rsslll_rrsl_2,rsssll_rssl_rsslll_rrsl_3,performance measure
0,6,2,1,3,4,1,1,2,6,3,1,2,4,1,2,1,rsssll_rssl_rsslll_rrsl,440.0,925.0,283.0,221.0,94.0,296.0,304.0,87.0,241.0,261.0,137.0,288.0,11.0,11.0,11.0,8.0,9.007908914365657,8.812032698778069,8.815584432512944,9.285796661860392,8.948512559582952,0.7850911974623315,0.8373590982286635,0.8434991974317817,0.7403508771929824,0.7883511074651354,3.486494541168213,23.53430610626489,26.357681159420277,25.593523274478326,21.31566666666664,24.415406070549643,68.27121332275972,71.10064412238326,70.34109149277688,66.04649122807018,69.14766201804758,15.534496431403648,18.02818035426731,17.228731942215088,13.79561403508772,16.40360951599672,11.0,11.0,11.0,8.0,16.1981264557941
