,1,1l,1r,1s,2,2l,2r,2s,3,3l,3r,3s,4,4l,4r,4s,id,1_2,1_3,1_4,2_1,2_3,2_4,3_1,3_2,3_4,4_1,4_2,4_3,p1,p2,p3,p4,speed0,speed1,speed2,speed3,speed4,stop0,stop1,stop2,stop3,stop4,time,timeloss0,timeloss1,timeloss2,timeloss3,timeloss4,travel0,travel1,travel2,travel3,travel4,wait0,wait1,wait2,wait3,wait4,rssll_rrssl_rssslll_rrssll_0,rssll_rrssl_rssslll_rrssll_1,rssll_rrssl_rssslll_rrssll_2,rssll_rrssl_rssslll_rrssll_3,performance measure
0,5,2,1,2,5,1,2,2,7,3,1,3,6,2,2,2,rssll_rrssl_rssslll_rrssll,636.0,483.0,324.0,385.0,117.0,85.0,562.0,229.0,372.0,203.0,332.0,108.0,14.0,11.0,8.0,8.0,9.364219336369947,9.328466472157265,9.302664259440657,9.376480530312088,9.291404388940322,0.7232558139534884,0.7270606531881804,0.7332832456799399,0.7244979919678715,0.7226955848179706,3.248359441757202,20.766193798449613,21.131158631415246,21.268820435762596,20.46906024096385,21.425398915569335,65.33178294573644,65.73405909797823,65.83320811419985,65.03534136546185,65.97366382649109,13.296124031007752,13.689735614307931,13.610818933132983,13.083534136546184,13.91711851278079,14.0,11.0,8.0,8.0,13.519466245555128
