,1,1l,1r,1s,2,2l,2r,2s,3,3l,3r,3s,4,4l,4r,4s,id,1_2,1_3,1_4,2_1,2_3,2_4,3_1,3_2,3_4,4_1,4_2,4_3,p1,p2,p3,p4,speed0,speed1,speed2,speed3,speed4,stop0,stop1,stop2,stop3,stop4,time,timeloss0,timeloss1,timeloss2,timeloss3,timeloss4,travel0,travel1,travel2,travel3,travel4,wait0,wait1,wait2,wait3,wait4,rssll_rrssl_rssslll_rrssll_0,rssll_rrssl_rssslll_rrssll_1,rssll_rrssl_rssslll_rrssll_2,rssll_rrssl_rssslll_rrssll_3,performance measure
0,5,2,1,2,5,1,2,2,7,3,1,3,6,2,2,2,rssll_rrssl_rssslll_rrssll,578.0,482.0,188.0,371.0,66.0,373.0,600.0,168.0,650.0,608.0,465.0,160.0,14.0,11.0,14.0,11.0,8.831369208446576,8.732614560822922,8.586383918204897,8.955227820816493,8.737885307321871,0.7872340425531915,0.8066541117388575,0.829736211031175,0.7692307692307693,0.7969735182849937,3.9214446544647217,25.65516441005798,26.307897049591972,27.97297961630691,24.34545036160414,26.50947036569992,70.46872985170857,71.19209039548022,72.80815347721823,69.14201183431953,71.33228247162674,17.689877498388135,18.173258003766477,19.642086330935253,16.54437869822485,18.35876418663304,14.0,11.0,14.0,11.0,18.08167294358955
