,1,1l,1r,1s,2,2l,2r,2s,3,3l,3r,3s,4,4l,4r,4s,id,1_2,1_3,1_4,2_1,2_3,2_4,3_1,3_2,3_4,4_1,4_2,4_3,p1,p2,p3,p4,speed0,speed1,speed2,speed3,speed4,stop0,stop1,stop2,stop3,stop4,time,timeloss0,timeloss1,timeloss2,timeloss3,timeloss4,travel0,travel1,travel2,travel3,travel4,wait0,wait1,wait2,wait3,wait4,rssslll_rssll_rsssl_rrssl_0,rssslll_rssll_rsssl_rrssl_1,rssslll_rssll_rsssl_rrssl_2,rssslll_rssll_rsssl_rrssl_3,performance measure
0,7,3,1,3,5,2,1,2,5,1,1,3,5,1,2,2,rssslll_rssll_rsssl_rrssl,384.0,425.0,166.0,300.0,309.0,579.0,885.0,146.0,273.0,182.0,499.0,345.0,11.0,11.0,8.0,11.0,8.909588296790243,8.838944973963553,8.84910759525263,8.987468180418189,8.971140439751158,0.8042468480424685,0.8425449871465296,0.8435504469987228,0.8117647058823529,0.7950101146325017,3.7063169479370117,24.84971466489719,26.07932519280204,25.32330140485314,24.56461591695497,24.468570465273114,69.66887856668879,70.88431876606684,70.14750957854406,69.35432525951558,69.2596089008766,16.650962176509623,17.75578406169666,17.026181353767562,16.516262975778545,16.43425488873904,11.0,11.0,8.0,11.0,16.87668909129829
