,1,1l,1r,1s,2,2l,2r,2s,3,3l,3r,3s,4,4l,4r,4s,id,1_2,1_3,1_4,2_1,2_3,2_4,3_1,3_2,3_4,4_1,4_2,4_3,p1,p2,p3,p4,speed0,speed1,speed2,speed3,speed4,stop0,stop1,stop2,stop3,stop4,time,timeloss0,timeloss1,timeloss2,timeloss3,timeloss4,travel0,travel1,travel2,travel3,travel4,wait0,wait1,wait2,wait3,wait4,rsl_rsssl_rssssl_rssll_0,rsl_rsssl_rssssl_rssll_1,rsl_rsssl_rssssl_rssll_2,rsl_rsssl_rssssl_rssll_3,performance measure
0,3,1,1,1,5,1,1,3,6,1,1,4,5,2,1,2,rsl_rsssl_rssssl_rssll,286.0,175.0,170.0,65.0,236.0,169.0,1407.0,281.0,315.0,537.0,189.0,293.0,14.0,14.0,14.0,5.0,8.849414611866994,8.735963246347607,8.680026115381008,8.774547297610587,8.717994860834809,0.7901325478645066,0.8092152627789777,0.8290657439446367,0.8044117647058824,0.8232286340394448,3.80189847946167,25.162356406480143,26.349208063354954,26.941038062283745,26.415838235294114,27.287363038714414,70.04344624447717,71.33405327573794,71.91072664359862,71.27426470588236,72.22936449963477,16.894698085419734,17.900647948164146,18.119723183391002,17.850735294117648,18.744338933528123,14.0,14.0,14.0,5.0,17.902028688924133
