,1,1l,1r,1s,2,2l,2r,2s,3,3l,3r,3s,4,4l,4r,4s,id,1_2,1_3,1_4,2_1,2_3,2_4,3_1,3_2,3_4,4_1,4_2,4_3,p1,p2,p3,p4,speed0,speed1,speed2,speed3,speed4,stop0,stop1,stop2,stop3,stop4,time,timeloss0,timeloss1,timeloss2,timeloss3,timeloss4,travel0,travel1,travel2,travel3,travel4,wait0,wait1,wait2,wait3,wait4,rrsll_rssl_rsssll_rsl_0,rrsll_rssl_rsssll_rsl_1,rrsll_rssl_rsssll_rsl_2,rrsll_rssl_rsssll_rsl_3,performance measure
0,5,2,2,1,4,1,1,2,6,2,1,3,3,1,1,1,rrsll_rssl_rsssll_rsl,123.0,198.0,428.0,246.0,38.0,293.0,418.0,86.0,390.0,267.0,193.0,279.0,8.0,8.0,11.0,8.0,9.443702560790955,9.291294876374058,8.96852400396127,9.29740678590213,9.21681259968958,0.7294455066921606,0.7783300198807157,0.9231499051233396,0.7873015873015873,0.8249027237354085,3.2448103427886963,20.07613766730402,21.570288270377738,27.019411764705858,21.36318518518518,23.414338521400797,64.83078393881453,66.35984095427435,71.78368121442125,66.17566137566138,68.15953307392996,12.598470363288719,13.846918489065606,17.92789373814042,13.62962962962963,15.242217898832685,8.0,8.0,11.0,8.0,14.649026023791412
