,1,1l,1r,1s,2,2l,2r,2s,3,3l,3r,3s,4,4l,4r,4s,id,1_2,1_3,1_4,2_1,2_3,2_4,3_1,3_2,3_4,4_1,4_2,4_3,p1,p2,p3,p4,speed0,speed1,speed2,speed3,speed4,stop0,stop1,stop2,stop3,stop4,time,timeloss0,timeloss1,timeloss2,timeloss3,timeloss4,travel0,travel1,travel2,travel3,travel4,wait0,wait1,wait2,wait3,wait4,rrssl_rrssl_rrsslll_rrsslll_0,rrssl_rrssl_rrsslll_rrsslll_1,rrssl_rrssl_rrsslll_rrsslll_2,rrssl_rrssl_rrsslll_rrsslll_3,performance measure
0,5,1,2,2,5,1,2,2,7,3,2,2,7,3,2,2,rrssl_rrssl_rrsslll_rrsslll,290.0,585.0,367.0,581.0,149.0,136.0,412.0,510.0,679.0,736.0,621.0,554.0,11.0,11.0,11.0,11.0,9.137459205514409,8.74346815240974,8.65515874707261,9.164155699764096,8.887338864533385,0.7510373443983402,0.8411264612114772,0.8972778633795583,0.7571115973741794,0.8048910154173312,4.889467477798462,23.52437240663895,27.383453772582367,29.800256805341604,22.906159737417955,25.52720361509832,67.94761410788382,71.87194473963868,74.25269645608628,67.31345733041576,69.96012759170654,15.504149377593361,18.789585547290116,20.594247560349256,15.109409190371991,17.322700691121742,11.0,11.0,11.0,11.0,17.464018473345295
