,1,1l,1r,1s,2,2l,2r,2s,3,3l,3r,3s,4,4l,4r,4s,id,1_2,1_3,1_4,2_1,2_3,2_4,3_1,3_2,3_4,4_1,4_2,4_3,p1,p2,p3,p4,speed0,speed1,speed2,speed3,speed4,stop0,stop1,stop2,stop3,stop4,time,timeloss0,timeloss1,timeloss2,timeloss3,timeloss4,travel0,travel1,travel2,travel3,travel4,wait0,wait1,wait2,wait3,wait4,rsl_rrsll_rsl_rslll_0,rsl_rrsll_rsl_rslll_1,rsl_rrsll_rsl_rslll_2,rsl_rrsll_rsl_rslll_3,performance measure
0,3,1,1,1,5,2,2,1,3,1,1,1,5,3,1,1,rsl_rrsll_rsl_rslll,136.0,290.0,119.0,502.0,525.0,118.0,307.0,225.0,244.0,414.0,97.0,267.0,11.0,11.0,11.0,5.0,8.972958973825724,9.143101882670663,8.919043447385178,9.070344852092086,9.07246193906844,0.8536804308797128,0.8107861060329068,0.8420138888888888,0.8101382488479263,0.816836262719704,3.234027624130249,25.93795332136444,23.996919561243185,25.142743055555552,23.202156682027667,24.5155319148936,70.76660682226212,68.86106032906764,70.00173611111111,68.07281105990783,69.37650323774282,17.382405745062837,15.749542961608775,16.341145833333332,14.931797235023042,16.082331174838114,11.0,11.0,11.0,5.0,16.097444589973218
