,1,1l,1r,1s,2,2l,2r,2s,3,3l,3r,3s,4,4l,4r,4s,id,1_2,1_3,1_4,2_1,2_3,2_4,3_1,3_2,3_4,4_1,4_2,4_3,p1,p2,p3,p4,speed0,speed1,speed2,speed3,speed4,stop0,stop1,stop2,stop3,stop4,time,timeloss0,timeloss1,timeloss2,timeloss3,timeloss4,travel0,travel1,travel2,travel3,travel4,wait0,wait1,wait2,wait3,wait4,rslll_rsl_rrslll_rsl_0,rslll_rsl_rrslll_rsl_1,rslll_rsl_rrslll_rsl_2,rslll_rsl_rrslll_rsl_3,performance measure
0,5,3,1,1,3,1,1,1,6,3,2,1,3,1,1,1,rslll_rsl_rrslll_rsl,650.0,139.0,131.0,224.0,218.0,162.0,200.0,242.0,682.0,50.0,214.0,135.0,11.0,8.0,8.0,8.0,9.019695067203022,9.130950844124591,9.113830779244267,9.211131390056321,9.286091749698254,0.8759842519685039,0.8292682926829268,0.8564771668219944,0.8504486540378864,0.8245098039215686,3.0972020626068115,25.42571850393703,23.688445121951233,23.971146318732522,24.423728813559297,23.066392156862758,70.43897637795276,68.70325203252033,68.9534016775396,69.42472582253241,68.01274509803922,17.025590551181104,15.513211382113822,15.515377446411929,15.966101694915254,14.868627450980393,11.0,8.0,8.0,8.0,15.7777817051205
