,1,1l,1r,1s,2,2l,2r,2s,3,3l,3r,3s,4,4l,4r,4s,id,1_2,1_3,1_4,2_1,2_3,2_4,3_1,3_2,3_4,4_1,4_2,4_3,p1,p2,p3,p4,speed0,speed1,speed2,speed3,speed4,stop0,stop1,stop2,stop3,stop4,time,timeloss0,timeloss1,timeloss2,timeloss3,timeloss4,travel0,travel1,travel2,travel3,travel4,wait0,wait1,wait2,wait3,wait4,rsl_rsl_rsssl_rsl_0,rsl_rsl_rsssl_rsl_1,rsl_rsl_rsssl_rsl_2,rsl_rsl_rsssl_rsl_3,performance measure
0,3,1,1,1,3,1,1,1,5,1,1,3,3,1,1,1,rsl_rsl_rsssl_rsl,188.0,213.0,293.0,62.0,78.0,313.0,495.0,164.0,43.0,216.0,301.0,48.0,8.0,8.0,8.0,11.0,8.445938640968112,8.514870664369306,8.591714232682726,9.049095847307406,8.687860004753931,1.0683661645422944,1.0061425061425062,1.01230012300123,0.8458549222797928,0.9518779342723005,2.5548973083496094,33.06772885283892,30.905786240786217,30.11305043050433,23.546476683937815,28.220352112676075,78.0845886442642,75.97174447174447,75.1230012300123,68.52849740932642,73.19483568075117,22.451911935110083,21.051597051597053,20.493234932349324,15.414507772020725,18.832159624413144,8.0,8.0,8.0,11.0,19.648682263098067
