,1,1l,1r,1s,2,2l,2r,2s,3,3l,3r,3s,4,4l,4r,4s,id,1_2,1_3,1_4,2_1,2_3,2_4,3_1,3_2,3_4,4_1,4_2,4_3,p1,p2,p3,p4,speed0,speed1,speed2,speed3,speed4,stop0,stop1,stop2,stop3,stop4,time,timeloss0,timeloss1,timeloss2,timeloss3,timeloss4,travel0,travel1,travel2,travel3,travel4,wait0,wait1,wait2,wait3,wait4,rsssll_rssl_rsslll_rrsl_0,rsssll_rssl_rsslll_rrsl_1,rsssll_rssl_rsslll_rrsl_2,rsssll_rssl_rsslll_rrsl_3,performance measure
0,6,2,1,3,4,1,1,2,6,3,1,2,4,1,2,1,rsssll_rssl_rsslll_rrsl,284.0,676.0,284.0,54.0,288.0,565.0,577.0,297.0,236.0,302.0,95.0,141.0,8.0,11.0,14.0,11.0,8.708091243380398,8.754941612275571,8.91751345297759,8.859587635188971,8.714089674986104,0.8535276073619632,0.815625,0.8078703703703703,0.8061309030654515,0.8350116189000775,3.6376664638519287,27.672822085889564,26.328242187500035,24.64972222222224,25.251946975973446,26.720766847405073,72.46625766871166,71.134375,69.45601851851852,70.03728251864126,71.51200619674671,19.063650306748468,17.8828125,16.556327160493826,17.035625517812758,18.240898528272655,8.0,11.0,14.0,11.0,17.75586280266554
