,1,1l,1r,1s,2,2l,2r,2s,3,3l,3r,3s,4,4l,4r,4s,id,1_2,1_3,1_4,2_1,2_3,2_4,3_1,3_2,3_4,4_1,4_2,4_3,p1,p2,p3,p4,speed0,speed1,speed2,speed3,speed4,stop0,stop1,stop2,stop3,stop4,time,timeloss0,timeloss1,timeloss2,timeloss3,timeloss4,travel0,travel1,travel2,travel3,travel4,wait0,wait1,wait2,wait3,wait4,rsl_rrsl_rssslll_rssssl_0,rsl_rrsl_rssslll_rssssl_1,rsl_rrsl_rssslll_rssssl_2,rsl_rrsl_rssslll_rssssl_3,performance measure
0,3,1,1,1,4,1,2,1,7,3,1,3,6,1,1,4,rsl_rrsl_rssslll_rssssl,110.0,145.0,109.0,202.0,231.0,302.0,943.0,234.0,442.0,159.0,1010.0,117.0,8.0,14.0,11.0,14.0,8.785346738404742,8.815802324049725,8.795930435863735,8.826506048776453,9.092322125768545,0.8381804623415362,0.8063798219584569,0.7948534667619729,0.8183206106870229,0.744649446494465,3.6135575771331787,27.13919463087253,25.836053412462874,25.99526090064332,26.619931297709915,23.358804428044287,71.99701715137957,70.72403560830861,70.92637598284489,71.44885496183205,68.28413284132841,18.485458612975393,17.655786350148368,17.88205861329521,18.43358778625954,15.550553505535055,8.0,14.0,11.0,14.0,17.60148897364271
