,1,1l,1r,1s,2,2l,2r,2s,3,3l,3r,3s,4,4l,4r,4s,id,1_2,1_3,1_4,2_1,2_3,2_4,3_1,3_2,3_4,4_1,4_2,4_3,p1,p2,p3,p4,speed0,speed1,speed2,speed3,speed4,stop0,stop1,stop2,stop3,stop4,time,timeloss0,timeloss1,timeloss2,timeloss3,timeloss4,travel0,travel1,travel2,travel3,travel4,wait0,wait1,wait2,wait3,wait4,rssl_rrsslll_rsl_rrsll_0,rssl_rrsslll_rsl_rrsll_1,rssl_rrsslll_rsl_rrsll_2,rssl_rrsslll_rsl_rrsll_3,performance measure
0,4,1,1,2,7,3,2,2,3,1,1,1,5,2,2,1,rssl_rrsslll_rsl_rrsll,186.0,152.0,227.0,74.0,550.0,532.0,212.0,319.0,142.0,594.0,360.0,578.0,8.0,8.0,11.0,11.0,8.918470362286977,8.446367322243347,8.798350687126035,9.084796232315542,9.045339144791331,0.879942487419123,1.0599700149925038,0.8900523560209425,0.8058326937835764,0.8360902255639098,3.6068832874298096,27.085988497483804,33.498373313343365,27.546686611817474,23.44956254796624,25.5706090225564,71.84255930984902,78.21889055472263,72.3156320119671,68.18726016884114,70.29924812030075,18.104960460100646,22.856071964017993,18.454749439042633,15.228702993092863,16.88421052631579,8.0,8.0,11.0,11.0,18.305739076513987
