,1,1l,1r,1s,2,2l,2r,2s,3,3l,3r,3s,4,4l,4r,4s,id,1_2,1_3,1_4,2_1,2_3,2_4,3_1,3_2,3_4,4_1,4_2,4_3,p1,p2,p3,p4,speed0,speed1,speed2,speed3,speed4,stop0,stop1,stop2,stop3,stop4,time,timeloss0,timeloss1,timeloss2,timeloss3,timeloss4,travel0,travel1,travel2,travel3,travel4,wait0,wait1,wait2,wait3,wait4,rrsll_rssl_rsssll_rsl_0,rrsll_rssl_rsssll_rsl_1,rrsll_rssl_rsssll_rsl_2,rrsll_rssl_rsssll_rsl_3,performance measure
0,5,2,2,1,4,1,1,2,6,2,1,3,3,1,1,1,rrsll_rssl_rsssll_rsl,205.0,319.0,404.0,143.0,252.0,207.0,979.0,249.0,430.0,99.0,191.0,38.0,11.0,14.0,11.0,8.0,9.159205856787672,8.97676968476135,8.815953984654662,8.893493915424346,8.884168495263822,0.740710156895128,0.7953216374269005,0.8318440292445166,0.8197573656845754,0.8442964196502915,3.3251757621765137,23.151114781172623,25.27714285714285,25.96160032493907,25.576949740034646,27.31344712739386,67.9925681255161,70.12531328320802,70.83346872461414,70.4367417677643,72.16153205661948,15.348472336911643,17.107769423558896,17.52396425670187,17.259965337954938,18.735220649458785,11.0,14.0,11.0,8.0,17.195078400917225
