,1,1l,1r,1s,2,2l,2r,2s,3,3l,3r,3s,4,4l,4r,4s,id,1_2,1_3,1_4,2_1,2_3,2_4,3_1,3_2,3_4,4_1,4_2,4_3,p1,p2,p3,p4,speed0,speed1,speed2,speed3,speed4,stop0,stop1,stop2,stop3,stop4,time,timeloss0,timeloss1,timeloss2,timeloss3,timeloss4,travel0,travel1,travel2,travel3,travel4,wait0,wait1,wait2,wait3,wait4,rsl_rrsl_rssslll_rssssl_0,rsl_rrsl_rssslll_rssssl_1,rsl_rrsl_rssslll_rssssl_2,rsl_rrsl_rssslll_rssssl_3,performance measure
0,3,1,1,1,4,1,2,1,7,3,1,3,6,1,1,4,rsl_rrsl_rssslll_rssssl,130.0,100.0,220.0,278.0,89.0,313.0,283.0,87.0,436.0,53.0,864.0,163.0,8.0,5.0,5.0,14.0,9.718097852214852,9.725291780028002,9.830841809146582,9.83593029248376,9.690429366124496,0.7140115163147792,0.7080867850098619,0.6836638338054769,0.6873065015479877,0.7080568720379147,2.928668737411499,18.164136276391563,18.10858974358976,17.509310670443806,17.117966976264178,18.38571563981043,63.01631477927064,62.98224852071006,62.30028328611898,61.96491228070175,63.207582938388626,10.845489443378119,10.931952662721894,10.43720491029273,10.033023735810113,11.076777251184835,8.0,5.0,5.0,14.0,10.664889600677537
