,1,1l,1r,1s,2,2l,2r,2s,3,3l,3r,3s,4,4l,4r,4s,id,1_2,1_3,1_4,2_1,2_3,2_4,3_1,3_2,3_4,4_1,4_2,4_3,p1,p2,p3,p4,speed0,speed1,speed2,speed3,speed4,stop0,stop1,stop2,stop3,stop4,time,timeloss0,timeloss1,timeloss2,timeloss3,timeloss4,travel0,travel1,travel2,travel3,travel4,wait0,wait1,wait2,wait3,wait4,rsssl_rrsll_rsl_rsslll_0,rsssl_rrsll_rsl_rsslll_1,rsssl_rrsll_rsl_rsslll_2,rsssl_rrsll_rsl_rsslll_3,performance measure
0,5,1,1,3,5,2,2,1,3,1,1,1,6,3,1,2,rsssl_rrsll_rsl_rsslll,269.0,961.0,164.0,148.0,631.0,207.0,289.0,36.0,308.0,902.0,592.0,281.0,18.0,18.0,18.0,14.0,7.840702916943229,8.04449290689611,7.766400913823971,7.939454757007874,7.9198189182558,0.8665447897623401,0.837903717245582,0.8891566265060241,0.8583441138421734,0.8451573103022826,4.452775716781616,36.46561243144429,33.831889092017036,37.72515060240966,35.83924320827944,35.78078346699564,81.51858622790981,78.85070079219987,82.73734939759036,80.85834411384218,80.80752621838371,27.14137720901889,24.862888482632542,28.149397590361446,26.670763260025872,26.71128932757557,18.0,18.0,18.0,14.0,26.707143173922862
