,1,1l,1r,1s,2,2l,2r,2s,3,3l,3r,3s,4,4l,4r,4s,id,1_2,1_3,1_4,2_1,2_3,2_4,3_1,3_2,3_4,4_1,4_2,4_3,p1,p2,p3,p4,speed0,speed1,speed2,speed3,speed4,stop0,stop1,stop2,stop3,stop4,time,timeloss0,timeloss1,timeloss2,timeloss3,timeloss4,travel0,travel1,travel2,travel3,travel4,wait0,wait1,wait2,wait3,wait4,rslll_rsl_rrslll_rsl_0,rslll_rsl_rrslll_rsl_1,rslll_rsl_rrslll_rsl_2,rslll_rsl_rrslll_rsl_3,performance measure
0,5,3,1,1,3,1,1,1,6,3,2,1,3,1,1,1,rslll_rsl_rrslll_rsl,216.0,263.0,201.0,76.0,80.0,324.0,104.0,529.0,217.0,152.0,281.0,112.0,5.0,11.0,8.0,14.0,9.423777521101954,9.364377276634405,9.246959041972374,9.453221675916788,9.319652043058927,0.7141280353200883,0.7473309608540926,0.7415115005476451,0.7085852478839177,0.7317620650953984,2.6709516048431396,20.373487858719667,21.125516014234886,21.80665936473167,19.946577992744857,21.36159371492707,65.1644591611479,65.87425860023725,66.60240963855422,64.71946795646916,66.12233445566778,12.577262693156733,13.455516014234876,13.92223439211391,12.513905683192261,13.565656565656566,5.0,11.0,8.0,14.0,13.20691506967087
