,1,1l,1r,1s,2,2l,2r,2s,3,3l,3r,3s,4,4l,4r,4s,id,1_2,1_3,1_4,2_1,2_3,2_4,3_1,3_2,3_4,4_1,4_2,4_3,p1,p2,p3,p4,speed0,speed1,speed2,speed3,speed4,stop0,stop1,stop2,stop3,stop4,time,timeloss0,timeloss1,timeloss2,timeloss3,timeloss4,travel0,travel1,travel2,travel3,travel4,wait0,wait1,wait2,wait3,wait4,rssll_rrsl_rsssl_rrsl_0,rssll_rrsl_rsssl_rrsl_1,rssll_rrsl_rsssl_rrsl_2,rssll_rrsl_rsssl_rrsl_3,performance measure
0,5,2,1,2,4,1,2,1,5,1,1,3,4,1,2,1,rssll_rrsl_rsssl_rrsl,404.0,512.0,120.0,176.0,135.0,190.0,133.0,165.0,109.0,227.0,339.0,78.0,11.0,11.0,11.0,14.0,8.844160865541793,8.500927095861677,8.710586711881767,9.04469412682471,8.705469527751653,0.7977011494252874,0.8839590443686007,0.8120805369127517,0.7466986794717887,0.8331415420023015,2.9716367721557617,25.66648275862069,29.751376564277578,27.184731543624196,23.96745498199281,27.709942462600697,70.54252873563219,74.68828213879408,72.11073825503355,68.82352941176471,72.61104718066743,17.593103448275862,21.06939704209329,19.120805369127517,16.290516206482593,19.334867663981587,11.0,11.0,11.0,14.0,18.68173794599217
