,1,1l,1r,1s,2,2l,2r,2s,3,3l,3r,3s,4,4l,4r,4s,id,1_2,1_3,1_4,2_1,2_3,2_4,3_1,3_2,3_4,4_1,4_2,4_3,p1,p2,p3,p4,speed0,speed1,speed2,speed3,speed4,stop0,stop1,stop2,stop3,stop4,time,timeloss0,timeloss1,timeloss2,timeloss3,timeloss4,travel0,travel1,travel2,travel3,travel4,wait0,wait1,wait2,wait3,wait4,rssll_rrssl_rssslll_rrssll_0,rssll_rrssl_rssslll_rrssll_1,rssll_rrssl_rssslll_rrssll_2,rssll_rrssl_rssslll_rrssll_3,performance measure
0,5,2,1,2,5,1,2,2,7,3,1,3,6,2,2,2,rssll_rrssl_rssslll_rrssll,249.0,152.0,159.0,122.0,318.0,698.0,471.0,88.0,606.0,625.0,697.0,314.0,8.0,8.0,14.0,14.0,8.756992867870846,8.759715673500216,8.766505634904991,8.671645057890702,8.744368752362018,0.8387741505662891,0.8133595284872298,0.8264781491002571,0.8655405405405405,0.8284182305630027,4.02478289604187,26.530033311125887,25.935677799607056,26.50618251928021,28.141702702702723,25.826434316353918,71.43304463690873,70.841519318926,71.44151670951157,73.03581081081082,70.74664879356568,18.245169886742172,17.586771447282253,18.129820051413883,19.63243243243243,17.53686327077748,8.0,8.0,14.0,14.0,18.226211417729644
