,1,1l,1r,1s,2,2l,2r,2s,3,3l,3r,3s,4,4l,4r,4s,id,1_2,1_3,1_4,2_1,2_3,2_4,3_1,3_2,3_4,4_1,4_2,4_3,p1,p2,p3,p4,speed0,speed1,speed2,speed3,speed4,stop0,stop1,stop2,stop3,stop4,time,timeloss0,timeloss1,timeloss2,timeloss3,timeloss4,travel0,travel1,travel2,travel3,travel4,wait0,wait1,wait2,wait3,wait4,rsl_rssslll_rrsssl_rsslll_0,rsl_rssslll_rrsssl_rsslll_1,rsl_rssslll_rrsssl_rsslll_2,rsl_rssslll_rrsssl_rsslll_3,performance measure
0,3,1,1,1,7,3,1,3,6,1,2,3,6,3,1,2,rsl_rssslll_rrsssl_rsslll,129.0,193.0,216.0,185.0,843.0,169.0,644.0,383.0,213.0,163.0,706.0,134.0,11.0,11.0,14.0,14.0,8.862004858297045,8.791358500622596,8.701753013435953,8.871284311374732,8.82445337524265,0.7812041116005873,0.801051051051051,0.8079422382671481,0.7757153905645785,0.7931536780772032,3.5986616611480713,25.376864904552146,25.804076576576588,26.645133574007236,25.607223511214247,25.547363437727594,70.04185022026432,70.44744744744744,71.34729241877257,70.25522041763341,70.19082301529498,17.452276064610867,17.713963963963963,18.385559566787002,17.608662026295438,17.42461762563729,11.0,11.0,14.0,14.0,17.717015849458914
