,1,1l,1r,1s,2,2l,2r,2s,3,3l,3r,3s,4,4l,4r,4s,id,1_2,1_3,1_4,2_1,2_3,2_4,3_1,3_2,3_4,4_1,4_2,4_3,p1,p2,p3,p4,speed0,speed1,speed2,speed3,speed4,stop0,stop1,stop2,stop3,stop4,time,timeloss0,timeloss1,timeloss2,timeloss3,timeloss4,travel0,travel1,travel2,travel3,travel4,wait0,wait1,wait2,wait3,wait4,rsl_rsl_rsl_rrssssl_0,rsl_rsl_rsl_rrssssl_1,rsl_rsl_rsl_rrssssl_2,rsl_rsl_rsl_rrssssl_3,performance measure
0,3,1,1,1,3,1,1,1,3,1,1,1,7,1,2,4,rsl_rsl_rsl_rrssssl,304.0,266.0,149.0,190.0,70.0,193.0,287.0,250.0,116.0,299.0,1162.0,610.0,14.0,14.0,14.0,14.0,8.391421299541744,8.394350092805217,8.318533449180517,8.756345642654052,8.54661757001758,0.8571428571428571,0.8567164179104477,0.8831460674157303,0.7764705882352941,0.8107302533532041,3.533998489379883,31.587361516035017,32.10359701492537,33.400674157303314,27.152345098039202,29.34476154992549,76.39212827988338,76.92388059701493,78.21573033707865,71.94666666666667,74.14456035767512,22.37609329446064,23.064179104477613,23.880149812734082,18.76313725490196,20.637853949329358,14.0,14.0,14.0,14.0,21.74428268318073
