,1,1l,1r,1s,2,2l,2r,2s,3,3l,3r,3s,4,4l,4r,4s,id,1_2,1_3,1_4,2_1,2_3,2_4,3_1,3_2,3_4,4_1,4_2,4_3,p1,p2,p3,p4,speed0,speed1,speed2,speed3,speed4,stop0,stop1,stop2,stop3,stop4,time,timeloss0,timeloss1,timeloss2,timeloss3,timeloss4,travel0,travel1,travel2,travel3,travel4,wait0,wait1,wait2,wait3,wait4,rssll_rrssl_rssslll_rrssll_0,rssll_rrssl_rssslll_rrssll_1,rssll_rrssl_rssslll_rrssll_2,rssll_rrssl_rssslll_rrssll_3,performance measure
0,5,2,1,2,5,1,2,2,7,3,1,3,6,2,2,2,rssll_rrssl_rssslll_rrssll,488.0,656.0,109.0,627.0,257.0,498.0,487.0,133.0,716.0,167.0,91.0,219.0,11.0,14.0,11.0,11.0,8.871362161976501,8.718563527565157,8.517152790179479,8.783938871379803,8.885675230254009,0.7914473684210527,0.8291694800810263,0.8696741854636592,0.8240549828178694,0.7855670103092783,4.045948505401611,25.188585526315805,26.545057393652943,29.323327067669155,27.298797250859096,24.8565498281787,69.90723684210526,71.28021607022282,74.0187969924812,71.99312714776632,69.59175257731958,17.210526315789473,18.2592842673869,20.551378446115287,18.879037800687286,16.87147766323024,11.0,14.0,11.0,11.0,18.354340898641837
