,1,1l,1r,1s,2,2l,2r,2s,3,3l,3r,3s,4,4l,4r,4s,id,1_2,1_3,1_4,2_1,2_3,2_4,3_1,3_2,3_4,4_1,4_2,4_3,p1,p2,p3,p4,speed0,speed1,speed2,speed3,speed4,stop0,stop1,stop2,stop3,stop4,time,timeloss0,timeloss1,timeloss2,timeloss3,timeloss4,travel0,travel1,travel2,travel3,travel4,wait0,wait1,wait2,wait3,wait4,rsl_rsssl_rssssl_rssll_0,rsl_rsssl_rssssl_rssll_1,rsl_rsssl_rssssl_rssll_2,rsl_rsssl_rssssl_rssll_3,performance measure
0,3,1,1,1,5,1,1,3,6,1,1,4,5,2,1,2,rsl_rsssl_rssssl_rssll,208.0,136.0,245.0,63.0,322.0,238.0,190.0,318.0,314.0,412.0,107.0,285.0,14.0,8.0,14.0,5.0,9.168535345075124,9.425705965158254,9.016389177420047,9.158623045716974,9.359185868505469,0.7477567298105683,0.6817226890756303,0.7869177403369673,0.7575107296137339,0.7066115702479339,2.9929637908935547,22.24461615154538,20.245388655462197,23.634222001982156,22.368401287553635,20.664710743801653,66.9950149551346,65.01680672268908,68.38850346878097,67.0793991416309,65.4142561983471,14.338983050847459,12.808823529411764,15.43607532210109,14.274678111587983,13.103305785123966,14.0,8.0,14.0,5.0,13.992373159814452
