,1,1l,1r,1s,2,2l,2r,2s,3,3l,3r,3s,4,4l,4r,4s,id,1_2,1_3,1_4,2_1,2_3,2_4,3_1,3_2,3_4,4_1,4_2,4_3,p1,p2,p3,p4,speed0,speed1,speed2,speed3,speed4,stop0,stop1,stop2,stop3,stop4,time,timeloss0,timeloss1,timeloss2,timeloss3,timeloss4,travel0,travel1,travel2,travel3,travel4,wait0,wait1,wait2,wait3,wait4,rsssl_rrsll_rsl_rsslll_0,rsssl_rrsll_rsl_rsslll_1,rsssl_rrsll_rsl_rsslll_2,rsssl_rrsll_rsl_rsslll_3,performance measure
0,5,1,1,3,5,2,2,1,3,1,1,1,6,3,1,2,rsssl_rrsll_rsl_rsslll,157.0,309.0,140.0,645.0,253.0,48.0,286.0,55.0,287.0,684.0,719.0,164.0,11.0,11.0,11.0,14.0,8.475314078332476,8.52667854751327,8.600942053654768,8.729063160989893,8.82907358594716,0.9614457831325302,0.8831064851881505,0.8682816048448145,0.8834008097165992,0.8193548387096774,3.55532169342041,33.31606425702813,30.369511609287432,30.109704769114327,30.05497975708498,26.463959677419336,78.14538152610442,75.20816653322657,74.93792581377744,74.84858299595142,71.29838709677419,23.71325301204819,21.413130504403522,20.90915972747918,20.936032388663968,18.024193548387096,11.0,11.0,11.0,14.0,20.999153836196392
