,1,1l,1r,1s,2,2l,2r,2s,3,3l,3r,3s,4,4l,4r,4s,id,1_2,1_3,1_4,2_1,2_3,2_4,3_1,3_2,3_4,4_1,4_2,4_3,p1,p2,p3,p4,speed0,speed1,speed2,speed3,speed4,stop0,stop1,stop2,stop3,stop4,time,timeloss0,timeloss1,timeloss2,timeloss3,timeloss4,travel0,travel1,travel2,travel3,travel4,wait0,wait1,wait2,wait3,wait4,rsl_rsssssl_rsll_rrssl_0,rsl_rsssssl_rsll_rrssl_1,rsl_rsssssl_rsll_rrssl_2,rsl_rsssssl_rsll_rrssl_3,performance measure
0,3,1,1,1,7,1,1,5,4,2,1,1,5,1,2,2,rsl_rsssssl_rsll_rrssl,72.0,320.0,174.0,165.0,136.0,369.0,304.0,304.0,414.0,61.0,249.0,383.0,8.0,11.0,5.0,5.0,9.648842662842526,9.585611198770776,9.475298588294802,9.434175670866274,9.321107198812735,0.7458777885548011,0.7440239043824701,0.7685631629701061,0.8105369807497467,0.8312439729990356,2.912823438644409,18.525247332686735,18.58958167330678,20.051870781099307,21.375643363728457,21.895149469623934,63.271580989330744,63.33466135458168,64.80327868852459,66.12360688956434,66.59594985535198,10.929194956353056,11.030876494023904,12.169720347155256,13.349544072948328,13.634522661523626,8.0,11.0,5.0,5.0,12.222771706400833
