,1,1l,1r,1s,2,2l,2r,2s,3,3l,3r,3s,4,4l,4r,4s,id,1_2,1_3,1_4,2_1,2_3,2_4,3_1,3_2,3_4,4_1,4_2,4_3,p1,p2,p3,p4,speed0,speed1,speed2,speed3,speed4,stop0,stop1,stop2,stop3,stop4,time,timeloss0,timeloss1,timeloss2,timeloss3,timeloss4,travel0,travel1,travel2,travel3,travel4,wait0,wait1,wait2,wait3,wait4,rrssl_rrssl_rrsslll_rrsslll_0,rrssl_rrssl_rrsslll_rrsslll_1,rrssl_rrssl_rrsslll_rrsslll_2,rrssl_rrssl_rrsslll_rrsslll_3,performance measure
0,5,1,2,2,5,1,2,2,7,3,2,2,7,3,2,2,rrssl_rrssl_rrsslll_rrsslll,260.0,580.0,153.0,473.0,186.0,420.0,137.0,402.0,896.0,660.0,614.0,588.0,14.0,14.0,11.0,14.0,8.893511954164868,8.790630344302205,8.687973921609895,8.940049622912195,8.868332330891688,0.7428728070175439,0.7651304830649639,0.7938689217758985,0.7419171866137266,0.7508232711306256,4.237082004547119,25.08867872807015,26.325491393670212,27.641115221987295,24.625808281338614,25.430515916575118,69.62445175438596,70.92615213770128,72.20718816067654,69.16392512762337,69.9873765093304,17.19627192982456,18.282065519156024,19.335623678646936,16.836642087351105,17.498902305159167,14.0,14.0,11.0,14.0,17.82990110402756
