,1,1l,1r,1s,2,2l,2r,2s,3,3l,3r,3s,4,4l,4r,4s,id,1_2,1_3,1_4,2_1,2_3,2_4,3_1,3_2,3_4,4_1,4_2,4_3,p1,p2,p3,p4,speed0,speed1,speed2,speed3,speed4,stop0,stop1,stop2,stop3,stop4,time,timeloss0,timeloss1,timeloss2,timeloss3,timeloss4,travel0,travel1,travel2,travel3,travel4,wait0,wait1,wait2,wait3,wait4,rssll_rrssl_rssslll_rrssll_0,rssll_rrssl_rssslll_rrssll_1,rssll_rrssl_rssslll_rrssll_2,rssll_rrssl_rssslll_rrssll_3,performance measure
0,5,2,1,2,5,1,2,2,7,3,1,3,6,2,2,2,rssll_rrssl_rssslll_rrssll,215.0,549.0,52.0,505.0,101.0,683.0,666.0,54.0,427.0,129.0,102.0,356.0,8.0,11.0,5.0,14.0,9.687620846957385,9.48310646178152,9.45577122870703,9.513633096410276,9.579429199019033,0.6748466257668712,0.7260902830910482,0.723482077542063,0.7144,0.6979495268138801,3.6356613636016846,18.752553680981624,19.824781943381804,20.355318215069513,19.861375999999982,19.54911671924291,63.397239263803684,64.48508033664882,65.01901975128017,64.5024,64.22791798107255,11.580521472392638,12.411629686304515,12.976591075347477,12.5064,12.246056782334385,8.0,11.0,5.0,14.0,12.344239803275803
