,1,1l,1r,1s,2,2l,2r,2s,3,3l,3r,3s,4,4l,4r,4s,id,1_2,1_3,1_4,2_1,2_3,2_4,3_1,3_2,3_4,4_1,4_2,4_3,p1,p2,p3,p4,speed0,speed1,speed2,speed3,speed4,stop0,stop1,stop2,stop3,stop4,time,timeloss0,timeloss1,timeloss2,timeloss3,timeloss4,travel0,travel1,travel2,travel3,travel4,wait0,wait1,wait2,wait3,wait4,rsssl_rrsll_rsl_rsslll_0,rsssl_rrsll_rsl_rsslll_1,rsssl_rrsll_rsl_rsslll_2,rsssl_rrsll_rsl_rsslll_3,performance measure
0,5,1,1,3,5,2,2,1,3,1,1,1,6,3,1,2,rsssl_rrsll_rsl_rsslll,261.0,896.0,296.0,146.0,265.0,247.0,98.0,49.0,36.0,934.0,243.0,315.0,11.0,14.0,14.0,11.0,8.572063939796692,8.693352493620125,8.517014288408072,8.606938736730429,8.752328775775812,0.9235521235521236,0.8123100303951368,0.885003885003885,0.83883964544722,0.7903861308116628,3.409923791885376,33.180239382239414,27.161618541033448,30.661678321678277,28.52917002417402,26.53521670606778,77.9899613899614,71.97568389057751,75.48562548562549,73.3529411764706,71.35539795114263,23.425482625482626,18.574468085106382,21.52292152292152,19.76067687348912,18.117415287628052,11.0,14.0,14.0,11.0,20.28019287892554
