,1,1l,1r,1s,2,2l,2r,2s,3,3l,3r,3s,4,4l,4r,4s,id,1_2,1_3,1_4,2_1,2_3,2_4,3_1,3_2,3_4,4_1,4_2,4_3,p1,p2,p3,p4,speed0,speed1,speed2,speed3,speed4,stop0,stop1,stop2,stop3,stop4,time,timeloss0,timeloss1,timeloss2,timeloss3,timeloss4,travel0,travel1,travel2,travel3,travel4,wait0,wait1,wait2,wait3,wait4,rssll_rrssl_rssslll_rrssll_0,rssll_rrssl_rssslll_rrssll_1,rssll_rrssl_rssslll_rrssll_2,rssll_rrssl_rssslll_rrssll_3,performance measure
0,5,2,1,2,5,1,2,2,7,3,1,3,6,2,2,2,rssll_rrssl_rssslll_rrssll,632.0,353.0,181.0,188.0,142.0,389.0,905.0,126.0,190.0,302.0,344.0,634.0,14.0,11.0,8.0,8.0,8.956642346059729,8.96366691261843,9.089517789010072,9.250476221494504,9.114745213280157,0.807564698075647,0.7921385742838108,0.7794906166219839,0.7454545454545455,0.7660738714090287,3.831879138946533,24.434200398141993,24.378134576948682,23.28773458445046,21.690902097902107,23.22288645690833,69.13138686131387,69.10659560293138,68.0201072386059,66.38321678321678,67.91313269493844,16.368281353682814,16.334443704197202,15.441018766756033,14.114685314685314,15.44733242134063,14.0,11.0,8.0,8.0,15.5411523121324
