,1,1l,1r,1s,2,2l,2r,2s,3,3l,3r,3s,4,4l,4r,4s,id,1_2,1_3,1_4,2_1,2_3,2_4,3_1,3_2,3_4,4_1,4_2,4_3,p1,p2,p3,p4,speed0,speed1,speed2,speed3,speed4,stop0,stop1,stop2,stop3,stop4,time,timeloss0,timeloss1,timeloss2,timeloss3,timeloss4,travel0,travel1,travel2,travel3,travel4,wait0,wait1,wait2,wait3,wait4,rsssssl_rssssll_rsl_rssll_0,rsssssl_rssssll_rsl_rssll_1,rsssssl_rssssll_rsl_rssll_2,rsssssl_rssssll_rsl_rssll_3,performance measure
0,7,1,1,5,7,2,1,4,3,1,1,1,5,2,1,2,rsssssl_rssssll_rsl_rssll,96.0,595.0,74.0,218.0,271.0,394.0,325.0,142.0,316.0,622.0,275.0,153.0,11.0,11.0,11.0,5.0,8.689475447280126,8.331112359850168,8.322897587697963,8.482800799998989,8.879386809924892,0.916095890410959,1.0482233502538072,1.0433039294306334,0.9911032028469751,0.8979238754325259,3.4191734790802,28.395924657534348,33.37710659898481,32.87340016038499,30.889448398576505,27.45028546712805,73.17380136986301,78.17343485617597,77.67121090617482,75.67259786476869,72.20934256055364,19.500856164383563,23.53384094754653,23.03448275862069,21.28914590747331,18.87629757785467,11.0,11.0,11.0,5.0,21.246924671175755
