,1,1l,1r,1s,2,2l,2r,2s,3,3l,3r,3s,4,4l,4r,4s,id,1_2,1_3,1_4,2_1,2_3,2_4,3_1,3_2,3_4,4_1,4_2,4_3,p1,p2,p3,p4,speed0,speed1,speed2,speed3,speed4,stop0,stop1,stop2,stop3,stop4,time,timeloss0,timeloss1,timeloss2,timeloss3,timeloss4,travel0,travel1,travel2,travel3,travel4,wait0,wait1,wait2,wait3,wait4,rslll_rsl_rrslll_rsl_0,rslll_rsl_rrslll_rsl_1,rslll_rsl_rrslll_rsl_2,rslll_rsl_rrslll_rsl_3,performance measure
0,5,3,1,1,3,1,1,1,6,3,2,1,3,1,1,1,rslll_rsl_rrslll_rsl,723.0,120.0,247.0,120.0,112.0,210.0,212.0,230.0,375.0,192.0,135.0,143.0,11.0,8.0,8.0,8.0,8.982049069272811,9.176015010216036,9.080569858406607,9.393653323878247,9.24869800182392,0.943762781186094,0.8153681963713981,0.8751248751248751,0.7682403433476395,0.8074074074074075,2.737318754196167,28.117617586912065,23.118217716115247,24.813026973026965,21.190193133047227,22.385206349206342,73.09713701431492,68.07470651013874,69.81118881118881,66.12982832618026,67.33862433862434,18.96523517382413,15.076840981856991,16.14885114885115,13.410944206008583,14.43068783068783,11.0,8.0,8.0,8.0,15.606511868245738
