,1,1l,1r,1s,2,2l,2r,2s,3,3l,3r,3s,4,4l,4r,4s,id,1_2,1_3,1_4,2_1,2_3,2_4,3_1,3_2,3_4,4_1,4_2,4_3,p1,p2,p3,p4,speed0,speed1,speed2,speed3,speed4,stop0,stop1,stop2,stop3,stop4,time,timeloss0,timeloss1,timeloss2,timeloss3,timeloss4,travel0,travel1,travel2,travel3,travel4,wait0,wait1,wait2,wait3,wait4,rssslll_rssll_rsssl_rrssl_0,rssslll_rssll_rsssl_rrssl_1,rssslll_rssll_rsssl_rrssl_2,rssslll_rssll_rsssl_rrssl_3,performance measure
0,7,3,1,3,5,2,1,2,5,1,1,3,5,1,2,2,rssslll_rssll_rsssl_rrssl,772.0,154.0,207.0,126.0,630.0,529.0,687.0,190.0,41.0,86.0,246.0,497.0,11.0,11.0,14.0,11.0,8.604909116550912,8.613194130146972,8.61012907787846,8.96335793358896,8.752461914420845,0.8575380359612724,0.8407643312101911,0.8394109396914446,0.761699064074874,0.8139372822299652,4.015796661376953,28.58285615491015,27.636680820948406,28.148281907433397,24.293765298776066,26.53167247386756,73.34716459197787,72.42250530785563,72.96423562412342,68.99784017278618,71.28571428571429,19.93845089903181,19.301486199575372,19.70967741935484,16.430525557955363,18.205574912891986,11.0,11.0,14.0,11.0,18.717142997761876
