,1,1l,1r,1s,2,2l,2r,2s,3,3l,3r,3s,4,4l,4r,4s,id,1_2,1_3,1_4,2_1,2_3,2_4,3_1,3_2,3_4,4_1,4_2,4_3,p1,p2,p3,p4,speed0,speed1,speed2,speed3,speed4,stop0,stop1,stop2,stop3,stop4,time,timeloss0,timeloss1,timeloss2,timeloss3,timeloss4,travel0,travel1,travel2,travel3,travel4,wait0,wait1,wait2,wait3,wait4,rsl_rsssssl_rsll_rrssl_0,rsl_rsssssl_rsll_rrssl_1,rsl_rsssssl_rsll_rrssl_2,rsl_rsssssl_rsll_rrssl_3,performance measure
0,3,1,1,1,7,1,1,5,4,2,1,1,5,1,2,2,rsl_rsssssl_rsll_rrssl,127.0,289.0,249.0,226.0,37.0,233.0,278.0,257.0,618.0,175.0,83.0,337.0,11.0,11.0,8.0,5.0,9.404726915217024,9.441591786193579,9.21505506496907,9.249475347392783,9.204673793553827,0.7451923076923077,0.736,0.8056092843326886,0.7857142857142857,0.813047711781889,3.2031095027923584,20.20924999999999,20.06615000000004,22.159748549322988,21.79733193277308,22.32147030185004,64.94038461538462,64.823,66.91876208897486,66.53151260504201,67.04089581304771,12.424038461538462,12.309,13.77659574468085,13.614495798319327,13.882181110029212,11.0,11.0,8.0,5.0,13.20126222291357
