,1,1l,1r,1s,2,2l,2r,2s,3,3l,3r,3s,4,4l,4r,4s,id,1_2,1_3,1_4,2_1,2_3,2_4,3_1,3_2,3_4,4_1,4_2,4_3,p1,p2,p3,p4,speed0,speed1,speed2,speed3,speed4,stop0,stop1,stop2,stop3,stop4,time,timeloss0,timeloss1,timeloss2,timeloss3,timeloss4,travel0,travel1,travel2,travel3,travel4,wait0,wait1,wait2,wait3,wait4,rsl_rsssssl_rsll_rrssl_0,rsl_rsssssl_rsll_rrssl_1,rsl_rsssssl_rsll_rrssl_2,rsl_rsssssl_rsll_rrssl_3,performance measure
0,3,1,1,1,7,1,1,5,4,2,1,1,5,1,2,2,rsl_rsssssl_rsll_rrssl,297.0,338.0,193.0,65.0,319.0,846.0,328.0,92.0,201.0,276.0,681.0,120.0,14.0,18.0,14.0,14.0,8.012869688305546,7.727268621995548,7.5133259237262395,7.96441409628511,7.875542749752371,0.8945281522601111,0.9520325203252032,1.0712025316455696,0.9343308395677473,0.909895414320193,3.5998382568359375,35.09149881046789,39.59708943089424,45.30177215189872,37.64199501246883,36.64951729686246,80.07850911974623,84.56991869918699,90.28955696202532,82.62427265170408,81.62027353177795,26.026962727993656,29.839837398373984,34.397943037974684,27.97339983374896,27.29605792437651,14.0,18.0,14.0,14.0,29.106840184493556
