,1,1l,1r,1s,2,2l,2r,2s,3,3l,3r,3s,4,4l,4r,4s,id,1_2,1_3,1_4,2_1,2_3,2_4,3_1,3_2,3_4,4_1,4_2,4_3,p1,p2,p3,p4,speed0,speed1,speed2,speed3,speed4,stop0,stop1,stop2,stop3,stop4,time,timeloss0,timeloss1,timeloss2,timeloss3,timeloss4,travel0,travel1,travel2,travel3,travel4,wait0,wait1,wait2,wait3,wait4,rrsll_rssl_rsssll_rsl_0,rrsll_rssl_rsssll_rsl_1,rrsll_rssl_rsssll_rsl_2,rrsll_rssl_rsssll_rsl_3,performance measure
0,5,2,2,1,4,1,1,2,6,2,1,3,3,1,1,1,rrsll_rssl_rsssll_rsl,103.0,90.0,306.0,201.0,163.0,601.0,885.0,88.0,249.0,76.0,327.0,40.0,5.0,11.0,8.0,11.0,9.022622099300495,9.227621114095177,9.220629014270125,9.173222660106358,9.205605614946032,0.8333333333333334,0.7900188323917138,0.8098391674550615,0.8238747553816047,0.8214624881291548,3.342959403991699,23.55797020484172,22.07075329566856,22.397587511825943,23.290048923679066,22.70860398860398,68.49162011173185,66.9482109227872,67.32544938505204,68.23874755381604,67.59069325735993,15.416201117318435,14.022598870056497,14.262062440870388,15.152641878669275,14.515669515669515,5.0,11.0,8.0,11.0,14.67383476451682
