,1,1l,1r,1s,2,2l,2r,2s,3,3l,3r,3s,4,4l,4r,4s,id,1_2,1_3,1_4,2_1,2_3,2_4,3_1,3_2,3_4,4_1,4_2,4_3,p1,p2,p3,p4,speed0,speed1,speed2,speed3,speed4,stop0,stop1,stop2,stop3,stop4,time,timeloss0,timeloss1,timeloss2,timeloss3,timeloss4,travel0,travel1,travel2,travel3,travel4,wait0,wait1,wait2,wait3,wait4,rrslll_rssll_rsl_rssssll_0,rrslll_rssll_rsl_rssssll_1,rrslll_rssll_rsl_rssssll_2,rrslll_rssll_rsl_rssssll_3,performance measure
0,6,3,2,1,5,2,1,2,3,1,1,1,7,2,1,4,rrslll_rssll_rsl_rssssll,493.0,131.0,225.0,217.0,134.0,323.0,314.0,96.0,300.0,175.0,419.0,297.0,11.0,11.0,5.0,8.0,9.31706606807812,9.432997908028689,9.28690874736869,9.260078574944055,9.366440988596883,0.7717996289424861,0.7476190476190476,0.7902483900643974,0.8096646942800789,0.7696737044145874,2.90828013420105,21.440742115027827,20.53224761904761,21.726918123275077,22.464201183431946,20.754280230326287,66.11502782931355,65.21238095238095,66.38822447102116,67.17554240631164,65.43186180422265,13.542671614100186,12.915238095238095,13.646734130634774,14.225838264299803,12.99616122840691,11.0,11.0,5.0,8.0,13.465328666535953
