,1,1l,1r,1s,2,2l,2r,2s,3,3l,3r,3s,4,4l,4r,4s,id,1_2,1_3,1_4,2_1,2_3,2_4,3_1,3_2,3_4,4_1,4_2,4_3,p1,p2,p3,p4,speed0,speed1,speed2,speed3,speed4,stop0,stop1,stop2,stop3,stop4,time,timeloss0,timeloss1,timeloss2,timeloss3,timeloss4,travel0,travel1,travel2,travel3,travel4,wait0,wait1,wait2,wait3,wait4,rssslll_rssll_rsssl_rrssl_0,rssslll_rssll_rsssl_rrssl_1,rssslll_rssll_rsssl_rrssl_2,rssslll_rssll_rsssl_rrssl_3,performance measure
0,7,3,1,3,5,2,1,2,5,1,1,3,5,1,2,2,rssslll_rssll_rsssl_rrssl,441.0,414.0,83.0,39.0,72.0,421.0,886.0,214.0,189.0,284.0,653.0,534.0,8.0,11.0,11.0,11.0,8.939781408131553,8.660100113451325,8.561789842243666,8.886610572271929,8.913699357490382,0.8069577080491133,0.8801681850035038,0.9260539046302695,0.843108504398827,0.8105413105413105,3.6900522708892822,24.40121418826739,27.88983181499651,29.31857636489293,25.5336436950147,25.108119658119655,69.15757162346522,72.73510861948142,74.16171389080857,70.28372434017595,69.93447293447294,16.236016371077763,19.182901191310442,20.26468555632343,17.269794721407624,17.047720797720796,8.0,11.0,11.0,11.0,18.00022372756801
