,1,1l,1r,1s,2,2l,2r,2s,3,3l,3r,3s,4,4l,4r,4s,id,1_2,1_3,1_4,2_1,2_3,2_4,3_1,3_2,3_4,4_1,4_2,4_3,p1,p2,p3,p4,speed0,speed1,speed2,speed3,speed4,stop0,stop1,stop2,stop3,stop4,time,timeloss0,timeloss1,timeloss2,timeloss3,timeloss4,travel0,travel1,travel2,travel3,travel4,wait0,wait1,wait2,wait3,wait4,rsssssl_rssssll_rsl_rssll_0,rsssssl_rssssll_rsl_rssll_1,rsssssl_rssssll_rsl_rssll_2,rsssssl_rssssll_rsl_rssll_3,performance measure
0,7,1,1,5,7,2,1,4,3,1,1,1,5,2,1,2,rsssssl_rssssll_rsl_rssll,60.0,1463.0,218.0,301.0,199.0,1388.0,43.0,262.0,88.0,540.0,470.0,76.0,5.0,11.0,11.0,14.0,9.127059980123606,8.879694473981703,8.999003117592528,9.128039046454727,9.063601182720515,0.7618203309692672,0.827906976744186,0.8155668358714044,0.767189384800965,0.7896270396270396,3.9340574741363525,22.42822695035457,25.339604651162805,24.13494077834179,22.509053075995116,23.01727272727279,67.31205673758865,70.22267441860465,68.99943598420755,67.41857659831122,67.87937062937063,14.356382978723405,16.807558139534883,15.570219966159053,14.443908323281061,14.77972027972028,5.0,11.0,11.0,14.0,15.191557937483736
