,1,1l,1r,1s,2,2l,2r,2s,3,3l,3r,3s,4,4l,4r,4s,id,1_2,1_3,1_4,2_1,2_3,2_4,3_1,3_2,3_4,4_1,4_2,4_3,p1,p2,p3,p4,speed0,speed1,speed2,speed3,speed4,stop0,stop1,stop2,stop3,stop4,time,timeloss0,timeloss1,timeloss2,timeloss3,timeloss4,travel0,travel1,travel2,travel3,travel4,wait0,wait1,wait2,wait3,wait4,rsl_rsl_rsl_rrssll_0,rsl_rsl_rsl_rrssll_1,rsl_rsl_rsl_rrssll_2,rsl_rsl_rsl_rrssll_3,performance measure
0,3,1,1,1,3,1,1,1,3,1,1,1,6,2,2,2,rsl_rsl_rsl_rrssll,70.0,325.0,249.0,299.0,113.0,119.0,102.0,321.0,300.0,314.0,609.0,547.0,14.0,14.0,8.0,14.0,9.12731246679107,8.986558338801032,8.804914732370651,9.060595606462133,8.727667300550065,0.717687074829932,0.7528991971454059,0.7851662404092071,0.7361623616236163,0.8068376068376069,3.425288200378418,22.905552721088416,24.377100802854603,26.618456947996545,24.147942804428045,27.153769230769228,67.65391156462584,69.14183764495986,71.4228473998295,68.8809963099631,71.95726495726495,14.981292517006803,16.422836752899197,18.045183290707588,16.076568265682656,18.447863247863246,14.0,14.0,8.0,14.0,16.794748814831898
