,1,1l,1r,1s,2,2l,2r,2s,3,3l,3r,3s,4,4l,4r,4s,id,1_2,1_3,1_4,2_1,2_3,2_4,3_1,3_2,3_4,4_1,4_2,4_3,p1,p2,p3,p4,speed0,speed1,speed2,speed3,speed4,stop0,stop1,stop2,stop3,stop4,time,timeloss0,timeloss1,timeloss2,timeloss3,timeloss4,travel0,travel1,travel2,travel3,travel4,wait0,wait1,wait2,wait3,wait4,rsl_rsl_rsl_rrssll_0,rsl_rsl_rsl_rrssll_1,rsl_rsl_rsl_rrssll_2,rsl_rsl_rsl_rrssll_3,performance measure
0,3,1,1,1,3,1,1,1,3,1,1,1,6,2,2,2,rsl_rsl_rsl_rrssll,151.0,162.0,265.0,129.0,63.0,74.0,305.0,271.0,305.0,596.0,576.0,509.0,14.0,14.0,14.0,14.0,8.68206438963434,8.228480425243825,8.207761631253518,8.527912068654011,8.534605165054598,0.7830913748932536,0.902946273830156,0.9071986123156982,0.8537020517395183,0.8126050420168067,3.4315969944000244,27.55721605465416,34.667374350086604,34.94469210754552,31.195727029438043,29.18532773109245,72.45431255337319,79.53292894280763,79.85255854293149,76.04549509366637,74.08487394957983,19.186165670367206,25.09358752166378,25.30268863833478,22.07850133809099,20.599159663865546,14.0,14.0,14.0,14.0,22.45202056646446
