,1,1l,1r,1s,2,2l,2r,2s,3,3l,3r,3s,4,4l,4r,4s,id,1_2,1_3,1_4,2_1,2_3,2_4,3_1,3_2,3_4,4_1,4_2,4_3,p1,p2,p3,p4,speed0,speed1,speed2,speed3,speed4,stop0,stop1,stop2,stop3,stop4,time,timeloss0,timeloss1,timeloss2,timeloss3,timeloss4,travel0,travel1,travel2,travel3,travel4,wait0,wait1,wait2,wait3,wait4,rsl_rsl_rsssl_rsl_0,rsl_rsl_rsssl_rsl_1,rsl_rsl_rsssl_rsl_2,rsl_rsl_rsssl_rsl_3,performance measure
0,3,1,1,1,3,1,1,1,5,1,1,3,3,1,1,1,rsl_rsl_rsssl_rsl,234.0,246.0,179.0,115.0,200.0,81.0,767.0,96.0,260.0,301.0,244.0,233.0,14.0,14.0,14.0,11.0,8.541327826841705,8.35657999129965,8.413143840610301,8.496703171177959,8.329279139618201,0.8126858275520317,0.8735059760956175,0.8532019704433498,0.850418410041841,0.8834853090172239,3.1061818599700928,28.340029732408354,31.737519920318743,30.440709359605943,29.37213389121337,32.38607902735563,73.49752229930624,76.85956175298804,75.5536945812808,74.50941422594143,77.52380952380952,19.942517343904857,22.83167330677291,21.65024630541872,20.719665271966527,23.403242147923,14.0,14.0,14.0,11.0,21.709468875197203
