,1,1l,1r,1s,2,2l,2r,2s,3,3l,3r,3s,4,4l,4r,4s,id,1_2,1_3,1_4,2_1,2_3,2_4,3_1,3_2,3_4,4_1,4_2,4_3,p1,p2,p3,p4,speed0,speed1,speed2,speed3,speed4,stop0,stop1,stop2,stop3,stop4,time,timeloss0,timeloss1,timeloss2,timeloss3,timeloss4,travel0,travel1,travel2,travel3,travel4,wait0,wait1,wait2,wait3,wait4,rssl_rrsslll_rsl_rrsll_0,rssl_rrsslll_rsl_rrsll_1,rssl_rrsslll_rsl_rrsll_2,rssl_rrsslll_rsl_rrsll_3,performance measure
0,4,1,1,2,7,3,2,2,3,1,1,1,5,2,2,1,rssl_rrsslll_rsl_rrsll,166.0,618.0,78.0,140.0,374.0,220.0,336.0,86.0,74.0,344.0,261.0,104.0,8.0,14.0,8.0,11.0,9.001653524439917,8.786690548206316,8.91870880474664,9.135890257674241,8.913274588243222,0.8240837696335078,0.8673684210526316,0.8232271325796505,0.7593220338983051,0.823906083244397,3.046841859817505,25.44889005235603,27.693589473684224,24.64492291880785,22.879355932203392,25.372454642475958,70.47225130890052,72.74736842105263,69.63617677286742,67.8271186440678,70.3948772678762,17.240837696335078,19.05578947368421,16.505652620760536,15.07457627118644,17.125933831376734,8.0,14.0,8.0,11.0,17.0005579786686
