,1,1l,1r,1s,2,2l,2r,2s,3,3l,3r,3s,4,4l,4r,4s,id,1_2,1_3,1_4,2_1,2_3,2_4,3_1,3_2,3_4,4_1,4_2,4_3,p1,p2,p3,p4,speed0,speed1,speed2,speed3,speed4,stop0,stop1,stop2,stop3,stop4,time,timeloss0,timeloss1,timeloss2,timeloss3,timeloss4,travel0,travel1,travel2,travel3,travel4,wait0,wait1,wait2,wait3,wait4,rsll_rsl_rssslll_rrsssll_0,rsll_rsl_rssslll_rrsssll_1,rsll_rsl_rssslll_rrsssll_2,rsll_rsl_rssslll_rrsssll_3,performance measure
0,4,2,1,1,3,1,1,1,7,3,1,3,7,2,2,3,rsll_rsl_rssslll_rrsssll,296.0,238.0,123.0,185.0,247.0,125.0,677.0,192.0,447.0,152.0,1027.0,265.0,8.0,11.0,11.0,14.0,9.134568399523996,8.924238822384481,8.82855411106714,8.96556295711077,8.956376566099571,0.756079027355623,0.7904903417533432,0.8172043010752689,0.7957413249211357,0.7986425339366516,3.7018351554870605,23.08882218844983,24.710690936106975,25.791017921146953,24.783225552050475,24.016417797888415,67.85562310030394,69.49331352154532,70.62437275985663,69.51656151419559,68.77375565610859,15.383738601823708,16.702080237741455,17.551971326164875,16.717665615141957,15.923831070889895,8.0,11.0,11.0,14.0,16.455857370352376
