,1,1l,1r,1s,2,2l,2r,2s,3,3l,3r,3s,4,4l,4r,4s,id,1_2,1_3,1_4,2_1,2_3,2_4,3_1,3_2,3_4,4_1,4_2,4_3,p1,p2,p3,p4,speed0,speed1,speed2,speed3,speed4,stop0,stop1,stop2,stop3,stop4,time,timeloss0,timeloss1,timeloss2,timeloss3,timeloss4,travel0,travel1,travel2,travel3,travel4,wait0,wait1,wait2,wait3,wait4,rssslll_rssll_rsssl_rrssl_0,rssslll_rssll_rsssl_rrssl_1,rssslll_rssll_rsssl_rrssl_2,rssslll_rssll_rsssl_rrssl_3,performance measure
0,7,3,1,3,5,2,1,2,5,1,1,3,5,1,2,2,rssslll_rssll_rsssl_rrssl,719.0,323.0,156.0,127.0,290.0,144.0,803.0,111.0,248.0,220.0,234.0,625.0,11.0,11.0,8.0,5.0,9.442138890477429,9.361651498586458,9.396222071293241,9.497884161905464,9.44133784821294,0.7436456063907044,0.771280532938564,0.7718910963944077,0.7303884234577304,0.7660060975609756,3.624141216278076,20.00488743645604,21.826691339748336,20.48309050772628,19.788971820258958,20.666631097560998,64.640522875817,66.48778682457439,65.22075055187638,64.44249809596344,65.2827743902439,12.461873638344226,14.059955588452997,12.702722590139809,12.245239908606246,13.036585365853659,11.0,11.0,8.0,5.0,12.901275418279386
