,1,1l,1r,1s,2,2l,2r,2s,3,3l,3r,3s,4,4l,4r,4s,id,1_2,1_3,1_4,2_1,2_3,2_4,3_1,3_2,3_4,4_1,4_2,4_3,p1,p2,p3,p4,speed0,speed1,speed2,speed3,speed4,stop0,stop1,stop2,stop3,stop4,time,timeloss0,timeloss1,timeloss2,timeloss3,timeloss4,travel0,travel1,travel2,travel3,travel4,wait0,wait1,wait2,wait3,wait4,rsl_rsl_rsssl_rsl_0,rsl_rsl_rsssl_rsl_1,rsl_rsl_rsssl_rsl_2,rsl_rsl_rsssl_rsl_3,performance measure
0,3,1,1,1,3,1,1,1,5,1,1,3,3,1,1,1,rsl_rsl_rsssl_rsl,291.0,139.0,302.0,213.0,124.0,263.0,328.0,249.0,165.0,318.0,312.0,138.0,14.0,8.0,14.0,14.0,8.593630658140839,8.549987455275689,8.624095460115015,8.779375674298423,8.717575442895237,0.831,0.831413612565445,0.8164948453608247,0.7959401709401709,0.8114754098360656,2.9999840259552,29.01269999999999,28.48313089005235,27.92655670103092,26.343952991453005,27.254252049180334,74.022,73.482722513089,72.92061855670103,71.32158119658119,72.2438524590164,20.047,19.831413612565445,19.331958762886597,17.957264957264957,18.664959016393443,14.0,8.0,14.0,14.0,19.166519269822086
