,1,1l,1r,1s,2,2l,2r,2s,3,3l,3r,3s,4,4l,4r,4s,id,1_2,1_3,1_4,2_1,2_3,2_4,3_1,3_2,3_4,4_1,4_2,4_3,p1,p2,p3,p4,speed0,speed1,speed2,speed3,speed4,stop0,stop1,stop2,stop3,stop4,time,timeloss0,timeloss1,timeloss2,timeloss3,timeloss4,travel0,travel1,travel2,travel3,travel4,wait0,wait1,wait2,wait3,wait4,rsl_rsssll_rrssl_rrsslll_0,rsl_rsssll_rrssl_rrsslll_1,rsl_rsssll_rrssl_rrsslll_2,rsl_rsssll_rrssl_rrsslll_3,performance measure
0,3,1,1,1,6,2,1,3,5,1,2,2,7,3,2,2,rsl_rsssll_rrssl_rrsslll,167.0,106.0,46.0,158.0,371.0,328.0,621.0,350.0,279.0,845.0,562.0,259.0,14.0,14.0,14.0,14.0,8.516647894256879,8.560437870840778,8.622318979712643,8.596787826453573,8.726577654521332,0.8199426111908178,0.8041606886657102,0.7864619678995115,0.8045112781954887,0.7690647482014389,3.7535548210144043,29.359921090387378,28.5297202295552,27.75554082344733,28.07846616541354,26.986510791366875,74.19153515064562,73.37948350071736,72.5847871598046,72.85639097744361,71.81870503597122,21.020086083213773,20.220229555236727,19.566643405443127,19.855639097744362,19.04748201438849,14.0,14.0,14.0,14.0,19.942016031205295
