,1,1l,1r,1s,2,2l,2r,2s,3,3l,3r,3s,4,4l,4r,4s,id,1_2,1_3,1_4,2_1,2_3,2_4,3_1,3_2,3_4,4_1,4_2,4_3,p1,p2,p3,p4,speed0,speed1,speed2,speed3,speed4,stop0,stop1,stop2,stop3,stop4,time,timeloss0,timeloss1,timeloss2,timeloss3,timeloss4,travel0,travel1,travel2,travel3,travel4,wait0,wait1,wait2,wait3,wait4,rsssssl_rssssll_rsl_rssll_0,rsssssl_rssssll_rsl_rssll_1,rsssssl_rssssll_rsl_rssll_2,rsssssl_rssssll_rsl_rssll_3,performance measure
0,7,1,1,5,7,2,1,4,3,1,1,1,5,2,1,2,rsssssl_rssssll_rsl_rssll,109.0,1611.0,89.0,194.0,406.0,889.0,249.0,204.0,192.0,608.0,353.0,262.0,8.0,11.0,11.0,8.0,8.9038480053201,8.655799085647004,8.669691627693497,8.800798240440441,8.893706803025893,0.836405529953917,0.9132653061224489,0.9009513150531617,0.8652482269503546,0.8406720741599073,4.296997547149658,24.294879032258045,27.211366213151923,27.20889759373251,25.71969858156029,25.160614136732367,69.24366359447005,72.140589569161,72.10800223838837,70.65898345153664,70.07705677867902,15.778225806451612,18.221655328798185,18.193620593172916,17.14598108747045,16.641946697566627,8.0,11.0,11.0,8.0,17.196285902691958
