,1,1l,1r,1s,2,2l,2r,2s,3,3l,3r,3s,4,4l,4r,4s,id,1_2,1_3,1_4,2_1,2_3,2_4,3_1,3_2,3_4,4_1,4_2,4_3,p1,p2,p3,p4,speed0,speed1,speed2,speed3,speed4,stop0,stop1,stop2,stop3,stop4,time,timeloss0,timeloss1,timeloss2,timeloss3,timeloss4,travel0,travel1,travel2,travel3,travel4,wait0,wait1,wait2,wait3,wait4,rsll_rsl_rssslll_rrsssll_0,rsll_rsl_rssslll_rrsssll_1,rsll_rsl_rssslll_rrsssll_2,rsll_rsl_rssslll_rrsssll_3,performance measure
0,4,2,1,1,3,1,1,1,7,3,1,3,7,2,2,3,rsll_rsl_rssslll_rrsssll,271.0,286.0,91.0,192.0,86.0,231.0,512.0,76.0,355.0,301.0,533.0,222.0,8.0,11.0,8.0,11.0,9.33679555097296,9.319731699191498,9.24357789156859,9.277521345478103,9.315843600872995,0.753514526710403,0.7662582469368521,0.7775784753363228,0.7490079365079365,0.7725162488393686,3.5248301029205322,21.27562324273668,21.183487276154597,22.098000000000013,21.54671626984127,22.428217270194992,66.15463917525773,66.0301602262017,66.88340807174887,66.43849206349206,67.2497678737233,13.69165885660731,13.71253534401508,14.351569506726458,14.03968253968254,14.624883936861652,8.0,11.0,8.0,11.0,14.084066036778609
