,1,1l,1r,1s,2,2l,2r,2s,3,3l,3r,3s,4,4l,4r,4s,id,1_2,1_3,1_4,2_1,2_3,2_4,3_1,3_2,3_4,4_1,4_2,4_3,p1,p2,p3,p4,speed0,speed1,speed2,speed3,speed4,stop0,stop1,stop2,stop3,stop4,time,timeloss0,timeloss1,timeloss2,timeloss3,timeloss4,travel0,travel1,travel2,travel3,travel4,wait0,wait1,wait2,wait3,wait4,rrsll_rssl_rsssll_rsl_0,rrsll_rssl_rsssll_rsl_1,rrsll_rssl_rsssll_rsl_2,rrsll_rssl_rsssll_rsl_3,performance measure
0,5,2,2,1,4,1,1,2,6,2,1,3,3,1,1,1,rrsll_rssl_rsssll_rsl,459.0,122.0,531.0,118.0,228.0,388.0,649.0,288.0,293.0,299.0,282.0,84.0,11.0,11.0,14.0,11.0,8.863643330076062,8.682112140352574,8.817916687981915,8.980658993872934,8.943439722601036,0.7896764252696457,0.8388888888888889,0.7925117004680188,0.7479608482871125,0.7928221859706363,3.396061897277832,25.4334591679507,27.896420634920634,26.445304212168462,24.27789559543227,25.922381729200644,70.27966101694915,72.72619047619048,71.26365054602184,69.09951060358891,70.70065252854812,17.326656394453003,19.358730158730157,18.330733229329173,16.437194127243067,17.701468189233278,11.0,11.0,14.0,11.0,17.830956419797737
