,1,1l,1r,1s,2,2l,2r,2s,3,3l,3r,3s,4,4l,4r,4s,id,1_2,1_3,1_4,2_1,2_3,2_4,3_1,3_2,3_4,4_1,4_2,4_3,p1,p2,p3,p4,speed0,speed1,speed2,speed3,speed4,stop0,stop1,stop2,stop3,stop4,time,timeloss0,timeloss1,timeloss2,timeloss3,timeloss4,travel0,travel1,travel2,travel3,travel4,wait0,wait1,wait2,wait3,wait4,rssslll_rssll_rsssl_rrssl_0,rssslll_rssll_rsssl_rrssl_1,rssslll_rssll_rsssl_rrssl_2,rssslll_rssll_rsssl_rrssl_3,performance measure
0,7,3,1,3,5,2,1,2,5,1,1,3,5,1,2,2,rssslll_rssll_rsssl_rrssl,236.0,851.0,90.0,120.0,210.0,174.0,157.0,302.0,127.0,140.0,371.0,106.0,8.0,14.0,8.0,8.0,9.566146937837507,9.44934485450316,9.41933029173428,9.534002158431013,9.662211397788555,0.7150101419878296,0.7326530612244898,0.7311178247734139,0.7053669222343921,0.6788702928870293,3.108639717102051,19.263975659229217,20.65671428571432,20.521711983887226,19.51219058050385,18.906433054393283,64.07505070993915,65.51020408163265,65.3262839879154,64.3012048192771,63.69874476987448,11.997971602434077,13.274489795918367,13.268882175226587,12.370208105147864,11.843096234309623,8.0,14.0,8.0,8.0,12.550929582607305
