,1,1l,1r,1s,2,2l,2r,2s,3,3l,3r,3s,4,4l,4r,4s,id,1_2,1_3,1_4,2_1,2_3,2_4,3_1,3_2,3_4,4_1,4_2,4_3,p1,p2,p3,p4,speed0,speed1,speed2,speed3,speed4,stop0,stop1,stop2,stop3,stop4,time,timeloss0,timeloss1,timeloss2,timeloss3,timeloss4,travel0,travel1,travel2,travel3,travel4,wait0,wait1,wait2,wait3,wait4,rsl_rsssssl_rsll_rrssl_0,rsl_rsssssl_rsll_rrssl_1,rsl_rsssssl_rsll_rrssl_2,rsl_rsssssl_rsll_rrssl_3,performance measure
0,3,1,1,1,7,1,1,5,4,2,1,1,5,1,2,2,rsl_rsssssl_rsll_rrssl,152.0,189.0,312.0,163.0,59.0,889.0,84.0,231.0,552.0,322.0,425.0,330.0,11.0,8.0,11.0,8.0,9.213236090356839,9.024707933366653,8.980052705501723,9.010890978059185,9.08710288346022,0.7581543357199682,0.8422738190552442,0.8456112852664577,0.8190158465387823,0.8064263322884012,3.440934896469116,22.2148130469371,24.483450760608484,24.93900470219439,23.835863219349477,23.82651253918495,66.98329355608593,69.23939151321056,69.71786833855799,68.61551292743954,68.58150470219435,14.346857597454257,16.126501200960767,16.50078369905956,15.723102585487906,15.643416927899686,11.0,8.0,11.0,8.0,15.668132402172438
