,1,1l,1r,1s,2,2l,2r,2s,3,3l,3r,3s,4,4l,4r,4s,id,1_2,1_3,1_4,2_1,2_3,2_4,3_1,3_2,3_4,4_1,4_2,4_3,p1,p2,p3,p4,speed0,speed1,speed2,speed3,speed4,stop0,stop1,stop2,stop3,stop4,time,timeloss0,timeloss1,timeloss2,timeloss3,timeloss4,travel0,travel1,travel2,travel3,travel4,wait0,wait1,wait2,wait3,wait4,rslll_rsl_rrslll_rsl_0,rslll_rsl_rrslll_rsl_1,rslll_rsl_rrslll_rsl_2,rslll_rsl_rrslll_rsl_3,performance measure
0,5,3,1,1,3,1,1,1,6,3,2,1,3,1,1,1,rslll_rsl_rrslll_rsl,754.0,59.0,324.0,307.0,181.0,222.0,61.0,554.0,886.0,220.0,207.0,206.0,11.0,5.0,8.0,8.0,9.27036289054095,9.212923979036365,9.431294944925014,9.437389316080468,9.330262561480234,0.8226387887527037,0.8288770053475936,0.771101573676681,0.7618332081141999,0.7863436123348018,3.643958330154419,22.678240807498213,22.659335370511887,19.719270386266093,19.562952667167508,21.00821585903085,67.51405912040374,67.4812834224599,64.60586552217454,64.39444027047332,65.8546255506608,14.008651766402307,14.195569136745608,11.665951359084406,11.596543951915853,12.765051395007342,11.0,5.0,8.0,8.0,12.846353521831102
