,1,1l,1r,1s,2,2l,2r,2s,3,3l,3r,3s,4,4l,4r,4s,id,1_2,1_3,1_4,2_1,2_3,2_4,3_1,3_2,3_4,4_1,4_2,4_3,p1,p2,p3,p4,speed0,speed1,speed2,speed3,speed4,stop0,stop1,stop2,stop3,stop4,time,timeloss0,timeloss1,timeloss2,timeloss3,timeloss4,travel0,travel1,travel2,travel3,travel4,wait0,wait1,wait2,wait3,wait4,rssll_rrssl_rssslll_rrssll_0,rssll_rrssl_rssslll_rrssll_1,rssll_rrssl_rssslll_rrssll_2,rssll_rrssl_rssslll_rrssll_3,performance measure
0,5,2,1,2,5,1,2,2,7,3,1,3,6,2,2,2,rssll_rrssl_rssslll_rrssll,524.0,189.0,191.0,425.0,154.0,613.0,1032.0,84.0,747.0,598.0,348.0,223.0,14.0,14.0,14.0,14.0,8.244403014949766,8.167880849676113,8.214714594921668,8.410883125647029,8.433165616223553,0.8758092995879929,0.8967704728950404,0.880242825607064,0.8334317779090372,0.8422601530311948,4.422045946121216,31.69940553266626,33.40377162629763,32.57773178807947,29.477347903130504,30.004973513831626,76.55208946439082,78.2560553633218,77.37637969094922,74.32959243945659,74.84049440847558,22.864037669217186,24.20472895040369,23.433774834437084,20.968694624926165,21.461447910535608,14.0,14.0,14.0,14.0,22.58653679790395
