,1,1l,1r,1s,2,2l,2r,2s,3,3l,3r,3s,4,4l,4r,4s,id,1_2,1_3,1_4,2_1,2_3,2_4,3_1,3_2,3_4,4_1,4_2,4_3,p1,p2,p3,p4,speed0,speed1,speed2,speed3,speed4,stop0,stop1,stop2,stop3,stop4,time,timeloss0,timeloss1,timeloss2,timeloss3,timeloss4,travel0,travel1,travel2,travel3,travel4,wait0,wait1,wait2,wait3,wait4,rslll_rsl_rrslll_rsl_0,rslll_rsl_rrslll_rsl_1,rslll_rsl_rrslll_rsl_2,rslll_rsl_rrslll_rsl_3,performance measure
0,5,3,1,1,3,1,1,1,6,3,2,1,3,1,1,1,rslll_rsl_rrslll_rsl,326.0,43.0,310.0,75.0,228.0,196.0,271.0,453.0,445.0,207.0,146.0,312.0,8.0,11.0,11.0,8.0,9.096405590365402,9.225500017080162,9.255075736616975,9.232583859699519,9.358912645238584,0.8580889309366131,0.7688540646425074,0.7539608574091333,0.7592778335005015,0.7261904761904762,3.0857787132263184,26.256603595080392,22.228824681684618,22.16656104380241,21.970772316950853,21.538283730158753,71.05298013245033,67.050930460333,66.97763280521902,66.79538615847542,66.34126984126983,17.29139072847682,14.236043095004897,14.185461323392358,14.043129388164493,13.828373015873016,8.0,11.0,11.0,8.0,14.716879510182318
