,1,1l,1r,1s,2,2l,2r,2s,3,3l,3r,3s,4,4l,4r,4s,id,1_2,1_3,1_4,2_1,2_3,2_4,3_1,3_2,3_4,4_1,4_2,4_3,p1,p2,p3,p4,speed0,speed1,speed2,speed3,speed4,stop0,stop1,stop2,stop3,stop4,time,timeloss0,timeloss1,timeloss2,timeloss3,timeloss4,travel0,travel1,travel2,travel3,travel4,wait0,wait1,wait2,wait3,wait4,rsl_rsssll_rrssl_rrsslll_0,rsl_rsssll_rrssl_rrsslll_1,rsl_rsssll_rrssl_rrsslll_2,rsl_rsssll_rrssl_rrsslll_3,performance measure
0,3,1,1,1,6,2,1,3,5,1,2,2,7,3,2,2,rsl_rsssll_rrssl_rrsslll,66.0,295.0,320.0,91.0,204.0,853.0,535.0,557.0,283.0,113.0,375.0,152.0,11.0,11.0,5.0,11.0,9.306405186743772,9.127457569909742,9.073708428317259,9.02310723115809,9.148790362761833,0.7465753424657534,0.796281951975213,0.8024224072672218,0.8141176470588235,0.8051242236024845,3.6834540367126465,21.131826484018248,22.855491866769963,23.55723694171084,23.66749803921571,23.321785714285735,65.73820395738204,67.49496514329977,68.19076457229372,68.26352941176471,67.97282608695652,13.294520547945206,14.658404337722695,15.373959121877366,15.493333333333334,14.964285714285714,11.0,11.0,5.0,11.0,14.756900611032862
