,1,1l,1r,1s,2,2l,2r,2s,3,3l,3r,3s,4,4l,4r,4s,id,1_2,1_3,1_4,2_1,2_3,2_4,3_1,3_2,3_4,4_1,4_2,4_3,p1,p2,p3,p4,speed0,speed1,speed2,speed3,speed4,stop0,stop1,stop2,stop3,stop4,time,timeloss0,timeloss1,timeloss2,timeloss3,timeloss4,travel0,travel1,travel2,travel3,travel4,wait0,wait1,wait2,wait3,wait4,rsl_rsssl_rssssl_rssll_0,rsl_rsssl_rssssl_rssll_1,rsl_rsssl_rssssl_rssll_2,rsl_rsssl_rssssl_rssll_3,performance measure
0,3,1,1,1,5,1,1,3,6,1,1,4,5,2,1,2,rsl_rsssl_rssssl_rssll,187.0,243.0,159.0,164.0,181.0,431.0,398.0,106.0,231.0,220.0,160.0,310.0,11.0,11.0,11.0,8.0,9.245884609424014,9.18299233027581,9.041999873647498,9.19559257791086,9.184512444486515,0.7410440122824974,0.740546218487395,0.7991803278688525,0.7556756756756757,0.731629392971246,2.9574551582336426,21.602998976458572,22.200273109243685,23.49744877049181,22.090594594594602,22.388764643237504,66.46264073694985,67.03571428571429,68.33811475409836,66.93297297297298,67.20660276890308,14.066530194472875,14.691176470588236,15.466188524590164,14.443243243243243,14.818956336528222,11.0,11.0,11.0,8.0,14.697218953884548
