,1,1l,1r,1s,2,2l,2r,2s,3,3l,3r,3s,4,4l,4r,4s,id,1_2,1_3,1_4,2_1,2_3,2_4,3_1,3_2,3_4,4_1,4_2,4_3,p1,p2,p3,p4,speed0,speed1,speed2,speed3,speed4,stop0,stop1,stop2,stop3,stop4,time,timeloss0,timeloss1,timeloss2,timeloss3,timeloss4,travel0,travel1,travel2,travel3,travel4,wait0,wait1,wait2,wait3,wait4,rssslll_rrsssl_rsssssl_rsl_0,rssslll_rrsssl_rsssssl_rsl_1,rssslll_rrsssl_rsssssl_rsl_2,rssslll_rrsssl_rsssssl_rsl_3,performance measure
0,7,3,1,3,6,1,2,3,7,1,1,5,3,1,1,1,rssslll_rrsssl_rsssssl_rsl,804.0,954.0,204.0,455.0,183.0,850.0,1131.0,137.0,213.0,178.0,52.0,124.0,11.0,14.0,8.0,11.0,9.009270921669573,8.864921706451545,8.797234667347592,8.697606309903767,8.98844146234155,0.7832957110609481,0.8217097862767154,0.842247433819557,0.8666666666666667,0.7908571428571428,4.414417505264282,24.350530474040667,25.845129358830167,26.37528363047003,27.875511494252866,24.251640000000013,69.17325056433408,70.67829021372329,71.16045380875202,72.7022988505747,69.06971428571428,16.27257336343115,17.550618672665916,17.894111291193948,19.242528735632185,16.264,11.0,14.0,8.0,11.0,17.444766412584638
