,1,1l,1r,1s,2,2l,2r,2s,3,3l,3r,3s,4,4l,4r,4s,id,1_2,1_3,1_4,2_1,2_3,2_4,3_1,3_2,3_4,4_1,4_2,4_3,p1,p2,p3,p4,speed0,speed1,speed2,speed3,speed4,stop0,stop1,stop2,stop3,stop4,time,timeloss0,timeloss1,timeloss2,timeloss3,timeloss4,travel0,travel1,travel2,travel3,travel4,wait0,wait1,wait2,wait3,wait4,rsl_rrsl_rssslll_rssssl_0,rsl_rrsl_rssslll_rssssl_1,rsl_rrsl_rssslll_rssssl_2,rsl_rrsl_rssslll_rssssl_3,performance measure
0,3,1,1,1,4,1,2,1,7,3,1,3,6,1,1,4,rsl_rrsl_rssslll_rssssl,149.0,212.0,200.0,230.0,113.0,59.0,690.0,41.0,921.0,92.0,235.0,287.0,14.0,11.0,8.0,5.0,9.47090747932399,9.53084876056409,9.484700005653481,9.5271079961284,9.574937448042226,0.7321755027422303,0.72018779342723,0.7249782419495213,0.7182425978987583,0.6901157613535174,3.4254510402679443,19.915667276051188,19.343661971830986,19.768389904264573,19.41893982808021,19.31421193232413,64.78153564899452,64.19718309859155,64.62315056570931,64.35625596943649,64.16829919857524,12.338208409506398,11.871361502347417,12.1496953872933,11.959885386819485,11.901157613535174,14.0,11.0,8.0,5.0,12.044061659900354
