,1,1l,1r,1s,2,2l,2r,2s,3,3l,3r,3s,4,4l,4r,4s,id,1_2,1_3,1_4,2_1,2_3,2_4,3_1,3_2,3_4,4_1,4_2,4_3,p1,p2,p3,p4,speed0,speed1,speed2,speed3,speed4,stop0,stop1,stop2,stop3,stop4,time,timeloss0,timeloss1,timeloss2,timeloss3,timeloss4,travel0,travel1,travel2,travel3,travel4,wait0,wait1,wait2,wait3,wait4,rsl_rsssll_rrssl_rrsslll_0,rsl_rsssll_rrssl_rrsslll_1,rsl_rsssll_rrssl_rrsslll_2,rsl_rsssll_rrssl_rrsslll_3,performance measure
0,3,1,1,1,6,2,1,3,5,1,2,2,7,3,2,2,rsl_rsssll_rrssl_rrsslll,206.0,310.0,295.0,132.0,488.0,735.0,647.0,466.0,238.0,240.0,511.0,76.0,11.0,14.0,11.0,11.0,8.707378795659931,8.80369731804699,8.750591950786577,8.732554211332918,8.872335504474657,0.8225806451612904,0.7878369039391845,0.8067567567567567,0.8206405693950178,0.7909336941813261,3.6773173809051514,26.62254704301078,25.690497581202493,26.511729729729733,26.7574448398577,25.21009472259809,71.40725806451613,70.503800967519,71.32567567567567,71.51601423487544,70.00608930987822,18.19287634408602,17.566689702833447,18.21283783783784,18.407829181494662,17.046684709066305,11.0,14.0,11.0,11.0,17.885383555063658
