,1,1l,1r,1s,2,2l,2r,2s,3,3l,3r,3s,4,4l,4r,4s,id,1_2,1_3,1_4,2_1,2_3,2_4,3_1,3_2,3_4,4_1,4_2,4_3,p1,p2,p3,p4,speed0,speed1,speed2,speed3,speed4,stop0,stop1,stop2,stop3,stop4,time,timeloss0,timeloss1,timeloss2,timeloss3,timeloss4,travel0,travel1,travel2,travel3,travel4,wait0,wait1,wait2,wait3,wait4,rsl_rsssl_rssssl_rssll_0,rsl_rsssl_rssssl_rssll_1,rsl_rsssl_rssssl_rssll_2,rsl_rsssl_rssssl_rssll_3,performance measure
0,3,1,1,1,5,1,1,3,6,1,1,4,5,2,1,2,rsl_rsssl_rssssl_rssll,176.0,47.0,127.0,112.0,262.0,219.0,649.0,116.0,274.0,239.0,394.0,64.0,11.0,8.0,11.0,8.0,9.238282917957921,9.19331762690834,8.9395997164455,9.04968279923727,9.323720509018852,0.7737068965517241,0.7772877618522602,0.8318284424379232,0.8165680473372781,0.748314606741573,2.685265064239502,21.92382543103445,22.320529217199567,24.63802483069977,23.999633136094698,21.252640449438218,66.88146551724138,67.28224917309812,69.63431151241535,68.90295857988166,66.17078651685394,14.351293103448276,14.70231532524807,16.617381489841986,16.086390532544378,13.853932584269662,11.0,8.0,11.0,8.0,15.122262607070473
