,1,1l,1r,1s,2,2l,2r,2s,3,3l,3r,3s,4,4l,4r,4s,id,1_2,1_3,1_4,2_1,2_3,2_4,3_1,3_2,3_4,4_1,4_2,4_3,p1,p2,p3,p4,speed0,speed1,speed2,speed3,speed4,stop0,stop1,stop2,stop3,stop4,time,timeloss0,timeloss1,timeloss2,timeloss3,timeloss4,travel0,travel1,travel2,travel3,travel4,wait0,wait1,wait2,wait3,wait4,rsl_rsssll_rrssl_rrsslll_0,rsl_rsssll_rrssl_rrsslll_1,rsl_rsssll_rrssl_rrsslll_2,rsl_rsssll_rrssl_rrsslll_3,performance measure
0,3,1,1,1,6,2,1,3,5,1,2,2,7,3,2,2,rsl_rsssll_rrssl_rrsslll,249.0,104.0,285.0,165.0,250.0,628.0,325.0,222.0,110.0,128.0,267.0,613.0,11.0,8.0,8.0,11.0,9.626245266352797,9.634774908473318,9.529527860720963,9.579100800216352,9.716448251944135,0.6797988264878457,0.6980802792321117,0.6797153024911032,0.6914132379248659,0.6524017467248908,3.3193280696868896,18.855850796311817,18.56379581151834,19.54061387900357,19.01973166368513,18.235310043668086,63.32942162615256,63.03752181500872,64.08629893238434,63.51073345259392,62.724890829694324,11.628667225481978,11.302792321116929,12.370106761565836,11.856887298747765,11.121397379912663,11.0,8.0,8.0,11.0,11.655970197365034
