,1,1l,1r,1s,2,2l,2r,2s,3,3l,3r,3s,4,4l,4r,4s,id,1_2,1_3,1_4,2_1,2_3,2_4,3_1,3_2,3_4,4_1,4_2,4_3,p1,p2,p3,p4,speed0,speed1,speed2,speed3,speed4,stop0,stop1,stop2,stop3,stop4,time,timeloss0,timeloss1,timeloss2,timeloss3,timeloss4,travel0,travel1,travel2,travel3,travel4,wait0,wait1,wait2,wait3,wait4,rssslll_rssll_rsssl_rrssl_0,rssslll_rssll_rsssl_rrssl_1,rssslll_rssll_rsssl_rrssl_2,rssslll_rssll_rsssl_rrssl_3,performance measure
0,7,3,1,3,5,2,1,2,5,1,1,3,5,1,2,2,rssslll_rssll_rsssl_rrssl,694.0,314.0,243.0,196.0,322.0,507.0,1077.0,252.0,50.0,283.0,329.0,254.0,11.0,14.0,11.0,11.0,8.610886861061694,8.479231793262596,8.709103560039704,8.977097117814973,8.8354101441933,0.8492429229756419,0.9267660401814647,0.8210659898477157,0.7665982203969883,0.803843605036448,3.892068386077881,28.032179065174446,32.141276733635785,27.087436548223383,24.583223819301857,26.00006626905235,72.86504279131007,76.9799092676604,71.94289340101523,69.37987679671458,70.80583167660703,19.442396313364057,22.70447180816591,18.597081218274113,16.58590006844627,17.784625579854207,11.0,14.0,11.0,11.0,19.02289499762091
