,1,1l,1r,1s,2,2l,2r,2s,3,3l,3r,3s,4,4l,4r,4s,id,1_2,1_3,1_4,2_1,2_3,2_4,3_1,3_2,3_4,4_1,4_2,4_3,p1,p2,p3,p4,speed0,speed1,speed2,speed3,speed4,stop0,stop1,stop2,stop3,stop4,time,timeloss0,timeloss1,timeloss2,timeloss3,timeloss4,travel0,travel1,travel2,travel3,travel4,wait0,wait1,wait2,wait3,wait4,rrssl_rrssl_rrsslll_rrsslll_0,rrssl_rrssl_rrsslll_rrsslll_1,rrssl_rrssl_rrsslll_rrsslll_2,rrssl_rrssl_rrsslll_rrsslll_3,performance measure
0,5,1,2,2,5,1,2,2,7,3,2,2,7,3,2,2,rrssl_rrssl_rrsslll_rrsslll,285.0,573.0,343.0,146.0,62.0,84.0,165.0,608.0,523.0,294.0,290.0,179.0,11.0,8.0,5.0,5.0,9.722196958915472,9.203685470606406,9.257579824004736,9.749053991899896,9.273781515446291,0.731244847485573,0.889451476793249,0.8612244897959184,0.7163120567375887,0.8961569910057237,3.534623384475708,17.59548227535037,23.587113924050612,23.136522448979587,17.516427304964555,23.832526573998333,61.975267930750206,68.00759493670886,67.52,61.836879432624116,68.22567457072772,10.31244847485573,15.237974683544303,14.724897959183673,10.426418439716311,15.320523303352411,11.0,8.0,5.0,5.0,13.204452572130487
