,1,1l,1r,1s,2,2l,2r,2s,3,3l,3r,3s,4,4l,4r,4s,id,1_2,1_3,1_4,2_1,2_3,2_4,3_1,3_2,3_4,4_1,4_2,4_3,p1,p2,p3,p4,speed0,speed1,speed2,speed3,speed4,stop0,stop1,stop2,stop3,stop4,time,timeloss0,timeloss1,timeloss2,timeloss3,timeloss4,travel0,travel1,travel2,travel3,travel4,wait0,wait1,wait2,wait3,wait4,rssll_rrssl_rssslll_rrssll_0,rssll_rrssl_rssslll_rrssll_1,rssll_rrssl_rssslll_rrssll_2,rssll_rrssl_rssslll_rrssll_3,performance measure
0,5,2,1,2,5,1,2,2,7,3,1,3,6,2,2,2,rssll_rrssl_rssslll_rrssll,599.0,435.0,295.0,561.0,169.0,610.0,934.0,242.0,129.0,248.0,196.0,271.0,14.0,14.0,8.0,14.0,9.020808731811274,8.939587139380178,8.838649907657613,8.900396754422978,8.99699428537183,0.7412587412587412,0.7650753768844221,0.7943349753694581,0.7890267798824298,0.7538363171355499,4.101945400238037,24.17462809917358,24.64820979899504,25.95250615763545,25.78545395166559,24.24290920716112,68.80483153210426,69.28706030150754,70.62746305418719,70.4036577400392,68.8772378516624,16.308328035600763,16.678391959798994,17.76231527093596,17.74134552580013,16.397058823529413,14.0,14.0,8.0,14.0,16.977487923133047
