,1,1l,1r,1s,2,2l,2r,2s,3,3l,3r,3s,4,4l,4r,4s,id,1_2,1_3,1_4,2_1,2_3,2_4,3_1,3_2,3_4,4_1,4_2,4_3,p1,p2,p3,p4,speed0,speed1,speed2,speed3,speed4,stop0,stop1,stop2,stop3,stop4,time,timeloss0,timeloss1,timeloss2,timeloss3,timeloss4,travel0,travel1,travel2,travel3,travel4,wait0,wait1,wait2,wait3,wait4,rsl_rsl_rsl_rrssssl_0,rsl_rsl_rsl_rrssssl_1,rsl_rsl_rsl_rrssssl_2,rsl_rsl_rsl_rrssssl_3,performance measure
0,3,1,1,1,3,1,1,1,3,1,1,1,7,1,2,4,rsl_rsl_rsl_rrssssl,111.0,320.0,313.0,309.0,72.0,163.0,304.0,269.0,172.0,106.0,1246.0,220.0,8.0,11.0,5.0,11.0,9.144597606595763,9.197929749829362,9.098252627225905,9.237365291706084,9.037092901970224,0.8096774193548387,0.7848837209302325,0.8371361132966169,0.792714657415438,0.8696,3.3898215293884277,22.294419354838713,21.759958471760797,23.141062155782844,21.827068516912437,24.906383999999985,67.13306451612904,66.60797342192691,68.01337529504328,66.67129228100607,69.7232,13.813709677419356,13.50498338870432,14.421715184893785,13.559410234171725,15.8472,8.0,11.0,5.0,11.0,14.229403697037835
