,1,1l,1r,1s,2,2l,2r,2s,3,3l,3r,3s,4,4l,4r,4s,id,1_2,1_3,1_4,2_1,2_3,2_4,3_1,3_2,3_4,4_1,4_2,4_3,p1,p2,p3,p4,speed0,speed1,speed2,speed3,speed4,stop0,stop1,stop2,stop3,stop4,time,timeloss0,timeloss1,timeloss2,timeloss3,timeloss4,travel0,travel1,travel2,travel3,travel4,wait0,wait1,wait2,wait3,wait4,rsl_rsssssl_rsll_rrssl_0,rsl_rsssssl_rsll_rrssl_1,rsl_rsssssl_rsll_rrssl_2,rsl_rsssssl_rsll_rrssl_3,performance measure
0,3,1,1,1,7,1,1,5,4,2,1,1,5,1,2,2,rsl_rsssssl_rsll_rrssl,309.0,301.0,173.0,241.0,125.0,744.0,266.0,301.0,108.0,288.0,451.0,81.0,14.0,14.0,14.0,11.0,8.661028558725917,8.59087264275302,8.329821887929954,8.692136548886625,8.501038514504863,0.7942955920484011,0.8091872791519434,0.8741438356164384,0.7962466487935657,0.8231759656652361,3.2582926750183105,27.736439066551476,28.34299469964665,31.817183219178045,27.37596067917785,30.036248927038628,72.53673292999136,73.12544169611307,76.61044520547945,72.12689901697945,74.79656652360515,19.43388072601556,19.857773851590107,22.695205479452056,19.116175156389634,21.381115879828325,14.0,14.0,14.0,11.0,20.496830218655138
