,1,1l,1r,1s,2,2l,2r,2s,3,3l,3r,3s,4,4l,4r,4s,id,1_2,1_3,1_4,2_1,2_3,2_4,3_1,3_2,3_4,4_1,4_2,4_3,p1,p2,p3,p4,speed0,speed1,speed2,speed3,speed4,stop0,stop1,stop2,stop3,stop4,time,timeloss0,timeloss1,timeloss2,timeloss3,timeloss4,travel0,travel1,travel2,travel3,travel4,wait0,wait1,wait2,wait3,wait4,rsl_rssslll_rrsssl_rsslll_0,rsl_rssslll_rrsssl_rsslll_1,rsl_rssslll_rrsssl_rsslll_2,rsl_rssslll_rrsssl_rsslll_3,performance measure
0,3,1,1,1,7,3,1,3,6,1,2,3,6,3,1,2,rsl_rssslll_rrsssl_rsslll,138.0,106.0,182.0,157.0,653.0,577.0,616.0,641.0,140.0,550.0,429.0,171.0,8.0,8.0,11.0,11.0,9.339755667112637,9.405514120251839,9.34371402951522,9.43574451659938,9.49547880120296,0.7498327759197324,0.7384510869565217,0.7364909939959974,0.7268258426966292,0.7075017205781142,3.8201916217803955,21.208923076923067,20.31569972826087,20.672628418945987,20.06199438202247,19.74676531314525,65.88160535117056,65.02173913043478,65.35957304869913,64.70997191011236,64.40123881624226,13.523076923076923,12.766983695652174,13.174116077384923,12.61306179775281,12.45767377838954,8.0,8.0,11.0,11.0,12.906982454451272
