,1,1l,1r,1s,2,2l,2r,2s,3,3l,3r,3s,4,4l,4r,4s,id,1_2,1_3,1_4,2_1,2_3,2_4,3_1,3_2,3_4,4_1,4_2,4_3,p1,p2,p3,p4,speed0,speed1,speed2,speed3,speed4,stop0,stop1,stop2,stop3,stop4,time,timeloss0,timeloss1,timeloss2,timeloss3,timeloss4,travel0,travel1,travel2,travel3,travel4,wait0,wait1,wait2,wait3,wait4,rsl_rrsll_rsl_rslll_0,rsl_rrsll_rsl_rslll_1,rsl_rrsll_rsl_rslll_2,rsl_rrsll_rsl_rslll_3,performance measure
0,3,1,1,1,5,2,2,1,3,1,1,1,5,3,1,1,rsl_rrsll_rsl_rslll,114.0,170.0,268.0,287.0,435.0,246.0,74.0,183.0,212.0,903.0,356.0,298.0,11.0,8.0,14.0,14.0,9.027226253966216,8.77554825853622,8.804358442624757,8.938059961156492,8.968680123456522,0.7628781684382666,0.8217573221757322,0.8076609616951915,0.7677966101694915,0.7706797706797707,3.228660821914673,24.34840556009813,26.743581589958154,27.604213528932334,24.587906779660987,24.62778050778054,69.26982829108749,71.68033472803347,72.519967400163,69.52372881355932,69.53644553644554,16.072771872444807,18.11715481171548,18.991850040749796,16.334745762711865,16.33824733824734,11.0,8.0,14.0,14.0,17.170953965173858
