,1,1l,1r,1s,2,2l,2r,2s,3,3l,3r,3s,4,4l,4r,4s,id,1_2,1_3,1_4,2_1,2_3,2_4,3_1,3_2,3_4,4_1,4_2,4_3,p1,p2,p3,p4,speed0,speed1,speed2,speed3,speed4,stop0,stop1,stop2,stop3,stop4,time,timeloss0,timeloss1,timeloss2,timeloss3,timeloss4,travel0,travel1,travel2,travel3,travel4,wait0,wait1,wait2,wait3,wait4,rsssssl_rsl_rrsslll_rsssll_0,rsssssl_rsl_rrsslll_rsssll_1,rsssssl_rsl_rrsslll_rsssll_2,rsssssl_rsl_rrsslll_rsssll_3,performance measure
0,7,1,1,5,3,1,1,1,7,3,2,2,6,2,1,3,rsssssl_rsl_rrsslll_rsssll,266.0,1675.0,311.0,50.0,212.0,115.0,609.0,488.0,747.0,338.0,387.0,199.0,11.0,11.0,8.0,5.0,9.112747993912311,9.102052871596284,9.059424162022248,9.252406273340181,9.230510790443352,0.8290183387270766,0.8181818181818182,0.8492927094668118,0.7868571428571428,0.793141592920354,4.537243127822876,23.564584681769123,23.19621951219511,23.25565288356907,22.032480000000014,21.833307522123917,68.30528586839266,67.99279379157429,68.0038084874864,66.78685714285714,66.58628318584071,15.167206040992449,14.927937915742794,14.73721436343852,13.841142857142858,13.685287610619469,11.0,11.0,8.0,5.0,14.471757757587216
