,1,1l,1r,1s,2,2l,2r,2s,3,3l,3r,3s,4,4l,4r,4s,id,1_2,1_3,1_4,2_1,2_3,2_4,3_1,3_2,3_4,4_1,4_2,4_3,p1,p2,p3,p4,speed0,speed1,speed2,speed3,speed4,stop0,stop1,stop2,stop3,stop4,time,timeloss0,timeloss1,timeloss2,timeloss3,timeloss4,travel0,travel1,travel2,travel3,travel4,wait0,wait1,wait2,wait3,wait4,rssl_rrsslll_rsl_rrsll_0,rssl_rrsslll_rsl_rrsll_1,rssl_rrsslll_rsl_rrsll_2,rssl_rrsslll_rsl_rrsll_3,performance measure
0,4,1,1,2,7,3,2,2,3,1,1,1,5,2,2,1,rssl_rrsslll_rsl_rrsll,156.0,209.0,97.0,297.0,872.0,521.0,265.0,241.0,216.0,310.0,46.0,253.0,8.0,11.0,11.0,11.0,8.634002717939461,8.853927420803448,8.831473113644046,8.904459089939879,8.883093341300885,0.9266886326194399,0.8353344768439108,0.8457142857142858,0.8502164502164502,0.8242784380305602,3.500253915786743,30.267092257001625,25.83096054888506,25.999306122448974,26.498796536796544,26.45020373514431,75.12273476112027,70.72898799313894,70.84,71.34372294372294,71.32427843803056,21.24135090609555,17.578902229845625,17.59755102040816,18.02164502164502,18.183361629881155,8.0,11.0,11.0,11.0,18.5245621615751
