,1,1l,1r,1s,2,2l,2r,2s,3,3l,3r,3s,4,4l,4r,4s,id,1_2,1_3,1_4,2_1,2_3,2_4,3_1,3_2,3_4,4_1,4_2,4_3,p1,p2,p3,p4,speed0,speed1,speed2,speed3,speed4,stop0,stop1,stop2,stop3,stop4,time,timeloss0,timeloss1,timeloss2,timeloss3,timeloss4,travel0,travel1,travel2,travel3,travel4,wait0,wait1,wait2,wait3,wait4,rsl_rsssll_rrssl_rrsslll_0,rsl_rsssll_rrssl_rrsslll_1,rsl_rsssll_rrssl_rrsslll_2,rsl_rsssll_rrssl_rrsslll_3,performance measure
0,3,1,1,1,6,2,1,3,5,1,2,2,7,3,2,2,rsl_rsssll_rrssl_rrsslll,164.0,255.0,119.0,100.0,513.0,700.0,93.0,405.0,43.0,911.0,454.0,211.0,8.0,11.0,14.0,11.0,9.066167590290144,9.078306520188331,8.892180173286276,9.103036817800533,9.00832080209763,0.7898279730740464,0.78003003003003,0.8216833095577746,0.762481089258699,0.7828655834564254,3.7341206073760986,24.308825729244628,23.920150150150143,26.014379457917265,22.982549167927388,23.887525849335304,69.05235602094241,68.71096096096096,70.848787446505,67.72239031770046,68.67651403249631,16.32460732984293,15.975975975975976,17.592724679029956,15.111951588502269,15.905465288035451,8.0,11.0,14.0,11.0,16.182144972277314
