,1,1l,1r,1s,2,2l,2r,2s,3,3l,3r,3s,4,4l,4r,4s,id,1_2,1_3,1_4,2_1,2_3,2_4,3_1,3_2,3_4,4_1,4_2,4_3,p1,p2,p3,p4,speed0,speed1,speed2,speed3,speed4,stop0,stop1,stop2,stop3,stop4,time,timeloss0,timeloss1,timeloss2,timeloss3,timeloss4,travel0,travel1,travel2,travel3,travel4,wait0,wait1,wait2,wait3,wait4,rsl_rsl_rsl_rrssssl_0,rsl_rsl_rsl_rrssssl_1,rsl_rsl_rsl_rrssssl_2,rsl_rsl_rsl_rrssssl_3,performance measure
0,3,1,1,1,3,1,1,1,3,1,1,1,7,1,2,4,rsl_rsl_rsl_rrssssl,81.0,86.0,96.0,243.0,294.0,328.0,293.0,178.0,241.0,129.0,1166.0,503.0,11.0,11.0,11.0,14.0,8.321469998691585,8.520839590131096,8.533088262887022,8.538426860620167,8.81201000196004,0.990625,0.8968318440292445,0.9002356637863315,0.9328295549958019,0.8247011952191236,3.640871047973633,34.870984374999985,31.063249390739237,31.50036920659857,32.95754827875732,27.509848605577695,79.67109375,75.8927701056052,76.3668499607227,77.7632241813602,72.33784860557769,24.61015625,21.80178716490658,21.875883739198745,23.33585222502099,18.735458167330677,11.0,11.0,11.0,14.0,22.0718275092914
