,1,1l,1r,1s,2,2l,2r,2s,3,3l,3r,3s,4,4l,4r,4s,id,1_2,1_3,1_4,2_1,2_3,2_4,3_1,3_2,3_4,4_1,4_2,4_3,p1,p2,p3,p4,speed0,speed1,speed2,speed3,speed4,stop0,stop1,stop2,stop3,stop4,time,timeloss0,timeloss1,timeloss2,timeloss3,timeloss4,travel0,travel1,travel2,travel3,travel4,wait0,wait1,wait2,wait3,wait4,rsl_rrsl_rssslll_rssssl_0,rsl_rrsl_rssslll_rssssl_1,rsl_rrsl_rssslll_rssssl_2,rsl_rrsl_rssslll_rssssl_3,performance measure
0,3,1,1,1,4,1,2,1,7,3,1,3,6,1,1,4,rsl_rrsl_rssslll_rssssl,257.0,131.0,157.0,525.0,140.0,355.0,400.0,100.0,857.0,285.0,1150.0,184.0,11.0,8.0,11.0,14.0,8.74435274439424,8.76451764707956,8.69185184724984,8.794260471702119,8.670644121658466,0.8556430446194225,0.852589641434263,0.8752374920835972,0.8306010928961749,0.8568614576493763,3.942023515701294,27.648661417322856,27.777197875166035,28.38880303989868,26.333032786885322,27.432015758371655,72.55839895013123,72.71779548472776,73.32615579480684,71.2438524590164,72.36572554169402,18.7257217847769,18.99136786188579,19.328689043698542,17.941256830601095,18.68220617202889,11.0,8.0,11.0,14.0,18.733848338598243
