,1,1l,1r,1s,2,2l,2r,2s,3,3l,3r,3s,4,4l,4r,4s,id,1_2,1_3,1_4,2_1,2_3,2_4,3_1,3_2,3_4,4_1,4_2,4_3,p1,p2,p3,p4,speed0,speed1,speed2,speed3,speed4,stop0,stop1,stop2,stop3,stop4,time,timeloss0,timeloss1,timeloss2,timeloss3,timeloss4,travel0,travel1,travel2,travel3,travel4,wait0,wait1,wait2,wait3,wait4,rsl_rsl_rsl_rrssssl_0,rsl_rsl_rsl_rrssssl_1,rsl_rsl_rsl_rrssssl_2,rsl_rsl_rsl_rrssssl_3,performance measure
0,3,1,1,1,3,1,1,1,3,1,1,1,7,1,2,4,rsl_rsl_rsl_rrssssl,160.0,51.0,234.0,199.0,73.0,184.0,93.0,277.0,65.0,289.0,1420.0,219.0,8.0,5.0,11.0,14.0,9.257864921807593,9.25185013529536,9.33273414069444,9.445421805945259,9.46285149353685,0.7677935943060499,0.7776752767527675,0.7321739130434782,0.7311827956989247,0.7157802964254577,3.050102472305298,22.235658362989266,22.19479704797049,21.058121739130442,20.364398826979485,20.366512641673946,67.08185053380782,67.06826568265683,65.96347826086956,65.2434017595308,65.21708805579773,14.063167259786477,14.00369003690037,13.200869565217392,12.604105571847507,12.498692240627724,8.0,5.0,11.0,14.0,13.274104934875893
