,1,1l,1r,1s,2,2l,2r,2s,3,3l,3r,3s,4,4l,4r,4s,id,1_2,1_3,1_4,2_1,2_3,2_4,3_1,3_2,3_4,4_1,4_2,4_3,p1,p2,p3,p4,speed0,speed1,speed2,speed3,speed4,stop0,stop1,stop2,stop3,stop4,time,timeloss0,timeloss1,timeloss2,timeloss3,timeloss4,travel0,travel1,travel2,travel3,travel4,wait0,wait1,wait2,wait3,wait4,rrsslll_rrsll_rsssl_rrsslll_0,rrsslll_rrsll_rsssl_rrsslll_1,rrsslll_rrsll_rsssl_rrsslll_2,rrsslll_rrsll_rsssl_rrsslll_3,performance measure
0,7,3,2,2,5,2,2,1,5,1,1,3,7,3,2,2,rrsslll_rrsll_rsssl_rrsslll,399.0,717.0,396.0,112.0,126.0,216.0,722.0,141.0,305.0,765.0,581.0,300.0,11.0,14.0,11.0,11.0,8.527242187002525,8.397328849116501,8.276505562670424,8.644384698415895,8.484237016248176,0.9201759899434317,0.8962378640776699,1.0,0.895364238410596,0.9012578616352201,3.9365956783294678,31.19175989943433,30.808737864077706,35.44238357843143,30.954099337748385,30.225509433962245,75.94783155248271,75.59162621359224,80.20036764705883,75.70860927152317,74.99056603773585,22.033940917661848,21.891990291262136,25.471200980392158,21.842384105960264,21.354716981132075,11.0,14.0,11.0,11.0,22.518846655281695
