,1,1l,1r,1s,2,2l,2r,2s,3,3l,3r,3s,4,4l,4r,4s,id,1_2,1_3,1_4,2_1,2_3,2_4,3_1,3_2,3_4,4_1,4_2,4_3,p1,p2,p3,p4,speed0,speed1,speed2,speed3,speed4,stop0,stop1,stop2,stop3,stop4,time,timeloss0,timeloss1,timeloss2,timeloss3,timeloss4,travel0,travel1,travel2,travel3,travel4,wait0,wait1,wait2,wait3,wait4,rsl_rrsll_rsl_rslll_0,rsl_rrsll_rsl_rslll_1,rsl_rrsll_rsl_rslll_2,rsl_rrsll_rsl_rslll_3,performance measure
0,3,1,1,1,5,2,2,1,3,1,1,1,5,3,1,1,rsl_rrsll_rsl_rslll,160.0,358.0,214.0,239.0,192.0,157.0,95.0,99.0,243.0,533.0,249.0,145.0,11.0,14.0,11.0,11.0,8.860970748233967,8.761579058726014,8.630873713574614,8.854384443158898,8.610940411436063,0.7821782178217822,0.7937024972855592,0.8460732984293193,0.8027210884353742,0.8611713665943601,2.9524245262145996,25.557733773377322,26.4703148751357,28.551235602094227,26.555839002267582,29.53357917570496,70.54565456545654,71.50162866449512,73.5738219895288,71.51927437641723,74.49783080260303,17.51925192519252,18.299674267100976,19.7717277486911,18.395691609977323,20.59761388286334,11.0,14.0,11.0,11.0,18.91679188676505
