,1,1l,1r,1s,2,2l,2r,2s,3,3l,3r,3s,4,4l,4r,4s,id,1_2,1_3,1_4,2_1,2_3,2_4,3_1,3_2,3_4,4_1,4_2,4_3,p1,p2,p3,p4,speed0,speed1,speed2,speed3,speed4,stop0,stop1,stop2,stop3,stop4,time,timeloss0,timeloss1,timeloss2,timeloss3,timeloss4,travel0,travel1,travel2,travel3,travel4,wait0,wait1,wait2,wait3,wait4,rsl_rssslll_rrsssl_rsslll_0,rsl_rssslll_rrsssl_rsslll_1,rsl_rssslll_rrsssl_rsslll_2,rsl_rssslll_rrsssl_rsslll_3,performance measure
0,3,1,1,1,7,3,1,3,6,1,2,3,6,3,1,2,rsl_rssslll_rrsssl_rsslll,230.0,119.0,64.0,207.0,618.0,779.0,339.0,233.0,68.0,791.0,260.0,103.0,8.0,5.0,11.0,11.0,9.03195840328104,9.207001424200012,9.141087358657527,9.37845061468884,9.477744239298941,0.9561538461538461,0.822892498066512,0.924812030075188,0.7691717791411042,0.7393986121819583,3.5304148197174072,27.891815384615395,23.125607115235876,27.631165413533893,20.968228527607376,20.010100231303035,72.66538461538461,67.93812838360402,72.38872180451128,65.7308282208589,64.78180416345413,18.78846153846154,15.050270688321733,18.622556390977444,13.329754601226995,12.51503469545104,8.0,5.0,11.0,11.0,15.661215582887749
