,1,1l,1r,1s,2,2l,2r,2s,3,3l,3r,3s,4,4l,4r,4s,id,1_2,1_3,1_4,2_1,2_3,2_4,3_1,3_2,3_4,4_1,4_2,4_3,p1,p2,p3,p4,speed0,speed1,speed2,speed3,speed4,stop0,stop1,stop2,stop3,stop4,time,timeloss0,timeloss1,timeloss2,timeloss3,timeloss4,travel0,travel1,travel2,travel3,travel4,wait0,wait1,wait2,wait3,wait4,rsl_rsssl_rssssl_rssll_0,rsl_rsssl_rssssl_rssll_1,rsl_rsssl_rssssl_rssll_2,rsl_rsssl_rssssl_rssll_3,performance measure
0,3,1,1,1,5,1,1,3,6,1,1,4,5,2,1,2,rsl_rsssl_rssssl_rssll,190.0,114.0,63.0,122.0,39.0,453.0,1095.0,161.0,119.0,632.0,408.0,286.0,8.0,11.0,14.0,8.0,8.873213403119172,8.74552326296889,8.853581559318592,8.895302517599115,9.044387724629349,0.8475120385232745,0.8598277212216131,0.8249607535321821,0.8205980066445183,0.7800490596892886,3.535562515258789,27.083274478330647,26.662505873140216,25.103610675039263,25.405323920265783,23.485527391659843,72.01926163723917,71.6147220046985,70.0204081632653,70.31893687707641,68.40147179067866,18.548154093097914,18.22239624119029,16.75824175824176,17.191029900332225,15.605069501226492,8.0,11.0,14.0,8.0,17.264978298817738
