,1,1l,1r,1s,2,2l,2r,2s,3,3l,3r,3s,4,4l,4r,4s,id,1_2,1_3,1_4,2_1,2_3,2_4,3_1,3_2,3_4,4_1,4_2,4_3,p1,p2,p3,p4,speed0,speed1,speed2,speed3,speed4,stop0,stop1,stop2,stop3,stop4,time,timeloss0,timeloss1,timeloss2,timeloss3,timeloss4,travel0,travel1,travel2,travel3,travel4,wait0,wait1,wait2,wait3,wait4,rsl_rsl_rsl_rrssll_0,rsl_rsl_rsl_rrssll_1,rsl_rsl_rsl_rrssll_2,rsl_rsl_rsl_rrssll_3,performance measure
0,3,1,1,1,3,1,1,1,3,1,1,1,6,2,2,2,rsl_rsl_rsl_rrssll,185.0,359.0,142.0,183.0,303.0,173.0,146.0,151.0,157.0,261.0,259.0,321.0,8.0,14.0,11.0,8.0,8.529478758928246,8.826531761573511,8.660960997704443,8.78333707108112,8.954234660638878,0.960308710033076,0.8382838283828383,0.8914473684210527,0.8847497089639115,0.7959866220735786,2.885268449783325,32.821146637265734,26.523234323432394,28.12254385964916,28.50584400465655,24.544804905239655,77.75192943770672,71.49064906490649,73.09649122807018,73.41327124563446,69.5340022296544,23.313120176405732,18.17931793179318,19.290570175438596,19.620488940628636,16.439241917502788,8.0,14.0,11.0,8.0,19.368547828353787
