,1,1l,1r,1s,2,2l,2r,2s,3,3l,3r,3s,4,4l,4r,4s,id,1_2,1_3,1_4,2_1,2_3,2_4,3_1,3_2,3_4,4_1,4_2,4_3,p1,p2,p3,p4,speed0,speed1,speed2,speed3,speed4,stop0,stop1,stop2,stop3,stop4,time,timeloss0,timeloss1,timeloss2,timeloss3,timeloss4,travel0,travel1,travel2,travel3,travel4,wait0,wait1,wait2,wait3,wait4,rsssl_rrsll_rsl_rsslll_0,rsssl_rrsll_rsl_rsslll_1,rsssl_rrsll_rsl_rsslll_2,rsssl_rrsll_rsl_rsslll_3,performance measure
0,5,1,1,3,5,2,2,1,3,1,1,1,6,3,1,2,rsssl_rrsll_rsl_rsslll,237.0,658.0,40.0,389.0,354.0,305.0,202.0,177.0,302.0,570.0,444.0,207.0,14.0,11.0,11.0,14.0,8.600388200392986,8.740762748223572,8.522559219656953,8.835697522684542,8.73843900959783,0.8411854103343465,0.797134238310709,0.8550829127613554,0.7846153846153846,0.8045801526717558,3.6095104217529297,29.04572948328267,26.434517345399712,29.35314347512617,25.930283400809724,26.48706870229009,73.91489361702128,71.33031674208145,74.24152847873107,70.78785425101215,71.3412213740458,20.36094224924012,18.38763197586727,20.711607786589763,17.93765182186235,18.322137404580154,14.0,11.0,11.0,14.0,19.143994247627933
