,1,1l,1r,1s,2,2l,2r,2s,3,3l,3r,3s,4,4l,4r,4s,id,1_2,1_3,1_4,2_1,2_3,2_4,3_1,3_2,3_4,4_1,4_2,4_3,p1,p2,p3,p4,speed0,speed1,speed2,speed3,speed4,stop0,stop1,stop2,stop3,stop4,time,timeloss0,timeloss1,timeloss2,timeloss3,timeloss4,travel0,travel1,travel2,travel3,travel4,wait0,wait1,wait2,wait3,wait4,rsssl_rrsll_rsl_rsslll_0,rsssl_rrsll_rsl_rsslll_1,rsssl_rrsll_rsl_rsslll_2,rsssl_rrsll_rsl_rsslll_3,performance measure
0,5,1,1,3,5,2,2,1,3,1,1,1,6,3,1,2,rsssl_rrsll_rsl_rsslll,270.0,980.0,274.0,539.0,470.0,120.0,88.0,219.0,85.0,317.0,704.0,210.0,11.0,14.0,11.0,14.0,8.801773996024608,8.698018717176716,8.643708259590696,8.747721289446138,8.808935209843316,0.8085694540428473,0.8187588152327221,0.8492117888965045,0.8079763663220089,0.7927170868347339,3.865159273147583,27.65293020041463,27.207355430183355,29.095339273474988,27.825967503692723,25.41912464985996,72.47062888735314,72.06064880112835,73.9396847155586,72.60044313146233,70.24159663865547,19.15411195577056,18.791255289139634,20.227553118574367,19.381831610044312,17.203081232493,11.0,14.0,11.0,14.0,18.951566641204373
