,1,1l,1r,1s,2,2l,2r,2s,3,3l,3r,3s,4,4l,4r,4s,id,1_2,1_3,1_4,2_1,2_3,2_4,3_1,3_2,3_4,4_1,4_2,4_3,p1,p2,p3,p4,speed0,speed1,speed2,speed3,speed4,stop0,stop1,stop2,stop3,stop4,time,timeloss0,timeloss1,timeloss2,timeloss3,timeloss4,travel0,travel1,travel2,travel3,travel4,wait0,wait1,wait2,wait3,wait4,rrsssll_rsl_rsl_rrsll_0,rrsssll_rsl_rsl_rrsll_1,rrsssll_rsl_rsl_rrsll_2,rrsssll_rsl_rsl_rrsll_3,performance measure
0,7,2,2,3,3,1,1,1,3,1,1,1,5,2,2,1,rrsssll_rsl_rsl_rrsll,558.0,731.0,115.0,162.0,287.0,137.0,328.0,271.0,288.0,385.0,356.0,167.0,14.0,14.0,14.0,14.0,7.9792928697049605,8.015854907613093,7.8424794111308005,7.996956340809421,8.300640295742465,0.9404761904761905,0.9769108280254777,0.981974921630094,0.9446280991735537,0.8778501628664495,3.469923496246338,35.98535714285718,37.60860668789809,38.604819749216325,36.07507438016528,32.4908143322476,80.96507936507936,82.58359872611464,83.58150470219435,81.03140495867768,77.43485342019544,26.340476190476192,27.456210191082803,28.524294670846395,26.461157024793387,23.382736156351793,14.0,14.0,14.0,14.0,26.432974846710113
