,1,1l,1r,1s,2,2l,2r,2s,3,3l,3r,3s,4,4l,4r,4s,id,1_2,1_3,1_4,2_1,2_3,2_4,3_1,3_2,3_4,4_1,4_2,4_3,p1,p2,p3,p4,speed0,speed1,speed2,speed3,speed4,stop0,stop1,stop2,stop3,stop4,time,timeloss0,timeloss1,timeloss2,timeloss3,timeloss4,travel0,travel1,travel2,travel3,travel4,wait0,wait1,wait2,wait3,wait4,rsl_rrsl_rssslll_rssssl_0,rsl_rrsl_rssslll_rssssl_1,rsl_rrsl_rssslll_rssssl_2,rsl_rrsl_rssslll_rssssl_3,performance measure
0,3,1,1,1,4,1,2,1,7,3,1,3,6,1,1,4,rsl_rrsl_rssslll_rssssl,77.0,248.0,87.0,201.0,184.0,141.0,752.0,198.0,287.0,47.0,1134.0,84.0,5.0,11.0,8.0,11.0,9.433826609685026,9.348999603941259,9.292525435713724,9.450954064748922,9.4556895090308,0.7587412587412588,0.7628596338273758,0.7993393889347646,0.7468468468468469,0.7437446074201898,2.9846012592315674,20.044318181818163,20.856782911944194,21.545483071841485,20.30328828828826,19.930966350301944,64.89073426573427,65.74019180470793,66.39141205615194,65.13963963963964,64.7739430543572,12.381118881118882,13.115082824760243,13.533443435177539,12.690990990990992,12.257118205349439,5.0,11.0,8.0,11.0,12.795550867479417
