,1,1l,1r,1s,2,2l,2r,2s,3,3l,3r,3s,4,4l,4r,4s,id,1_2,1_3,1_4,2_1,2_3,2_4,3_1,3_2,3_4,4_1,4_2,4_3,p1,p2,p3,p4,speed0,speed1,speed2,speed3,speed4,stop0,stop1,stop2,stop3,stop4,time,timeloss0,timeloss1,timeloss2,timeloss3,timeloss4,travel0,travel1,travel2,travel3,travel4,wait0,wait1,wait2,wait3,wait4,rsl_rrsl_rssslll_rssssl_0,rsl_rrsl_rssslll_rssssl_1,rsl_rrsl_rssslll_rssssl_2,rsl_rrsl_rssslll_rssssl_3,performance measure
0,3,1,1,1,4,1,2,1,7,3,1,3,6,1,1,4,rsl_rrsl_rssslll_rssssl,198.0,125.0,150.0,577.0,257.0,262.0,875.0,263.0,822.0,134.0,1339.0,320.0,14.0,14.0,11.0,14.0,8.480003087205109,8.589537548411053,8.479595352212751,8.589538899164557,8.65792699902887,0.8374792703150912,0.8080808080808081,0.8594997339010112,0.8455797933409873,0.7976391231028668,4.2646472454071045,29.145936981757856,28.085690235690286,30.36669505055885,29.7035361653272,27.47759415401912,73.97401879491431,72.91694725028059,75.18041511442256,74.5361653272101,72.28892636312536,20.22553897180763,19.563973063973062,21.256519425226184,20.803099885189436,18.978077571669477,14.0,14.0,11.0,14.0,20.165441783573158
