,1,1l,1r,1s,2,2l,2r,2s,3,3l,3r,3s,4,4l,4r,4s,id,1_2,1_3,1_4,2_1,2_3,2_4,3_1,3_2,3_4,4_1,4_2,4_3,p1,p2,p3,p4,speed0,speed1,speed2,speed3,speed4,stop0,stop1,stop2,stop3,stop4,time,timeloss0,timeloss1,timeloss2,timeloss3,timeloss4,travel0,travel1,travel2,travel3,travel4,wait0,wait1,wait2,wait3,wait4,rsssssl_rsl_rrsslll_rsssll_0,rsssssl_rsl_rrsslll_rsssll_1,rsssssl_rsl_rrsslll_rsssll_2,rsssssl_rsl_rrsslll_rsssll_3,performance measure
0,7,1,1,5,3,1,1,1,7,3,2,2,6,2,1,3,rsssssl_rsl_rrsslll_rsssll,198.0,1485.0,294.0,289.0,132.0,161.0,143.0,641.0,332.0,571.0,1010.0,56.0,11.0,14.0,14.0,14.0,8.697941039926045,8.66483318101588,8.573631447922205,8.906820998256755,8.748936242295247,0.7924318308291597,0.8035008469791078,0.8197517539125742,0.7504332755632582,0.7810421286031042,4.280235767364502,27.302548692264857,27.017679277244486,28.156546141392315,24.984864240323475,26.350986696230628,72.01057317751808,71.7707509881423,72.84835402050729,69.68515309069902,71.03935698447894,18.863105175292155,18.48164878599661,19.481381543443064,16.963027151935297,18.055432372505543,11.0,14.0,14.0,14.0,18.368919005834535
