,1,1l,1r,1s,2,2l,2r,2s,3,3l,3r,3s,4,4l,4r,4s,id,1_2,1_3,1_4,2_1,2_3,2_4,3_1,3_2,3_4,4_1,4_2,4_3,p1,p2,p3,p4,speed0,speed1,speed2,speed3,speed4,stop0,stop1,stop2,stop3,stop4,time,timeloss0,timeloss1,timeloss2,timeloss3,timeloss4,travel0,travel1,travel2,travel3,travel4,wait0,wait1,wait2,wait3,wait4,rsl_rsl_rsl_rrssll_0,rsl_rsl_rsl_rrssll_1,rsl_rsl_rsl_rrssll_2,rsl_rsl_rsl_rrssll_3,performance measure
0,3,1,1,1,3,1,1,1,3,1,1,1,6,2,2,2,rsl_rsl_rsl_rrssll,53.0,84.0,49.0,193.0,117.0,345.0,230.0,299.0,312.0,535.0,657.0,600.0,14.0,11.0,14.0,18.0,8.293444046872006,8.405540674605888,8.284837778786915,8.422558555256495,8.625580941826206,0.8847402597402597,0.8520066889632107,0.9009083402146986,0.8821966341895483,0.7790794979079498,3.2816972732543945,35.40368506493508,32.17225752508363,34.3672749793559,33.4812134632418,28.584887029288698,80.27029220779221,77.07357859531773,79.24442609413708,78.325952170062,73.4602510460251,25.711850649350648,23.11705685618729,24.671345995045417,24.062001771479185,19.97573221757322,14.0,11.0,14.0,18.0,23.507597497927154
