,1,1l,1r,1s,2,2l,2r,2s,3,3l,3r,3s,4,4l,4r,4s,id,1_2,1_3,1_4,2_1,2_3,2_4,3_1,3_2,3_4,4_1,4_2,4_3,p1,p2,p3,p4,speed0,speed1,speed2,speed3,speed4,stop0,stop1,stop2,stop3,stop4,time,timeloss0,timeloss1,timeloss2,timeloss3,timeloss4,travel0,travel1,travel2,travel3,travel4,wait0,wait1,wait2,wait3,wait4,rsssssl_rssssll_rsl_rssll_0,rsssssl_rssssll_rsl_rssll_1,rsssssl_rssssll_rsl_rssll_2,rsssssl_rssssll_rsl_rssll_3,performance measure
0,7,1,1,5,7,2,1,4,3,1,1,1,5,2,1,2,rsssssl_rssssll_rsl_rssll,242.0,368.0,200.0,124.0,344.0,773.0,266.0,133.0,309.0,336.0,296.0,292.0,11.0,11.0,8.0,8.0,9.09119014435906,9.130267789847307,8.765235010218566,8.866840225410023,9.17866804399261,0.7876386687797148,0.8041074249605056,0.8875968992248062,0.8731466227347611,0.7744241461477362,3.3585455417633057,23.094706814580015,22.949146919431257,26.824961240310074,26.54349258649093,22.623741064336787,67.82725832012679,67.68641390205372,71.51550387596899,71.26853377265239,67.31612390786339,15.064976228209192,14.954976303317535,18.024031007751937,17.87644151565074,14.73232724384432,11.0,11.0,8.0,8.0,16.130550459754748
