,1,1l,1r,1s,2,2l,2r,2s,3,3l,3r,3s,4,4l,4r,4s,id,1_2,1_3,1_4,2_1,2_3,2_4,3_1,3_2,3_4,4_1,4_2,4_3,p1,p2,p3,p4,speed0,speed1,speed2,speed3,speed4,stop0,stop1,stop2,stop3,stop4,time,timeloss0,timeloss1,timeloss2,timeloss3,timeloss4,travel0,travel1,travel2,travel3,travel4,wait0,wait1,wait2,wait3,wait4,rsl_rsl_rsl_rrssssl_0,rsl_rsl_rsl_rrssssl_1,rsl_rsl_rsl_rrssssl_2,rsl_rsl_rsl_rrssssl_3,performance measure
0,3,1,1,1,3,1,1,1,3,1,1,1,7,1,2,4,rsl_rsl_rsl_rrssssl,40.0,214.0,119.0,174.0,128.0,73.0,265.0,212.0,136.0,172.0,466.0,381.0,8.0,11.0,8.0,8.0,9.495945513552066,9.60465506726267,9.47601053946123,9.610346945961364,9.486744643782686,0.7334152334152334,0.7025392986698912,0.7452153110047847,0.7038007863695938,0.7444717444717445,2.7428371906280518,19.609164619164606,19.16311970979444,19.970047846889972,18.703512450851893,19.962506142506154,64.31203931203932,63.88149939540508,64.68540669856459,63.321100917431195,64.66707616707616,12.044226044226043,11.857315598548972,12.322966507177034,11.492791612057667,12.437346437346438,8.0,11.0,8.0,8.0,12.03092923987123
