,1,1l,1r,1s,2,2l,2r,2s,3,3l,3r,3s,4,4l,4r,4s,id,1_2,1_3,1_4,2_1,2_3,2_4,3_1,3_2,3_4,4_1,4_2,4_3,p1,p2,p3,p4,speed0,speed1,speed2,speed3,speed4,stop0,stop1,stop2,stop3,stop4,time,timeloss0,timeloss1,timeloss2,timeloss3,timeloss4,travel0,travel1,travel2,travel3,travel4,wait0,wait1,wait2,wait3,wait4,rssll_rrsl_rsssl_rrsl_0,rssll_rrsl_rsssl_rrsl_1,rssll_rrsl_rsssl_rrsl_2,rssll_rrsl_rsssl_rrsl_3,performance measure
0,5,2,1,2,4,1,2,1,5,1,1,3,4,1,2,1,rssll_rrsl_rsssl_rrsl,94.0,446.0,181.0,423.0,89.0,121.0,588.0,91.0,119.0,61.0,148.0,248.0,8.0,11.0,5.0,8.0,9.754900407682857,9.79163698310792,9.892870283771268,9.795480535334848,9.841133143155965,0.7006880733944955,0.6909920182440137,0.6721491228070176,0.6824242424242424,0.6700564971751413,2.9368045330047607,17.655298165137637,17.38572405929307,16.540394736842092,17.241793939393958,17.181344632768333,62.34403669724771,62.11174458380844,61.27850877192982,61.88969696969697,61.87570621468927,10.712155963302752,10.469783352337513,9.625,10.343030303030304,10.233898305084745,8.0,11.0,5.0,8.0,10.276773584751062
