,1,1l,1r,1s,2,2l,2r,2s,3,3l,3r,3s,4,4l,4r,4s,id,1_2,1_3,1_4,2_1,2_3,2_4,3_1,3_2,3_4,4_1,4_2,4_3,p1,p2,p3,p4,speed0,speed1,speed2,speed3,speed4,stop0,stop1,stop2,stop3,stop4,time,timeloss0,timeloss1,timeloss2,timeloss3,timeloss4,travel0,travel1,travel2,travel3,travel4,wait0,wait1,wait2,wait3,wait4,rrsssll_rsl_rsl_rrsll_0,rrsssll_rsl_rsl_rrsll_1,rrsssll_rsl_rsl_rrsll_2,rrsssll_rsl_rsl_rrsll_3,performance measure
0,7,2,2,3,3,1,1,1,3,1,1,1,5,2,2,1,rrsssll_rsl_rsl_rrsll,269.0,929.0,348.0,283.0,314.0,250.0,258.0,91.0,49.0,437.0,219.0,601.0,8.0,14.0,14.0,11.0,8.66556161782629,8.818615893611137,8.85922277060267,9.000482973923164,8.87996362496807,0.8930862437633642,0.7981388690050107,0.7882096069868996,0.7599388379204893,0.7852941176470588,3.6757209300994873,29.850149679258703,25.36733715103798,25.50854439592431,24.172805810397566,25.604389705882344,74.56949394155382,70.14602720114532,70.28675400291121,68.86773700305811,70.34411764705882,20.414112615823235,17.1546170365068,17.205967976710333,16.107798165137616,17.186029411764707,8.0,14.0,14.0,11.0,17.61370504118854
