,1,1l,1r,1s,2,2l,2r,2s,3,3l,3r,3s,4,4l,4r,4s,id,1_2,1_3,1_4,2_1,2_3,2_4,3_1,3_2,3_4,4_1,4_2,4_3,p1,p2,p3,p4,speed0,speed1,speed2,speed3,speed4,stop0,stop1,stop2,stop3,stop4,time,timeloss0,timeloss1,timeloss2,timeloss3,timeloss4,travel0,travel1,travel2,travel3,travel4,wait0,wait1,wait2,wait3,wait4,rsl_rssslll_rrsssl_rsslll_0,rsl_rssslll_rrsssl_rsslll_1,rsl_rssslll_rrsssl_rsslll_2,rsl_rssslll_rrsssl_rsslll_3,performance measure
0,3,1,1,1,7,3,1,3,6,1,2,3,6,3,1,2,rsl_rssslll_rrsssl_rsslll,298.0,324.0,306.0,94.0,494.0,498.0,909.0,557.0,278.0,756.0,313.0,310.0,14.0,14.0,11.0,8.0,8.77611397104574,8.663875939430083,8.739958716621771,8.870617366421099,8.724692998136494,0.7989690721649485,0.8109339407744874,0.803943661971831,0.7832454598711189,0.8088578088578089,4.384495973587036,25.713155784650667,26.835523917995403,26.53416901408453,25.011927357937854,26.6813811188811,70.44158075601375,71.59168564920273,71.24394366197183,69.75395430579965,71.43298368298369,17.331042382588773,18.42767653758542,18.07211267605634,16.90099589923843,18.334498834498834,14.0,14.0,11.0,8.0,17.813265265993557
