,1,1l,1r,1s,2,2l,2r,2s,3,3l,3r,3s,4,4l,4r,4s,id,1_2,1_3,1_4,2_1,2_3,2_4,3_1,3_2,3_4,4_1,4_2,4_3,p1,p2,p3,p4,speed0,speed1,speed2,speed3,speed4,stop0,stop1,stop2,stop3,stop4,time,timeloss0,timeloss1,timeloss2,timeloss3,timeloss4,travel0,travel1,travel2,travel3,travel4,wait0,wait1,wait2,wait3,wait4,rsl_rsl_rsl_rrssll_0,rsl_rsl_rsl_rrssll_1,rsl_rsl_rsl_rrssll_2,rsl_rsl_rsl_rrssll_3,performance measure
0,3,1,1,1,3,1,1,1,3,1,1,1,6,2,2,2,rsl_rsl_rsl_rrssll,184.0,216.0,38.0,263.0,239.0,125.0,170.0,59.0,98.0,627.0,447.0,414.0,8.0,8.0,11.0,8.0,8.994027452698466,8.610254437975337,8.625217609480991,9.120049078541317,9.026601213231938,0.8720330237358102,0.9242273180458624,1.0223300970873785,0.8301486199575372,0.8474758324382384,3.3117434978485107,24.950515995872017,27.59699900299102,30.523213592233006,22.847176220806798,23.842749731471535,70.00206398348813,72.65702891326022,75.57378640776699,67.91825902335457,68.88936627282492,16.333333333333332,18.439680957128616,20.602912621359224,14.725053078556263,15.541353383458647,8.0,8.0,11.0,8.0,17.128466674767214
