,1,1l,1r,1s,2,2l,2r,2s,3,3l,3r,3s,4,4l,4r,4s,id,1_2,1_3,1_4,2_1,2_3,2_4,3_1,3_2,3_4,4_1,4_2,4_3,p1,p2,p3,p4,speed0,speed1,speed2,speed3,speed4,stop0,stop1,stop2,stop3,stop4,time,timeloss0,timeloss1,timeloss2,timeloss3,timeloss4,travel0,travel1,travel2,travel3,travel4,wait0,wait1,wait2,wait3,wait4,rsl_rrsl_rssslll_rssssl_0,rsl_rrsl_rssslll_rssssl_1,rsl_rrsl_rssslll_rssssl_2,rsl_rrsl_rssslll_rssssl_3,performance measure
0,3,1,1,1,4,1,2,1,7,3,1,3,6,1,1,4,rsl_rrsl_rssslll_rssssl,158.0,200.0,75.0,360.0,111.0,231.0,748.0,184.0,494.0,266.0,1294.0,178.0,8.0,11.0,11.0,14.0,9.07072666457362,8.768599880675678,8.920754149227285,9.032382330350345,8.99807359652801,0.7671043538355218,0.8254189944134078,0.8050065876152833,0.7782608695652173,0.7928423950447351,3.624997854232788,23.676136834830714,26.737912011173186,24.9199143610013,23.76048550724639,23.776022023399815,68.60677263303387,71.70391061452514,69.85111989459816,68.6768115942029,68.69511355815554,15.67380787836904,18.31983240223464,16.664690382081687,15.833333333333334,15.664143152099106,8.0,11.0,11.0,14.0,16.43116142962356
