,1,1l,1r,1s,2,2l,2r,2s,3,3l,3r,3s,4,4l,4r,4s,id,1_2,1_3,1_4,2_1,2_3,2_4,3_1,3_2,3_4,4_1,4_2,4_3,p1,p2,p3,p4,speed0,speed1,speed2,speed3,speed4,stop0,stop1,stop2,stop3,stop4,time,timeloss0,timeloss1,timeloss2,timeloss3,timeloss4,travel0,travel1,travel2,travel3,travel4,wait0,wait1,wait2,wait3,wait4,rssslll_rssll_rsssl_rrssl_0,rssslll_rssll_rsssl_rrssl_1,rssslll_rssll_rsssl_rrssl_2,rssslll_rssll_rsssl_rrssl_3,performance measure
0,7,3,1,3,5,2,1,2,5,1,1,3,5,1,2,2,rssslll_rssll_rsssl_rrssl,561.0,149.0,209.0,111.0,165.0,571.0,556.0,288.0,106.0,140.0,276.0,306.0,8.0,8.0,8.0,11.0,9.39114858679631,9.492475672234916,9.411944510088508,9.577917869727175,9.485917277953835,0.7563025210084033,0.738074588031223,0.7604790419161677,0.7251101321585903,0.7423312883435583,3.3711495399475098,20.536957983193275,19.954960971379013,20.18946963216426,18.940422907488962,19.622322524101666,65.19495798319328,64.57849089332177,64.86655260906758,63.57533039647577,64.25679228746714,12.94873949579832,12.634865568083262,12.656116338751069,11.704845814977974,12.156879929886065,8.0,8.0,8.0,11.0,12.420289429499338
