,1,1l,1r,1s,2,2l,2r,2s,3,3l,3r,3s,4,4l,4r,4s,id,1_2,1_3,1_4,2_1,2_3,2_4,3_1,3_2,3_4,4_1,4_2,4_3,p1,p2,p3,p4,speed0,speed1,speed2,speed3,speed4,stop0,stop1,stop2,stop3,stop4,time,timeloss0,timeloss1,timeloss2,timeloss3,timeloss4,travel0,travel1,travel2,travel3,travel4,wait0,wait1,wait2,wait3,wait4,rslll_rsl_rrslll_rsl_0,rslll_rsl_rrslll_rsl_1,rslll_rsl_rrslll_rsl_2,rslll_rsl_rrslll_rsl_3,performance measure
0,5,3,1,1,3,1,1,1,6,3,2,1,3,1,1,1,rslll_rsl_rrslll_rsl,270.0,135.0,293.0,125.0,197.0,265.0,139.0,498.0,208.0,169.0,232.0,74.0,5.0,8.0,11.0,11.0,9.271261691905202,9.578542138935454,9.504487424810671,9.664490592671081,9.488471638802595,0.7978609625668449,0.7152858809801633,0.7310734463276836,0.6908665105386417,0.7252252252252253,2.933173656463623,22.36420320855614,18.79560093348893,19.58404519774012,18.422786885245912,19.810382882882855,67.17860962566844,63.530921820303384,64.38870056497176,63.13466042154567,64.55743243243244,14.087700534759358,11.344224037339556,12.098305084745762,11.166276346604215,12.138513513513514,5.0,8.0,11.0,11.0,12.16700390339248
