,1,1l,1r,1s,2,2l,2r,2s,3,3l,3r,3s,4,4l,4r,4s,id,1_2,1_3,1_4,2_1,2_3,2_4,3_1,3_2,3_4,4_1,4_2,4_3,p1,p2,p3,p4,speed0,speed1,speed2,speed3,speed4,stop0,stop1,stop2,stop3,stop4,time,timeloss0,timeloss1,timeloss2,timeloss3,timeloss4,travel0,travel1,travel2,travel3,travel4,wait0,wait1,wait2,wait3,wait4,rrsslll_rrsll_rsssl_rrsslll_0,rrsslll_rrsll_rsssl_rrsslll_1,rrsslll_rrsll_rsssl_rrsslll_2,rrsslll_rrsll_rsssl_rrsslll_3,performance measure
0,7,3,2,2,5,2,2,1,5,1,1,3,7,3,2,2,rrsslll_rrsll_rsssl_rrsslll,661.0,310.0,596.0,99.0,607.0,340.0,857.0,114.0,140.0,204.0,114.0,206.0,11.0,14.0,14.0,14.0,8.499427158895172,8.681922984145704,8.530817856329909,8.780681630471486,8.59315490571356,0.906184850590688,0.7978067169294037,0.8363759296822177,0.7848375451263538,0.8334524660471766,3.842966079711914,32.36044475330088,27.266593557231044,29.699756592292058,26.673617328519896,29.58311651179416,77.04169562195969,71.96778615490062,74.40094658553076,71.31913357400722,74.2566118656183,22.981931897150798,19.069225496915696,21.07031778228533,18.658483754512634,20.99857040743388,11.0,14.0,14.0,14.0,20.55570586765967
