,1,1l,1r,1s,2,2l,2r,2s,3,3l,3r,3s,4,4l,4r,4s,id,1_2,1_3,1_4,2_1,2_3,2_4,3_1,3_2,3_4,4_1,4_2,4_3,p1,p2,p3,p4,speed0,speed1,speed2,speed3,speed4,stop0,stop1,stop2,stop3,stop4,time,timeloss0,timeloss1,timeloss2,timeloss3,timeloss4,travel0,travel1,travel2,travel3,travel4,wait0,wait1,wait2,wait3,wait4,rsssssl_rsl_rrsslll_rsssll_0,rsssssl_rsl_rrsslll_rsssll_1,rsssssl_rsl_rrsslll_rsssll_2,rsssssl_rsl_rrsslll_rsssll_3,performance measure
0,7,1,1,5,3,1,1,1,7,3,2,2,6,2,1,3,rsssssl_rsl_rrsslll_rsssll,303.0,536.0,140.0,191.0,255.0,151.0,332.0,589.0,438.0,307.0,915.0,103.0,11.0,8.0,11.0,11.0,8.945701359320557,8.884496281331952,8.813627824651725,9.016893825008433,9.045672478643079,0.820853743876837,0.823447313328681,0.8725231175693527,0.8068513119533528,0.787963610916725,3.937535047531128,24.841532540237935,25.27406838799722,26.800858652575933,24.34138483965014,23.279902029391163,69.51994401679497,70.01884159106768,71.50462351387054,69.00364431486881,67.9699090272918,16.57592722183345,17.03070481507327,18.03566710700132,16.089650145772595,15.39188243526942,11.0,8.0,11.0,11.0,16.62476634499001
