,1,1l,1r,1s,2,2l,2r,2s,3,3l,3r,3s,4,4l,4r,4s,id,1_2,1_3,1_4,2_1,2_3,2_4,3_1,3_2,3_4,4_1,4_2,4_3,p1,p2,p3,p4,speed0,speed1,speed2,speed3,speed4,stop0,stop1,stop2,stop3,stop4,time,timeloss0,timeloss1,timeloss2,timeloss3,timeloss4,travel0,travel1,travel2,travel3,travel4,wait0,wait1,wait2,wait3,wait4,rsl_rrsll_rsl_rslll_0,rsl_rrsll_rsl_rslll_1,rsl_rrsll_rsl_rslll_2,rsl_rrsll_rsl_rslll_3,performance measure
0,3,1,1,1,5,2,2,1,3,1,1,1,5,3,1,1,rsl_rrsll_rsl_rslll,204.0,285.0,123.0,500.0,236.0,289.0,57.0,273.0,160.0,827.0,197.0,41.0,11.0,14.0,14.0,14.0,8.40135851119203,8.745384518855468,8.678812359852111,8.729377537382856,8.646224624987235,0.8850045998160073,0.7644859813084112,0.8035874439461883,0.7853795688847235,0.7895229186155285,3.2451493740081787,32.551113155473786,26.732401869158906,27.933479820627788,26.79017806935331,28.067006548175858,77.49218031278748,71.70841121495327,72.89237668161435,71.74320524835989,73.01403180542563,23.264029438822448,18.46448598130841,19.34439461883408,18.606373008434865,19.586529466791394,11.0,14.0,14.0,14.0,19.853162502838238
