,1,1l,1r,1s,2,2l,2r,2s,3,3l,3r,3s,4,4l,4r,4s,id,1_2,1_3,1_4,2_1,2_3,2_4,3_1,3_2,3_4,4_1,4_2,4_3,p1,p2,p3,p4,speed0,speed1,speed2,speed3,speed4,stop0,stop1,stop2,stop3,stop4,time,timeloss0,timeloss1,timeloss2,timeloss3,timeloss4,travel0,travel1,travel2,travel3,travel4,wait0,wait1,wait2,wait3,wait4,rrssl_rrssl_rrsslll_rrsslll_0,rrssl_rrssl_rrsslll_rrsslll_1,rrssl_rrssl_rrsslll_rrsslll_2,rrssl_rrssl_rrsslll_rrsslll_3,performance measure
0,5,1,2,2,5,1,2,2,7,3,2,2,7,3,2,2,rrssl_rrssl_rrsslll_rrsslll,230.0,141.0,334.0,231.0,221.0,396.0,148.0,347.0,952.0,562.0,634.0,279.0,14.0,5.0,11.0,11.0,9.218459891963235,9.27514298866484,8.921271832804377,9.224529879071033,9.141572378700307,0.7537754432042022,0.7419786096256684,0.8364779874213837,0.740766073871409,0.7628664495114007,3.9075427055358887,21.90528562048586,21.464064171122946,25.564622641509416,21.990403556771536,22.687641693811074,66.56598818122127,66.14772727272727,70.23522012578616,66.65663474692202,67.33745928338762,14.188443860801051,13.943181818181818,17.112578616352202,14.30095759233926,14.935504885993485,14.0,5.0,11.0,11.0,14.896133354733564
