,1,1l,1r,1s,2,2l,2r,2s,3,3l,3r,3s,4,4l,4r,4s,id,1_2,1_3,1_4,2_1,2_3,2_4,3_1,3_2,3_4,4_1,4_2,4_3,p1,p2,p3,p4,speed0,speed1,speed2,speed3,speed4,stop0,stop1,stop2,stop3,stop4,time,timeloss0,timeloss1,timeloss2,timeloss3,timeloss4,travel0,travel1,travel2,travel3,travel4,wait0,wait1,wait2,wait3,wait4,rsl_rsssssl_rsll_rrssl_0,rsl_rsssssl_rsll_rrssl_1,rsl_rsssssl_rsll_rrssl_2,rsl_rsssssl_rsll_rrssl_3,performance measure
0,3,1,1,1,7,1,1,5,4,2,1,1,5,1,2,2,rsl_rsssssl_rsll_rrssl,75.0,237.0,50.0,89.0,258.0,1729.0,41.0,296.0,450.0,91.0,440.0,253.0,11.0,11.0,11.0,14.0,9.051441113544874,8.79875130710443,8.623208718317684,8.700311544699606,8.9740904558271,0.76431718061674,0.8103061986557132,0.8644304682040531,0.8452830188679246,0.782608695652174,3.6094605922698975,23.62577826725402,25.83534727408511,28.8861285814116,28.30368301886791,24.38910832719234,68.58076358296623,70.78342046303212,73.90845562543676,73.25358490566038,69.31982313927782,15.540381791483114,17.471994025392085,19.937106918238992,19.52,16.25350036845984,11.0,11.0,11.0,14.0,17.744596620714805
