,1,1l,1r,1s,2,2l,2r,2s,3,3l,3r,3s,4,4l,4r,4s,id,1_2,1_3,1_4,2_1,2_3,2_4,3_1,3_2,3_4,4_1,4_2,4_3,p1,p2,p3,p4,speed0,speed1,speed2,speed3,speed4,stop0,stop1,stop2,stop3,stop4,time,timeloss0,timeloss1,timeloss2,timeloss3,timeloss4,travel0,travel1,travel2,travel3,travel4,wait0,wait1,wait2,wait3,wait4,rsl_rsssl_rssssl_rssll_0,rsl_rsssl_rssssl_rssll_1,rsl_rsssl_rssssl_rssll_2,rsl_rsssl_rssssl_rssll_3,performance measure
0,3,1,1,1,5,1,1,3,6,1,1,4,5,2,1,2,rsl_rsssl_rssssl_rssll,64.0,303.0,250.0,270.0,299.0,807.0,1309.0,160.0,119.0,572.0,597.0,57.0,5.0,14.0,14.0,11.0,8.831969386487254,8.765735879914391,8.63062210323969,8.710128798484098,8.705749706111364,0.8863346104725415,0.8261134838316047,0.8708906156604901,0.8518041237113402,0.8457283343577136,3.9403951168060303,29.394016602809693,26.35806589383771,27.99142857142852,27.58138530927838,27.217768899815642,74.41315453384419,71.39109212934716,73.00717274357442,72.59020618556701,72.24093423478796,20.415708812260537,17.79011592434411,19.0824865511058,18.873067010309278,18.492317148125384,5.0,14.0,14.0,11.0,18.930739089229018
