,1,1l,1r,1s,2,2l,2r,2s,3,3l,3r,3s,4,4l,4r,4s,id,1_2,1_3,1_4,2_1,2_3,2_4,3_1,3_2,3_4,4_1,4_2,4_3,p1,p2,p3,p4,speed0,speed1,speed2,speed3,speed4,stop0,stop1,stop2,stop3,stop4,time,timeloss0,timeloss1,timeloss2,timeloss3,timeloss4,travel0,travel1,travel2,travel3,travel4,wait0,wait1,wait2,wait3,wait4,rsl_rsl_rsl_rrssssl_0,rsl_rsl_rsl_rrssssl_1,rsl_rsl_rsl_rrssssl_2,rsl_rsl_rsl_rrssssl_3,performance measure
0,3,1,1,1,3,1,1,1,3,1,1,1,7,1,2,4,rsl_rsl_rsl_rrssssl,269.0,83.0,157.0,157.0,255.0,180.0,70.0,211.0,260.0,114.0,212.0,293.0,11.0,5.0,11.0,8.0,9.176563972863956,9.388506562140174,9.170060139383793,9.401385558069757,9.462980020109535,0.8272841051314143,0.744,0.8210659898477157,0.7397820163487738,0.752258064516129,2.7183778285980225,23.645556946182747,20.68582666666666,23.290964467005082,20.667615803814716,19.798812903225805,68.42177722152691,65.392,68.03045685279187,65.34468664850137,64.53935483870968,15.376720901126408,13.1,14.940355329949238,12.881471389645776,12.210322580645162,11.0,5.0,11.0,8.0,13.701774040273316
