,1,1l,1r,1s,2,2l,2r,2s,3,3l,3r,3s,4,4l,4r,4s,id,1_2,1_3,1_4,2_1,2_3,2_4,3_1,3_2,3_4,4_1,4_2,4_3,p1,p2,p3,p4,speed0,speed1,speed2,speed3,speed4,stop0,stop1,stop2,stop3,stop4,time,timeloss0,timeloss1,timeloss2,timeloss3,timeloss4,travel0,travel1,travel2,travel3,travel4,wait0,wait1,wait2,wait3,wait4,rrslll_rssll_rsl_rssssll_0,rrslll_rssll_rsl_rssssll_1,rrslll_rssll_rsl_rssssll_2,rrslll_rssll_rsl_rssssll_3,performance measure
0,6,3,2,1,5,2,1,2,3,1,1,1,7,2,1,4,rrslll_rssll_rsl_rssssll,400.0,132.0,226.0,293.0,172.0,716.0,98.0,59.0,161.0,641.0,312.0,164.0,8.0,5.0,11.0,11.0,8.487393070186835,8.725343656716769,8.678286936984726,8.876161295229823,9.174629425279907,1.052212389380531,0.9163071613459879,1.0313790255986788,0.9241622574955908,0.8261648745519713,3.474544048309326,32.31345132743364,26.714952545297677,31.13914120561521,26.701269841269834,23.184614695340493,77.11327433628318,71.52459016393442,75.93476465730801,71.51410934744268,67.9068100358423,22.016814159292036,17.827437446074203,21.265895953757227,17.721340388007054,15.060035842293907,8.0,5.0,11.0,11.0,18.778304757884882
