,1,1l,1r,1s,2,2l,2r,2s,3,3l,3r,3s,4,4l,4r,4s,id,1_2,1_3,1_4,2_1,2_3,2_4,3_1,3_2,3_4,4_1,4_2,4_3,p1,p2,p3,p4,speed0,speed1,speed2,speed3,speed4,stop0,stop1,stop2,stop3,stop4,time,timeloss0,timeloss1,timeloss2,timeloss3,timeloss4,travel0,travel1,travel2,travel3,travel4,wait0,wait1,wait2,wait3,wait4,rsl_rrsl_rssslll_rssssl_0,rsl_rrsl_rssslll_rssssl_1,rsl_rrsl_rssslll_rssssl_2,rsl_rrsl_rssslll_rssssl_3,performance measure
0,3,1,1,1,4,1,2,1,7,3,1,3,6,1,1,4,rsl_rrsl_rssslll_rssssl,295.0,49.0,237.0,237.0,299.0,80.0,380.0,288.0,560.0,290.0,1435.0,120.0,11.0,5.0,11.0,11.0,8.704382315446843,8.362870018370169,7.4713152210747,8.5651789502169,8.22159363891993,0.8741355463347165,0.9774330042313117,1.336551724137931,0.9259525521207764,1.0345542501727714,4.032266616821289,26.605746887966777,30.579301833568362,45.0096827586206,28.34007907979875,32.923538355217715,71.50138312586445,75.50141043723555,89.91931034482758,73.19985621854781,77.79267449896338,17.887966804979254,20.998589562764458,32.0951724137931,19.167505391804458,22.721492743607463,11.0,5.0,11.0,11.0,22.574145383389748
