,1,1l,1r,1s,2,2l,2r,2s,3,3l,3r,3s,4,4l,4r,4s,id,1_2,1_3,1_4,2_1,2_3,2_4,3_1,3_2,3_4,4_1,4_2,4_3,p1,p2,p3,p4,speed0,speed1,speed2,speed3,speed4,stop0,stop1,stop2,stop3,stop4,time,timeloss0,timeloss1,timeloss2,timeloss3,timeloss4,travel0,travel1,travel2,travel3,travel4,wait0,wait1,wait2,wait3,wait4,rsl_rrsll_rsl_rslll_0,rsl_rrsll_rsl_rslll_1,rsl_rrsll_rsl_rslll_2,rsl_rrsll_rsl_rslll_3,performance measure
0,3,1,1,1,5,2,2,1,3,1,1,1,5,3,1,1,rsl_rrsll_rsl_rslll,251.0,135.0,322.0,383.0,583.0,167.0,170.0,52.0,234.0,271.0,350.0,120.0,11.0,8.0,11.0,14.0,8.463545977759736,8.736672241620932,8.56609835258606,8.622318463240312,8.399465723785767,0.9212007504690432,0.8141592920353983,0.9017013232514177,0.8607467204843592,0.9491046182846371,3.0488011837005615,31.709587242026252,26.651209439528056,30.758629489603017,28.19186680121091,32.01724787935905,76.64071294559099,71.63323500491641,75.65973534971644,73.17457114026236,76.88972667295005,22.402439024390244,18.107177974434613,21.593572778827976,19.49848637739657,22.39962299717248,11.0,8.0,11.0,14.0,20.80025983044438
