,1,1l,1r,1s,2,2l,2r,2s,3,3l,3r,3s,4,4l,4r,4s,id,1_2,1_3,1_4,2_1,2_3,2_4,3_1,3_2,3_4,4_1,4_2,4_3,p1,p2,p3,p4,speed0,speed1,speed2,speed3,speed4,stop0,stop1,stop2,stop3,stop4,time,timeloss0,timeloss1,timeloss2,timeloss3,timeloss4,travel0,travel1,travel2,travel3,travel4,wait0,wait1,wait2,wait3,wait4,rssslll_rrsssl_rsssssl_rsl_0,rssslll_rrsssl_rsssssl_rsl_1,rssslll_rrsssl_rsssssl_rsl_2,rssslll_rrsssl_rsssssl_rsl_3,performance measure
0,7,3,1,3,6,1,2,3,7,1,1,5,3,1,1,1,rssslll_rrsssl_rsssssl_rsl,548.0,784.0,100.0,444.0,161.0,282.0,1514.0,157.0,271.0,292.0,216.0,146.0,11.0,14.0,11.0,8.0,8.850406373904427,8.725875524089753,8.784980891896408,8.958315319487578,8.845400853006739,0.8338423946243128,0.9222290263319045,0.8639534883720931,0.8102791878172588,0.8737745098039216,3.9426076412200928,26.62427000610873,30.459246785058163,27.612296511627818,25.563559644670065,28.519466911764663,71.47403787416005,75.33006736068586,72.43081395348837,70.38769035532995,73.36703431372548,18.2376298106292,21.158603796693203,18.811046511627907,17.263324873096447,19.67769607843137,11.0,14.0,11.0,8.0,19.029660214095625
