,1,1l,1r,1s,2,2l,2r,2s,3,3l,3r,3s,4,4l,4r,4s,id,1_2,1_3,1_4,2_1,2_3,2_4,3_1,3_2,3_4,4_1,4_2,4_3,p1,p2,p3,p4,speed0,speed1,speed2,speed3,speed4,stop0,stop1,stop2,stop3,stop4,time,timeloss0,timeloss1,timeloss2,timeloss3,timeloss4,travel0,travel1,travel2,travel3,travel4,wait0,wait1,wait2,wait3,wait4,rsll_rsl_rssslll_rrsssll_0,rsll_rsl_rssslll_rrsssll_1,rsll_rsl_rssslll_rrsssll_2,rsll_rsl_rssslll_rrsssll_3,performance measure
0,4,2,1,1,3,1,1,1,7,3,1,3,7,2,2,3,rsll_rsl_rssslll_rrsssll,173.0,158.0,204.0,184.0,283.0,212.0,516.0,236.0,816.0,310.0,153.0,118.0,11.0,8.0,11.0,8.0,8.976328169739716,9.228133728614111,8.986951835298028,8.983103567703955,9.203146933388153,0.8941798941798942,0.7758775877587759,0.8234295415959253,0.8401084010840109,0.7825711820534944,3.1226072311401367,27.066675485008826,22.067002700270024,24.519261460101824,25.00119241192412,22.28825711820536,71.75837742504409,66.77677767776778,69.2453310696095,69.72086720867209,67.0181190681622,18.2689594356261,14.306030603060305,16.207130730050935,16.66576332429991,14.371872303710095,11.0,8.0,11.0,8.0,15.96395127934947
