,1,1l,1r,1s,2,2l,2r,2s,3,3l,3r,3s,4,4l,4r,4s,id,1_2,1_3,1_4,2_1,2_3,2_4,3_1,3_2,3_4,4_1,4_2,4_3,p1,p2,p3,p4,speed0,speed1,speed2,speed3,speed4,stop0,stop1,stop2,stop3,stop4,time,timeloss0,timeloss1,timeloss2,timeloss3,timeloss4,travel0,travel1,travel2,travel3,travel4,wait0,wait1,wait2,wait3,wait4,rssslll_rssll_rsssl_rrssl_0,rssslll_rssll_rsssl_rrssl_1,rssslll_rssll_rsssl_rrssl_2,rssslll_rssll_rsssl_rrssl_3,performance measure
0,7,3,1,3,5,2,1,2,5,1,1,3,5,1,2,2,rssslll_rssll_rsssl_rrssl,899.0,335.0,157.0,227.0,548.0,496.0,954.0,50.0,74.0,308.0,559.0,102.0,14.0,14.0,14.0,14.0,8.271094672203173,8.182428011857558,8.278617678977442,8.318702252957333,8.46425833229475,0.8579654510556622,0.8833124215809285,0.8541162227602905,0.8510217534607778,0.8186986734049273,3.821147918701172,31.036199616122865,32.22966122961103,31.255817191283285,30.477251153592576,29.264162981680354,76.06589891234805,77.26474278544542,76.26573849878935,75.51285431773236,74.27605811749842,22.236724248240563,23.292346298619826,22.354721549636803,21.731048121292023,20.89955780164245,14.0,14.0,14.0,14.0,22.102879603886333
