,1,1l,1r,1s,2,2l,2r,2s,3,3l,3r,3s,4,4l,4r,4s,id,1_2,1_3,1_4,2_1,2_3,2_4,3_1,3_2,3_4,4_1,4_2,4_3,p1,p2,p3,p4,speed0,speed1,speed2,speed3,speed4,stop0,stop1,stop2,stop3,stop4,time,timeloss0,timeloss1,timeloss2,timeloss3,timeloss4,travel0,travel1,travel2,travel3,travel4,wait0,wait1,wait2,wait3,wait4,rrsssll_rsl_rsl_rrsll_0,rrsssll_rsl_rsl_rrsll_1,rrsssll_rsl_rsl_rrsll_2,rrsssll_rsl_rsl_rrsll_3,performance measure
0,7,2,2,3,3,1,1,1,3,1,1,1,5,2,2,1,rrsssll_rsl_rsl_rrsll,211.0,285.0,473.0,64.0,142.0,350.0,199.0,133.0,128.0,506.0,93.0,525.0,5.0,8.0,11.0,11.0,8.756941222773099,9.279608865734923,8.973667023001077,9.305207539352367,9.191947824984723,1.054806828391734,0.7898089171974523,0.9422548120989918,0.8031341821743389,0.8447619047619047,3.0768768787384033,33.19664869721474,22.170773430391268,27.465426214482125,22.48262487757103,24.13797142857142,77.72416891284816,66.7515923566879,72.0659945004583,67.09304603330068,68.71047619047619,22.665768194070083,14.182893539581437,18.185151237396884,14.479921645445641,15.587619047619048,5.0,8.0,11.0,11.0,17.020270732822617
