,1,1l,1r,1s,2,2l,2r,2s,3,3l,3r,3s,4,4l,4r,4s,id,1_2,1_3,1_4,2_1,2_3,2_4,3_1,3_2,3_4,4_1,4_2,4_3,p1,p2,p3,p4,speed0,speed1,speed2,speed3,speed4,stop0,stop1,stop2,stop3,stop4,time,timeloss0,timeloss1,timeloss2,timeloss3,timeloss4,travel0,travel1,travel2,travel3,travel4,wait0,wait1,wait2,wait3,wait4,rrsssll_rsl_rsl_rrsll_0,rrsssll_rsl_rsl_rrsll_1,rrsssll_rsl_rsl_rrsll_2,rrsssll_rsl_rsl_rrsll_3,performance measure
0,7,2,2,3,3,1,1,1,3,1,1,1,5,2,2,1,rrsssll_rsl_rsl_rrsll,515.0,209.0,104.0,250.0,108.0,176.0,274.0,156.0,196.0,86.0,293.0,595.0,11.0,11.0,5.0,11.0,9.328028616420388,9.394377422756325,9.143319200152577,9.396320303865842,9.304101828547987,0.747867298578199,0.7300303336703741,0.7906976744186046,0.7241379310344828,0.7679282868525896,3.2103843688964844,21.932303317535567,20.539433771486365,23.094147286821684,20.828215010142024,22.74605577689245,66.56682464454977,65.28311425682507,67.82170542635659,65.50811359026369,67.4292828685259,13.974407582938388,12.86552072800809,14.844961240310077,13.22920892494929,14.659362549800797,11.0,11.0,5.0,11.0,13.914692205201328
