,1,1l,1r,1s,2,2l,2r,2s,3,3l,3r,3s,4,4l,4r,4s,id,1_2,1_3,1_4,2_1,2_3,2_4,3_1,3_2,3_4,4_1,4_2,4_3,p1,p2,p3,p4,speed0,speed1,speed2,speed3,speed4,stop0,stop1,stop2,stop3,stop4,time,timeloss0,timeloss1,timeloss2,timeloss3,timeloss4,travel0,travel1,travel2,travel3,travel4,wait0,wait1,wait2,wait3,wait4,rssll_rrsl_rsssl_rrsl_0,rssll_rrsl_rsssl_rrsl_1,rssll_rrsl_rsssl_rrsl_2,rssll_rrsl_rsssl_rrsl_3,performance measure
0,5,2,1,2,4,1,2,1,5,1,1,3,4,1,2,1,rssll_rrsl_rsssl_rrsl,565.0,188.0,88.0,586.0,143.0,266.0,326.0,229.0,166.0,230.0,117.0,596.0,11.0,5.0,11.0,11.0,9.298371308279181,9.375592057317807,9.164362252026857,9.448843033901316,9.570679010651768,0.7911646586345381,0.7395388556789069,0.7783251231527094,0.7135593220338983,0.6840731070496083,3.513848304748535,22.958008032128525,20.96181041844576,23.05276683087026,20.171618644067813,19.538859878154945,67.56064257028112,65.60546541417592,67.6888341543514,64.77542372881356,64.15839860748477,14.72289156626506,13.333048676345005,15.045977011494253,12.625423728813558,12.220191470844213,11.0,5.0,11.0,11.0,13.589506490752417
