,1,1l,1r,1s,2,2l,2r,2s,3,3l,3r,3s,4,4l,4r,4s,id,1_2,1_3,1_4,2_1,2_3,2_4,3_1,3_2,3_4,4_1,4_2,4_3,p1,p2,p3,p4,speed0,speed1,speed2,speed3,speed4,stop0,stop1,stop2,stop3,stop4,time,timeloss0,timeloss1,timeloss2,timeloss3,timeloss4,travel0,travel1,travel2,travel3,travel4,wait0,wait1,wait2,wait3,wait4,rsl_rssslll_rrsssl_rsslll_0,rsl_rssslll_rrsssl_rsslll_1,rsl_rssslll_rrsssl_rsslll_2,rsl_rssslll_rrsssl_rsslll_3,performance measure
0,3,1,1,1,7,3,1,3,6,1,2,3,6,3,1,2,rsl_rssslll_rrsssl_rsslll,110.0,214.0,112.0,275.0,188.0,1001.0,692.0,564.0,89.0,273.0,685.0,165.0,5.0,8.0,5.0,11.0,9.580199880496119,9.532327018742041,9.545661909061307,9.619249119312919,9.719618785771099,0.7621326042378674,0.7582110412299091,0.766042780748663,0.7510460251046025,0.7219545767377838,3.805835485458374,19.163950786056034,18.785045422781277,19.4099465240642,18.084686192468617,17.467969717825184,63.8796992481203,63.51642208245982,64.09358288770053,62.78103207810321,62.17412250516173,11.370471633629528,11.04682040531097,11.592245989304812,10.444909344490934,9.998623537508603,5.0,8.0,5.0,11.0,10.890614182048969
