,1,1l,1r,1s,2,2l,2r,2s,3,3l,3r,3s,4,4l,4r,4s,id,1_2,1_3,1_4,2_1,2_3,2_4,3_1,3_2,3_4,4_1,4_2,4_3,p1,p2,p3,p4,speed0,speed1,speed2,speed3,speed4,stop0,stop1,stop2,stop3,stop4,time,timeloss0,timeloss1,timeloss2,timeloss3,timeloss4,travel0,travel1,travel2,travel3,travel4,wait0,wait1,wait2,wait3,wait4,rsl_rrsl_rssslll_rssssl_0,rsl_rrsl_rssslll_rssssl_1,rsl_rrsl_rssslll_rssssl_2,rsl_rrsl_rssslll_rssssl_3,performance measure
0,3,1,1,1,4,1,2,1,7,3,1,3,6,1,1,4,rsl_rrsl_rssslll_rssssl,66.0,75.0,245.0,340.0,258.0,307.0,261.0,96.0,676.0,259.0,1013.0,66.0,8.0,5.0,11.0,11.0,9.061358850118864,9.168381647106644,8.998782077508672,9.180069126379303,9.087870274325924,0.888532477947073,0.8090982940698619,0.8572549019607844,0.8160821214713431,0.8233908948194663,3.4237704277038574,25.53063352044907,22.22160032493903,24.200101960784313,22.67247219846019,23.158288854003178,70.39133921411387,67.12022745735175,69.0729411764706,67.53122326775022,68.0486656200942,16.46030473135525,14.142160844841593,15.668235294117647,14.627031650983747,14.895604395604396,8.0,5.0,11.0,11.0,15.158667383380527
