,1,1l,1r,1s,2,2l,2r,2s,3,3l,3r,3s,4,4l,4r,4s,id,1_2,1_3,1_4,2_1,2_3,2_4,3_1,3_2,3_4,4_1,4_2,4_3,p1,p2,p3,p4,speed0,speed1,speed2,speed3,speed4,stop0,stop1,stop2,stop3,stop4,time,timeloss0,timeloss1,timeloss2,timeloss3,timeloss4,travel0,travel1,travel2,travel3,travel4,wait0,wait1,wait2,wait3,wait4,rssll_rrssl_rssslll_rrssll_0,rssll_rrssl_rssslll_rrssll_1,rssll_rrssl_rssslll_rrssll_2,rssll_rrssl_rssslll_rrssll_3,performance measure
0,5,2,1,2,5,1,2,2,7,3,1,3,6,2,2,2,rssll_rrssl_rssslll_rrssll,567.0,113.0,233.0,289.0,200.0,426.0,1064.0,99.0,289.0,152.0,716.0,633.0,14.0,14.0,8.0,14.0,8.787358396875659,8.704419701311844,8.71036311990535,8.729654493688832,8.769800172696936,0.8012158054711246,0.8276077451592755,0.8103658536585366,0.8392282958199357,0.8085373509102323,4.0968263149261475,26.26997568389055,28.04748282323551,27.311097560975604,29.471241157556264,27.207602008788466,70.95683890577507,72.78388507183011,72.04024390243903,74.17877813504823,71.91337099811676,17.98905775075988,19.423485321673954,18.930487804878048,20.785209003215435,18.86691776522285,14.0,14.0,8.0,14.0,19.199031529150034
