,1,1l,1r,1s,2,2l,2r,2s,3,3l,3r,3s,4,4l,4r,4s,id,1_2,1_3,1_4,2_1,2_3,2_4,3_1,3_2,3_4,4_1,4_2,4_3,p1,p2,p3,p4,speed0,speed1,speed2,speed3,speed4,stop0,stop1,stop2,stop3,stop4,time,timeloss0,timeloss1,timeloss2,timeloss3,timeloss4,travel0,travel1,travel2,travel3,travel4,wait0,wait1,wait2,wait3,wait4,rrsslll_rrsll_rsssl_rrsslll_0,rrsslll_rrsll_rsssl_rrsslll_1,rrsslll_rrsll_rsssl_rrsslll_2,rrsslll_rrsll_rsssl_rrsslll_3,performance measure
0,7,3,2,2,5,2,2,1,5,1,1,3,7,3,2,2,rrsslll_rrsll_rsssl_rrsslll,534.0,641.0,335.0,257.0,599.0,199.0,696.0,308.0,82.0,210.0,161.0,513.0,8.0,11.0,11.0,8.0,9.206374633521666,9.275549343561453,9.05261155321765,9.33519412982491,9.18717215695145,0.8324675324675325,0.7588699080157687,0.8070404172099087,0.7415807560137457,0.7754569190600522,4.213673114776611,24.501753246753264,21.349270696452045,23.50089960886572,20.94586941580754,22.721625326370752,68.97597402597403,65.91392904073588,68.04954367666232,65.45567010309279,67.23237597911228,16.053896103896104,13.582785808147175,15.46284224250326,13.339518900343643,14.756527415143603,8.0,11.0,11.0,8.0,14.639114094006757
