,1,1l,1r,1s,2,2l,2r,2s,3,3l,3r,3s,4,4l,4r,4s,id,1_2,1_3,1_4,2_1,2_3,2_4,3_1,3_2,3_4,4_1,4_2,4_3,p1,p2,p3,p4,speed0,speed1,speed2,speed3,speed4,stop0,stop1,stop2,stop3,stop4,time,timeloss0,timeloss1,timeloss2,timeloss3,timeloss4,travel0,travel1,travel2,travel3,travel4,wait0,wait1,wait2,wait3,wait4,rssslll_rssll_rsssl_rrssl_0,rssslll_rssll_rsssl_rrssl_1,rssslll_rssll_rsssl_rrssl_2,rssslll_rssll_rsssl_rrssl_3,performance measure
0,7,3,1,3,5,2,1,2,5,1,1,3,5,1,2,2,rssslll_rssll_rsssl_rrssl,215.0,254.0,49.0,297.0,304.0,325.0,629.0,279.0,296.0,308.0,145.0,134.0,11.0,8.0,11.0,8.0,9.068773649565989,8.90498108056624,8.907807952724683,8.987307417917899,9.181831868786885,0.8073807380738074,0.8766114180478821,0.8576388888888888,0.8490028490028491,0.7939001848428835,3.156538486480713,23.598496849684977,25.654613259668526,25.597777777777775,25.067018043684683,22.926589648798508,68.2916291629163,70.3646408839779,70.25173611111111,69.79107312440645,67.59334565619224,15.408640864086408,17.15193370165746,17.108506944444443,16.61443494776828,15.059149722735675,11.0,8.0,11.0,8.0,16.26853323613845
