,1,1l,1r,1s,2,2l,2r,2s,3,3l,3r,3s,4,4l,4r,4s,id,1_2,1_3,1_4,2_1,2_3,2_4,3_1,3_2,3_4,4_1,4_2,4_3,p1,p2,p3,p4,speed0,speed1,speed2,speed3,speed4,stop0,stop1,stop2,stop3,stop4,time,timeloss0,timeloss1,timeloss2,timeloss3,timeloss4,travel0,travel1,travel2,travel3,travel4,wait0,wait1,wait2,wait3,wait4,rsll_rsl_rssslll_rrsssll_0,rsll_rsl_rssslll_rrsssll_1,rsll_rsl_rssslll_rrsssll_2,rsll_rsl_rssslll_rrsssll_3,performance measure
0,4,2,1,1,3,1,1,1,7,3,1,3,7,2,2,3,rsll_rsl_rssslll_rrsssll,177.0,267.0,308.0,92.0,85.0,311.0,629.0,317.0,927.0,471.0,714.0,188.0,14.0,14.0,11.0,14.0,8.371137110374711,8.35422704226092,8.511103940881538,8.599581708811167,8.459608285101307,0.8841059602649006,0.8922670191672174,0.8125,0.8004101161995899,0.8479794740218088,3.7282185554504395,31.70351655629135,32.55469927296763,29.144864690721597,27.722392344497653,29.97869788325851,76.56158940397351,77.43555849306014,74.02835051546391,72.57758031442242,74.82809493264914,22.441721854304635,23.331130204890947,20.454252577319586,19.343814080656188,20.93906350224503,14.0,14.0,11.0,14.0,21.30199644388328
