,1,1l,1r,1s,2,2l,2r,2s,3,3l,3r,3s,4,4l,4r,4s,id,1_2,1_3,1_4,2_1,2_3,2_4,3_1,3_2,3_4,4_1,4_2,4_3,p1,p2,p3,p4,speed0,speed1,speed2,speed3,speed4,stop0,stop1,stop2,stop3,stop4,time,timeloss0,timeloss1,timeloss2,timeloss3,timeloss4,travel0,travel1,travel2,travel3,travel4,wait0,wait1,wait2,wait3,wait4,rslll_rsl_rrslll_rsl_0,rslll_rsl_rrslll_rsl_1,rslll_rsl_rrslll_rsl_2,rslll_rsl_rrslll_rsl_3,performance measure
0,5,3,1,1,3,1,1,1,6,3,2,1,3,1,1,1,rslll_rsl_rrslll_rsl,737.0,252.0,74.0,318.0,193.0,142.0,276.0,465.0,138.0,256.0,171.0,62.0,11.0,11.0,11.0,8.0,8.91579689673036,8.868304321003498,8.787535984292663,9.149238173218057,8.952214376067971,0.8287864534336783,0.8354307841239109,0.8491921005385996,0.7667304015296367,0.803960396039604,3.2268457412719727,25.022285983066826,25.778722168441394,26.28143626570914,22.506845124282993,25.295336633663354,69.89651928504233,70.65246853823814,71.10592459605027,67.36328871892925,70.14851485148515,16.513640639698966,17.14617618586641,17.514362657091564,14.562141491395794,16.825742574257426,11.0,11.0,11.0,8.0,16.512412709662033
