,1,1l,1r,1s,2,2l,2r,2s,3,3l,3r,3s,4,4l,4r,4s,id,1_2,1_3,1_4,2_1,2_3,2_4,3_1,3_2,3_4,4_1,4_2,4_3,p1,p2,p3,p4,speed0,speed1,speed2,speed3,speed4,stop0,stop1,stop2,stop3,stop4,time,timeloss0,timeloss1,timeloss2,timeloss3,timeloss4,travel0,travel1,travel2,travel3,travel4,wait0,wait1,wait2,wait3,wait4,rssslll_rrsssl_rsssssl_rsl_0,rssslll_rrsssl_rsssssl_rsl_1,rssslll_rrsssl_rsssssl_rsl_2,rssslll_rrsssl_rsssssl_rsl_3,performance measure
0,7,3,1,3,6,1,2,3,7,1,1,5,3,1,1,1,rssslll_rrsssl_rsssssl_rsl,472.0,515.0,299.0,378.0,278.0,902.0,1788.0,52.0,266.0,269.0,279.0,39.0,14.0,18.0,14.0,14.0,8.345682839588923,8.399520277739926,8.246656282359378,8.304487619993228,8.321353251541982,0.8263964950711938,0.8116639914392724,0.8581116327595201,0.8489409141583054,0.8429347826086957,4.655176639556885,30.544950711938654,30.381653290529638,32.401606677099586,32.27379598662202,31.34380434782605,75.37349397590361,75.23167469234885,77.22743870631194,77.13600891861762,76.14239130434783,21.89539978094195,21.78598180845372,23.37037037037037,23.40691192865106,22.58478260869565,14.0,18.0,14.0,14.0,22.608689299422547
