,1,1l,1r,1s,2,2l,2r,2s,3,3l,3r,3s,4,4l,4r,4s,id,1_2,1_3,1_4,2_1,2_3,2_4,3_1,3_2,3_4,4_1,4_2,4_3,p1,p2,p3,p4,speed0,speed1,speed2,speed3,speed4,stop0,stop1,stop2,stop3,stop4,time,timeloss0,timeloss1,timeloss2,timeloss3,timeloss4,travel0,travel1,travel2,travel3,travel4,wait0,wait1,wait2,wait3,wait4,rrsll_rssl_rsssll_rsl_0,rrsll_rssl_rsssll_rsl_1,rrsll_rssl_rsssll_rsl_2,rrsll_rssl_rsssll_rsl_3,performance measure
0,5,2,2,1,4,1,1,2,6,2,1,3,3,1,1,1,rrsll_rssl_rsssll_rsl,406.0,86.0,305.0,109.0,225.0,187.0,444.0,131.0,84.0,65.0,45.0,165.0,8.0,8.0,8.0,5.0,9.782986536500305,9.564149646712455,9.57451181821111,9.422786089357915,9.916532722706771,0.70062893081761,0.7595772787318362,0.772020725388601,0.8309492847854356,0.6810228802153432,2.578141927719116,17.649823899371082,19.10260237780709,19.1109585492228,22.174798439531823,16.43913862718709,62.413836477987424,63.78731836195509,63.865284974093264,66.85695708712613,61.07671601615074,10.484276729559749,11.74768824306473,11.64119170984456,14.01560468140442,9.526244952893673,8.0,8.0,8.0,5.0,11.483001263353426
