,1,1l,1r,1s,2,2l,2r,2s,3,3l,3r,3s,4,4l,4r,4s,id,1_2,1_3,1_4,2_1,2_3,2_4,3_1,3_2,3_4,4_1,4_2,4_3,p1,p2,p3,p4,speed0,speed1,speed2,speed3,speed4,stop0,stop1,stop2,stop3,stop4,time,timeloss0,timeloss1,timeloss2,timeloss3,timeloss4,travel0,travel1,travel2,travel3,travel4,wait0,wait1,wait2,wait3,wait4,rsll_rsl_rssslll_rrsssll_0,rsll_rsl_rssslll_rrsssll_1,rsll_rsl_rssslll_rrsssll_2,rsll_rsl_rssslll_rrsssll_3,performance measure
0,4,2,1,1,3,1,1,1,7,3,1,3,7,2,2,3,rsll_rsl_rssslll_rrsssll,340.0,154.0,93.0,105.0,117.0,262.0,683.0,307.0,867.0,323.0,664.0,480.0,11.0,8.0,8.0,11.0,8.903610317388518,9.039344168842185,9.045819900469539,9.214892334371976,9.209649842855416,0.8721311475409836,0.8136986301369863,0.8011968085106383,0.7663421418636995,0.7548430193720775,3.7394919395446777,26.12815737704914,23.699849315068533,23.579202127659606,21.80565368567454,21.9790046760187,70.88065573770491,68.47191780821917,68.35704787234043,66.56258692628651,66.72879091516366,17.241967213114755,15.653424657534247,15.464760638297872,13.990959666203059,14.074148296593187,11.0,8.0,8.0,11.0,15.285052094348623
