,1,1l,1r,1s,2,2l,2r,2s,3,3l,3r,3s,4,4l,4r,4s,id,1_2,1_3,1_4,2_1,2_3,2_4,3_1,3_2,3_4,4_1,4_2,4_3,p1,p2,p3,p4,speed0,speed1,speed2,speed3,speed4,stop0,stop1,stop2,stop3,stop4,time,timeloss0,timeloss1,timeloss2,timeloss3,timeloss4,travel0,travel1,travel2,travel3,travel4,wait0,wait1,wait2,wait3,wait4,rssll_rrssl_rssslll_rrssll_0,rssll_rrssl_rssslll_rrssll_1,rssll_rrssl_rssslll_rrssll_2,rssll_rrssl_rssslll_rrssll_3,performance measure
0,5,2,1,2,5,1,2,2,7,3,1,3,6,2,2,2,rssll_rrssl_rssslll_rrssll,536.0,294.0,55.0,256.0,160.0,486.0,389.0,248.0,124.0,459.0,98.0,608.0,11.0,8.0,11.0,11.0,9.326086143426217,9.243472071776779,9.110864790719276,9.2964404707325,9.321544726381608,0.7185354691075515,0.7490196078431373,0.7790608160123171,0.7302839116719243,0.7049714751426243,3.4395344257354736,21.041693363844406,21.793176470588214,23.1455504234026,21.390315457413248,21.081246943765265,65.53318077803203,66.33490196078431,67.67590454195535,65.89116719242902,65.57294213528932,13.555301296720062,14.258823529411766,15.278675904541956,13.840694006309148,13.653626731866341,11.0,8.0,11.0,11.0,14.117424293769854
