,1,1l,1r,1s,2,2l,2r,2s,3,3l,3r,3s,4,4l,4r,4s,id,1_2,1_3,1_4,2_1,2_3,2_4,3_1,3_2,3_4,4_1,4_2,4_3,p1,p2,p3,p4,speed0,speed1,speed2,speed3,speed4,stop0,stop1,stop2,stop3,stop4,time,timeloss0,timeloss1,timeloss2,timeloss3,timeloss4,travel0,travel1,travel2,travel3,travel4,wait0,wait1,wait2,wait3,wait4,rrssl_rrssl_rrsslll_rrsslll_0,rrssl_rrssl_rrsslll_rrsslll_1,rrssl_rrssl_rrsslll_rrsslll_2,rrssl_rrssl_rrsslll_rrsslll_3,performance measure
0,5,1,2,2,5,1,2,2,7,3,2,2,7,3,2,2,rrssl_rrssl_rrsslll_rrsslll,77.0,444.0,642.0,215.0,299.0,400.0,150.0,140.0,303.0,295.0,673.0,305.0,5.0,8.0,11.0,11.0,9.56330362018113,9.490614516381797,9.157792253546935,9.543039902388909,9.382518088513434,0.7124907612712491,0.7353823088455772,0.8119099491648512,0.7358790771678599,0.7566765578635015,3.6104211807250977,19.083392461197327,19.61770614692652,22.789665940450277,19.899172633253745,20.892640949554856,63.60827790096083,64.13268365817092,67.34495279593318,64.38822593476532,65.41691394658754,11.821877309682188,12.229385307346327,14.74001452432825,12.440731901352427,13.291543026706231,5.0,8.0,11.0,11.0,12.904710413883086
