,1,1l,1r,1s,2,2l,2r,2s,3,3l,3r,3s,4,4l,4r,4s,id,1_2,1_3,1_4,2_1,2_3,2_4,3_1,3_2,3_4,4_1,4_2,4_3,p1,p2,p3,p4,speed0,speed1,speed2,speed3,speed4,stop0,stop1,stop2,stop3,stop4,time,timeloss0,timeloss1,timeloss2,timeloss3,timeloss4,travel0,travel1,travel2,travel3,travel4,wait0,wait1,wait2,wait3,wait4,rsl_rsssssl_rsll_rrssl_0,rsl_rsssssl_rsll_rrssl_1,rsl_rsssssl_rsll_rrssl_2,rsl_rsssssl_rsll_rrssl_3,performance measure
0,3,1,1,1,7,1,1,5,4,2,1,1,5,1,2,2,rsl_rsssssl_rsll_rrssl,194.0,255.0,68.0,159.0,66.0,1569.0,259.0,204.0,247.0,182.0,225.0,430.0,8.0,11.0,8.0,11.0,9.210542879053072,9.056492224677756,8.869815469248712,9.096334594197927,9.249360231206179,0.79745889387145,0.8123569794050344,0.8481945467943994,0.8086754453911696,0.7761650114591291,3.8125991821289062,23.45784753363228,23.812112890922947,25.537619749447284,23.605329202168864,22.205469824293342,68.31240657698056,68.66971777269261,70.39572586588062,68.43687064291247,67.04125286478228,15.138266068759343,15.511823035850496,16.92557111274871,15.498063516653756,14.236822001527884,8.0,11.0,8.0,11.0,15.462109147108038
