,1,1l,1r,1s,2,2l,2r,2s,3,3l,3r,3s,4,4l,4r,4s,id,1_2,1_3,1_4,2_1,2_3,2_4,3_1,3_2,3_4,4_1,4_2,4_3,p1,p2,p3,p4,speed0,speed1,speed2,speed3,speed4,stop0,stop1,stop2,stop3,stop4,time,timeloss0,timeloss1,timeloss2,timeloss3,timeloss4,travel0,travel1,travel2,travel3,travel4,wait0,wait1,wait2,wait3,wait4,rssl_rrsslll_rsl_rrsll_0,rssl_rrsslll_rsl_rrsll_1,rssl_rrsslll_rsl_rrsll_2,rssl_rrsslll_rsl_rrsll_3,performance measure
0,4,1,1,2,7,3,2,2,3,1,1,1,5,2,2,1,rssl_rrsslll_rsl_rrsll,57.0,185.0,269.0,321.0,872.0,305.0,197.0,142.0,177.0,177.0,135.0,420.0,8.0,8.0,11.0,8.0,9.376938472088213,9.470246397454844,9.30993933402131,9.512791643622291,9.48258861797582,0.7585034013605442,0.7336283185840708,0.7848324514991182,0.7274418604651163,0.733392382639504,3.3021843433380127,21.32833333333332,19.89391150442477,21.49936507936507,19.472753488372067,19.47247121346325,66.04251700680273,64.5504424778761,66.21604938271605,64.17116279069768,64.1674047829938,13.55952380952381,12.350442477876106,13.646384479717813,11.969302325581396,11.979627989371124,8.0,8.0,11.0,8.0,12.70105621641405
