,1,1l,1r,1s,2,2l,2r,2s,3,3l,3r,3s,4,4l,4r,4s,id,1_2,1_3,1_4,2_1,2_3,2_4,3_1,3_2,3_4,4_1,4_2,4_3,p1,p2,p3,p4,speed0,speed1,speed2,speed3,speed4,stop0,stop1,stop2,stop3,stop4,time,timeloss0,timeloss1,timeloss2,timeloss3,timeloss4,travel0,travel1,travel2,travel3,travel4,wait0,wait1,wait2,wait3,wait4,rsssssl_rssssll_rsl_rssll_0,rsssssl_rssssll_rsl_rssll_1,rsssssl_rssssll_rsl_rssll_2,rsssssl_rssssll_rsl_rssll_3,performance measure
0,7,1,1,5,7,2,1,4,3,1,1,1,5,2,1,2,rsssssl_rssssll_rsl_rssll,248.0,247.0,135.0,129.0,533.0,704.0,356.0,51.0,235.0,564.0,429.0,311.0,11.0,14.0,14.0,11.0,8.26792995929034,8.460264282001907,8.265259476562967,8.266923212944972,8.631711922101925,0.9469753547423451,0.8580931263858093,0.9249817916970139,0.9311926605504587,0.828113063407181,3.350847005844116,33.36469006721436,29.47677014042871,32.890036416605994,32.854954128440355,27.251833460656957,78.13592233009709,74.25055432372505,77.74362709395484,77.65443425076452,72.03590527119938,23.83793876026886,20.804878048780488,23.45593590677349,23.370030581039757,18.85103132161956,11.0,14.0,14.0,11.0,22.06396292369643
