,1,1l,1r,1s,2,2l,2r,2s,3,3l,3r,3s,4,4l,4r,4s,id,1_2,1_3,1_4,2_1,2_3,2_4,3_1,3_2,3_4,4_1,4_2,4_3,p1,p2,p3,p4,speed0,speed1,speed2,speed3,speed4,stop0,stop1,stop2,stop3,stop4,time,timeloss0,timeloss1,timeloss2,timeloss3,timeloss4,travel0,travel1,travel2,travel3,travel4,wait0,wait1,wait2,wait3,wait4,rssl_rrsslll_rsl_rrsll_0,rssl_rrsslll_rsl_rrsll_1,rssl_rrsslll_rsl_rrsll_2,rssl_rrsslll_rsl_rrsll_3,performance measure
0,4,1,1,2,7,3,2,2,3,1,1,1,5,2,2,1,rssl_rrsslll_rsl_rrsll,288.0,396.0,148.0,383.0,428.0,606.0,167.0,179.0,202.0,410.0,149.0,524.0,11.0,8.0,8.0,11.0,9.12899112889231,8.993844058343278,8.879653715915936,9.279846354706311,9.17446608971393,0.8037037037037037,0.8507912584777694,0.8540740740740741,0.7537022603273578,0.7870229007633588,3.6241114139556885,23.701792592592604,25.236503391107764,26.00132592592591,21.54130943102103,23.398267175572524,68.40814814814814,69.94951017332329,70.7237037037037,66.26500389711613,68.11984732824428,15.526666666666667,16.854559155990955,17.47037037037037,13.937646141855028,15.36412213740458,11.0,8.0,8.0,11.0,15.830672894457521
