,1,1l,1r,1s,2,2l,2r,2s,3,3l,3r,3s,4,4l,4r,4s,id,1_2,1_3,1_4,2_1,2_3,2_4,3_1,3_2,3_4,4_1,4_2,4_3,p1,p2,p3,p4,speed0,speed1,speed2,speed3,speed4,stop0,stop1,stop2,stop3,stop4,time,timeloss0,timeloss1,timeloss2,timeloss3,timeloss4,travel0,travel1,travel2,travel3,travel4,wait0,wait1,wait2,wait3,wait4,rsl_rssslll_rrsssl_rsslll_0,rsl_rssslll_rrsssl_rsslll_1,rsl_rssslll_rrsssl_rsslll_2,rsl_rssslll_rrsssl_rsslll_3,performance measure
0,3,1,1,1,7,3,1,3,6,1,2,3,6,3,1,2,rsl_rssslll_rrsssl_rsslll,153.0,355.0,179.0,294.0,702.0,717.0,367.0,523.0,230.0,782.0,510.0,144.0,11.0,14.0,14.0,11.0,8.808731924024611,8.677907247774876,8.49717691596962,8.704960739113591,8.482240754583355,0.7805023923444976,0.8052884615384616,0.8670886075949367,0.8053365676167374,0.9201655824955648,4.171906232833862,25.847691387559784,27.004873798076936,29.361967779056375,27.094469375379003,31.38836191602604,70.57416267942584,71.7451923076923,74.06674338319908,71.82959369314736,76.11472501478416,17.71291866028708,18.752403846153847,20.40621403912543,18.744693753790177,22.050857480780603,11.0,14.0,14.0,11.0,19.533417556027427
