,1,1l,1r,1s,2,2l,2r,2s,3,3l,3r,3s,4,4l,4r,4s,id,1_2,1_3,1_4,2_1,2_3,2_4,3_1,3_2,3_4,4_1,4_2,4_3,p1,p2,p3,p4,speed0,speed1,speed2,speed3,speed4,stop0,stop1,stop2,stop3,stop4,time,timeloss0,timeloss1,timeloss2,timeloss3,timeloss4,travel0,travel1,travel2,travel3,travel4,wait0,wait1,wait2,wait3,wait4,rsssll_rssl_rsslll_rrsl_0,rsssll_rssl_rsslll_rrsl_1,rsssll_rssl_rsslll_rrsl_2,rsssll_rssl_rsslll_rrsl_3,performance measure
0,6,2,1,3,4,1,1,2,6,3,1,2,4,1,2,1,rsssll_rssl_rsslll_rrsl,350.0,142.0,196.0,71.0,193.0,340.0,568.0,198.0,232.0,271.0,112.0,319.0,8.0,11.0,11.0,8.0,9.174383482149567,9.076863648108954,9.218964232548666,9.406443172888924,9.384324456784439,0.7851782363977486,0.8147783251231527,0.7562862669245648,0.7261410788381742,0.7312687312687313,3.3408737182617188,22.686031894934327,23.41194088669951,22.144168278529975,20.37775933609959,20.994565434565466,67.4155722326454,68.17931034482758,66.87234042553192,65.10892116182572,65.72827172827172,14.727016885553471,15.356650246305419,14.56092843326886,13.065352697095436,13.40959040959041,8.0,11.0,11.0,8.0,14.223907734362717
