,1,1l,1r,1s,2,2l,2r,2s,3,3l,3r,3s,4,4l,4r,4s,id,1_2,1_3,1_4,2_1,2_3,2_4,3_1,3_2,3_4,4_1,4_2,4_3,p1,p2,p3,p4,speed0,speed1,speed2,speed3,speed4,stop0,stop1,stop2,stop3,stop4,time,timeloss0,timeloss1,timeloss2,timeloss3,timeloss4,travel0,travel1,travel2,travel3,travel4,wait0,wait1,wait2,wait3,wait4,rsssssl_rssssll_rsl_rssll_0,rsssssl_rssssll_rsl_rssll_1,rsssssl_rssssll_rsl_rssll_2,rsssssl_rssssll_rsl_rssll_3,performance measure
0,7,1,1,5,7,2,1,4,3,1,1,1,5,2,1,2,rsssssl_rssssll_rsl_rssll,309.0,331.0,304.0,260.0,627.0,383.0,350.0,276.0,74.0,125.0,238.0,169.0,11.0,11.0,11.0,5.0,8.546237914711902,9.033796719428722,8.546144450059973,8.628824659518038,8.77128110932335,0.9841402337228714,0.8330388692579506,0.9908409658617818,0.9546263345195729,0.901089689857502,3.4286439418792725,31.428898163606057,24.405954063604245,31.071398834304762,29.308923487544526,28.16475272422466,76.08347245409016,69.02650176678445,75.71440466278102,73.9314946619217,72.756077116513,21.431552587646078,16.04416961130742,21.173189009159035,19.801601423487543,19.23973176865046,11.0,11.0,11.0,5.0,19.538048880050106
