,1,1l,1r,1s,2,2l,2r,2s,3,3l,3r,3s,4,4l,4r,4s,id,1_2,1_3,1_4,2_1,2_3,2_4,3_1,3_2,3_4,4_1,4_2,4_3,p1,p2,p3,p4,speed0,speed1,speed2,speed3,speed4,stop0,stop1,stop2,stop3,stop4,time,timeloss0,timeloss1,timeloss2,timeloss3,timeloss4,travel0,travel1,travel2,travel3,travel4,wait0,wait1,wait2,wait3,wait4,rsssssl_rsl_rrsslll_rsssll_0,rsssssl_rsl_rrsslll_rsssll_1,rsssssl_rsl_rrsslll_rsssll_2,rsssssl_rsl_rrsslll_rsssll_3,performance measure
0,7,1,1,5,3,1,1,1,7,3,2,2,6,2,1,3,rsssssl_rsl_rrsslll_rsssll,40.0,941.0,192.0,261.0,169.0,249.0,174.0,173.0,688.0,598.0,902.0,209.0,11.0,8.0,11.0,11.0,8.937300305169696,8.451659141148232,8.645215862348733,9.050308643898262,8.799009203522152,0.8244818652849741,0.9476038338658147,0.8888202594193947,0.7854195323246217,0.8345003182686187,3.968595266342163,24.502772020725363,30.832664536741277,27.312378011118028,23.185288858321886,25.366244430299194,69.34196891191709,75.69776357827476,72.183446571958,68.0343878954608,70.2266072565245,16.16839378238342,21.405750798722046,18.419394688079063,15.161623108665749,16.992998090388287,11.0,8.0,11.0,11.0,17.62963209364771
