,1,1l,1r,1s,2,2l,2r,2s,3,3l,3r,3s,4,4l,4r,4s,id,1_2,1_3,1_4,2_1,2_3,2_4,3_1,3_2,3_4,4_1,4_2,4_3,p1,p2,p3,p4,speed0,speed1,speed2,speed3,speed4,stop0,stop1,stop2,stop3,stop4,time,timeloss0,timeloss1,timeloss2,timeloss3,timeloss4,travel0,travel1,travel2,travel3,travel4,wait0,wait1,wait2,wait3,wait4,rrsssll_rsl_rsl_rrsll_0,rrsssll_rsl_rsl_rrsll_1,rrsssll_rsl_rsl_rrsll_2,rrsssll_rsl_rsl_rrsll_3,performance measure
0,7,2,2,3,3,1,1,1,3,1,1,1,5,2,2,1,rrsssll_rsl_rsl_rrsll,618.0,926.0,78.0,227.0,208.0,143.0,82.0,101.0,249.0,474.0,157.0,553.0,14.0,14.0,11.0,8.0,8.817866146042363,8.441374265081059,8.662567909077795,8.897547575598418,8.939584338685044,0.7963525835866262,0.8846737481031867,0.8234854151084517,0.7720291026677445,0.7832,3.484229803085327,25.756648936170183,30.218141122913472,27.260949887808547,25.02226354082454,24.799344,70.55319148936171,75.0660091047041,72.12041884816755,69.8431689571544,69.6016,17.54179331306991,21.307283763277695,18.623036649214658,16.95957962813258,16.716,14.0,14.0,11.0,8.0,18.229538670738968
