,1,1l,1r,1s,2,2l,2r,2s,3,3l,3r,3s,4,4l,4r,4s,id,1_2,1_3,1_4,2_1,2_3,2_4,3_1,3_2,3_4,4_1,4_2,4_3,p1,p2,p3,p4,speed0,speed1,speed2,speed3,speed4,stop0,stop1,stop2,stop3,stop4,time,timeloss0,timeloss1,timeloss2,timeloss3,timeloss4,travel0,travel1,travel2,travel3,travel4,wait0,wait1,wait2,wait3,wait4,rsl_rrsl_rssslll_rssssl_0,rsl_rrsl_rssslll_rssssl_1,rsl_rrsl_rssslll_rssssl_2,rsl_rrsl_rssslll_rssssl_3,performance measure
0,3,1,1,1,4,1,2,1,7,3,1,3,6,1,1,4,rsl_rrsl_rssslll_rssssl,276.0,243.0,209.0,402.0,289.0,122.0,1045.0,260.0,596.0,163.0,1061.0,150.0,11.0,14.0,11.0,11.0,8.659614757495133,8.525237322897642,8.356049481041152,8.690954751774155,8.802321798650457,0.8456712672521958,0.8677839851024208,0.925531914893617,0.8572343149807938,0.8057953144266338,4.234416246414185,28.083023839397768,29.165512104283028,32.10526595744684,29.369270166453322,25.778902589395784,72.96298619824341,74.11483550589696,76.96394799054373,74.24583866837388,70.66091245376079,19.413425345043915,20.3227808814401,22.65307328605201,20.437259923175414,17.44451294697904,11.0,14.0,11.0,11.0,20.054210476538096
