,1,1l,1r,1s,2,2l,2r,2s,3,3l,3r,3s,4,4l,4r,4s,id,1_2,1_3,1_4,2_1,2_3,2_4,3_1,3_2,3_4,4_1,4_2,4_3,p1,p2,p3,p4,speed0,speed1,speed2,speed3,speed4,stop0,stop1,stop2,stop3,stop4,time,timeloss0,timeloss1,timeloss2,timeloss3,timeloss4,travel0,travel1,travel2,travel3,travel4,wait0,wait1,wait2,wait3,wait4,rrslll_rssll_rsl_rssssll_0,rrslll_rssll_rsl_rssssll_1,rrslll_rssll_rsl_rssssll_2,rrslll_rssll_rsl_rssssll_3,performance measure
0,6,3,2,1,5,2,1,2,3,1,1,1,7,2,1,4,rrslll_rssll_rsl_rssssll,718.0,176.0,239.0,231.0,179.0,360.0,208.0,241.0,235.0,524.0,901.0,289.0,11.0,8.0,11.0,8.0,8.911692209850028,8.930460462008467,8.651901506807894,9.169210028084699,8.981200916953151,0.8658536585365854,0.8431506849315068,0.9268774703557312,0.7788184438040345,0.8228021978021978,3.800926685333252,26.22922086720869,24.528986301369848,28.68303030303031,22.27727665706053,24.567520604395607,71.05758807588076,69.36849315068493,73.52108036890645,67.10734870317003,69.40041208791209,17.647018970189702,16.221232876712328,19.515810276679844,14.427233429394812,16.377060439560438,11.0,8.0,11.0,8.0,16.837671198507426
