,1,1l,1r,1s,2,2l,2r,2s,3,3l,3r,3s,4,4l,4r,4s,id,1_2,1_3,1_4,2_1,2_3,2_4,3_1,3_2,3_4,4_1,4_2,4_3,p1,p2,p3,p4,speed0,speed1,speed2,speed3,speed4,stop0,stop1,stop2,stop3,stop4,time,timeloss0,timeloss1,timeloss2,timeloss3,timeloss4,travel0,travel1,travel2,travel3,travel4,wait0,wait1,wait2,wait3,wait4,rsssssl_rssssll_rsl_rssll_0,rsssssl_rssssll_rsl_rssll_1,rsssssl_rssssll_rsl_rssll_2,rsssssl_rssssll_rsl_rssll_3,performance measure
0,7,1,1,5,7,2,1,4,3,1,1,1,5,2,1,2,rsssssl_rssssll_rsl_rssll,75.0,206.0,112.0,206.0,203.0,1124.0,349.0,175.0,284.0,483.0,443.0,249.0,14.0,14.0,11.0,14.0,8.468170788516595,8.249147891743252,8.335494522308679,8.461469777166904,8.688314224777878,0.8435114503816794,0.9452471482889734,0.9191770756796473,0.8604294478527608,0.7893518518518519,3.6921961307525635,29.68587786259543,35.770828897338355,33.748956649522434,30.13951687116567,27.522554012345648,74.43053435114504,80.51026615969582,78.5495958853784,74.91947852760737,72.25077160493827,21.054961832061068,26.098859315589355,24.325495958853782,21.390337423312882,19.246913580246915,14.0,14.0,11.0,14.0,22.4233136220128
