,1,1l,1r,1s,2,2l,2r,2s,3,3l,3r,3s,4,4l,4r,4s,id,1_2,1_3,1_4,2_1,2_3,2_4,3_1,3_2,3_4,4_1,4_2,4_3,p1,p2,p3,p4,speed0,speed1,speed2,speed3,speed4,stop0,stop1,stop2,stop3,stop4,time,timeloss0,timeloss1,timeloss2,timeloss3,timeloss4,travel0,travel1,travel2,travel3,travel4,wait0,wait1,wait2,wait3,wait4,rrsll_rssl_rsssll_rsl_0,rrsll_rssl_rsssll_rsl_1,rrsll_rssl_rsssll_rsl_2,rrsll_rssl_rsssll_rsl_3,performance measure
0,5,2,2,1,4,1,1,2,6,2,1,3,3,1,1,1,rrsll_rssl_rsssll_rsl,296.0,88.0,625.0,123.0,252.0,442.0,224.0,86.0,604.0,257.0,320.0,246.0,11.0,5.0,11.0,11.0,9.178501013354797,9.09927871920748,9.02616623549895,9.05042248386146,9.128189413616353,0.763855421686747,0.7988552739165985,0.7980922098569158,0.8097269624573379,0.8009991673605329,3.318049192428589,22.195510040160634,23.215960752248588,23.818736089030217,23.718011945392487,23.652231473771867,67.00401606425703,68.01880621422731,68.64387917329094,68.56399317406144,68.47793505412156,14.21847389558233,15.026165167620604,15.50556438791733,15.573378839590443,15.363863447127393,11.0,5.0,11.0,11.0,15.137489147567617
