,1,1l,1r,1s,2,2l,2r,2s,3,3l,3r,3s,4,4l,4r,4s,id,1_2,1_3,1_4,2_1,2_3,2_4,3_1,3_2,3_4,4_1,4_2,4_3,p1,p2,p3,p4,speed0,speed1,speed2,speed3,speed4,stop0,stop1,stop2,stop3,stop4,time,timeloss0,timeloss1,timeloss2,timeloss3,timeloss4,travel0,travel1,travel2,travel3,travel4,wait0,wait1,wait2,wait3,wait4,rrsssll_rsl_rsl_rrsll_0,rrsssll_rsl_rsl_rrsll_1,rrsssll_rsl_rsl_rrsll_2,rrsssll_rsl_rsl_rrsll_3,performance measure
0,7,2,2,3,3,1,1,1,3,1,1,1,5,2,2,1,rrsssll_rsl_rsl_rrsll,221.0,910.0,313.0,104.0,117.0,62.0,114.0,102.0,222.0,378.0,257.0,168.0,11.0,14.0,11.0,11.0,8.99311500794152,8.836931141397768,9.040707910133396,9.061458733654163,8.91212751440242,0.7767944936086529,0.792,0.7559760956175299,0.747872340425532,0.8039800995024876,3.1492443084716797,24.15874139626352,25.79355,23.992211155378467,24.121329787234057,26.07353233830844,69.04228121927237,70.707,68.89043824701196,69.02553191489362,70.97313432835821,16.390363815142575,17.88,16.28585657370518,16.345744680851062,17.85373134328358,11.0,14.0,11.0,11.0,16.95113928259648
