,1,1l,1r,1s,2,2l,2r,2s,3,3l,3r,3s,4,4l,4r,4s,id,1_2,1_3,1_4,2_1,2_3,2_4,3_1,3_2,3_4,4_1,4_2,4_3,p1,p2,p3,p4,speed0,speed1,speed2,speed3,speed4,stop0,stop1,stop2,stop3,stop4,time,timeloss0,timeloss1,timeloss2,timeloss3,timeloss4,travel0,travel1,travel2,travel3,travel4,wait0,wait1,wait2,wait3,wait4,rsl_rrsll_rsl_rslll_0,rsl_rrsll_rsl_rslll_1,rsl_rrsll_rsl_rslll_2,rsl_rrsll_rsl_rslll_3,performance measure
0,3,1,1,1,5,2,2,1,3,1,1,1,5,3,1,1,rsl_rrsll_rsl_rslll,312.0,95.0,132.0,167.0,512.0,98.0,153.0,89.0,92.0,831.0,143.0,176.0,14.0,8.0,14.0,8.0,8.966559942106253,9.05972262434722,8.848636261188233,9.114998813629734,9.090976118118283,0.8056426332288401,0.7730569948186529,0.8177189409368636,0.7552742616033755,0.7706323687031083,2.952427387237549,25.95562173458725,23.52188601036269,26.067688391038683,23.058575949367103,23.400010718113606,71.08568443051202,68.67253886010363,71.18431771894093,68.16455696202532,68.51768488745981,17.746081504702193,15.52020725388601,17.618126272912424,15.23945147679325,15.469453376205788,14.0,8.0,14.0,8.0,16.318663976899934
