,1,1l,1r,1s,2,2l,2r,2s,3,3l,3r,3s,4,4l,4r,4s,id,1_2,1_3,1_4,2_1,2_3,2_4,3_1,3_2,3_4,4_1,4_2,4_3,p1,p2,p3,p4,speed0,speed1,speed2,speed3,speed4,stop0,stop1,stop2,stop3,stop4,time,timeloss0,timeloss1,timeloss2,timeloss3,timeloss4,travel0,travel1,travel2,travel3,travel4,wait0,wait1,wait2,wait3,wait4,rrslll_rssll_rsl_rssssll_0,rrslll_rssll_rsl_rssssll_1,rrslll_rssll_rsl_rssssll_2,rrslll_rssll_rsl_rssssll_3,performance measure
0,6,3,2,1,5,2,1,2,3,1,1,1,7,2,1,4,rrslll_rssll_rsl_rssssll,394.0,118.0,212.0,110.0,273.0,153.0,64.0,250.0,314.0,499.0,310.0,62.0,11.0,5.0,11.0,5.0,9.535866381946176,9.613627486872321,9.260493751846235,9.339822125014262,9.57365103867948,0.7406616862326574,0.7208067940552016,0.8751300728407908,0.809368191721133,0.7339149400218102,2.860415458679199,19.225805763073662,18.6817515923567,23.90585848074923,21.26631808278869,18.969738276990185,64.01387406616863,63.52866242038217,68.75130072840791,66.08605664488017,63.770992366412216,11.871931696905015,11.406581740976645,15.36108220603538,13.178649237472767,11.657579062159215,11.0,5.0,11.0,5.0,12.695164788709805
