,1,1l,1r,1s,2,2l,2r,2s,3,3l,3r,3s,4,4l,4r,4s,id,1_2,1_3,1_4,2_1,2_3,2_4,3_1,3_2,3_4,4_1,4_2,4_3,p1,p2,p3,p4,speed0,speed1,speed2,speed3,speed4,stop0,stop1,stop2,stop3,stop4,time,timeloss0,timeloss1,timeloss2,timeloss3,timeloss4,travel0,travel1,travel2,travel3,travel4,wait0,wait1,wait2,wait3,wait4,rssl_rrsslll_rsl_rrsll_0,rssl_rrsslll_rsl_rrsll_1,rssl_rrsslll_rsl_rrsll_2,rssl_rrsslll_rsl_rrsll_3,performance measure
0,4,1,1,2,7,3,2,2,3,1,1,1,5,2,2,1,rssl_rrsslll_rsl_rrsll,298.0,556.0,318.0,542.0,120.0,380.0,73.0,182.0,53.0,189.0,326.0,565.0,11.0,11.0,5.0,11.0,9.515083725559041,9.184111265316046,9.18243727087514,9.580307154426462,9.360091372321108,0.704527402700556,0.7922506183017313,0.8,0.6918402777777778,0.7522485690923958,3.2151379585266113,19.685337569499563,23.022720527617466,23.724334661354618,19.062248263888932,21.880000000000017,64.17315329626688,67.52102225886233,68.24541832669323,63.5390625,66.37040065412918,11.980142970611597,14.847485572959604,15.342629482071713,11.723958333333334,13.677841373671301,11.0,11.0,5.0,11.0,13.51441154652951
