,1,1l,1r,1s,2,2l,2r,2s,3,3l,3r,3s,4,4l,4r,4s,id,1_2,1_3,1_4,2_1,2_3,2_4,3_1,3_2,3_4,4_1,4_2,4_3,p1,p2,p3,p4,speed0,speed1,speed2,speed3,speed4,stop0,stop1,stop2,stop3,stop4,time,timeloss0,timeloss1,timeloss2,timeloss3,timeloss4,travel0,travel1,travel2,travel3,travel4,wait0,wait1,wait2,wait3,wait4,rsl_rsssl_rssssl_rssll_0,rsl_rsssl_rssssl_rssll_1,rsl_rsssl_rssssl_rssll_2,rsl_rsssl_rssssl_rssll_3,performance measure
0,3,1,1,1,5,1,1,3,6,1,1,4,5,2,1,2,rsl_rsssl_rssssl_rssll,240.0,213.0,104.0,246.0,92.0,882.0,233.0,301.0,247.0,425.0,211.0,132.0,14.0,11.0,11.0,14.0,8.932418538203413,8.790894698107735,8.741123042422432,8.86161681950468,8.929468105429416,0.7629233511586453,0.7881508078994613,0.8212765957446808,0.7799642218246869,0.7633390705679862,3.220782995223999,24.651087344028486,25.94482944344705,26.676306382978773,25.43903398926657,24.620025817555906,69.40641711229947,70.721723518851,71.47063829787234,70.20035778175313,69.39156626506023,16.676470588235293,17.999102333931777,18.24,17.35062611806798,16.58261617900172,14.0,11.0,11.0,14.0,17.369763043847353
