,1,1l,1r,1s,2,2l,2r,2s,3,3l,3r,3s,4,4l,4r,4s,id,1_2,1_3,1_4,2_1,2_3,2_4,3_1,3_2,3_4,4_1,4_2,4_3,p1,p2,p3,p4,speed0,speed1,speed2,speed3,speed4,stop0,stop1,stop2,stop3,stop4,time,timeloss0,timeloss1,timeloss2,timeloss3,timeloss4,travel0,travel1,travel2,travel3,travel4,wait0,wait1,wait2,wait3,wait4,rrslll_rssll_rsl_rssssll_0,rrslll_rssll_rsl_rssssll_1,rrslll_rssll_rsl_rssssll_2,rrslll_rssll_rsl_rssssll_3,performance measure
0,6,3,2,1,5,2,1,2,3,1,1,1,7,2,1,4,rrslll_rssll_rsl_rssssll,848.0,139.0,531.0,144.0,356.0,113.0,314.0,143.0,170.0,474.0,220.0,280.0,11.0,11.0,11.0,5.0,9.259678402883512,9.275691357845156,9.137961849696493,9.311059308959559,9.457543156158005,0.7562893081761006,0.7646604938271605,0.7930501930501931,0.74780526735834,0.7099841521394612,3.2210679054260254,21.971084905660366,21.370609567901216,22.674447876447882,21.32478850758184,20.28001584786052,66.65172955974843,66.0324074074074,67.33822393822393,66.02793296089385,64.94215530903328,14.001572327044025,13.455246913580247,14.413899613899614,13.532322426177174,12.740887480190175,11.0,11.0,11.0,5.0,13.62878575217825
