,1,1l,1r,1s,2,2l,2r,2s,3,3l,3r,3s,4,4l,4r,4s,id,1_2,1_3,1_4,2_1,2_3,2_4,3_1,3_2,3_4,4_1,4_2,4_3,p1,p2,p3,p4,speed0,speed1,speed2,speed3,speed4,stop0,stop1,stop2,stop3,stop4,time,timeloss0,timeloss1,timeloss2,timeloss3,timeloss4,travel0,travel1,travel2,travel3,travel4,wait0,wait1,wait2,wait3,wait4,rsl_rsssssl_rsll_rrssl_0,rsl_rsssssl_rsll_rrssl_1,rsl_rsssssl_rsll_rrssl_2,rsl_rsssssl_rsll_rrssl_3,performance measure
0,3,1,1,1,7,1,1,5,4,2,1,1,5,1,2,2,rsl_rsssssl_rsll_rrssl,187.0,251.0,166.0,128.0,194.0,1491.0,287.0,196.0,80.0,170.0,525.0,467.0,8.0,11.0,8.0,11.0,9.168715233999007,9.018271346612865,8.991769113465097,8.997672293329687,9.268370373850876,0.7889908256880734,0.8298932384341637,0.8238596491228071,0.8411420204978038,0.7594575303354747,3.6583077907562256,23.25910374029642,24.351274021352292,24.574350877193016,24.696969253294284,21.89670235546038,68.14890613973182,69.20498220640569,69.48701754385965,69.54172767203514,66.79229122055675,15.036697247706423,15.9644128113879,16.143859649122806,16.409224011713032,13.867237687366167,8.0,11.0,8.0,11.0,15.484286281459267
