,1,1l,1r,1s,2,2l,2r,2s,3,3l,3r,3s,4,4l,4r,4s,id,1_2,1_3,1_4,2_1,2_3,2_4,3_1,3_2,3_4,4_1,4_2,4_3,p1,p2,p3,p4,speed0,speed1,speed2,speed3,speed4,stop0,stop1,stop2,stop3,stop4,time,timeloss0,timeloss1,timeloss2,timeloss3,timeloss4,travel0,travel1,travel2,travel3,travel4,wait0,wait1,wait2,wait3,wait4,rsll_rsl_rssslll_rrsssll_0,rsll_rsl_rssslll_rrsssll_1,rsll_rsl_rssslll_rrsssll_2,rsll_rsl_rssslll_rrsssll_3,performance measure
0,4,2,1,1,3,1,1,1,7,3,1,3,7,2,2,3,rsll_rsl_rssslll_rrsssll,467.0,153.0,159.0,283.0,274.0,134.0,782.0,116.0,792.0,142.0,939.0,536.0,11.0,11.0,11.0,11.0,8.935437876388423,8.44713537096915,8.24993873839586,8.605847540315255,8.686674368204153,0.7801857585139319,0.9013282732447818,0.9438066465256798,0.880674448767834,0.8425047438330171,3.9996659755706787,24.325566563467472,30.407520556609732,31.730712990936524,28.37444876783394,26.597615433270033,69.11269349845202,75.1967109424415,76.5655589123867,73.14591439688716,71.38266919671094,16.11826625386997,21.25743200506009,22.267673716012084,19.590142671854736,18.087919038583177,11.0,11.0,11.0,11.0,19.464286737076012
