,1,1l,1r,1s,2,2l,2r,2s,3,3l,3r,3s,4,4l,4r,4s,id,1_2,1_3,1_4,2_1,2_3,2_4,3_1,3_2,3_4,4_1,4_2,4_3,p1,p2,p3,p4,speed0,speed1,speed2,speed3,speed4,stop0,stop1,stop2,stop3,stop4,time,timeloss0,timeloss1,timeloss2,timeloss3,timeloss4,travel0,travel1,travel2,travel3,travel4,wait0,wait1,wait2,wait3,wait4,rssll_rrsl_rsssl_rrsl_0,rssll_rrsl_rsssl_rrsl_1,rssll_rrsl_rsssl_rrsl_2,rssll_rrsl_rsssl_rrsl_3,performance measure
0,5,2,1,2,4,1,2,1,5,1,1,3,4,1,2,1,rssll_rrsl_rsssl_rrsl,76.0,341.0,39.0,563.0,105.0,64.0,939.0,50.0,129.0,62.0,179.0,248.0,8.0,11.0,5.0,8.0,9.663858463613643,9.463065281804889,9.776150505612243,9.568218713437417,9.728402200965458,0.7079741379310345,0.7729211087420043,0.6900702106318957,0.7375415282392026,0.7162740899357601,3.113872766494751,18.212543103448297,19.96025586353943,17.297301905717152,18.893056478405295,18.742826552462507,62.9989224137931,64.78251599147121,62.10130391173521,63.650055370985605,63.55353319057816,10.962284482758621,12.339019189765459,10.021063189568705,11.479512735326688,11.337259100642399,8.0,11.0,5.0,8.0,11.227827739612374
