,1,1l,1r,1s,2,2l,2r,2s,3,3l,3r,3s,4,4l,4r,4s,id,1_2,1_3,1_4,2_1,2_3,2_4,3_1,3_2,3_4,4_1,4_2,4_3,p1,p2,p3,p4,speed0,speed1,speed2,speed3,speed4,stop0,stop1,stop2,stop3,stop4,time,timeloss0,timeloss1,timeloss2,timeloss3,timeloss4,travel0,travel1,travel2,travel3,travel4,wait0,wait1,wait2,wait3,wait4,rssl_rrsslll_rsl_rrsll_0,rssl_rrsslll_rsl_rrsll_1,rssl_rrsslll_rsl_rrsll_2,rssl_rrsslll_rsl_rrsll_3,performance measure
0,4,1,1,2,7,3,2,2,3,1,1,1,5,2,2,1,rssl_rrsslll_rsl_rrsll,121.0,451.0,42.0,647.0,929.0,362.0,70.0,324.0,134.0,386.0,84.0,222.0,8.0,11.0,14.0,11.0,9.24317196839962,9.252315208643493,9.151066776422326,9.309821524989374,9.221389133314851,0.7226955848179706,0.7329093799682035,0.7329881656804734,0.7145187601957586,0.7251552795031055,3.445756196975708,22.01567002323781,21.68990461049277,22.478069526627195,21.094893964110955,21.74614906832299,66.7730441518203,66.49046104928458,67.23890532544378,65.84502446982056,66.5031055900621,14.378001549186678,14.108903020667727,14.665680473372781,13.48531810766721,14.084627329192546,8.0,11.0,14.0,11.0,14.14450609601739
