,1,1l,1r,1s,2,2l,2r,2s,3,3l,3r,3s,4,4l,4r,4s,id,1_2,1_3,1_4,2_1,2_3,2_4,3_1,3_2,3_4,4_1,4_2,4_3,p1,p2,p3,p4,speed0,speed1,speed2,speed3,speed4,stop0,stop1,stop2,stop3,stop4,time,timeloss0,timeloss1,timeloss2,timeloss3,timeloss4,travel0,travel1,travel2,travel3,travel4,wait0,wait1,wait2,wait3,wait4,rrslll_rssll_rsl_rssssll_0,rrslll_rssll_rsl_rssssll_1,rrslll_rssll_rsl_rssssll_2,rrslll_rssll_rsl_rssssll_3,performance measure
0,6,3,2,1,5,2,1,2,3,1,1,1,7,2,1,4,rrslll_rssll_rsl_rssssll,928.0,176.0,438.0,302.0,463.0,461.0,177.0,245.0,256.0,454.0,1131.0,212.0,14.0,8.0,11.0,11.0,8.997860916611799,8.824093501453792,8.6938535135961,8.987478102403681,8.892649703234042,0.7837535014005602,0.8047006155567991,0.8644708423326134,0.7920792079207921,0.803082191780822,4.405965566635132,24.625394957983158,25.37772243984332,28.22409827213825,23.836191030867766,24.842728310502277,69.47843137254903,70.26301063234472,73.06425485961122,68.73791496796738,69.64326484018265,16.47002801120448,17.058757694459988,19.305075593952484,15.753057658707046,16.623858447488583,14.0,8.0,11.0,11.0,17.042155481162517
