,1,1l,1r,1s,2,2l,2r,2s,3,3l,3r,3s,4,4l,4r,4s,id,1_2,1_3,1_4,2_1,2_3,2_4,3_1,3_2,3_4,4_1,4_2,4_3,p1,p2,p3,p4,speed0,speed1,speed2,speed3,speed4,stop0,stop1,stop2,stop3,stop4,time,timeloss0,timeloss1,timeloss2,timeloss3,timeloss4,travel0,travel1,travel2,travel3,travel4,wait0,wait1,wait2,wait3,wait4,rrsslll_rrsll_rsssl_rrsslll_0,rrsslll_rrsll_rsssl_rrsslll_1,rrsslll_rrsll_rsssl_rrsslll_2,rrsslll_rrsll_rsssl_rrsslll_3,performance measure
0,7,3,2,2,5,2,2,1,5,1,1,3,7,3,2,2,rrsslll_rrsll_rsssl_rrsslll,894.0,116.0,86.0,247.0,372.0,309.0,532.0,316.0,313.0,516.0,518.0,529.0,14.0,8.0,11.0,14.0,8.815518058163384,8.907900344590283,8.898876096395353,9.005161114847043,9.017758189002766,0.8139248305606901,0.7794299876084263,0.7723926380368098,0.759235668789809,0.7623514696685428,3.999748706817627,26.42845964263709,24.5907434944238,24.985631901840538,24.460445859872635,23.88722951844901,71.07948243992607,69.30049566294919,69.69693251533742,69.11910828025478,68.5803627267042,18.010474430067777,16.646840148698885,16.888957055214725,16.598726114649683,15.891181988742964,14.0,8.0,11.0,14.0,16.807235947474805
