,1,1l,1r,1s,2,2l,2r,2s,3,3l,3r,3s,4,4l,4r,4s,id,1_2,1_3,1_4,2_1,2_3,2_4,3_1,3_2,3_4,4_1,4_2,4_3,p1,p2,p3,p4,speed0,speed1,speed2,speed3,speed4,stop0,stop1,stop2,stop3,stop4,time,timeloss0,timeloss1,timeloss2,timeloss3,timeloss4,travel0,travel1,travel2,travel3,travel4,wait0,wait1,wait2,wait3,wait4,rssll_rrsl_rsssl_rrsl_0,rssll_rrsl_rsssl_rrsl_1,rssll_rrsl_rsssl_rrsl_2,rssll_rrsl_rsssl_rrsl_3,performance measure
0,5,2,1,2,4,1,2,1,5,1,1,3,4,1,2,1,rssll_rrsl_rsssl_rrsl,228.0,696.0,202.0,447.0,105.0,108.0,259.0,59.0,135.0,179.0,262.0,590.0,8.0,14.0,8.0,11.0,9.472236337520924,9.209584110887883,9.293326686141409,9.522528477097511,9.274502022064796,0.6950043821209465,0.7495446265938069,0.7513416815742398,0.6778202676864244,0.7374551971326165,3.1845903396606445,19.989447852760726,22.667486338797797,21.80279964221825,19.646395793499064,22.55836917562721,64.63453111305871,67.31420765027322,66.44007155635063,64.2868068833652,67.18727598566308,12.570552147239264,14.973588342440802,14.12701252236136,12.455066921606118,14.78673835125448,8.0,14.0,8.0,11.0,13.782591656980406
