,1,1l,1r,1s,2,2l,2r,2s,3,3l,3r,3s,4,4l,4r,4s,id,1_2,1_3,1_4,2_1,2_3,2_4,3_1,3_2,3_4,4_1,4_2,4_3,p1,p2,p3,p4,speed0,speed1,speed2,speed3,speed4,stop0,stop1,stop2,stop3,stop4,time,timeloss0,timeloss1,timeloss2,timeloss3,timeloss4,travel0,travel1,travel2,travel3,travel4,wait0,wait1,wait2,wait3,wait4,rrsslll_rrsll_rsssl_rrsslll_0,rrsslll_rrsll_rsssl_rrsslll_1,rrsslll_rrsll_rsssl_rrsslll_2,rrsslll_rrsll_rsssl_rrsslll_3,performance measure
0,7,3,2,2,5,2,2,1,5,1,1,3,7,3,2,2,rrsslll_rrsll_rsssl_rrsslll,700.0,159.0,227.0,390.0,408.0,270.0,1009.0,88.0,145.0,918.0,716.0,469.0,11.0,14.0,14.0,14.0,8.468258104256904,8.371336964057427,8.341285794028172,8.587875248413793,8.480145929788781,0.8503218884120172,0.8495197438633938,0.8654661016949152,0.813216821409066,0.8302094818081588,4.623905181884766,29.208830472102967,30.16128068303095,30.76551906779658,28.005652648825784,29.268390297684647,73.9195278969957,74.87193169690502,75.50052966101696,72.73675587110868,73.97078280044101,20.505364806866954,21.485592315901815,21.86970338983051,19.638995084653196,20.701212789415656,11.0,14.0,14.0,14.0,20.840173677333627
