,1,1l,1r,1s,2,2l,2r,2s,3,3l,3r,3s,4,4l,4r,4s,id,1_2,1_3,1_4,2_1,2_3,2_4,3_1,3_2,3_4,4_1,4_2,4_3,p1,p2,p3,p4,speed0,speed1,speed2,speed3,speed4,stop0,stop1,stop2,stop3,stop4,time,timeloss0,timeloss1,timeloss2,timeloss3,timeloss4,travel0,travel1,travel2,travel3,travel4,wait0,wait1,wait2,wait3,wait4,rrsslll_rrsll_rsssl_rrsslll_0,rrsslll_rrsll_rsssl_rrsslll_1,rrsslll_rrsll_rsssl_rrsslll_2,rrsslll_rrsll_rsssl_rrsslll_3,performance measure
0,7,3,2,2,5,2,2,1,5,1,1,3,7,3,2,2,rrsslll_rrsll_rsssl_rrsslll,819.0,630.0,315.0,546.0,171.0,217.0,312.0,102.0,44.0,454.0,485.0,169.0,11.0,11.0,8.0,11.0,9.225020189065702,8.843692293288036,8.85692035616451,9.330881521182233,8.94232040685141,0.7480647431386348,0.8465244322092222,0.8473436449226631,0.7328023171614771,0.8236529041287614,3.992313861846924,21.984700914848688,25.726985547143833,25.62852723604573,21.02449674149168,25.06338698390479,66.71287825475018,70.50722642807983,70.39071956960323,65.73497465604635,69.80125962211336,14.329345531315974,17.4280798348245,17.22326832548756,13.580738595220854,16.921623512946116,11.0,11.0,8.0,11.0,15.896611159958999
