,1,1l,1r,1s,2,2l,2r,2s,3,3l,3r,3s,4,4l,4r,4s,id,1_2,1_3,1_4,2_1,2_3,2_4,3_1,3_2,3_4,4_1,4_2,4_3,p1,p2,p3,p4,speed0,speed1,speed2,speed3,speed4,stop0,stop1,stop2,stop3,stop4,time,timeloss0,timeloss1,timeloss2,timeloss3,timeloss4,travel0,travel1,travel2,travel3,travel4,wait0,wait1,wait2,wait3,wait4,rssslll_rssll_rsssl_rrssl_0,rssslll_rssll_rsssl_rrssl_1,rssslll_rssll_rsssl_rrssl_2,rssslll_rssll_rsssl_rrssl_3,performance measure
0,7,3,1,3,5,2,1,2,5,1,1,3,5,1,2,2,rssslll_rssll_rsssl_rrssl,880.0,854.0,44.0,102.0,294.0,423.0,417.0,38.0,88.0,278.0,289.0,642.0,11.0,11.0,11.0,8.0,8.523173119444401,8.629239079597719,8.429350955165155,9.056416970131552,8.775275306590528,0.9680426098535286,0.8835341365461847,0.9497623896809233,0.7727272727272727,0.8373702422145328,3.639071464538574,31.348981358189114,27.937463186077633,30.01655125594029,23.28872027972027,26.052034602076105,76.1757656458056,72.83132530120481,74.89613034623218,68.12307692307692,70.91557093425605,21.87816245006658,19.204819277108435,20.87236931432451,15.44965034965035,17.715570934256057,11.0,11.0,11.0,8.0,19.024114465081187
