,1,1l,1r,1s,2,2l,2r,2s,3,3l,3r,3s,4,4l,4r,4s,id,1_2,1_3,1_4,2_1,2_3,2_4,3_1,3_2,3_4,4_1,4_2,4_3,p1,p2,p3,p4,speed0,speed1,speed2,speed3,speed4,stop0,stop1,stop2,stop3,stop4,time,timeloss0,timeloss1,timeloss2,timeloss3,timeloss4,travel0,travel1,travel2,travel3,travel4,wait0,wait1,wait2,wait3,wait4,rsl_rsssl_rssssl_rssll_0,rsl_rsssl_rssssl_rssll_1,rsl_rsssl_rssssl_rssll_2,rsl_rsssl_rssssl_rssll_3,performance measure
0,3,1,1,1,5,1,1,3,6,1,1,4,5,2,1,2,rsl_rsssl_rssssl_rssll,61.0,242.0,76.0,68.0,48.0,225.0,650.0,96.0,238.0,316.0,705.0,57.0,11.0,11.0,8.0,14.0,9.083208224560805,8.891660934600806,8.745465050302682,8.828616695251615,8.854302565891695,0.7792746113989637,0.8025613660618997,0.8592132505175983,0.8199320498301246,0.8199791883454735,2.8596720695495605,23.411647668393766,25.223842049092852,26.965817805383004,25.915062287655747,25.112299687825182,68.46528497409327,70.33297758804696,72.08281573498965,70.97508493771234,70.19667013527575,15.718134715025906,17.296691568836714,18.557971014492754,17.88788221970555,17.139438085327782,11.0,11.0,8.0,14.0,17.32002352067774
