,1,1l,1r,1s,2,2l,2r,2s,3,3l,3r,3s,4,4l,4r,4s,id,1_2,1_3,1_4,2_1,2_3,2_4,3_1,3_2,3_4,4_1,4_2,4_3,p1,p2,p3,p4,speed0,speed1,speed2,speed3,speed4,stop0,stop1,stop2,stop3,stop4,time,timeloss0,timeloss1,timeloss2,timeloss3,timeloss4,travel0,travel1,travel2,travel3,travel4,wait0,wait1,wait2,wait3,wait4,rsl_rsssll_rrssl_rrsslll_0,rsl_rsssll_rrssl_rrsslll_1,rsl_rsssll_rrssl_rrsslll_2,rsl_rsssll_rrssl_rrsslll_3,performance measure
0,3,1,1,1,6,2,1,3,5,1,2,2,7,3,2,2,rsl_rsssll_rrssl_rrsslll,256.0,195.0,205.0,64.0,592.0,733.0,300.0,189.0,227.0,344.0,138.0,621.0,11.0,8.0,11.0,11.0,9.07808828636303,9.07507963539651,8.660838798343399,9.079779911515134,8.898905092242801,0.7926739926739926,0.7784663051897753,1.0068441064638782,0.7813702848344881,0.831060606060606,3.7022483348846436,23.444300366300368,23.337180480247877,33.33422813688212,23.45160892994608,25.959166666666686,68.08717948717948,67.99612703330752,78.01140684410646,68.09622786759046,70.5840909090909,15.376556776556777,15.39426800929512,23.409125475285173,15.446497305619708,17.53409090909091,11.0,8.0,11.0,11.0,17.432107695169538
