,1,1l,1r,1s,2,2l,2r,2s,3,3l,3r,3s,4,4l,4r,4s,id,1_2,1_3,1_4,2_1,2_3,2_4,3_1,3_2,3_4,4_1,4_2,4_3,p1,p2,p3,p4,speed0,speed1,speed2,speed3,speed4,stop0,stop1,stop2,stop3,stop4,time,timeloss0,timeloss1,timeloss2,timeloss3,timeloss4,travel0,travel1,travel2,travel3,travel4,wait0,wait1,wait2,wait3,wait4,rssl_rrsslll_rsl_rrsll_0,rssl_rrsslll_rsl_rrsll_1,rssl_rrsslll_rsl_rrsll_2,rssl_rrsslll_rsl_rrsll_3,performance measure
0,4,1,1,2,7,3,2,2,3,1,1,1,5,2,2,1,rssl_rrsslll_rsl_rrsll,214.0,555.0,316.0,478.0,907.0,595.0,291.0,244.0,204.0,609.0,328.0,141.0,11.0,14.0,14.0,14.0,8.388314467548641,8.25136228802472,8.362463686323327,8.60833553087747,8.477859502643739,0.8508186779866586,0.881746513038205,0.8739495798319328,0.8034825870646766,0.8287795992714025,4.082812786102295,30.799617950272847,31.468241358399023,31.11421368547416,27.690111940298493,29.291797207043125,75.70406306852638,76.3826561552456,75.98919567827132,72.57338308457712,74.1772920461445,21.875075803517284,22.257731958762886,22.04141656662665,19.17412935323383,20.469945355191257,11.0,14.0,14.0,14.0,21.16365980746638
