,1,1l,1r,1s,2,2l,2r,2s,3,3l,3r,3s,4,4l,4r,4s,id,1_2,1_3,1_4,2_1,2_3,2_4,3_1,3_2,3_4,4_1,4_2,4_3,p1,p2,p3,p4,speed0,speed1,speed2,speed3,speed4,stop0,stop1,stop2,stop3,stop4,time,timeloss0,timeloss1,timeloss2,timeloss3,timeloss4,travel0,travel1,travel2,travel3,travel4,wait0,wait1,wait2,wait3,wait4,rsssl_rrsll_rsl_rsslll_0,rsssl_rrsll_rsl_rsslll_1,rsssl_rrsll_rsl_rsslll_2,rsssl_rrsll_rsl_rsslll_3,performance measure
0,5,1,1,3,5,2,2,1,3,1,1,1,6,3,1,2,rsssl_rrsll_rsl_rsslll,171.0,453.0,298.0,331.0,114.0,214.0,138.0,252.0,172.0,126.0,116.0,194.0,11.0,11.0,5.0,11.0,9.583748150541712,9.651574775084285,9.560803569282903,9.660142173716364,9.845533932707301,0.6870144284128746,0.6747404844290658,0.6948968512486428,0.6723716381418093,0.6089887640449438,2.7260777950286865,19.0193118756937,18.531972318339097,19.070249728555925,18.31432762836187,17.121797752808988,63.60488346281909,63.12341407151096,63.69815418023887,62.81418092909536,61.68539325842696,11.633740288568257,11.35524798154556,11.825190010857764,11.204156479217604,10.089887640449438,11.0,11.0,5.0,11.0,11.221644480127724
