,1,1l,1r,1s,2,2l,2r,2s,3,3l,3r,3s,4,4l,4r,4s,id,1_2,1_3,1_4,2_1,2_3,2_4,3_1,3_2,3_4,4_1,4_2,4_3,p1,p2,p3,p4,speed0,speed1,speed2,speed3,speed4,stop0,stop1,stop2,stop3,stop4,time,timeloss0,timeloss1,timeloss2,timeloss3,timeloss4,travel0,travel1,travel2,travel3,travel4,wait0,wait1,wait2,wait3,wait4,rsl_rsl_rsl_rrssssl_0,rsl_rsl_rsl_rrssssl_1,rsl_rsl_rsl_rrssssl_2,rsl_rsl_rsl_rrssssl_3,performance measure
0,3,1,1,1,3,1,1,1,3,1,1,1,7,1,2,4,rsl_rsl_rsl_rrssssl,155.0,152.0,83.0,233.0,109.0,82.0,118.0,167.0,230.0,307.0,419.0,402.0,11.0,8.0,14.0,5.0,9.2522983561819,9.42364185796905,9.28422093567199,9.341395101634209,9.411264357050031,0.7634032634032634,0.7278250303766707,0.755608028335301,0.7382133995037221,0.7365269461077845,2.6101791858673096,22.50201631701631,20.199805589307424,21.454545454545453,20.76911910669977,20.790946107784436,67.22494172494173,64.9744835965978,66.21369539551358,65.4789081885856,65.55808383233533,14.752913752913752,12.809234507897935,13.706021251475796,13.294044665012407,13.275449101796408,11.0,8.0,14.0,5.0,13.56753265581926
