,1,1l,1r,1s,2,2l,2r,2s,3,3l,3r,3s,4,4l,4r,4s,id,1_2,1_3,1_4,2_1,2_3,2_4,3_1,3_2,3_4,4_1,4_2,4_3,p1,p2,p3,p4,speed0,speed1,speed2,speed3,speed4,stop0,stop1,stop2,stop3,stop4,time,timeloss0,timeloss1,timeloss2,timeloss3,timeloss4,travel0,travel1,travel2,travel3,travel4,wait0,wait1,wait2,wait3,wait4,rsl_rrsl_rssslll_rssssl_0,rsl_rrsl_rssslll_rssssl_1,rsl_rrsl_rssslll_rssssl_2,rsl_rrsl_rssslll_rssssl_3,performance measure
0,3,1,1,1,4,1,2,1,7,3,1,3,6,1,1,4,rsl_rrsl_rssslll_rssssl,183.0,112.0,131.0,345.0,180.0,85.0,317.0,131.0,301.0,117.0,1241.0,82.0,8.0,5.0,8.0,11.0,9.538300966431288,9.42099085684513,9.459450200824374,9.609745395035452,9.538748107007848,0.7543221110100091,0.7708719851576994,0.7807486631016043,0.7259615384615384,0.7481549815498155,3.1366567611694336,19.45934485896269,20.245630797773686,20.75804812834223,18.62449999999998,19.369243542435456,64.24749772520474,65.0556586270872,65.5632798573975,63.39903846153846,64.12361623616236,11.899909008189264,12.532467532467532,12.934046345811051,11.223076923076922,11.85608856088561,8.0,5.0,8.0,11.0,12.089117674086076
