,1,1l,1r,1s,2,2l,2r,2s,3,3l,3r,3s,4,4l,4r,4s,id,1_2,1_3,1_4,2_1,2_3,2_4,3_1,3_2,3_4,4_1,4_2,4_3,p1,p2,p3,p4,speed0,speed1,speed2,speed3,speed4,stop0,stop1,stop2,stop3,stop4,time,timeloss0,timeloss1,timeloss2,timeloss3,timeloss4,travel0,travel1,travel2,travel3,travel4,wait0,wait1,wait2,wait3,wait4,rsl_rsl_rsl_rrssssl_0,rsl_rsl_rsl_rrssssl_1,rsl_rsl_rsl_rrssssl_2,rsl_rsl_rsl_rrssssl_3,performance measure
0,3,1,1,1,3,1,1,1,3,1,1,1,7,1,2,4,rsl_rsl_rsl_rrssssl,227.0,188.0,140.0,267.0,97.0,133.0,72.0,279.0,239.0,239.0,558.0,182.0,11.0,8.0,11.0,8.0,9.18847090695188,9.32053165753524,8.94673093551525,9.355126026951275,9.325581565688434,0.7625,0.7660332541567696,0.8592910848549946,0.7509025270758123,0.7568157033805889,3.060023307800293,22.47411363636363,21.48184085510688,26.44675617615462,20.84753309265943,21.85001090512539,67.31704545454545,66.31591448931117,71.35016111707841,65.62093862815884,66.71428571428571,14.451136363636364,13.709026128266034,17.70139634801289,13.223826714801444,14.089422028353326,11.0,8.0,11.0,8.0,14.634961516614013
