,1,1l,1r,1s,2,2l,2r,2s,3,3l,3r,3s,4,4l,4r,4s,id,1_2,1_3,1_4,2_1,2_3,2_4,3_1,3_2,3_4,4_1,4_2,4_3,p1,p2,p3,p4,speed0,speed1,speed2,speed3,speed4,stop0,stop1,stop2,stop3,stop4,time,timeloss0,timeloss1,timeloss2,timeloss3,timeloss4,travel0,travel1,travel2,travel3,travel4,wait0,wait1,wait2,wait3,wait4,rrslll_rssll_rsl_rssssll_0,rrslll_rssll_rsl_rssssll_1,rrslll_rssll_rsl_rssssll_2,rrslll_rssll_rsl_rssssll_3,performance measure
0,6,3,2,1,5,2,1,2,3,1,1,1,7,2,1,4,rrslll_rssll_rsl_rssssll,234.0,167.0,615.0,252.0,283.0,203.0,348.0,244.0,80.0,394.0,1365.0,188.0,5.0,11.0,8.0,11.0,9.21502539574654,9.016772270463658,9.100256447404139,9.270497886204177,9.246683117310004,0.8084962913014161,0.8482384823848238,0.832901554404145,0.7904022582921666,0.7847503373819164,4.046832799911499,22.543492919757252,23.83423441734417,22.854449481865316,21.963345095271688,21.63101889338728,67.26770060687795,68.56029810298104,67.57189119170984,66.7000705716302,66.32118758434548,14.111260957518544,15.287940379403794,14.2610103626943,13.784050811573747,13.549257759784076,5.0,11.0,8.0,11.0,14.198704054194895
