,1,1l,1r,1s,2,2l,2r,2s,3,3l,3r,3s,4,4l,4r,4s,id,1_2,1_3,1_4,2_1,2_3,2_4,3_1,3_2,3_4,4_1,4_2,4_3,p1,p2,p3,p4,speed0,speed1,speed2,speed3,speed4,stop0,stop1,stop2,stop3,stop4,time,timeloss0,timeloss1,timeloss2,timeloss3,timeloss4,travel0,travel1,travel2,travel3,travel4,wait0,wait1,wait2,wait3,wait4,rsssll_rssl_rsslll_rrsl_0,rsssll_rssl_rsslll_rrsl_1,rsssll_rssl_rsslll_rrsl_2,rsssll_rssl_rsslll_rrsl_3,performance measure
0,6,2,1,3,4,1,1,2,6,3,1,2,4,1,2,1,rsssll_rssl_rsslll_rrsl,225.0,707.0,105.0,286.0,310.0,154.0,198.0,150.0,418.0,46.0,94.0,130.0,11.0,11.0,11.0,5.0,9.272128069062767,9.227979778466555,9.152191071208787,9.211137575114803,9.537313527764459,0.7662061636556854,0.7813163481953291,0.7883283877349159,0.8031319910514542,0.6981132075471698,3.0238747596740723,21.823602550478213,22.415116772823758,22.82380811078141,23.109664429530206,19.667033542976938,66.64612114771519,67.2515923566879,67.61721068249258,67.87360178970917,64.4706498951782,14.228480340063761,14.63588110403397,14.821958456973293,15.090604026845638,12.39937106918239,11.0,11.0,11.0,5.0,14.235258999419809
