,1,1l,1r,1s,2,2l,2r,2s,3,3l,3r,3s,4,4l,4r,4s,id,1_2,1_3,1_4,2_1,2_3,2_4,3_1,3_2,3_4,4_1,4_2,4_3,p1,p2,p3,p4,speed0,speed1,speed2,speed3,speed4,stop0,stop1,stop2,stop3,stop4,time,timeloss0,timeloss1,timeloss2,timeloss3,timeloss4,travel0,travel1,travel2,travel3,travel4,wait0,wait1,wait2,wait3,wait4,rrsll_rssl_rsssll_rsl_0,rrsll_rssl_rsssll_rsl_1,rrsll_rssl_rsssll_rsl_2,rrsll_rssl_rsssll_rsl_3,performance measure
0,5,2,2,1,4,1,1,2,6,2,1,3,3,1,1,1,rrsll_rssl_rsssll_rsl,100.0,339.0,302.0,103.0,148.0,528.0,401.0,76.0,433.0,307.0,292.0,80.0,11.0,18.0,14.0,14.0,8.499473698963868,8.455936270453632,8.266781364807493,8.343559447944921,8.440409348512844,0.7946096654275093,0.8444656488549618,0.8923220973782772,0.8534906588003933,0.8262910798122066,3.319679021835327,29.66278810408926,30.83682251908395,33.304569288389516,32.061445427728614,30.93438497652586,74.66449814126393,75.79389312977099,78.26779026217228,77.08751229105211,75.86384976525821,21.404275092936803,22.235687022900763,24.371722846441948,23.512291052114062,22.419718309859157,11.0,18.0,14.0,14.0,22.788738864850547
