,1,1l,1r,1s,2,2l,2r,2s,3,3l,3r,3s,4,4l,4r,4s,id,1_2,1_3,1_4,2_1,2_3,2_4,3_1,3_2,3_4,4_1,4_2,4_3,p1,p2,p3,p4,speed0,speed1,speed2,speed3,speed4,stop0,stop1,stop2,stop3,stop4,time,timeloss0,timeloss1,timeloss2,timeloss3,timeloss4,travel0,travel1,travel2,travel3,travel4,wait0,wait1,wait2,wait3,wait4,rrslll_rssll_rsl_rssssll_0,rrslll_rssll_rsl_rssssll_1,rrslll_rssll_rsl_rssssll_2,rrslll_rssll_rsl_rssssll_3,performance measure
0,6,3,2,1,5,2,1,2,3,1,1,1,7,2,1,4,rrslll_rssll_rsl_rssssll,715.0,254.0,338.0,219.0,606.0,120.0,317.0,65.0,277.0,496.0,251.0,186.0,14.0,14.0,14.0,5.0,8.826809916824336,8.938196378295258,8.849314002663807,8.991138358120661,8.963852040667023,0.7981438515081206,0.754601226993865,0.7888563049853372,0.7551181102362204,0.7764070932922128,3.203223466873169,25.72904098994583,24.422852760736188,25.327536656891517,24.124803149606343,24.325188897455675,70.55761794276876,69.24003067484662,70.1766862170088,68.93307086614173,69.10639938319198,17.520494972931168,16.371932515337424,16.988269794721408,16.051968503937008,16.2289899768697,14.0,14.0,14.0,5.0,16.632331152759342
