,1,1l,1r,1s,2,2l,2r,2s,3,3l,3r,3s,4,4l,4r,4s,id,1_2,1_3,1_4,2_1,2_3,2_4,3_1,3_2,3_4,4_1,4_2,4_3,p1,p2,p3,p4,speed0,speed1,speed2,speed3,speed4,stop0,stop1,stop2,stop3,stop4,time,timeloss0,timeloss1,timeloss2,timeloss3,timeloss4,travel0,travel1,travel2,travel3,travel4,wait0,wait1,wait2,wait3,wait4,rsssl_rrsll_rsl_rsslll_0,rsssl_rrsll_rsl_rsslll_1,rsssl_rrsll_rsl_rsslll_2,rsssl_rrsll_rsl_rsslll_3,performance measure
0,5,1,1,3,5,2,2,1,3,1,1,1,6,3,1,2,rsssl_rrsll_rsl_rsslll,84.0,246.0,107.0,617.0,503.0,283.0,42.0,294.0,238.0,513.0,178.0,260.0,11.0,5.0,11.0,11.0,9.181017233556544,9.544647216445012,9.444207829366654,9.46371272255001,9.545996961060874,0.8372911169744943,0.6975308641975309,0.7172470978441128,0.710691823899371,0.6910994764397905,3.4318792819976807,24.919322779243622,19.413624338624334,20.093922056384777,19.84579514824796,19.67168411867365,69.54969217238346,64.0679012345679,64.7396351575456,64.47978436657682,64.30366492146597,16.043975373790676,11.982363315696649,12.469320066334992,12.240790655884995,12.223385689354275,11.0,5.0,11.0,11.0,12.991967020212318
