,1,1l,1r,1s,2,2l,2r,2s,3,3l,3r,3s,4,4l,4r,4s,id,1_2,1_3,1_4,2_1,2_3,2_4,3_1,3_2,3_4,4_1,4_2,4_3,p1,p2,p3,p4,speed0,speed1,speed2,speed3,speed4,stop0,stop1,stop2,stop3,stop4,time,timeloss0,timeloss1,timeloss2,timeloss3,timeloss4,travel0,travel1,travel2,travel3,travel4,wait0,wait1,wait2,wait3,wait4,rsssl_rrsll_rsl_rsslll_0,rsssl_rrsll_rsl_rsslll_1,rsssl_rrsll_rsl_rsslll_2,rsssl_rrsll_rsl_rsslll_3,performance measure
0,5,1,1,3,5,2,2,1,3,1,1,1,6,3,1,2,rsssl_rrsll_rsl_rsslll,219.0,899.0,50.0,338.0,245.0,190.0,344.0,139.0,251.0,594.0,239.0,143.0,11.0,14.0,11.0,8.0,8.762734899319394,8.99764002262285,8.712721895070574,8.83063522271992,8.889275217378675,0.9008863819500403,0.7868061142397426,0.8618524332810047,0.8273260687342833,0.79719703215169,3.702277421951294,30.002530217566502,24.11529364440872,27.31860282574568,26.326596814752712,25.271607584501247,74.9105560032232,69.05148833467418,72.21899529042386,71.22799664710813,70.15828524319868,20.89927477840451,16.118262268704747,18.604395604395606,18.015088013411567,17.238252267106347,11.0,14.0,11.0,8.0,18.175054586404556
