,1,1l,1r,1s,2,2l,2r,2s,3,3l,3r,3s,4,4l,4r,4s,id,1_2,1_3,1_4,2_1,2_3,2_4,3_1,3_2,3_4,4_1,4_2,4_3,p1,p2,p3,p4,speed0,speed1,speed2,speed3,speed4,stop0,stop1,stop2,stop3,stop4,time,timeloss0,timeloss1,timeloss2,timeloss3,timeloss4,travel0,travel1,travel2,travel3,travel4,wait0,wait1,wait2,wait3,wait4,rslll_rsl_rrslll_rsl_0,rslll_rsl_rrslll_rsl_1,rslll_rsl_rrslll_rsl_2,rslll_rsl_rrslll_rsl_3,performance measure
0,5,3,1,1,3,1,1,1,6,3,2,1,3,1,1,1,rslll_rsl_rrslll_rsl,789.0,303.0,134.0,321.0,224.0,329.0,99.0,293.0,348.0,221.0,312.0,57.0,14.0,14.0,11.0,14.0,8.357088424871153,8.426198242439295,8.279747553630443,8.494307516823906,8.22757824442384,0.9056603773584906,0.8475452196382429,0.9050371593724195,0.8656330749354005,0.9225413402959095,3.320765733718872,33.34002572898796,30.31052540913002,32.75073492981008,31.384117140396192,34.892228024369,78.28644939965695,75.23255813953489,77.65565648224607,76.32127476313522,79.79982593559617,23.73327615780446,21.48578811369509,23.294797687861273,22.352282515073213,25.257615317667536,14.0,14.0,11.0,14.0,23.224751958420313
