,1,1l,1r,1s,2,2l,2r,2s,3,3l,3r,3s,4,4l,4r,4s,id,1_2,1_3,1_4,2_1,2_3,2_4,3_1,3_2,3_4,4_1,4_2,4_3,p1,p2,p3,p4,speed0,speed1,speed2,speed3,speed4,stop0,stop1,stop2,stop3,stop4,time,timeloss0,timeloss1,timeloss2,timeloss3,timeloss4,travel0,travel1,travel2,travel3,travel4,wait0,wait1,wait2,wait3,wait4,rrsssll_rsl_rsl_rrsll_0,rrsssll_rsl_rsl_rrsll_1,rrsssll_rsl_rsl_rrsll_2,rrsssll_rsl_rsl_rrsll_3,performance measure
0,7,2,2,3,3,1,1,1,3,1,1,1,5,2,2,1,rrsssll_rsl_rsl_rrsll,417.0,993.0,150.0,277.0,278.0,167.0,87.0,150.0,227.0,460.0,115.0,162.0,11.0,14.0,14.0,8.0,8.676371687426688,8.805239617775715,8.77136443056483,8.858466624235838,8.861228771394826,0.8505550811272417,0.7998324958123953,0.8073170731707318,0.8101604278074866,0.8001737619461338,3.421865701675415,28.916003415883836,25.88664991624794,26.132105691056925,26.40894830659539,25.689834926151168,73.83859948761742,70.83752093802345,71.0691056910569,71.34491978609626,70.58210251954822,20.271562766865927,17.71356783919598,17.754471544715447,18.081105169340464,17.50304083405734,11.0,14.0,14.0,8.0,18.264749630835034
