,1,1l,1r,1s,2,2l,2r,2s,3,3l,3r,3s,4,4l,4r,4s,id,1_2,1_3,1_4,2_1,2_3,2_4,3_1,3_2,3_4,4_1,4_2,4_3,p1,p2,p3,p4,speed0,speed1,speed2,speed3,speed4,stop0,stop1,stop2,stop3,stop4,time,timeloss0,timeloss1,timeloss2,timeloss3,timeloss4,travel0,travel1,travel2,travel3,travel4,wait0,wait1,wait2,wait3,wait4,rsl_rsssl_rssssl_rssll_0,rsl_rsssl_rssssl_rssll_1,rsl_rsssl_rssssl_rssll_2,rsl_rsssl_rssssl_rssll_3,performance measure
0,3,1,1,1,5,1,1,3,6,1,1,4,5,2,1,2,rsl_rsssl_rssssl_rssll,66.0,71.0,206.0,111.0,148.0,405.0,202.0,63.0,46.0,308.0,713.0,65.0,5.0,5.0,8.0,14.0,9.722528146190122,9.753602098425096,9.854876758291796,9.873608560479795,9.653118029367816,0.7252358490566038,0.7123623011015912,0.7008443908323281,0.6936339522546419,0.7367178276269185,2.5582425594329834,17.85905660377359,17.732227662178687,17.287563329312412,16.90525198938991,18.252125147579697,62.75471698113208,62.61933904528764,62.18697225572979,61.789124668435015,63.128689492325854,10.620283018867925,10.687882496940025,10.241254523522317,9.90185676392573,10.933884297520661,5.0,5.0,8.0,14.0,10.477032220155332
