,1,1l,1r,1s,2,2l,2r,2s,3,3l,3r,3s,4,4l,4r,4s,id,1_2,1_3,1_4,2_1,2_3,2_4,3_1,3_2,3_4,4_1,4_2,4_3,p1,p2,p3,p4,speed0,speed1,speed2,speed3,speed4,stop0,stop1,stop2,stop3,stop4,time,timeloss0,timeloss1,timeloss2,timeloss3,timeloss4,travel0,travel1,travel2,travel3,travel4,wait0,wait1,wait2,wait3,wait4,rrsll_rssl_rsssll_rsl_0,rrsll_rssl_rsssll_rsl_1,rrsll_rssl_rsssll_rsl_2,rrsll_rssl_rsssll_rsl_3,performance measure
0,5,2,2,1,4,1,1,2,6,2,1,3,3,1,1,1,rrsll_rssl_rsssll_rsl,563.0,225.0,216.0,280.0,277.0,87.0,555.0,290.0,250.0,147.0,90.0,79.0,11.0,11.0,11.0,5.0,9.341435356845121,9.197413394630267,8.867072219028211,9.207715500540301,9.502641826176644,0.7350096711798839,0.7798617966436328,0.8455813953488373,0.7761194029850746,0.7023575638506876,3.0697224140167236,20.929535783365566,22.30200394866735,25.052269767441853,22.740646766169107,19.717141453831054,65.72920696324951,67.1085883514314,69.85023255813954,67.58706467661692,64.47347740667976,13.182785299806577,14.366238894373149,16.50139534883721,14.64776119402985,12.444007858546168,11.0,11.0,11.0,5.0,14.228437719118592
