,1,1l,1r,1s,2,2l,2r,2s,3,3l,3r,3s,4,4l,4r,4s,id,1_2,1_3,1_4,2_1,2_3,2_4,3_1,3_2,3_4,4_1,4_2,4_3,p1,p2,p3,p4,speed0,speed1,speed2,speed3,speed4,stop0,stop1,stop2,stop3,stop4,time,timeloss0,timeloss1,timeloss2,timeloss3,timeloss4,travel0,travel1,travel2,travel3,travel4,wait0,wait1,wait2,wait3,wait4,rsssssl_rssssll_rsl_rssll_0,rsssssl_rssssll_rsl_rssll_1,rsssssl_rssssll_rsl_rssll_2,rsssssl_rssssll_rsl_rssll_3,performance measure
0,7,1,1,5,7,2,1,4,3,1,1,1,5,2,1,2,rsssssl_rssssll_rsl_rssll,123.0,1459.0,303.0,286.0,158.0,789.0,256.0,71.0,232.0,571.0,562.0,37.0,8.0,11.0,11.0,11.0,8.703946184715042,8.471005259812204,8.516999430234899,8.875246220395077,8.656787609068468,0.9149722735674677,0.9277912621359223,0.9524375743162902,0.8604060913705583,0.8833131801692866,3.960299491882324,29.476783733826277,29.96305218446607,30.38420927467302,26.98768401015228,27.78906287787185,74.37276648182379,74.8628640776699,75.27229488703924,71.91307106598985,72.67291414752115,20.223043746149106,20.762135922330096,20.932223543400713,18.254441624365484,19.0,8.0,11.0,11.0,11.0,19.83436896724908
