,1,1l,1r,1s,2,2l,2r,2s,3,3l,3r,3s,4,4l,4r,4s,id,1_2,1_3,1_4,2_1,2_3,2_4,3_1,3_2,3_4,4_1,4_2,4_3,p1,p2,p3,p4,speed0,speed1,speed2,speed3,speed4,stop0,stop1,stop2,stop3,stop4,time,timeloss0,timeloss1,timeloss2,timeloss3,timeloss4,travel0,travel1,travel2,travel3,travel4,wait0,wait1,wait2,wait3,wait4,rsl_rsssl_rssssl_rssll_0,rsl_rsssl_rssssl_rssll_1,rsl_rsssl_rssssl_rssll_2,rsl_rsssl_rssssl_rssll_3,performance measure
0,3,1,1,1,5,1,1,3,6,1,1,4,5,2,1,2,rsl_rsssl_rssssl_rssll,117.0,104.0,113.0,167.0,220.0,388.0,550.0,298.0,292.0,378.0,623.0,47.0,11.0,8.0,11.0,11.0,9.00915953754626,9.037134815412141,8.583455650537896,8.786445626064616,8.855965976884173,0.8010704727921498,0.790633608815427,0.9298561151079137,0.8882575757575758,0.8269927536231884,3.2764134407043457,24.053862622658347,23.899476584022025,28.95857913669063,27.863731060606046,25.425869565217408,68.86262265834077,68.75022956841138,73.84532374100719,72.73579545454545,70.25634057971014,16.108831400535237,16.029384756657485,19.9955035971223,19.06155303030303,17.170289855072465,11.0,8.0,11.0,11.0,17.673112527938105
