,1,1l,1r,1s,2,2l,2r,2s,3,3l,3r,3s,4,4l,4r,4s,id,1_2,1_3,1_4,2_1,2_3,2_4,3_1,3_2,3_4,4_1,4_2,4_3,p1,p2,p3,p4,speed0,speed1,speed2,speed3,speed4,stop0,stop1,stop2,stop3,stop4,time,timeloss0,timeloss1,timeloss2,timeloss3,timeloss4,travel0,travel1,travel2,travel3,travel4,wait0,wait1,wait2,wait3,wait4,rslll_rsl_rrslll_rsl_0,rslll_rsl_rrslll_rsl_1,rslll_rsl_rrslll_rsl_2,rslll_rsl_rrslll_rsl_3,performance measure
0,5,3,1,1,3,1,1,1,6,3,2,1,3,1,1,1,rslll_rsl_rrslll_rsl,604.0,161.0,145.0,190.0,257.0,331.0,262.0,252.0,754.0,69.0,68.0,190.0,11.0,11.0,11.0,14.0,8.42940588921817,8.623117552061037,8.311005993834291,8.572541609409443,8.64894851061307,0.9083629893238434,0.8397085610200364,0.9266441821247892,0.8656307129798904,0.8411131059245961,3.3278677463531494,30.759519572953792,28.056867030965442,32.73685497470489,29.547413162705688,27.77141831238777,75.67259786476869,72.9872495446266,77.69983136593592,74.51005484460694,72.68491921005386,21.54626334519573,19.441712204007285,23.1964586846543,20.648080438756857,19.115798922800717,11.0,11.0,11.0,14.0,20.789662719082976
