,1,1l,1r,1s,2,2l,2r,2s,3,3l,3r,3s,4,4l,4r,4s,id,1_2,1_3,1_4,2_1,2_3,2_4,3_1,3_2,3_4,4_1,4_2,4_3,p1,p2,p3,p4,speed0,speed1,speed2,speed3,speed4,stop0,stop1,stop2,stop3,stop4,time,timeloss0,timeloss1,timeloss2,timeloss3,timeloss4,travel0,travel1,travel2,travel3,travel4,wait0,wait1,wait2,wait3,wait4,rssll_rrsl_rsssl_rrsl_0,rssll_rrsl_rsssl_rrsl_1,rssll_rrsl_rsssl_rrsl_2,rssll_rrsl_rsssl_rrsl_3,performance measure
0,5,2,1,2,4,1,2,1,5,1,1,3,4,1,2,1,rssll_rrsl_rsssl_rrsl,191.0,326.0,132.0,473.0,226.0,126.0,689.0,52.0,161.0,163.0,272.0,619.0,8.0,11.0,11.0,11.0,9.295247080906567,9.17775429855948,9.23477787178939,9.289879890894062,9.319459880260432,0.7304785894206549,0.7646551724137931,0.7485281749369218,0.75,0.7154185022026431,3.140512466430664,21.23071368597817,22.8022068965517,21.948587047939455,21.900348214285717,21.718704845814962,65.8975650713686,67.48362068965517,66.64507989907486,66.54196428571429,66.41057268722467,13.568429890848027,14.987068965517242,14.23380992430614,14.25,14.198237885462555,8.0,11.0,11.0,11.0,14.247509333226793
