,1,1l,1r,1s,2,2l,2r,2s,3,3l,3r,3s,4,4l,4r,4s,id,1_2,1_3,1_4,2_1,2_3,2_4,3_1,3_2,3_4,4_1,4_2,4_3,p1,p2,p3,p4,speed0,speed1,speed2,speed3,speed4,stop0,stop1,stop2,stop3,stop4,time,timeloss0,timeloss1,timeloss2,timeloss3,timeloss4,travel0,travel1,travel2,travel3,travel4,wait0,wait1,wait2,wait3,wait4,rsl_rsl_rsl_rrssssl_0,rsl_rsl_rsl_rrssssl_1,rsl_rsl_rsl_rrssssl_2,rsl_rsl_rsl_rrssssl_3,performance measure
0,3,1,1,1,3,1,1,1,3,1,1,1,7,1,2,4,rsl_rsl_rsl_rrssssl,86.0,254.0,207.0,88.0,315.0,153.0,82.0,286.0,313.0,216.0,1317.0,491.0,14.0,11.0,14.0,14.0,8.683165233784615,8.54262262944832,7.969480266140536,8.365592377947285,8.4393563196669,0.7986164488854727,0.8226059654631083,1.1043412033511044,0.8897893030794165,0.8796296296296297,3.6792349815368652,26.92157571099158,29.40903453689172,43.58191165270376,32.52416531604538,31.731018518518496,71.7271329746349,74.25510204081633,88.40289413556741,77.32495948136143,76.54320987654322,18.446579554189086,20.671114599686028,31.963442498095965,23.196920583468394,22.56712962962963,14.0,11.0,14.0,14.0,23.36903737301382
