,1,1l,1r,1s,2,2l,2r,2s,3,3l,3r,3s,4,4l,4r,4s,id,1_2,1_3,1_4,2_1,2_3,2_4,3_1,3_2,3_4,4_1,4_2,4_3,p1,p2,p3,p4,speed0,speed1,speed2,speed3,speed4,stop0,stop1,stop2,stop3,stop4,time,timeloss0,timeloss1,timeloss2,timeloss3,timeloss4,travel0,travel1,travel2,travel3,travel4,wait0,wait1,wait2,wait3,wait4,rsssll_rssl_rsslll_rrsl_0,rsssll_rssl_rsslll_rrsl_1,rsssll_rssl_rsslll_rrsl_2,rsssll_rssl_rsslll_rrsl_3,performance measure
0,6,2,1,3,4,1,1,2,6,3,1,2,4,1,2,1,rsssll_rssl_rsslll_rrsl,210.0,158.0,252.0,286.0,317.0,602.0,486.0,38.0,759.0,210.0,139.0,110.0,14.0,11.0,14.0,14.0,8.385794511829022,8.533847793356857,8.570811412431286,8.49291468188974,8.60216980939747,0.8420195439739414,0.8241206030150754,0.8147268408551069,0.8417021276595744,0.80936729663106,3.4818837642669678,30.454609120521134,28.536415410385267,28.661480601741875,29.453285106383003,28.036655710764194,75.26465798045602,73.33249581239531,73.47901821060967,74.25872340425532,72.83237469186524,21.65472312703583,20.056951423785595,20.146476642913697,20.84936170212766,19.806902218570254,14.0,11.0,14.0,14.0,20.502883022886607
