,1,1l,1r,1s,2,2l,2r,2s,3,3l,3r,3s,4,4l,4r,4s,id,1_2,1_3,1_4,2_1,2_3,2_4,3_1,3_2,3_4,4_1,4_2,4_3,p1,p2,p3,p4,speed0,speed1,speed2,speed3,speed4,stop0,stop1,stop2,stop3,stop4,time,timeloss0,timeloss1,timeloss2,timeloss3,timeloss4,travel0,travel1,travel2,travel3,travel4,wait0,wait1,wait2,wait3,wait4,rrssl_rrssl_rrsslll_rrsslll_0,rrssl_rrssl_rrsslll_rrsslll_1,rrssl_rrssl_rrsslll_rrsslll_2,rrssl_rrssl_rrsslll_rrsslll_3,performance measure
0,5,1,2,2,5,1,2,2,7,3,2,2,7,3,2,2,rrssl_rrssl_rrsslll_rrsslll,316.0,567.0,198.0,642.0,186.0,165.0,483.0,352.0,290.0,515.0,458.0,388.0,11.0,11.0,8.0,8.0,9.28887599496385,9.138824462838434,8.94046791614753,9.316730997624433,9.311794091390984,0.7574193548387097,0.8095238095238095,0.874296435272045,0.7520215633423181,0.7518199867637326,4.040539026260376,21.771664516129018,23.05111545988255,26.182082551594707,21.321778975741264,21.36322303110524,66.26451612903226,67.57012393998696,70.7004377736085,65.777628032345,65.85373924553276,14.010967741935485,15.016307893020223,17.453408380237647,13.722371967654986,13.684315023163467,11.0,11.0,8.0,8.0,14.777474201202361
