,1,1l,1r,1s,2,2l,2r,2s,3,3l,3r,3s,4,4l,4r,4s,id,1_2,1_3,1_4,2_1,2_3,2_4,3_1,3_2,3_4,4_1,4_2,4_3,p1,p2,p3,p4,speed0,speed1,speed2,speed3,speed4,stop0,stop1,stop2,stop3,stop4,time,timeloss0,timeloss1,timeloss2,timeloss3,timeloss4,travel0,travel1,travel2,travel3,travel4,wait0,wait1,wait2,wait3,wait4,rsssssl_rsl_rrsslll_rsssll_0,rsssssl_rsl_rrsslll_rsssll_1,rsssssl_rsl_rrsslll_rsssll_2,rsssssl_rsl_rrsslll_rsssll_3,performance measure
0,7,1,1,5,3,1,1,1,7,3,2,2,6,2,1,3,rsssssl_rsl_rrsslll_rsssll,179.0,1599.0,194.0,226.0,184.0,252.0,162.0,276.0,304.0,487.0,1005.0,319.0,8.0,14.0,11.0,14.0,8.780411567929626,8.515989597014324,8.738573066499455,8.962489862066075,9.015763673950659,0.8484507042253521,0.8897727272727273,0.8282208588957055,0.7698695136417556,0.7598402738163149,4.249603271484375,28.01240563380279,30.522676136363646,26.883474623535996,24.439329774614468,23.73848830576157,72.80112676056338,75.33465909090908,71.66480758505298,69.23072360616844,68.52595550484882,19.210704225352114,21.449431818181818,18.267707752370328,16.380189798339263,15.642327438676555,8.0,14.0,11.0,14.0,18.190072206584016
