,1,1l,1r,1s,2,2l,2r,2s,3,3l,3r,3s,4,4l,4r,4s,id,1_2,1_3,1_4,2_1,2_3,2_4,3_1,3_2,3_4,4_1,4_2,4_3,p1,p2,p3,p4,speed0,speed1,speed2,speed3,speed4,stop0,stop1,stop2,stop3,stop4,time,timeloss0,timeloss1,timeloss2,timeloss3,timeloss4,travel0,travel1,travel2,travel3,travel4,wait0,wait1,wait2,wait3,wait4,rsl_rrsl_rssslll_rssssl_0,rsl_rrsl_rssslll_rssssl_1,rsl_rrsl_rssslll_rssssl_2,rsl_rrsl_rssslll_rssssl_3,performance measure
0,3,1,1,1,4,1,2,1,7,3,1,3,6,1,1,4,rsl_rrsl_rssslll_rssssl,89.0,266.0,43.0,126.0,182.0,256.0,539.0,262.0,286.0,274.0,1335.0,228.0,5.0,11.0,11.0,11.0,9.039950932822574,8.847452975255148,8.483895443686798,9.16524561878362,8.957647413283913,0.8140060240963856,0.8622800306044377,0.9395973154362416,0.7768,0.8242009132420092,3.568293809890747,24.254284638554218,25.499334353481235,29.361834451901554,22.365807999999994,24.414680365296814,69.10240963855422,70.3565416985463,74.24683072334079,67.2024,69.25570776255708,15.831325301204819,16.912012241775056,19.954511558538403,14.424,16.006849315068493,5.0,11.0,11.0,11.0,16.625739683317356
