,1,1l,1r,1s,2,2l,2r,2s,3,3l,3r,3s,4,4l,4r,4s,id,1_2,1_3,1_4,2_1,2_3,2_4,3_1,3_2,3_4,4_1,4_2,4_3,p1,p2,p3,p4,speed0,speed1,speed2,speed3,speed4,stop0,stop1,stop2,stop3,stop4,time,timeloss0,timeloss1,timeloss2,timeloss3,timeloss4,travel0,travel1,travel2,travel3,travel4,wait0,wait1,wait2,wait3,wait4,rsl_rsssl_rssssl_rssll_0,rsl_rsssl_rssssl_rssll_1,rsl_rsssl_rssssl_rssll_2,rsl_rsssl_rssssl_rssll_3,performance measure
0,3,1,1,1,5,1,1,3,6,1,1,4,5,2,1,2,rsl_rsssl_rssssl_rssll,156.0,197.0,251.0,239.0,57.0,382.0,1387.0,296.0,90.0,498.0,403.0,143.0,8.0,14.0,11.0,8.0,9.190966622787862,8.99774006177965,9.093091705636771,9.26287027543551,9.10149000557474,0.7679355783308931,0.7998560115190785,0.7723120168657766,0.7325757575757575,0.7753934191702432,3.7960033416748047,22.88710834553441,24.094917206623464,22.85804638088547,21.591083333333277,23.074055793991427,67.70278184480235,68.96544276457884,67.75895994378074,66.39166666666667,67.94206008583691,14.91727672035139,15.886969042476602,14.759662684469431,13.862878787878788,15.003576537911302,8.0,14.0,11.0,8.0,14.886072754617501
