,1,1l,1r,1s,2,2l,2r,2s,3,3l,3r,3s,4,4l,4r,4s,id,1_2,1_3,1_4,2_1,2_3,2_4,3_1,3_2,3_4,4_1,4_2,4_3,p1,p2,p3,p4,speed0,speed1,speed2,speed3,speed4,stop0,stop1,stop2,stop3,stop4,time,timeloss0,timeloss1,timeloss2,timeloss3,timeloss4,travel0,travel1,travel2,travel3,travel4,wait0,wait1,wait2,wait3,wait4,rssslll_rrsssl_rsssssl_rsl_0,rssslll_rrsssl_rsssssl_rsl_1,rssslll_rrsssl_rsssssl_rsl_2,rssslll_rrsssl_rsssssl_rsl_3,performance measure
0,7,3,1,3,6,1,2,3,7,1,1,5,3,1,1,1,rssslll_rrsssl_rsssssl_rsl,136.0,121.0,95.0,597.0,200.0,487.0,1531.0,219.0,177.0,46.0,287.0,297.0,8.0,11.0,8.0,11.0,9.31987199095952,9.181918506489408,9.199351050449561,9.162477782762666,9.189176078565682,0.7482168330955777,0.7912482065997131,0.7770961145194274,0.7947598253275109,0.772992700729927,3.8300254344940186,21.17058487874466,22.110473457675752,21.856107702794827,23.001673944687038,22.773051094890484,65.82596291012838,66.76972740315638,66.49829584185413,67.59679767103349,67.46058394160583,13.359486447931527,14.091822094691535,13.762099522835719,15.048034934497817,14.585401459854015,8.0,11.0,8.0,11.0,14.169368891962122
