,1,1l,1r,1s,2,2l,2r,2s,3,3l,3r,3s,4,4l,4r,4s,id,1_2,1_3,1_4,2_1,2_3,2_4,3_1,3_2,3_4,4_1,4_2,4_3,p1,p2,p3,p4,speed0,speed1,speed2,speed3,speed4,stop0,stop1,stop2,stop3,stop4,time,timeloss0,timeloss1,timeloss2,timeloss3,timeloss4,travel0,travel1,travel2,travel3,travel4,wait0,wait1,wait2,wait3,wait4,rssll_rrsl_rsssl_rrsl_0,rssll_rrsl_rsssl_rrsl_1,rssll_rrsl_rsssl_rrsl_2,rssll_rrsl_rsssl_rrsl_3,performance measure
0,5,2,1,2,4,1,2,1,5,1,1,3,4,1,2,1,rssll_rrsl_rsssl_rrsl,194.0,632.0,91.0,222.0,178.0,84.0,320.0,207.0,183.0,72.0,178.0,485.0,8.0,11.0,8.0,8.0,9.582381764525882,9.483002908375164,9.29909919429735,9.57844528950368,9.407052816818277,0.6992864424057085,0.7360672975814931,0.7911522633744856,0.7314917127071823,0.7685185185185185,3.0156493186950684,18.74300713557596,19.83879074658254,21.54384773662553,19.29681767955802,20.752572016460938,63.4954128440367,64.58254468980022,66.31584362139918,63.96243093922652,65.49382716049382,11.4434250764526,12.384858044164037,13.72633744855967,12.022099447513812,13.054526748971194,8.0,11.0,8.0,8.0,12.526249353132261
