,1,1l,1r,1s,2,2l,2r,2s,3,3l,3r,3s,4,4l,4r,4s,id,1_2,1_3,1_4,2_1,2_3,2_4,3_1,3_2,3_4,4_1,4_2,4_3,p1,p2,p3,p4,speed0,speed1,speed2,speed3,speed4,stop0,stop1,stop2,stop3,stop4,time,timeloss0,timeloss1,timeloss2,timeloss3,timeloss4,travel0,travel1,travel2,travel3,travel4,wait0,wait1,wait2,wait3,wait4,rrslll_rssll_rsl_rssssll_0,rrslll_rssll_rsl_rssssll_1,rrslll_rssll_rsl_rssssll_2,rrslll_rssll_rsl_rssssll_3,performance measure
0,6,3,2,1,5,2,1,2,3,1,1,1,7,2,1,4,rrslll_rssll_rsl_rssssll,146.0,75.0,256.0,295.0,432.0,213.0,268.0,278.0,266.0,301.0,403.0,43.0,11.0,11.0,11.0,5.0,8.87819116217553,9.23704434801206,9.068949894600674,9.323109545012123,9.333480261169173,0.8616412213740458,0.7804632426988922,0.798810703666997,0.7520746887966805,0.7475822050290135,3.0766921043395996,26.357166030534366,21.98299093655593,23.682180376610514,21.42787344398341,21.44514506769824,71.06393129770993,66.75931520644511,68.39246778989099,66.14626556016597,66.1083172147002,17.897900763358777,14.180261832829808,15.588701684836472,13.702282157676349,13.82301740812379,11.0,11.0,11.0,5.0,15.03843276936504
