,1,1l,1r,1s,2,2l,2r,2s,3,3l,3r,3s,4,4l,4r,4s,id,1_2,1_3,1_4,2_1,2_3,2_4,3_1,3_2,3_4,4_1,4_2,4_3,p1,p2,p3,p4,speed0,speed1,speed2,speed3,speed4,stop0,stop1,stop2,stop3,stop4,time,timeloss0,timeloss1,timeloss2,timeloss3,timeloss4,travel0,travel1,travel2,travel3,travel4,wait0,wait1,wait2,wait3,wait4,rrssl_rrssl_rrsslll_rrsslll_0,rrssl_rrssl_rrsslll_rrsslll_1,rrssl_rrssl_rrsslll_rrsslll_2,rrssl_rrssl_rrsslll_rrsslll_3,performance measure
0,5,1,2,2,5,1,2,2,7,3,2,2,7,3,2,2,rrssl_rrssl_rrsslll_rrsslll,278.0,280.0,228.0,487.0,113.0,624.0,457.0,248.0,482.0,286.0,238.0,475.0,11.0,8.0,5.0,11.0,9.382817929094209,9.554676879470431,9.370193296425414,9.516895428028839,9.56221603718574,0.7601096641535298,0.7120456165359943,0.7711922811853894,0.7382978723404255,0.7222222222222222,3.6241137981414795,21.152919808087752,19.396799714896634,21.246223294279808,19.859312056737622,19.221012658227814,65.63399588759424,63.921596578759804,65.78497587870434,64.31560283687944,63.75808720112518,13.522960932145304,12.13399857448325,13.48104755341144,12.45886524822695,11.89451476793249,11.0,8.0,5.0,11.0,12.698277415239888
