,1,1l,1r,1s,2,2l,2r,2s,3,3l,3r,3s,4,4l,4r,4s,id,1_2,1_3,1_4,2_1,2_3,2_4,3_1,3_2,3_4,4_1,4_2,4_3,p1,p2,p3,p4,speed0,speed1,speed2,speed3,speed4,stop0,stop1,stop2,stop3,stop4,time,timeloss0,timeloss1,timeloss2,timeloss3,timeloss4,travel0,travel1,travel2,travel3,travel4,wait0,wait1,wait2,wait3,wait4,rsl_rrsl_rssslll_rssssl_0,rsl_rrsl_rssslll_rssssl_1,rsl_rrsl_rssslll_rssssl_2,rsl_rrsl_rssslll_rssssl_3,performance measure
0,3,1,1,1,4,1,2,1,7,3,1,3,6,1,1,4,rsl_rrsl_rssslll_rssssl,291.0,307.0,286.0,370.0,244.0,186.0,1039.0,223.0,795.0,150.0,866.0,245.0,14.0,14.0,11.0,11.0,8.778878012666105,8.57655769143548,8.487431890390281,8.636577734380918,8.62616273907737,0.7819148936170213,0.8235645933014354,0.8387650085763293,0.8479064039408867,0.8163145539906104,4.065152645111084,26.290833333333335,27.89478468899525,29.014699828473418,29.29818349753697,27.439982394366243,71.16725768321513,72.80861244019138,73.9119496855346,74.21366995073892,72.34389671361502,17.89952718676123,19.2811004784689,20.222984562607206,20.413177339901477,18.898474178403756,14.0,14.0,11.0,11.0,19.343052749228516
