,1,1l,1r,1s,2,2l,2r,2s,3,3l,3r,3s,4,4l,4r,4s,id,1_2,1_3,1_4,2_1,2_3,2_4,3_1,3_2,3_4,4_1,4_2,4_3,p1,p2,p3,p4,speed0,speed1,speed2,speed3,speed4,stop0,stop1,stop2,stop3,stop4,time,timeloss0,timeloss1,timeloss2,timeloss3,timeloss4,travel0,travel1,travel2,travel3,travel4,wait0,wait1,wait2,wait3,wait4,rsl_rsssl_rssssl_rssll_0,rsl_rsssl_rssssl_rssll_1,rsl_rsssl_rssssl_rssll_2,rsl_rsssl_rssssl_rssll_3,performance measure
0,3,1,1,1,5,1,1,3,6,1,1,4,5,2,1,2,rsl_rsssl_rssssl_rssll,50.0,45.0,220.0,63.0,192.0,412.0,449.0,199.0,238.0,123.0,317.0,88.0,11.0,5.0,11.0,11.0,9.295323927057563,9.32547927153957,9.164547607939884,9.21984929252186,9.50196135083771,0.7459396751740139,0.7555831265508685,0.7765700483091788,0.7651612903225806,0.715158924205379,2.510690212249756,21.54411832946632,21.21223325062035,22.70961352657006,22.245483870967732,20.074266503667477,66.37935034802784,66.06203473945409,67.53019323671498,67.03096774193548,64.81907090464547,14.085846867749419,13.784119106699752,15.158212560386474,14.707096774193548,12.916870415647923,11.0,5.0,11.0,11.0,14.130429144935423
