,1,1l,1r,1s,2,2l,2r,2s,3,3l,3r,3s,4,4l,4r,4s,id,1_2,1_3,1_4,2_1,2_3,2_4,3_1,3_2,3_4,4_1,4_2,4_3,p1,p2,p3,p4,speed0,speed1,speed2,speed3,speed4,stop0,stop1,stop2,stop3,stop4,time,timeloss0,timeloss1,timeloss2,timeloss3,timeloss4,travel0,travel1,travel2,travel3,travel4,wait0,wait1,wait2,wait3,wait4,rslll_rsl_rrslll_rsl_0,rslll_rsl_rrslll_rsl_1,rslll_rsl_rrslll_rsl_2,rslll_rsl_rrslll_rsl_3,performance measure
0,5,3,1,1,3,1,1,1,6,3,2,1,3,1,1,1,rslll_rsl_rrslll_rsl,821.0,245.0,140.0,201.0,132.0,101.0,153.0,469.0,388.0,48.0,306.0,43.0,11.0,11.0,5.0,11.0,9.201481596537695,9.22387178445143,8.995661079687912,9.145829261590618,9.041027952438377,0.7874396135265701,0.7820895522388059,0.8247232472324724,0.8423114593535749,0.8645224171539961,3.0826616287231445,22.96319806763286,21.943651741293525,24.489511070110687,25.55750244857985,26.79063352826514,67.8695652173913,66.86169154228855,69.35885608856088,70.47502448579824,71.68810916179338,15.049275362318841,14.011940298507463,16.064575645756456,17.0,18.019493177387915,11.0,11.0,5.0,11.0,16.029056896794135
