,1,1l,1r,1s,2,2l,2r,2s,3,3l,3r,3s,4,4l,4r,4s,id,1_2,1_3,1_4,2_1,2_3,2_4,3_1,3_2,3_4,4_1,4_2,4_3,p1,p2,p3,p4,speed0,speed1,speed2,speed3,speed4,stop0,stop1,stop2,stop3,stop4,time,timeloss0,timeloss1,timeloss2,timeloss3,timeloss4,travel0,travel1,travel2,travel3,travel4,wait0,wait1,wait2,wait3,wait4,rsssssl_rsl_rrsslll_rsssll_0,rsssssl_rsl_rrsslll_rsssll_1,rsssssl_rsl_rrsslll_rsssll_2,rsssssl_rsl_rrsslll_rsssll_3,performance measure
0,7,1,1,5,3,1,1,1,7,3,2,2,6,2,1,3,rsssssl_rsl_rrsslll_rsssll,114.0,1017.0,174.0,269.0,202.0,238.0,146.0,175.0,784.0,504.0,947.0,102.0,11.0,8.0,11.0,11.0,8.752143858946837,8.582633107135432,8.596781907951236,8.967450890141606,8.686471023947307,0.8597951344430218,0.8688524590163934,0.8871359223300971,0.8,0.86125,4.000282049179077,26.029257362355914,27.241923076923097,27.069599514563155,23.834006644518244,26.41304999999997,70.93277848911652,72.17339218158891,71.98179611650485,68.75083056478405,71.311875,17.40076824583867,18.633669609079444,18.277305825242717,15.809966777408638,17.911875,11.0,8.0,11.0,11.0,17.606717091513893
