,1,1l,1r,1s,2,2l,2r,2s,3,3l,3r,3s,4,4l,4r,4s,id,1_2,1_3,1_4,2_1,2_3,2_4,3_1,3_2,3_4,4_1,4_2,4_3,p1,p2,p3,p4,speed0,speed1,speed2,speed3,speed4,stop0,stop1,stop2,stop3,stop4,time,timeloss0,timeloss1,timeloss2,timeloss3,timeloss4,travel0,travel1,travel2,travel3,travel4,wait0,wait1,wait2,wait3,wait4,rsl_rsl_rsl_rrssssl_0,rsl_rsl_rsl_rrssssl_1,rsl_rsl_rsl_rrssssl_2,rsl_rsl_rsl_rrssssl_3,performance measure
0,3,1,1,1,3,1,1,1,3,1,1,1,7,1,2,4,rsl_rsl_rsl_rrssssl,323.0,172.0,107.0,282.0,121.0,255.0,216.0,74.0,128.0,100.0,1072.0,578.0,10.0,10.0,5.0,10.0,8.762335978156678,9.010086429198868,8.958272592786455,9.236675102493926,9.350381569905243,0.9966414777497901,0.8950563746747615,0.9643449419568823,0.8276810265811182,0.7736013986013986,3.3376307487487793,29.77790931989928,25.984700780572393,28.506135986733003,23.355398716773607,21.36347902097901,74.60453400503778,70.8169991326973,73.3441127694859,68.16131989000917,66.18444055944056,19.811922753988245,16.988725065047703,18.733830845771145,15.105407882676444,13.44493006993007,10.0,10.0,5.0,10.0,16.816963323482717
