,1,1l,1r,1s,2,2l,2r,2s,3,3l,3r,3s,4,4l,4r,4s,id,1_2,1_3,1_4,2_1,2_3,2_4,3_1,3_2,3_4,4_1,4_2,4_3,p1,p2,p3,p4,speed0,speed1,speed2,speed3,speed4,stop0,stop1,stop2,stop3,stop4,time,timeloss0,timeloss1,timeloss2,timeloss3,timeloss4,travel0,travel1,travel2,travel3,travel4,wait0,wait1,wait2,wait3,wait4,rsssl_rrsll_rsl_rsslll_0,rsssl_rrsll_rsl_rsslll_1,rsssl_rrsll_rsl_rsslll_2,rsssl_rrsll_rsl_rsslll_3,performance measure
0,5,1,1,3,5,2,2,1,3,1,1,1,6,3,1,2,rsssl_rrsll_rsl_rsslll,85.0,487.0,62.0,144.0,500.0,59.0,189.0,220.0,153.0,592.0,515.0,200.0,10.0,10.0,10.0,10.0,9.163426257911636,9.088083720051776,9.077614692816885,9.16175731877346,9.109856497917681,0.7678571428571429,0.7925045703839122,0.7769911504424779,0.7531831537708129,0.7652495378927912,3.02154803276062,22.495404135338333,22.95597806215722,23.396592920353967,22.297326150832504,22.918706099815136,67.33928571428571,67.81901279707495,68.2433628318584,67.18217433888344,67.76432532347505,14.851503759398497,15.03473491773309,15.556637168141593,14.573947110675809,15.185767097966728,10.0,10.0,10.0,10.0,15.040518010783142
