,1,1l,1r,1s,2,2l,2r,2s,3,3l,3r,3s,4,4l,4r,4s,id,1_2,1_3,1_4,2_1,2_3,2_4,3_1,3_2,3_4,4_1,4_2,4_3,p1,p2,p3,p4,speed0,speed1,speed2,speed3,speed4,stop0,stop1,stop2,stop3,stop4,time,timeloss0,timeloss1,timeloss2,timeloss3,timeloss4,travel0,travel1,travel2,travel3,travel4,wait0,wait1,wait2,wait3,wait4,rsl_rsl_rsl_rrssssl_0,rsl_rsl_rsl_rrssssl_1,rsl_rsl_rsl_rrssssl_2,rsl_rsl_rsl_rrssssl_3,performance measure
0,3,1,1,1,3,1,1,1,3,1,1,1,7,1,2,4,rsl_rsl_rsl_rrssssl,304.0,166.0,305.0,155.0,210.0,256.0,279.0,237.0,50.0,277.0,1185.0,270.0,15.0,15.0,15.0,15.0,8.182318508505327,8.18173689490671,8.192882257789424,8.431250199499448,8.424016306051348,0.8873128447596532,0.8519685039370078,0.8890637293469709,0.7899659863945578,0.8029197080291971,3.655416250228882,33.976682427107974,33.68370078740162,34.0914004720692,29.97222789115643,30.033746958637458,78.90386130811663,78.61496062992126,79.01180173092054,74.87670068027211,74.93349553933496,24.54294720252167,24.561417322834647,24.66168371361133,21.466836734693878,21.35117599351176,15.0,15.0,15.0,15.0,23.316812193434657
