,1,1l,1r,1s,2,2l,2r,2s,3,3l,3r,3s,4,4l,4r,4s,id,1_2,1_3,1_4,2_1,2_3,2_4,3_1,3_2,3_4,4_1,4_2,4_3,p1,p2,p3,p4,speed0,speed1,speed2,speed3,speed4,stop0,stop1,stop2,stop3,stop4,time,timeloss0,timeloss1,timeloss2,timeloss3,timeloss4,travel0,travel1,travel2,travel3,travel4,wait0,wait1,wait2,wait3,wait4,rsl_rsl_rsl_rrssll_0,rsl_rsl_rsl_rrssll_1,rsl_rsl_rsl_rrssll_2,rsl_rsl_rsl_rrssll_3,performance measure
0,3,1,1,1,3,1,1,1,3,1,1,1,6,2,2,2,rsl_rsl_rsl_rrssll,151.0,162.0,265.0,129.0,63.0,74.0,305.0,271.0,305.0,596.0,576.0,509.0,15.0,15.0,15.0,15.0,8.554291084284424,8.227485490127192,8.129065606229648,8.365312213154793,8.394131073074002,0.7891156462585034,0.8763066202090593,0.9054170249355116,0.8437783832879201,0.8076923076923077,3.46931529045105,28.767066326530607,33.77351916376308,35.254170249355106,32.47372388737511,30.49920512820511,73.64115646258503,78.65505226480836,80.20722269991401,77.34332425068119,75.39572649572649,20.40561224489796,24.527003484320556,25.70163370593293,23.394187102633968,21.952136752136752,15.0,15.0,15.0,15.0,23.19611465798443
