,1,1l,1r,1s,2,2l,2r,2s,3,3l,3r,3s,4,4l,4r,4s,id,1_2,1_3,1_4,2_1,2_3,2_4,3_1,3_2,3_4,4_1,4_2,4_3,p1,p2,p3,p4,speed0,speed1,speed2,speed3,speed4,stop0,stop1,stop2,stop3,stop4,time,timeloss0,timeloss1,timeloss2,timeloss3,timeloss4,travel0,travel1,travel2,travel3,travel4,wait0,wait1,wait2,wait3,wait4,rsssl_rrsll_rsl_rsslll_0,rsssl_rrsll_rsl_rsslll_1,rsssl_rrsll_rsl_rsslll_2,rsssl_rrsll_rsl_rsslll_3,performance measure
0,5,1,1,3,5,2,2,1,3,1,1,1,6,3,1,2,rsssl_rrsll_rsl_rsslll,132.0,316.0,67.0,78.0,114.0,300.0,113.0,121.0,188.0,943.0,525.0,272.0,10.0,5.0,10.0,10.0,8.684284772713683,8.242028845892095,8.82571807815501,8.635637297602681,8.858547669737451,1.056533827618165,1.0676552363299352,0.8980322003577818,0.9738625363020329,0.9079069767441861,3.2336385250091553,32.436552363299306,33.02211306765525,26.01740608228981,28.78737657308811,26.575888372093047,77.27988878591289,77.90546802594996,70.85420393559929,73.66602129719264,71.45209302325581,21.759036144578314,22.836886005560704,17.258497316636852,19.3378509196515,17.615813953488374,10.0,5.0,10.0,10.0,19.761616867983147
