,1,1l,1r,1s,2,2l,2r,2s,3,3l,3r,3s,4,4l,4r,4s,id,1_2,1_3,1_4,2_1,2_3,2_4,3_1,3_2,3_4,4_1,4_2,4_3,p1,p2,p3,p4,speed0,speed1,speed2,speed3,speed4,stop0,stop1,stop2,stop3,stop4,time,timeloss0,timeloss1,timeloss2,timeloss3,timeloss4,travel0,travel1,travel2,travel3,travel4,wait0,wait1,wait2,wait3,wait4,rsssssl_rssssll_rsl_rssll_0,rsssssl_rssssll_rsl_rssll_1,rsssssl_rssssll_rsl_rssll_2,rsssssl_rssssll_rsl_rssll_3,performance measure
0,7,1,1,5,7,2,1,4,3,1,1,1,5,2,1,2,rsssssl_rssssll_rsl_rssll,105.0,1399.0,67.0,203.0,356.0,948.0,133.0,175.0,268.0,246.0,575.0,60.0,10.0,10.0,10.0,10.0,8.843076982638642,8.672653842813876,8.533354666515816,8.812383512004983,8.663468097673615,0.8294930875576036,0.8915343915343915,0.9266113592852585,0.8711864406779661,0.8845401174168297,3.734318494796753,25.1257472021067,26.588339947089995,29.373867262284577,26.373301694915252,26.95178734507505,70.14219881500988,71.61243386243386,74.3650287172942,71.39525423728814,71.9706457925636,16.847926267281107,18.006613756613756,20.29865985960434,17.76406779661017,18.359425962165687,10.0,10.0,10.0,10.0,18.255338728455012
