,1,1l,1r,1s,2,2l,2r,2s,3,3l,3r,3s,4,4l,4r,4s,id,1_2,1_3,1_4,2_1,2_3,2_4,3_1,3_2,3_4,4_1,4_2,4_3,p1,p2,p3,p4,speed0,speed1,speed2,speed3,speed4,stop0,stop1,stop2,stop3,stop4,time,timeloss0,timeloss1,timeloss2,timeloss3,timeloss4,travel0,travel1,travel2,travel3,travel4,wait0,wait1,wait2,wait3,wait4,rsl_rsl_rsssl_rsl_0,rsl_rsl_rsssl_rsl_1,rsl_rsl_rsssl_rsl_2,rsl_rsl_rsssl_rsl_3,performance measure
0,3,1,1,1,3,1,1,1,5,1,1,3,3,1,1,1,rsl_rsl_rsssl_rsl,161.0,93.0,49.0,231.0,186.0,353.0,810.0,313.0,171.0,76.0,64.0,94.0,10.0,15.0,10.0,15.0,8.519512883507469,8.774539042618402,8.561310766156433,8.661340989043136,8.732211142526507,0.891832229580574,0.7874285714285715,0.857451403887689,0.8252080856123662,0.8331428571428572,3.046656847000122,31.683289183222943,26.511725714285703,28.79741900647946,28.27671819262783,27.389325714285693,76.70860927152317,71.448,73.81425485961122,73.19738406658739,72.34285714285714,22.278145695364238,18.245714285714286,20.060475161987043,19.76575505350773,18.754285714285714,10.0,15.0,10.0,15.0,19.8208751821718
