,1,1l,1r,1s,2,2l,2r,2s,3,3l,3r,3s,4,4l,4r,4s,id,1_2,1_3,1_4,2_1,2_3,2_4,3_1,3_2,3_4,4_1,4_2,4_3,p1,p2,p3,p4,speed0,speed1,speed2,speed3,speed4,stop0,stop1,stop2,stop3,stop4,time,timeloss0,timeloss1,timeloss2,timeloss3,timeloss4,travel0,travel1,travel2,travel3,travel4,wait0,wait1,wait2,wait3,wait4,rssll_rrsl_rsssl_rrsl_0,rssll_rrsl_rsssl_rrsl_1,rssll_rrsl_rsssl_rrsl_2,rssll_rrsl_rsssl_rrsl_3,performance measure
0,5,2,1,2,4,1,2,1,5,1,1,3,4,1,2,1,rssll_rrsl_rsssl_rrsl,551.0,201.0,117.0,198.0,68.0,343.0,497.0,319.0,110.0,216.0,308.0,630.0,15.0,10.0,10.0,15.0,8.960603849653776,8.870181872934392,8.845038550884576,9.101101675636242,8.8938706852951,0.7647534357316087,0.8189368770764119,0.795417348608838,0.7131849315068494,0.7837384744341995,3.562549352645874,25.420800323363007,28.339244186046514,26.25761865793783,23.49999143835615,26.154409052808063,70.1285367825384,73.04900332225914,70.95908346972176,68.16010273972603,70.83151718357082,17.072756669361357,19.812292358803987,17.843698854337152,15.702054794520548,17.87007544006706,15.0,10.0,10.0,15.0,17.66017562341802
