,1,1l,1r,1s,2,2l,2r,2s,3,3l,3r,3s,4,4l,4r,4s,id,1_2,1_3,1_4,2_1,2_3,2_4,3_1,3_2,3_4,4_1,4_2,4_3,p1,p2,p3,p4,speed0,speed1,speed2,speed3,speed4,stop0,stop1,stop2,stop3,stop4,time,timeloss0,timeloss1,timeloss2,timeloss3,timeloss4,travel0,travel1,travel2,travel3,travel4,wait0,wait1,wait2,wait3,wait4,rssl_rrsslll_rsl_rrsll_0,rssl_rrsslll_rsl_rrsll_1,rssl_rrsslll_rsl_rrsll_2,rssl_rrsslll_rsl_rrsll_3,performance measure
0,4,1,1,2,7,3,2,2,3,1,1,1,5,2,2,1,rssl_rrsslll_rsl_rrsll,169.0,399.0,48.0,299.0,163.0,398.0,85.0,249.0,196.0,437.0,127.0,392.0,10.0,10.0,10.0,10.0,9.399501243227114,9.259832984166103,9.436820776607915,9.387957650001814,9.410161256787006,0.713326941514861,0.7664376840039254,0.7014218009478673,0.7139917695473251,0.727810650887574,2.8279738426208496,20.495503355704685,21.697046123650615,20.482616113744086,20.52684156378603,20.195857988165727,65.20709491850431,66.43375858684985,65.22369668246445,65.25308641975309,64.91420118343196,13.082454458293384,14.068694798822374,13.15734597156398,13.20679012345679,12.879684418145956,10.0,10.0,10.0,10.0,13.278993954056498
