,1,1l,1r,1s,2,2l,2r,2s,3,3l,3r,3s,4,4l,4r,4s,id,1_2,1_3,1_4,2_1,2_3,2_4,3_1,3_2,3_4,4_1,4_2,4_3,p1,p2,p3,p4,speed0,speed1,speed2,speed3,speed4,stop0,stop1,stop2,stop3,stop4,time,timeloss0,timeloss1,timeloss2,timeloss3,timeloss4,travel0,travel1,travel2,travel3,travel4,wait0,wait1,wait2,wait3,wait4,rsl_rsssssl_rsll_rrssl_0,rsl_rsssssl_rsll_rrssl_1,rsl_rsssssl_rsll_rrssl_2,rsl_rsssssl_rsll_rrssl_3,performance measure
0,3,1,1,1,7,1,1,5,4,2,1,1,5,1,2,2,rsl_rsssssl_rsll_rrssl,55.0,325.0,114.0,311.0,118.0,1137.0,315.0,53.0,603.0,65.0,445.0,588.0,15.0,15.0,5.0,10.0,8.974973568779323,9.036325827040269,8.943694809224498,8.916199843799761,8.890016984578848,0.7905646890636169,0.7768895348837209,0.7927424982554082,0.812545587162655,0.8143160878809355,3.9061996936798096,25.32548963545388,23.92389534883719,25.206929518492657,26.490342815463187,25.846952515946093,70.23516797712652,68.78488372093024,70.14235868806699,71.34208606856309,70.77817150956768,17.08720514653324,15.91642441860465,16.930216329378926,17.98832968636032,17.476966690290574,15.0,15.0,5.0,10.0,17.079828454233542
