,1,1l,1r,1s,2,2l,2r,2s,3,3l,3r,3s,4,4l,4r,4s,id,1_2,1_3,1_4,2_1,2_3,2_4,3_1,3_2,3_4,4_1,4_2,4_3,p1,p2,p3,p4,speed0,speed1,speed2,speed3,speed4,stop0,stop1,stop2,stop3,stop4,time,timeloss0,timeloss1,timeloss2,timeloss3,timeloss4,travel0,travel1,travel2,travel3,travel4,wait0,wait1,wait2,wait3,wait4,rssl_rrsslll_rsl_rrsll_0,rssl_rrsslll_rsl_rrsll_1,rssl_rrsslll_rsl_rrsll_2,rssl_rrsslll_rsl_rrsll_3,performance measure
0,4,1,1,2,7,3,2,2,3,1,1,1,5,2,2,1,rssl_rrsslll_rsl_rrsll,145.0,632.0,73.0,545.0,339.0,547.0,41.0,310.0,241.0,270.0,302.0,208.0,15.0,15.0,10.0,15.0,8.942196325219676,8.801538104499988,8.857001631171142,9.105266175124749,8.644691401725217,0.7391653290529695,0.7632450331125827,0.764937106918239,0.6950596252129472,0.8105436573311368,3.237274169921875,24.701853932584257,26.332235099337737,25.768710691823923,23.732913117546836,27.884530477759508,69.41813804173354,71.09437086092716,70.46776729559748,68.43015332197615,72.64003294892916,16.86035313001605,18.330298013245034,17.75078616352201,16.126064735945487,19.422570016474463,15.0,15.0,10.0,15.0,17.69801441184061
