,1,1l,1r,1s,2,2l,2r,2s,3,3l,3r,3s,4,4l,4r,4s,id,1_2,1_3,1_4,2_1,2_3,2_4,3_1,3_2,3_4,4_1,4_2,4_3,p1,p2,p3,p4,speed0,speed1,speed2,speed3,speed4,stop0,stop1,stop2,stop3,stop4,time,timeloss0,timeloss1,timeloss2,timeloss3,timeloss4,travel0,travel1,travel2,travel3,travel4,wait0,wait1,wait2,wait3,wait4,rsl_rsssssl_rsll_rrssl_0,rsl_rsssssl_rsll_rrssl_1,rsl_rsssssl_rsll_rrssl_2,rsl_rsssssl_rsll_rrssl_3,performance measure
0,3,1,1,1,7,1,1,5,4,2,1,1,5,1,2,2,rsl_rsssssl_rsll_rrssl,297.0,338.0,193.0,65.0,319.0,846.0,328.0,92.0,201.0,276.0,681.0,120.0,15.0,15.0,15.0,15.0,7.909850984390904,7.653011768044843,7.32274032220112,7.9609473812258935,7.569909895246664,0.9186602870813397,0.9684721099434115,1.1471518987341771,0.916597853014038,1.0553327987169205,3.448812484741211,36.19228867623601,40.15588520614387,49.30251582278474,36.5983649876135,44.56902967121088,81.15470494417863,85.10670978172999,94.2871835443038,81.59289843104872,89.5252606255012,26.944976076555022,30.228779304769603,37.674050632911396,27.108175061932286,33.70569366479551,15.0,15.0,15.0,15.0,31.132334948192767
