,1,1l,1r,1s,2,2l,2r,2s,3,3l,3r,3s,4,4l,4r,4s,id,1_2,1_3,1_4,2_1,2_3,2_4,3_1,3_2,3_4,4_1,4_2,4_3,p1,p2,p3,p4,speed0,speed1,speed2,speed3,speed4,stop0,stop1,stop2,stop3,stop4,time,timeloss0,timeloss1,timeloss2,timeloss3,timeloss4,travel0,travel1,travel2,travel3,travel4,wait0,wait1,wait2,wait3,wait4,rrsll_rssl_rsssll_rsl_0,rrsll_rssl_rsssll_rsl_1,rrsll_rssl_rsssll_rsl_2,rrsll_rssl_rsssll_rsl_3,performance measure
0,5,2,2,1,4,1,1,2,6,2,1,3,3,1,1,1,rrsll_rssl_rsssll_rsl,252.0,209.0,312.0,158.0,200.0,359.0,1036.0,289.0,330.0,192.0,55.0,120.0,10.0,15.0,10.0,10.0,9.037960974459297,9.17935651832404,9.094528729826264,9.158892917318875,9.27762489478288,0.7717842323651453,0.7516835016835017,0.7530463038180342,0.7476066144473456,0.7244897959183674,3.5689291954040527,23.572838174273848,22.799360269360243,23.144297319252605,23.004003481288073,21.711921768707473,68.42572614107884,67.67424242424242,67.99918765231519,67.82941688424717,66.54591836734694,15.70954356846473,14.99915824915825,15.298943948009748,15.296779808529156,14.20748299319728,10.0,15.0,10.0,10.0,15.102381713471832
