,1,1l,1r,1s,2,2l,2r,2s,3,3l,3r,3s,4,4l,4r,4s,id,1_2,1_3,1_4,2_1,2_3,2_4,3_1,3_2,3_4,4_1,4_2,4_3,p1,p2,p3,p4,speed0,speed1,speed2,speed3,speed4,stop0,stop1,stop2,stop3,stop4,time,timeloss0,timeloss1,timeloss2,timeloss3,timeloss4,travel0,travel1,travel2,travel3,travel4,wait0,wait1,wait2,wait3,wait4,rssll_rrssl_rssslll_rrssll_0,rssll_rrssl_rssslll_rrssll_1,rssll_rrssl_rssslll_rrssll_2,rssll_rrssl_rssslll_rrssll_3,performance measure
0,5,2,1,2,5,1,2,2,7,3,1,3,6,2,2,2,rssll_rrssl_rssslll_rrssll,495.0,393.0,105.0,266.0,323.0,297.0,288.0,91.0,603.0,294.0,333.0,563.0,15.0,10.0,15.0,10.0,9.005811616215796,8.9732576463184,8.899418821144781,9.081461614330602,9.041428008506049,0.7467902995720399,0.7632150615496017,0.7742402315484804,0.7503793626707133,0.7414561664190193,3.5304059982299805,24.049586305278165,24.439044170890654,25.307358900144763,24.10894537177538,24.04985141158989,68.73252496433666,69.14699493120926,70.03183791606368,68.72458270106222,68.71693907875186,16.393009985734665,16.725561187545257,17.585383502170767,16.382397572078908,16.527488855869244,15.0,10.0,15.0,10.0,16.722768220679768
