,1,1l,1r,1s,2,2l,2r,2s,3,3l,3r,3s,4,4l,4r,4s,id,1_2,1_3,1_4,2_1,2_3,2_4,3_1,3_2,3_4,4_1,4_2,4_3,p1,p2,p3,p4,speed0,speed1,speed2,speed3,speed4,stop0,stop1,stop2,stop3,stop4,time,timeloss0,timeloss1,timeloss2,timeloss3,timeloss4,travel0,travel1,travel2,travel3,travel4,wait0,wait1,wait2,wait3,wait4,rslll_rsl_rrslll_rsl_0,rslll_rsl_rrslll_rsl_1,rslll_rsl_rrslll_rsl_2,rslll_rsl_rrslll_rsl_3,performance measure
0,5,3,1,1,3,1,1,1,6,3,2,1,3,1,1,1,rslll_rsl_rrslll_rsl,789.0,303.0,134.0,321.0,224.0,329.0,99.0,293.0,348.0,221.0,312.0,57.0,15.0,15.0,10.0,15.0,8.247633263382223,8.212209140648733,8.279058653676355,8.436591715964527,8.222874438452234,0.9207579672695951,0.9108225108225109,0.9025389025389026,0.9221927497789567,0.9166666666666666,3.1798956394195557,35.38044788975019,35.34614718614718,34.08723177723175,36.026268788682536,34.853133680555544,80.30663221360896,80.27705627705627,78.998361998362,80.9266136162688,79.80208333333333,25.638242894056848,26.005194805194805,24.703521703521705,26.24049513704686,25.31597222222222,15.0,15.0,10.0,15.0,25.580685352408487
