,1,1l,1r,1s,2,2l,2r,2s,3,3l,3r,3s,4,4l,4r,4s,id,1_2,1_3,1_4,2_1,2_3,2_4,3_1,3_2,3_4,4_1,4_2,4_3,p1,p2,p3,p4,speed0,speed1,speed2,speed3,speed4,stop0,stop1,stop2,stop3,stop4,time,timeloss0,timeloss1,timeloss2,timeloss3,timeloss4,travel0,travel1,travel2,travel3,travel4,wait0,wait1,wait2,wait3,wait4,rrsll_rssl_rsssll_rsl_0,rrsll_rssl_rsssll_rsl_1,rrsll_rssl_rsssll_rsl_2,rrsll_rssl_rsssll_rsl_3,performance measure
0,5,2,2,1,4,1,1,2,6,2,1,3,3,1,1,1,rrsll_rssl_rsssll_rsl,120.0,153.0,593.0,125.0,152.0,427.0,170.0,267.0,638.0,180.0,168.0,309.0,15.0,10.0,10.0,10.0,9.068216111560421,9.195056796254498,8.955569274280641,9.192504085513724,9.190251494670404,0.7574978577549272,0.728,0.7800338409475466,0.7228805834092981,0.7389033942558747,3.3773751258850098,23.25260497000856,22.106933333333338,24.413426395939116,21.984056517775723,22.151966927763286,67.95801199657241,66.77955555555556,69.13959390862944,66.68368277119417,66.85639686684073,15.300771208226221,14.327111111111112,16.237732656514382,14.195989061075661,14.311575282854657,15.0,10.0,10.0,10.0,14.874635863956408
