,1,1l,1r,1s,2,2l,2r,2s,3,3l,3r,3s,4,4l,4r,4s,id,1_2,1_3,1_4,2_1,2_3,2_4,3_1,3_2,3_4,4_1,4_2,4_3,p1,p2,p3,p4,speed0,speed1,speed2,speed3,speed4,stop0,stop1,stop2,stop3,stop4,time,timeloss0,timeloss1,timeloss2,timeloss3,timeloss4,travel0,travel1,travel2,travel3,travel4,wait0,wait1,wait2,wait3,wait4,rsssl_rrsll_rsl_rsslll_0,rsssl_rrsll_rsl_rsslll_1,rsssl_rrsll_rsl_rsslll_2,rsssl_rrsll_rsl_rsslll_3,performance measure
0,5,1,1,3,5,2,2,1,3,1,1,1,6,3,1,2,rsssl_rrsll_rsl_rsslll,133.0,1016.0,177.0,499.0,406.0,93.0,235.0,219.0,188.0,414.0,363.0,40.0,10.0,15.0,10.0,10.0,9.088953665893515,9.162858047731019,9.03918892384421,9.138167889092145,9.099044569017343,0.7577399380804953,0.7535321821036107,0.7717810331534309,0.7528925619834711,0.7507961783439491,3.237992286682129,23.17469814241485,22.52113814756673,23.606414803392468,22.908991735537214,23.018463375796188,68.00773993808049,67.37205651491365,68.44641480339244,67.73223140495868,67.86226114649682,15.356037151702786,14.805337519623233,15.697764070932923,15.209917355371902,15.322452229299364,10.0,15.0,10.0,10.0,15.278301665386042
