,1,1l,1r,1s,2,2l,2r,2s,3,3l,3r,3s,4,4l,4r,4s,id,1_2,1_3,1_4,2_1,2_3,2_4,3_1,3_2,3_4,4_1,4_2,4_3,p1,p2,p3,p4,speed0,speed1,speed2,speed3,speed4,stop0,stop1,stop2,stop3,stop4,time,timeloss0,timeloss1,timeloss2,timeloss3,timeloss4,travel0,travel1,travel2,travel3,travel4,wait0,wait1,wait2,wait3,wait4,rrslll_rssll_rsl_rssssll_0,rrslll_rssll_rsl_rssssll_1,rrslll_rssll_rsl_rssssll_2,rrslll_rssll_rsl_rssssll_3,performance measure
0,6,3,2,1,5,2,1,2,3,1,1,1,7,2,1,4,rrslll_rssll_rsl_rssssll,400.0,132.0,226.0,293.0,172.0,716.0,98.0,59.0,161.0,641.0,312.0,164.0,5.0,5.0,10.0,10.0,8.095994223021428,8.911385774792768,8.505972725586622,8.870356169733048,9.233889706652807,1.3145374449339207,0.9396551724137931,1.1020746887966806,0.9851138353765324,0.8453333333333334,3.2953221797943115,39.5327841409692,25.69478448275861,31.740448132780116,28.037618213660245,22.933448888888883,84.33568281938327,70.50086206896552,76.5402489626556,72.81786339754817,67.68266666666666,27.52863436123348,16.843103448275862,21.71618257261411,18.73555166374781,14.719111111111111,5.0,5.0,10.0,10.0,19.908516631396473
