,1,1l,1r,1s,2,2l,2r,2s,3,3l,3r,3s,4,4l,4r,4s,id,1_2,1_3,1_4,2_1,2_3,2_4,3_1,3_2,3_4,4_1,4_2,4_3,p1,p2,p3,p4,speed0,speed1,speed2,speed3,speed4,stop0,stop1,stop2,stop3,stop4,time,timeloss0,timeloss1,timeloss2,timeloss3,timeloss4,travel0,travel1,travel2,travel3,travel4,wait0,wait1,wait2,wait3,wait4,rrsslll_rrsll_rsssl_rrsslll_0,rrsslll_rrsll_rsssl_rrsslll_1,rrsslll_rrsll_rsssl_rrsslll_2,rrsslll_rrsll_rsssl_rrsslll_3,performance measure
0,7,3,2,2,5,2,2,1,5,1,1,3,7,3,2,2,rrsslll_rrsll_rsssl_rrsslll,956.0,621.0,409.0,311.0,512.0,286.0,766.0,289.0,188.0,110.0,361.0,570.0,15.0,15.0,15.0,15.0,8.490568685855171,8.32789308398345,8.305599325253763,8.61334800179791,8.553310466529734,0.8230231307154384,0.8403908794788274,0.8465346534653465,0.7781609195402299,0.7871396895787139,4.764493942260742,31.09639053254441,32.34706297502712,31.904290429042938,28.038178160919514,28.65649667405771,75.62883270575578,76.914223669924,76.48074807480748,72.62931034482759,73.22117516629712,22.23238300161377,23.441910966340934,23.107810781078108,19.835632183908046,20.374168514412418,15.0,15.0,15.0,15.0,21.798381089470656
