,1,1l,1r,1s,2,2l,2r,2s,3,3l,3r,3s,4,4l,4r,4s,id,1_2,1_3,1_4,2_1,2_3,2_4,3_1,3_2,3_4,4_1,4_2,4_3,p1,p2,p3,p4,speed0,speed1,speed2,speed3,speed4,stop0,stop1,stop2,stop3,stop4,time,timeloss0,timeloss1,timeloss2,timeloss3,timeloss4,travel0,travel1,travel2,travel3,travel4,wait0,wait1,wait2,wait3,wait4,rsl_rsl_rsssl_rsl_0,rsl_rsl_rsssl_rsl_1,rsl_rsl_rsssl_rsl_2,rsl_rsl_rsssl_rsl_3,performance measure
0,3,1,1,1,3,1,1,1,5,1,1,3,3,1,1,1,rsl_rsl_rsssl_rsl,170.0,157.0,245.0,277.0,270.0,69.0,936.0,37.0,67.0,145.0,95.0,300.0,10.0,15.0,10.0,5.0,9.21120916704871,9.041156379070799,9.017713231000485,9.108892800726075,9.264342882044563,0.7619047619047619,0.808870116156283,0.801829268292683,0.8219954648526077,0.742145178764897,2.6755409240722656,22.261925925925926,23.730316789862748,24.249563008130096,24.79345804988665,21.55470205850487,67.28571428571429,68.69060190073918,69.23475609756098,69.75056689342404,66.54929577464789,14.256084656084656,15.413938753959874,15.611788617886178,16.072562358276645,13.664138678223186,10.0,15.0,10.0,5.0,15.003702612886107
