,1,1l,1r,1s,2,2l,2r,2s,3,3l,3r,3s,4,4l,4r,4s,id,1_2,1_3,1_4,2_1,2_3,2_4,3_1,3_2,3_4,4_1,4_2,4_3,p1,p2,p3,p4,speed0,speed1,speed2,speed3,speed4,stop0,stop1,stop2,stop3,stop4,time,timeloss0,timeloss1,timeloss2,timeloss3,timeloss4,travel0,travel1,travel2,travel3,travel4,wait0,wait1,wait2,wait3,wait4,rsl_rssslll_rrsssl_rsslll_0,rsl_rssslll_rrsssl_rsslll_1,rsl_rssslll_rrsssl_rsslll_2,rsl_rssslll_rrsssl_rsslll_3,performance measure
0,3,1,1,1,7,3,1,3,6,1,2,3,6,3,1,2,rsl_rssslll_rrsssl_rsslll,183.0,186.0,87.0,239.0,834.0,809.0,903.0,535.0,127.0,965.0,178.0,94.0,10.0,15.0,15.0,15.0,8.789331535753657,8.493105809524888,8.61726730400682,8.591030400053619,8.788853328653575,0.7727006444053895,0.8247541931752458,0.8061051441492368,0.7956120092378753,0.7656341320864991,4.007281541824341,26.309584065612167,29.03612492770385,27.807817976257706,28.139607390300217,25.938229105786142,71.10017574692444,73.84441873915559,72.54607122668175,72.94515011547344,70.72121566335477,18.149384885764498,20.454598033545402,19.335217637083097,19.547344110854503,17.85914669783752,10.0,15.0,15.0,15.0,19.069138273017003
