,1,1l,1r,1s,2,2l,2r,2s,3,3l,3r,3s,4,4l,4r,4s,id,1_2,1_3,1_4,2_1,2_3,2_4,3_1,3_2,3_4,4_1,4_2,4_3,p1,p2,p3,p4,speed0,speed1,speed2,speed3,speed4,stop0,stop1,stop2,stop3,stop4,time,timeloss0,timeloss1,timeloss2,timeloss3,timeloss4,travel0,travel1,travel2,travel3,travel4,wait0,wait1,wait2,wait3,wait4,rsl_rsssll_rrssl_rrsslll_0,rsl_rsssll_rrssl_rrsslll_1,rsl_rsssll_rrssl_rrsslll_2,rsl_rsssll_rrssl_rrsslll_3,performance measure
0,3,1,1,1,6,2,1,3,5,1,2,2,7,3,2,2,rsl_rsssll_rrssl_rrsslll,168.0,355.0,158.0,37.0,248.0,863.0,206.0,90.0,210.0,714.0,477.0,355.0,10.0,15.0,15.0,15.0,8.703673179743697,8.415656211033575,8.202366671177169,8.642759844489763,8.241946718423778,0.7919566898685229,0.8717375093214019,0.9754646840148699,0.8175355450236966,0.95390625,3.6156482696533203,28.4725135344161,31.293639075316978,37.724089219330885,29.996666666666638,36.284203124999955,73.35653518948183,76.16703952274422,82.64758364312267,74.86176935229068,81.159375,20.25290023201856,22.556301267710662,27.501115241635688,21.650078988941548,26.47421875,10.0,15.0,15.0,15.0,23.686922896061294
