,1,1l,1r,1s,2,2l,2r,2s,3,3l,3r,3s,4,4l,4r,4s,id,1_2,1_3,1_4,2_1,2_3,2_4,3_1,3_2,3_4,4_1,4_2,4_3,p1,p2,p3,p4,speed0,speed1,speed2,speed3,speed4,stop0,stop1,stop2,stop3,stop4,time,timeloss0,timeloss1,timeloss2,timeloss3,timeloss4,travel0,travel1,travel2,travel3,travel4,wait0,wait1,wait2,wait3,wait4,rsssssl_rsl_rrsslll_rsssll_0,rsssssl_rsl_rrsslll_rsssll_1,rsssssl_rsl_rrsslll_rsssll_2,rsssssl_rsl_rrsslll_rsssll_3,performance measure
0,7,1,1,5,3,1,1,1,7,3,2,2,6,2,1,3,rsssssl_rsl_rrsslll_rsssll,278.0,483.0,234.0,38.0,53.0,336.0,665.0,244.0,537.0,121.0,1030.0,40.0,15.0,15.0,5.0,15.0,8.645106544107051,8.686059957781174,8.623338168804253,8.948172695423192,8.70021038609797,0.8548621190130624,0.8177842565597667,0.8274894810659187,0.7739130434782608,0.8146306818181818,3.4877121448516846,28.98092162554425,26.9273469387755,27.841858345021077,24.828039525691715,26.853160511363683,73.81567489114659,71.82507288629738,72.81767180925667,69.67588932806323,71.74928977272727,20.066763425253992,18.49125364431487,19.271388499298737,16.8300395256917,18.444602272727273,15.0,15.0,5.0,15.0,18.620809473457314
