,1,1l,1r,1s,2,2l,2r,2s,3,3l,3r,3s,4,4l,4r,4s,id,1_2,1_3,1_4,2_1,2_3,2_4,3_1,3_2,3_4,4_1,4_2,4_3,p1,p2,p3,p4,speed0,speed1,speed2,speed3,speed4,stop0,stop1,stop2,stop3,stop4,time,timeloss0,timeloss1,timeloss2,timeloss3,timeloss4,travel0,travel1,travel2,travel3,travel4,wait0,wait1,wait2,wait3,wait4,rsl_rssslll_rrsssl_rsslll_0,rsl_rssslll_rrsssl_rsslll_1,rsl_rssslll_rrsssl_rsslll_2,rsl_rssslll_rrsssl_rsslll_3,performance measure
0,3,1,1,1,7,3,1,3,6,1,2,3,6,3,1,2,rsl_rssslll_rrsssl_rsslll,72.0,266.0,170.0,163.0,652.0,1066.0,890.0,120.0,310.0,761.0,156.0,36.0,15.0,15.0,15.0,15.0,7.854248516971978,8.006592074714254,7.290305234752885,7.267815453832473,7.99632223521072,0.9307443365695793,0.8808030112923463,1.0799752014879107,1.1576898118105126,0.8794871794871795,4.281301736831665,36.172097087378596,34.140207026348854,45.186670799752015,49.31933809214802,34.19221153846149,81.1346278317152,79.13048933500627,90.19342839429635,94.28423101881894,79.17564102564103,26.882200647249192,25.122961104140526,34.268443893366396,37.42439974042829,25.2,15.0,15.0,15.0,15.0,29.77960107703688
