,1,1l,1r,1s,2,2l,2r,2s,3,3l,3r,3s,4,4l,4r,4s,id,1_2,1_3,1_4,2_1,2_3,2_4,3_1,3_2,3_4,4_1,4_2,4_3,p1,p2,p3,p4,speed0,speed1,speed2,speed3,speed4,stop0,stop1,stop2,stop3,stop4,time,timeloss0,timeloss1,timeloss2,timeloss3,timeloss4,travel0,travel1,travel2,travel3,travel4,wait0,wait1,wait2,wait3,wait4,rssll_rrssl_rssslll_rrssll_0,rssll_rrssl_rssslll_rrssll_1,rssll_rrssl_rssslll_rrssll_2,rssll_rrssl_rssslll_rrssll_3,performance measure
0,5,2,1,2,5,1,2,2,7,3,1,3,6,2,2,2,rssll_rrssl_rssslll_rrssll,567.0,113.0,233.0,289.0,200.0,426.0,1064.0,99.0,289.0,152.0,716.0,633.0,15.0,15.0,10.0,15.0,8.689937968575288,8.440299604301691,8.648940286543775,8.694899119874352,8.686447558236969,0.7888349514563107,0.8371659415786202,0.8002428658166363,0.799618320610687,0.7881087919038583,4.2297539710998535,27.795206310679564,30.112162834058427,27.827686703096454,28.68970737913487,27.30013915243517,72.4993932038835,74.84089496581728,72.55798421372192,73.41984732824427,72.03668564199873,19.396844660194176,21.42386575512741,19.492410443230117,20.30470737913486,19.041113219481343,15.0,15.0,10.0,15.0,19.93178829143358
