,1,1l,1r,1s,2,2l,2r,2s,3,3l,3r,3s,4,4l,4r,4s,id,1_2,1_3,1_4,2_1,2_3,2_4,3_1,3_2,3_4,4_1,4_2,4_3,p1,p2,p3,p4,speed0,speed1,speed2,speed3,speed4,stop0,stop1,stop2,stop3,stop4,time,timeloss0,timeloss1,timeloss2,timeloss3,timeloss4,travel0,travel1,travel2,travel3,travel4,wait0,wait1,wait2,wait3,wait4,rsl_rsl_rsl_rrssssl_0,rsl_rsl_rsl_rrssssl_1,rsl_rsl_rsl_rrssssl_2,rsl_rsl_rsl_rrssssl_3,performance measure
0,3,1,1,1,3,1,1,1,3,1,1,1,7,1,2,4,rsl_rsl_rsl_rrssssl,293.0,133.0,175.0,265.0,98.0,150.0,122.0,322.0,231.0,221.0,1437.0,435.0,15.0,10.0,10.0,15.0,8.990333536577808,8.658753146346099,8.64292138534627,9.002604442735372,8.869960457883463,0.7473604826546003,0.8300153139356815,0.8220588235294117,0.7460191082802548,0.7654135338345864,3.4214401245117188,24.2206787330317,28.71004594180704,27.74033088235294,24.12621019108279,25.07830075187968,69.03393665158372,73.53905053598776,72.60441176470589,68.92277070063695,69.87669172932331,15.99396681749623,19.931852986217457,18.836764705882352,16.004777070063696,16.774436090225564,15.0,10.0,10.0,15.0,17.50835953397706
