,1,1l,1r,1s,2,2l,2r,2s,3,3l,3r,3s,4,4l,4r,4s,id,1_2,1_3,1_4,2_1,2_3,2_4,3_1,3_2,3_4,4_1,4_2,4_3,p1,p2,p3,p4,speed0,speed1,speed2,speed3,speed4,stop0,stop1,stop2,stop3,stop4,time,timeloss0,timeloss1,timeloss2,timeloss3,timeloss4,travel0,travel1,travel2,travel3,travel4,wait0,wait1,wait2,wait3,wait4,rrsssll_rsl_rsl_rrsll_0,rrsssll_rsl_rsl_rrsll_1,rrsssll_rsl_rsl_rrsll_2,rrsssll_rsl_rsl_rrsll_3,performance measure
0,7,2,2,3,3,1,1,1,3,1,1,1,5,2,2,1,rrsssll_rsl_rsl_rrsll,81.0,396.0,455.0,294.0,315.0,344.0,153.0,264.0,160.0,542.0,226.0,362.0,5.0,5.0,10.0,10.0,8.505315770037914,9.219654470533852,8.827033481727874,9.228537994308155,9.074673849748638,1.294987674609696,0.8247588424437299,1.023980815347722,0.9053708439897699,0.9523809523809523,3.2729992866516113,38.861388660640856,22.521326366559467,28.644028776978395,25.576112531969308,26.528456486042703,83.50616269515201,67.15675241157557,73.31734612310152,70.19437340153452,71.16830870279146,26.561216105176666,14.091639871382636,18.754596322941648,16.526001705029838,17.06814449917898,5.0,5.0,10.0,10.0,18.600319700741956
