,1,1l,1r,1s,2,2l,2r,2s,3,3l,3r,3s,4,4l,4r,4s,id,1_2,1_3,1_4,2_1,2_3,2_4,3_1,3_2,3_4,4_1,4_2,4_3,p1,p2,p3,p4,speed0,speed1,speed2,speed3,speed4,stop0,stop1,stop2,stop3,stop4,time,timeloss0,timeloss1,timeloss2,timeloss3,timeloss4,travel0,travel1,travel2,travel3,travel4,wait0,wait1,wait2,wait3,wait4,rssll_rrssl_rssslll_rrssll_0,rssll_rrssl_rssslll_rrssll_1,rssll_rrssl_rssslll_rrssll_2,rssll_rrssl_rssslll_rrssll_3,performance measure
0,5,2,1,2,5,1,2,2,7,3,1,3,6,2,2,2,rssll_rrssl_rssslll_rrssll,215.0,230.0,129.0,525.0,283.0,173.0,487.0,201.0,339.0,567.0,287.0,554.0,5.0,5.0,10.0,10.0,9.093448863908414,9.435564899637763,9.147449845521242,9.472284469989123,9.570676117350958,0.8879248011569053,0.7757980697847068,0.8734723220704529,0.7546607009694258,0.7437829691032404,3.7500362396240234,24.68635574837309,20.29755753526355,23.23559309849026,20.26199850857566,19.361552373775464,69.11641359363702,64.75946547884188,67.73472322070452,64.66741237882178,63.81235870384326,16.370932754880695,12.561989606533036,15.070452911574407,12.66592095451156,11.907309721175585,5.0,5.0,10.0,10.0,13.715321189735056
