,1,1l,1r,1s,2,2l,2r,2s,3,3l,3r,3s,4,4l,4r,4s,id,1_2,1_3,1_4,2_1,2_3,2_4,3_1,3_2,3_4,4_1,4_2,4_3,p1,p2,p3,p4,speed0,speed1,speed2,speed3,speed4,stop0,stop1,stop2,stop3,stop4,time,timeloss0,timeloss1,timeloss2,timeloss3,timeloss4,travel0,travel1,travel2,travel3,travel4,wait0,wait1,wait2,wait3,wait4,rrsssll_rsl_rsl_rrsll_0,rrsssll_rsl_rsl_rrsll_1,rrsssll_rsl_rsl_rrsll_2,rrsssll_rsl_rsl_rrsll_3,performance measure
0,7,2,2,3,3,1,1,1,3,1,1,1,5,2,2,1,rrsssll_rsl_rsl_rrsll,269.0,929.0,348.0,283.0,314.0,250.0,258.0,91.0,49.0,437.0,219.0,601.0,5.0,10.0,10.0,10.0,8.75947391334222,8.904979988052766,8.651234024848826,9.152759211347652,9.020794952606492,0.927710843373494,0.8595988538681948,0.9766081871345029,0.8264910921766073,0.8447387785136129,3.721036672592163,27.286640680368507,24.699985673352458,29.391578947368426,23.356367157242463,23.572362030905083,72.01913536498937,69.44627507163324,74.16374269005848,68.06274206041829,68.30537159676233,18.074415308291993,16.101002865329512,19.85233918128655,14.935708752904725,15.167770419426049,5.0,10.0,10.0,10.0,16.82624730544777
