,1,1l,1r,1s,2,2l,2r,2s,3,3l,3r,3s,4,4l,4r,4s,id,1_2,1_3,1_4,2_1,2_3,2_4,3_1,3_2,3_4,4_1,4_2,4_3,p1,p2,p3,p4,speed0,speed1,speed2,speed3,speed4,stop0,stop1,stop2,stop3,stop4,time,timeloss0,timeloss1,timeloss2,timeloss3,timeloss4,travel0,travel1,travel2,travel3,travel4,wait0,wait1,wait2,wait3,wait4,rsssl_rrsll_rsl_rsslll_0,rsssl_rrsll_rsl_rsslll_1,rsssl_rrsll_rsl_rsslll_2,rsssl_rrsll_rsl_rsslll_3,performance measure
0,5,1,1,3,5,2,2,1,3,1,1,1,6,3,1,2,rsssl_rrsll_rsl_rsslll,40.0,1035.0,295.0,347.0,143.0,220.0,103.0,300.0,102.0,164.0,167.0,101.0,5.0,15.0,5.0,10.0,9.666643604632206,9.714458575466296,9.795154248012995,9.829938777145133,9.759908783858434,0.7090909090909091,0.6856581532416502,0.675701839303001,0.6512345679012346,0.6813819577735125,2.7050280570983887,19.118478468899525,18.032760314341864,17.245188770571154,17.264043209876558,17.659424184260995,63.83157894736842,62.789783889980356,61.92836398838335,61.99382716049383,62.30806142034549,11.611483253588517,10.703339882121808,10.062923523717329,10.139917695473251,10.335892514395393,5.0,15.0,5.0,10.0,10.57071137385926
