,1,1l,1r,1s,2,2l,2r,2s,3,3l,3r,3s,4,4l,4r,4s,id,1_2,1_3,1_4,2_1,2_3,2_4,3_1,3_2,3_4,4_1,4_2,4_3,p1,p2,p3,p4,speed0,speed1,speed2,speed3,speed4,stop0,stop1,stop2,stop3,stop4,time,timeloss0,timeloss1,timeloss2,timeloss3,timeloss4,travel0,travel1,travel2,travel3,travel4,wait0,wait1,wait2,wait3,wait4,rrslll_rssll_rsl_rssssll_0,rrslll_rssll_rsl_rssssll_1,rrslll_rssll_rsl_rssssll_2,rrslll_rssll_rsl_rssssll_3,performance measure
0,6,3,2,1,5,2,1,2,3,1,1,1,7,2,1,4,rrslll_rssll_rsl_rssssll,579.0,118.0,542.0,230.0,180.0,145.0,324.0,56.0,269.0,174.0,1379.0,128.0,15.0,15.0,5.0,15.0,8.95731102227517,8.80555244394686,8.697371899040085,8.815095831709346,8.965838544052575,0.7557027225901398,0.7825144508670521,0.8055367994598245,0.8115727002967359,0.756578947368421,3.6650726795196533,24.71913907284767,26.343258670520225,27.182640108035102,26.480415430267044,24.464269005847903,69.5364238410596,71.1878612716763,72.02835921674544,71.27077151335311,69.25804093567251,16.74908020603385,18.190751445086704,18.760297096556382,18.30637982195846,16.450292397660817,15.0,15.0,5.0,15.0,17.691360193459243
