,1,1l,1r,1s,2,2l,2r,2s,3,3l,3r,3s,4,4l,4r,4s,id,1_2,1_3,1_4,2_1,2_3,2_4,3_1,3_2,3_4,4_1,4_2,4_3,p1,p2,p3,p4,speed0,speed1,speed2,speed3,speed4,stop0,stop1,stop2,stop3,stop4,time,timeloss0,timeloss1,timeloss2,timeloss3,timeloss4,travel0,travel1,travel2,travel3,travel4,wait0,wait1,wait2,wait3,wait4,rsl_rrsl_rssslll_rssssl_0,rsl_rrsl_rssslll_rssssl_1,rsl_rrsl_rssslll_rssssl_2,rsl_rrsl_rssslll_rssssl_3,performance measure
0,3,1,1,1,4,1,2,1,7,3,1,3,6,1,1,4,rsl_rrsl_rssslll_rssssl,130.0,100.0,220.0,278.0,89.0,313.0,283.0,87.0,436.0,53.0,864.0,163.0,5.0,5.0,5.0,10.0,9.61897516087817,9.818713978900197,9.58875330349454,9.716193998450446,9.80620982987119,0.8346080305927343,0.7284440039643211,0.7945845004668534,0.7674897119341564,0.7332071901608326,3.1061038970947266,19.89346080305928,17.352893954410295,19.5739122315593,18.143755144032895,17.16523178807945,64.73231357552581,62.22893954410307,64.36507936507937,63.00925925925926,61.96310312204352,11.812619502868069,10.007928642220019,11.916900093370682,10.665637860082304,9.927152317880795,5.0,5.0,5.0,10.0,10.866047683284375
