,1,1l,1r,1s,2,2l,2r,2s,3,3l,3r,3s,4,4l,4r,4s,id,1_2,1_3,1_4,2_1,2_3,2_4,3_1,3_2,3_4,4_1,4_2,4_3,p1,p2,p3,p4,speed0,speed1,speed2,speed3,speed4,stop0,stop1,stop2,stop3,stop4,time,timeloss0,timeloss1,timeloss2,timeloss3,timeloss4,travel0,travel1,travel2,travel3,travel4,wait0,wait1,wait2,wait3,wait4,rrsssll_rsl_rsl_rrsll_0,rrsssll_rsl_rsl_rrsll_1,rrsssll_rsl_rsl_rrsll_2,rrsssll_rsl_rsl_rrsll_3,performance measure
0,7,2,2,3,3,1,1,1,3,1,1,1,5,2,2,1,rrsssll_rsl_rsl_rrsll,299.0,176.0,112.0,91.0,171.0,281.0,343.0,138.0,214.0,506.0,205.0,266.0,10.0,15.0,15.0,15.0,8.10762766886171,8.535992716532006,8.481732155449011,8.54432939968596,8.451327085065593,0.9418483904465212,0.8214285714285714,0.852760736196319,0.8225108225108225,0.8449367088607594,3.2187881469726562,36.144049844236754,29.390887755102014,31.11574642126789,31.134816017316034,31.425200421940954,81.06022845275182,74.32040816326531,76.06134969325153,76.03896103896103,76.36603375527426,26.427829698857735,21.03265306122449,22.468302658486706,22.4978354978355,22.856540084388186,10.0,15.0,15.0,15.0,23.056632200158525
