,1,1l,1r,1s,2,2l,2r,2s,3,3l,3r,3s,4,4l,4r,4s,id,1_2,1_3,1_4,2_1,2_3,2_4,3_1,3_2,3_4,4_1,4_2,4_3,p1,p2,p3,p4,speed0,speed1,speed2,speed3,speed4,stop0,stop1,stop2,stop3,stop4,time,timeloss0,timeloss1,timeloss2,timeloss3,timeloss4,travel0,travel1,travel2,travel3,travel4,wait0,wait1,wait2,wait3,wait4,rslll_rsl_rrslll_rsl_0,rslll_rsl_rrslll_rsl_1,rslll_rsl_rrslll_rsl_2,rslll_rsl_rrslll_rsl_3,performance measure
0,5,3,1,1,3,1,1,1,6,3,2,1,3,1,1,1,rslll_rsl_rrslll_rsl,670.0,144.0,57.0,320.0,69.0,74.0,348.0,117.0,241.0,256.0,122.0,253.0,10.0,10.0,10.0,5.0,8.517443739143426,8.794597662335136,8.874581503217751,8.648260352656983,8.949027555004676,1.2378854625550662,0.9577142857142857,0.9125799573560768,1.1271676300578035,0.8859749144811858,2.622438669204712,39.14131057268727,29.44371428571426,26.058411513859262,35.07650867052021,25.557377423033085,84.08590308370044,74.408,70.99040511727078,79.9757225433526,70.49486887115165,26.45374449339207,19.802285714285713,16.84968017057569,23.63583815028902,16.795895096921324,10.0,10.0,10.0,5.0,20.707488725092766
