,1,1l,1r,1s,2,2l,2r,2s,3,3l,3r,3s,4,4l,4r,4s,id,1_2,1_3,1_4,2_1,2_3,2_4,3_1,3_2,3_4,4_1,4_2,4_3,p1,p2,p3,p4,speed0,speed1,speed2,speed3,speed4,stop0,stop1,stop2,stop3,stop4,time,timeloss0,timeloss1,timeloss2,timeloss3,timeloss4,travel0,travel1,travel2,travel3,travel4,wait0,wait1,wait2,wait3,wait4,rrsslll_rrsll_rsssl_rrsslll_0,rrsslll_rrsll_rsssl_rrsslll_1,rrsslll_rrsll_rsssl_rrsslll_2,rrsslll_rrsll_rsssl_rrsslll_3,performance measure
0,7,3,2,2,5,2,2,1,5,1,1,3,7,3,2,2,rrsslll_rrsll_rsssl_rrsslll,496.0,495.0,620.0,638.0,394.0,306.0,851.0,137.0,214.0,170.0,471.0,138.0,10.0,15.0,10.0,15.0,8.816608505444126,9.020912061890911,8.867748130874096,9.005787763462177,9.011125214116925,0.799636803874092,0.7516576250753466,0.7807270628967109,0.7642585551330798,0.7429620563035496,4.233374118804932,26.8666101694915,23.884376130198884,25.497005193306407,25.00357414448674,24.05043451652383,71.51150121065375,68.5539481615431,70.1206001154068,69.62420785804817,68.68604651162791,18.52179176755448,16.046413502109704,17.387766878245817,17.03548795944233,16.22276621787026,10.0,15.0,10.0,15.0,17.04284526504452
