,1,1l,1r,1s,2,2l,2r,2s,3,3l,3r,3s,4,4l,4r,4s,id,1_2,1_3,1_4,2_1,2_3,2_4,3_1,3_2,3_4,4_1,4_2,4_3,p1,p2,p3,p4,speed0,speed1,speed2,speed3,speed4,stop0,stop1,stop2,stop3,stop4,time,timeloss0,timeloss1,timeloss2,timeloss3,timeloss4,travel0,travel1,travel2,travel3,travel4,wait0,wait1,wait2,wait3,wait4,rrslll_rssll_rsl_rssssll_0,rrslll_rssll_rsl_rssssll_1,rrslll_rssll_rsl_rssssll_2,rrslll_rssll_rsl_rssssll_3,performance measure
0,6,3,2,1,5,2,1,2,3,1,1,1,7,2,1,4,rrslll_rssll_rsl_rssssll,553.0,264.0,578.0,154.0,390.0,657.0,187.0,304.0,259.0,412.0,343.0,83.0,10.0,10.0,10.0,15.0,8.75081085116354,8.682818547212683,8.313975845303533,8.852341601182859,8.628682398869117,0.8336856941508104,0.8963838664812239,1.089787525702536,0.842296511627907,0.9302491103202847,3.8127715587615967,26.855947850599016,29.652802503477,39.086264564770374,27.783473837209296,31.450967971530243,71.65821000704722,74.47844228094576,83.90541466758053,72.52616279069767,76.19857651245552,18.331219168428472,20.639082058414466,27.95819054146676,19.089389534883722,22.07473309608541,10.0,10.0,10.0,15.0,21.618522879855767
