,1,1l,1r,1s,2,2l,2r,2s,3,3l,3r,3s,4,4l,4r,4s,id,1_2,1_3,1_4,2_1,2_3,2_4,3_1,3_2,3_4,4_1,4_2,4_3,p1,p2,p3,p4,speed0,speed1,speed2,speed3,speed4,stop0,stop1,stop2,stop3,stop4,time,timeloss0,timeloss1,timeloss2,timeloss3,timeloss4,travel0,travel1,travel2,travel3,travel4,wait0,wait1,wait2,wait3,wait4,rssl_rrsslll_rsl_rrsll_0,rssl_rrsslll_rsl_rrsll_1,rssl_rrsslll_rsl_rrsll_2,rssl_rrsslll_rsl_rrsll_3,performance measure
0,4,1,1,2,7,3,2,2,3,1,1,1,5,2,2,1,rssl_rrsslll_rsl_rrsll,305.0,583.0,212.0,269.0,199.0,277.0,325.0,257.0,308.0,569.0,305.0,126.0,15.0,15.0,15.0,15.0,8.107206254599024,7.94015072762769,7.815037629553746,8.111447060452756,8.138413248557232,0.8809710258418167,0.8983708301008534,0.9737856592135697,0.9092422980849292,0.8621513944223107,3.4881229400634766,34.82053249804231,36.41877424359971,39.85486507324592,35.88527060782679,33.98187250996021,79.61628817541111,81.244375484872,84.65690053970701,80.65695253955037,78.74422310756972,25.56930305403289,27.05740884406517,29.69545104086353,26.49458784346378,24.964940239043823,15.0,15.0,15.0,15.0,26.756338204293836
