,1,1l,1r,1s,2,2l,2r,2s,3,3l,3r,3s,4,4l,4r,4s,id,1_2,1_3,1_4,2_1,2_3,2_4,3_1,3_2,3_4,4_1,4_2,4_3,p1,p2,p3,p4,speed0,speed1,speed2,speed3,speed4,stop0,stop1,stop2,stop3,stop4,time,timeloss0,timeloss1,timeloss2,timeloss3,timeloss4,travel0,travel1,travel2,travel3,travel4,wait0,wait1,wait2,wait3,wait4,rrssl_rrssl_rrsslll_rrsslll_0,rrssl_rrssl_rrsslll_rrsslll_1,rrssl_rrssl_rrsslll_rrsslll_2,rrssl_rrssl_rrsslll_rrsslll_3,performance measure
0,5,1,2,2,5,1,2,2,7,3,2,2,7,3,2,2,rrssl_rrssl_rrsslll_rrsslll,316.0,495.0,253.0,294.0,278.0,300.0,107.0,323.0,309.0,965.0,269.0,77.0,15.0,10.0,15.0,10.0,9.055824894063168,8.552078039221673,8.418112768483997,8.894245727781591,8.649902698617057,0.7415812591508053,0.8731454005934718,0.9081779053084649,0.7854961832061069,0.8464944649446494,3.7117316722869873,23.975592972181598,29.638278931750715,31.852568149210896,25.56128244274807,29.187357933579353,68.62737920937043,74.29228486646885,76.51578192252511,70.21145038167938,73.82878228782288,16.337481698389457,21.084569732937684,22.842898134863702,17.56641221374046,20.736531365313652,15.0,10.0,15.0,10.0,19.71357862904899
