,1,1l,1r,1s,2,2l,2r,2s,3,3l,3r,3s,4,4l,4r,4s,id,1_2,1_3,1_4,2_1,2_3,2_4,3_1,3_2,3_4,4_1,4_2,4_3,p1,p2,p3,p4,speed0,speed1,speed2,speed3,speed4,stop0,stop1,stop2,stop3,stop4,time,timeloss0,timeloss1,timeloss2,timeloss3,timeloss4,travel0,travel1,travel2,travel3,travel4,wait0,wait1,wait2,wait3,wait4,rslll_rsl_rrslll_rsl_0,rslll_rsl_rrslll_rsl_1,rslll_rsl_rrslll_rsl_2,rslll_rsl_rrslll_rsl_3,performance measure
0,5,3,1,1,3,1,1,1,6,3,2,1,3,1,1,1,rslll_rsl_rrslll_rsl,497.0,48.0,188.0,244.0,305.0,221.0,299.0,352.0,773.0,260.0,262.0,314.0,10.0,10.0,10.0,10.0,8.527908367220727,8.44156968321406,8.506472855884816,8.465429055027016,8.563308771395283,0.9626749611197511,0.9847634322373697,0.9679878048780488,0.9814963797264682,0.9215229215229215,3.327338695526123,31.522332814930017,31.443592622293483,30.97224847560973,32.08987127916327,29.493364413364407,76.40513219284604,76.34001603849238,75.81631097560975,76.99678197908287,74.35975135975136,21.643856920684293,21.750601443464316,21.233231707317074,22.139983909895413,20.036519036519035,10.0,10.0,10.0,10.0,21.360838603576028
