,1,1l,1r,1s,2,2l,2r,2s,3,3l,3r,3s,4,4l,4r,4s,id,1_2,1_3,1_4,2_1,2_3,2_4,3_1,3_2,3_4,4_1,4_2,4_3,p1,p2,p3,p4,speed0,speed1,speed2,speed3,speed4,stop0,stop1,stop2,stop3,stop4,time,timeloss0,timeloss1,timeloss2,timeloss3,timeloss4,travel0,travel1,travel2,travel3,travel4,wait0,wait1,wait2,wait3,wait4,rssl_rrsslll_rsl_rrsll_0,rssl_rrsslll_rsl_rrsll_1,rssl_rrsslll_rsl_rrsll_2,rssl_rrsslll_rsl_rrsll_3,performance measure
0,4,1,1,2,7,3,2,2,3,1,1,1,5,2,2,1,rssl_rrsslll_rsl_rrsll,134.0,305.0,143.0,625.0,615.0,327.0,258.0,152.0,124.0,337.0,150.0,177.0,10.0,10.0,10.0,10.0,9.263885664231756,9.382614454111591,9.208720104868219,9.282002757101223,9.216055253891511,0.7648068669527897,0.7267080745341615,0.7830109335576114,0.74,0.763668430335097,2.5761241912841797,22.40377682403435,20.600993788819864,23.342800672834358,21.435799999999997,22.34242504409171,67.1167381974249,65.31943212067436,68.026913372582,66.10272727272728,67.0626102292769,14.6068669527897,13.167701863354038,15.33305298570227,13.943636363636363,14.652557319223986,10.0,10.0,10.0,10.0,14.34076309694127
