,1,1l,1r,1s,2,2l,2r,2s,3,3l,3r,3s,4,4l,4r,4s,id,1_2,1_3,1_4,2_1,2_3,2_4,3_1,3_2,3_4,4_1,4_2,4_3,p1,p2,p3,p4,speed0,speed1,speed2,speed3,speed4,stop0,stop1,stop2,stop3,stop4,time,timeloss0,timeloss1,timeloss2,timeloss3,timeloss4,travel0,travel1,travel2,travel3,travel4,wait0,wait1,wait2,wait3,wait4,rrssl_rrssl_rrsslll_rrsslll_0,rrssl_rrssl_rrsslll_rrsslll_1,rrssl_rrssl_rrsslll_rrsslll_2,rrssl_rrssl_rrsslll_rrsslll_3,performance measure
0,5,1,2,2,5,1,2,2,7,3,2,2,7,3,2,2,rrssl_rrssl_rrsslll_rrsslll,56.0,308.0,345.0,115.0,80.0,697.0,329.0,639.0,109.0,342.0,236.0,468.0,5.0,10.0,10.0,15.0,9.654602757374555,9.729549522060378,9.614288691771943,9.599823736265886,9.737570551189306,0.6664110429447853,0.6735340729001584,0.6611243072050673,0.6893203883495146,0.6576862123613312,3.366514205932617,18.43055214723926,17.713248811410452,18.766809184481406,18.68026699029124,17.83900158478606,62.69555214723926,62.00158478605388,63.08946951702296,62.95307443365696,62.13708399366086,11.333588957055214,10.607765451664026,11.756927949326998,11.639967637540453,10.928684627575278,5.0,10.0,10.0,15.0,11.253386924632395
