,1,1l,1r,1s,2,2l,2r,2s,3,3l,3r,3s,4,4l,4r,4s,id,1_2,1_3,1_4,2_1,2_3,2_4,3_1,3_2,3_4,4_1,4_2,4_3,p1,p2,p3,p4,speed0,speed1,speed2,speed3,speed4,stop0,stop1,stop2,stop3,stop4,time,timeloss0,timeloss1,timeloss2,timeloss3,timeloss4,travel0,travel1,travel2,travel3,travel4,wait0,wait1,wait2,wait3,wait4,rsl_rsssssl_rsll_rrssl_0,rsl_rsssssl_rsll_rrssl_1,rsl_rsssssl_rsll_rrssl_2,rsl_rsssssl_rsll_rrssl_3,performance measure
0,3,1,1,1,7,1,1,5,4,2,1,1,5,1,2,2,rsl_rsssssl_rsll_rrssl,134.0,286.0,64.0,137.0,195.0,210.0,78.0,241.0,623.0,80.0,193.0,205.0,15.0,15.0,10.0,5.0,9.123109555576907,9.05879649488826,8.887445539267015,9.0875786611286,8.926239302550727,0.7511848341232228,0.7679012345679013,0.7977142857142857,0.7628992628992629,0.8286052009456265,2.4502923488616943,22.861469194312814,23.8059259259259,25.205531428571415,23.549004914004932,26.55521276595744,67.66232227488152,68.62716049382716,70.09142857142857,68.37592137592138,71.38416075650119,15.130331753554502,16.069135802469138,17.10857142857143,15.68918918918919,18.5,15.0,15.0,10.0,5.0,16.499445634756853
