,1,1l,1r,1s,2,2l,2r,2s,3,3l,3r,3s,4,4l,4r,4s,id,1_2,1_3,1_4,2_1,2_3,2_4,3_1,3_2,3_4,4_1,4_2,4_3,p1,p2,p3,p4,speed0,speed1,speed2,speed3,speed4,stop0,stop1,stop2,stop3,stop4,time,timeloss0,timeloss1,timeloss2,timeloss3,timeloss4,travel0,travel1,travel2,travel3,travel4,wait0,wait1,wait2,wait3,wait4,rrsslll_rrsll_rsssl_rrsslll_0,rrsslll_rrsll_rsssl_rrsslll_1,rrsslll_rrsll_rsssl_rrsslll_2,rrsslll_rrsll_rsssl_rrsslll_3,performance measure
0,7,3,2,2,5,2,2,1,5,1,1,3,7,3,2,2,rrsslll_rrsll_rsssl_rrsslll,790.0,162.0,81.0,249.0,435.0,124.0,561.0,275.0,321.0,845.0,207.0,322.0,10.0,10.0,10.0,5.0,9.222463803543798,9.12400745290543,8.816361022227778,9.027543381751718,9.130047377472636,0.815143246930423,0.810391363022942,1.0086724482988658,0.9087193460490464,0.840877914951989,3.793330430984497,22.70797407912688,23.31096491228073,29.673155436957956,26.023201634877378,23.68292866941012,67.41882673942702,68.0715249662618,74.43962641761173,70.76158038147139,68.42455418381344,14.644611186903138,15.203778677462887,19.641094062708472,16.951634877384198,15.445816186556927,10.0,10.0,10.0,5.0,16.377386998203125
