,1,1l,1r,1s,2,2l,2r,2s,3,3l,3r,3s,4,4l,4r,4s,id,1_2,1_3,1_4,2_1,2_3,2_4,3_1,3_2,3_4,4_1,4_2,4_3,p1,p2,p3,p4,speed0,speed1,speed2,speed3,speed4,stop0,stop1,stop2,stop3,stop4,time,timeloss0,timeloss1,timeloss2,timeloss3,timeloss4,travel0,travel1,travel2,travel3,travel4,wait0,wait1,wait2,wait3,wait4,rsl_rsssl_rssssl_rssll_0,rsl_rsssl_rssssl_rssll_1,rsl_rsssl_rssssl_rssll_2,rsl_rsssl_rssssl_rssll_3,performance measure
0,3,1,1,1,5,1,1,3,6,1,1,4,5,2,1,2,rsl_rsssl_rssssl_rssll,89.0,260.0,206.0,210.0,100.0,150.0,622.0,292.0,257.0,361.0,347.0,239.0,10.0,10.0,10.0,10.0,9.325636234205996,9.194010187281926,8.766710059508327,9.09649144846408,9.13035816153341,0.7256719184430028,0.7930056710775047,0.9399260628465804,0.7917505030181087,0.7811634349030471,3.2631895542144775,21.169351251158467,22.467003780718326,29.67475970425142,23.700261569416465,22.95793167128346,65.92307692307692,67.19943289224953,74.38724584103512,68.4476861167002,67.64450600184672,13.584800741427248,14.583175803402646,20.280961182994453,15.774647887323944,14.907663896583564,10.0,10.0,10.0,10.0,15.82624990234637
