,1,1l,1r,1s,2,2l,2r,2s,3,3l,3r,3s,4,4l,4r,4s,id,1_2,1_3,1_4,2_1,2_3,2_4,3_1,3_2,3_4,4_1,4_2,4_3,p1,p2,p3,p4,speed0,speed1,speed2,speed3,speed4,stop0,stop1,stop2,stop3,stop4,time,timeloss0,timeloss1,timeloss2,timeloss3,timeloss4,travel0,travel1,travel2,travel3,travel4,wait0,wait1,wait2,wait3,wait4,rrslll_rssll_rsl_rssssll_0,rrslll_rssll_rsl_rssssll_1,rrslll_rssll_rsl_rssssll_2,rrslll_rssll_rsl_rssssll_3,performance measure
0,6,3,2,1,5,2,1,2,3,1,1,1,7,2,1,4,rrslll_rssll_rsl_rssssll,718.0,176.0,239.0,231.0,179.0,360.0,208.0,241.0,235.0,524.0,901.0,289.0,10.0,10.0,10.0,10.0,9.122303590693623,8.641619280869905,8.817013385627574,9.03423864615166,9.065842456567276,0.7744767049291019,0.9284253578732107,0.8594878529218647,0.7945597709377237,0.7791411042944786,3.8177504539489746,22.867258609047962,28.75747784594416,26.077281680892973,23.592691481746574,23.078595773687802,67.68872383524645,73.59645535105658,70.9258043335522,68.4402290622763,67.89911383776415,14.933828494260634,19.666666666666668,17.391332895600787,15.559770937723693,15.042944785276074,10.0,10.0,10.0,10.0,16.518908755905574
