,1,1l,1r,1s,2,2l,2r,2s,3,3l,3r,3s,4,4l,4r,4s,id,1_2,1_3,1_4,2_1,2_3,2_4,3_1,3_2,3_4,4_1,4_2,4_3,p1,p2,p3,p4,speed0,speed1,speed2,speed3,speed4,stop0,stop1,stop2,stop3,stop4,time,timeloss0,timeloss1,timeloss2,timeloss3,timeloss4,travel0,travel1,travel2,travel3,travel4,wait0,wait1,wait2,wait3,wait4,rsssssl_rsl_rrsslll_rsssll_0,rsssssl_rsl_rrsslll_rsssll_1,rsssssl_rsl_rrsslll_rsssll_2,rsssssl_rsl_rrsslll_rsssll_3,performance measure
0,7,1,1,5,3,1,1,1,7,3,2,2,6,2,1,3,rsssssl_rsl_rrsslll_rsssll,171.0,1344.0,278.0,124.0,201.0,195.0,471.0,170.0,335.0,302.0,572.0,237.0,10.0,10.0,10.0,10.0,8.99453879981827,9.060619989539314,9.117554422059154,9.104641446765909,9.062413020646144,0.8086785009861933,0.8070412999322952,0.7797979797979798,0.7852631578947369,0.7911646586345381,3.9225542545318604,24.260532544378705,22.959830737982436,22.758323232323285,22.717649122807,23.088929049531416,69.077580539119,67.78537576167908,67.61346801346801,67.55087719298245,67.91834002677376,16.186061801446417,14.989844278943805,14.944107744107743,14.873684210526315,15.180722891566266,10.0,10.0,10.0,10.0,15.234884185318109
