,1,1l,1r,1s,2,2l,2r,2s,3,3l,3r,3s,4,4l,4r,4s,id,1_2,1_3,1_4,2_1,2_3,2_4,3_1,3_2,3_4,4_1,4_2,4_3,p1,p2,p3,p4,speed0,speed1,speed2,speed3,speed4,stop0,stop1,stop2,stop3,stop4,time,timeloss0,timeloss1,timeloss2,timeloss3,timeloss4,travel0,travel1,travel2,travel3,travel4,wait0,wait1,wait2,wait3,wait4,rsssssl_rsl_rrsslll_rsssll_0,rsssssl_rsl_rrsslll_rsssll_1,rsssssl_rsl_rrsslll_rsssll_2,rsssssl_rsl_rrsslll_rsssll_3,performance measure
0,7,1,1,5,3,1,1,1,7,3,2,2,6,2,1,3,rsssssl_rsl_rrsslll_rsssll,318.0,955.0,200.0,78.0,69.0,202.0,313.0,173.0,913.0,425.0,572.0,204.0,15.0,10.0,10.0,10.0,8.756142593846956,8.864097390963126,8.77281764823518,9.03759476399959,8.942005748629775,0.8423153692614771,0.8189134808853119,0.8214055448098001,0.7623413258110014,0.7808580858085808,3.7343406677246094,26.939846972721252,25.250959087860554,25.959922630560918,23.62220733427368,24.373828382838255,71.8150365934797,70.158953722334,70.84461637653126,68.52186177715092,69.25808580858086,18.469061876247505,17.186452045606977,17.61573178594455,15.688998589562765,16.39009900990099,15.0,10.0,10.0,10.0,17.070068661452556
