,1,1l,1r,1s,2,2l,2r,2s,3,3l,3r,3s,4,4l,4r,4s,id,1_2,1_3,1_4,2_1,2_3,2_4,3_1,3_2,3_4,4_1,4_2,4_3,p1,p2,p3,p4,speed0,speed1,speed2,speed3,speed4,stop0,stop1,stop2,stop3,stop4,time,timeloss0,timeloss1,timeloss2,timeloss3,timeloss4,travel0,travel1,travel2,travel3,travel4,wait0,wait1,wait2,wait3,wait4,rsll_rsl_rssslll_rrsssll_0,rsll_rsl_rssslll_rrsssll_1,rsll_rsl_rssslll_rrsssll_2,rsll_rsl_rssslll_rrsssll_3,performance measure
0,4,2,1,1,3,1,1,1,7,3,1,3,7,2,2,3,rsll_rsl_rssslll_rrsssll,470.0,319.0,190.0,322.0,269.0,275.0,233.0,168.0,794.0,329.0,167.0,491.0,15.0,15.0,15.0,15.0,8.446368652169145,8.621221152942342,8.15535534594372,8.475473387290776,8.274846679639902,0.8308351177730193,0.7533234859675036,0.8906685236768802,0.8074349442379182,0.8802919708029197,3.9154462814331055,31.33314061384727,28.153360413589354,35.21765320334261,30.155204460966544,34.68370802919711,75.9621698786581,72.78803545051699,79.8983286908078,74.75762081784387,79.35547445255474,22.451820128479657,19.942392909896604,25.590529247910865,21.611895910780667,25.283211678832117,15.0,15.0,15.0,15.0,22.975969975179982
