,1,1l,1r,1s,2,2l,2r,2s,3,3l,3r,3s,4,4l,4r,4s,id,1_2,1_3,1_4,2_1,2_3,2_4,3_1,3_2,3_4,4_1,4_2,4_3,p1,p2,p3,p4,speed0,speed1,speed2,speed3,speed4,stop0,stop1,stop2,stop3,stop4,time,timeloss0,timeloss1,timeloss2,timeloss3,timeloss4,travel0,travel1,travel2,travel3,travel4,wait0,wait1,wait2,wait3,wait4,rssl_rrsslll_rsl_rrsll_0,rssl_rrsslll_rsl_rrsll_1,rssl_rrsslll_rsl_rrsll_2,rssl_rrsslll_rsl_rrsll_3,performance measure
0,4,1,1,2,7,3,2,2,3,1,1,1,5,2,2,1,rssl_rrsslll_rsl_rrsll,164.0,354.0,311.0,647.0,209.0,643.0,313.0,184.0,160.0,512.0,289.0,465.0,10.0,15.0,15.0,15.0,8.753109377999243,8.73060347942,8.777113164623199,8.945907800570696,8.678803791162386,0.7800269905533064,0.7706484641638225,0.7612946729602158,0.7247899159663865,0.793440334961619,3.483743906021118,27.334750337381905,26.622812286689435,26.56155765340523,25.24102941176468,27.66838799720863,71.98920377867746,71.2778156996587,71.21308159136885,69.90266106442577,72.31542219120726,18.873144399460188,18.307849829351536,18.381658799730275,17.37955182072829,19.1493370551291,10.0,15.0,15.0,15.0,18.41830838087988
