,1,1l,1r,1s,2,2l,2r,2s,3,3l,3r,3s,4,4l,4r,4s,id,1_2,1_3,1_4,2_1,2_3,2_4,3_1,3_2,3_4,4_1,4_2,4_3,p1,p2,p3,p4,speed0,speed1,speed2,speed3,speed4,stop0,stop1,stop2,stop3,stop4,time,timeloss0,timeloss1,timeloss2,timeloss3,timeloss4,travel0,travel1,travel2,travel3,travel4,wait0,wait1,wait2,wait3,wait4,rsl_rssslll_rrsssl_rsslll_0,rsl_rssslll_rrsssl_rsslll_1,rsl_rssslll_rrsssl_rsslll_2,rsl_rssslll_rrsssl_rsslll_3,performance measure
0,3,1,1,1,7,3,1,3,6,1,2,3,6,3,1,2,rsl_rssslll_rrsssl_rsslll,188.0,346.0,294.0,114.0,484.0,397.0,504.0,261.0,56.0,476.0,349.0,282.0,10.0,15.0,10.0,10.0,9.099282197196938,9.2450877940261,9.058370812199179,9.208018691828013,9.077275850457669,0.7648419429452583,0.7322530864197531,0.7794348508634223,0.7387017255546425,0.7595034910783554,3.4299256801605225,23.592536622976105,21.990856481481465,23.460227629513334,22.265587510271146,23.544228083785903,68.23130300693909,66.65895061728395,68.1287284144427,66.93097781429745,68.16058960434445,15.814957594448728,14.489197530864198,15.581632653061224,14.687756778964667,15.700543056633048,10.0,15.0,10.0,10.0,15.254817522794374
