,1,1l,1r,1s,2,2l,2r,2s,3,3l,3r,3s,4,4l,4r,4s,id,1_2,1_3,1_4,2_1,2_3,2_4,3_1,3_2,3_4,4_1,4_2,4_3,p1,p2,p3,p4,speed0,speed1,speed2,speed3,speed4,stop0,stop1,stop2,stop3,stop4,time,timeloss0,timeloss1,timeloss2,timeloss3,timeloss4,travel0,travel1,travel2,travel3,travel4,wait0,wait1,wait2,wait3,wait4,rsssssl_rsl_rrsslll_rsssll_0,rsssssl_rsl_rrsslll_rsssll_1,rsssssl_rsl_rrsslll_rsssll_2,rsssssl_rsl_rrsslll_rsssll_3,performance measure
0,7,1,1,5,3,1,1,1,7,3,2,2,6,2,1,3,rsssssl_rsl_rrsslll_rsssll,297.0,1403.0,124.0,218.0,68.0,201.0,360.0,125.0,185.0,247.0,554.0,145.0,10.0,10.0,5.0,10.0,9.07028466348004,9.168071587282023,9.066679769049179,9.3441135719876,9.22691591674453,0.8662659654395192,0.8140589569160998,0.8707280832095097,0.7793650793650794,0.8031437125748503,3.6490156650543213,24.115792637114957,23.05297808012094,24.606389301634458,21.342103174603153,22.178742514970025,68.96243425995492,67.8843537414966,69.44427934621099,66.19920634920635,67.0119760479042,15.608564988730278,14.976568405139833,15.960624071322437,13.582539682539682,14.255988023952096,10.0,10.0,5.0,10.0,14.876857034336865
