,1,1l,1r,1s,2,2l,2r,2s,3,3l,3r,3s,4,4l,4r,4s,id,1_2,1_3,1_4,2_1,2_3,2_4,3_1,3_2,3_4,4_1,4_2,4_3,p1,p2,p3,p4,speed0,speed1,speed2,speed3,speed4,stop0,stop1,stop2,stop3,stop4,time,timeloss0,timeloss1,timeloss2,timeloss3,timeloss4,travel0,travel1,travel2,travel3,travel4,wait0,wait1,wait2,wait3,wait4,rrssl_rrssl_rrsslll_rrsslll_0,rrssl_rrssl_rrsslll_rrsslll_1,rrssl_rrssl_rrsslll_rrsslll_2,rrssl_rrssl_rrsslll_rrsslll_3,performance measure
0,5,1,2,2,5,1,2,2,7,3,2,2,7,3,2,2,rrssl_rrssl_rrsslll_rrsslll,47.0,210.0,255.0,412.0,297.0,328.0,217.0,314.0,428.0,792.0,285.0,132.0,5.0,5.0,10.0,10.0,9.58147779908295,9.74147543728362,9.204932454145696,9.480201638274458,9.720416179846026,0.745425616547335,0.7087301587301588,0.8810975609756098,0.7776886035313002,0.7007182761372706,3.5965800285339355,18.851272871917267,17.87170634920635,23.53476371951219,20.576356340288914,17.9381245011971,63.39618138424821,62.448412698412696,68.04420731707317,65.07544141252006,62.44134078212291,11.519490851233094,10.694444444444445,15.370426829268293,12.873194221508829,10.825219473264166,5.0,5.0,10.0,10.0,12.256555163943764
