,1,1l,1r,1s,2,2l,2r,2s,3,3l,3r,3s,4,4l,4r,4s,id,1_2,1_3,1_4,2_1,2_3,2_4,3_1,3_2,3_4,4_1,4_2,4_3,p1,p2,p3,p4,speed0,speed1,speed2,speed3,speed4,stop0,stop1,stop2,stop3,stop4,time,timeloss0,timeloss1,timeloss2,timeloss3,timeloss4,travel0,travel1,travel2,travel3,travel4,wait0,wait1,wait2,wait3,wait4,rsl_rrsl_rssslll_rssssl_0,rsl_rrsl_rssslll_rssssl_1,rsl_rrsl_rssslll_rssssl_2,rsl_rrsl_rssslll_rssssl_3,performance measure
0,3,1,1,1,4,1,2,1,7,3,1,3,6,1,1,4,rsl_rrsl_rssslll_rssssl,75.0,360.0,195.0,253.0,275.0,249.0,940.0,174.0,570.0,201.0,265.0,314.0,10.0,15.0,10.0,10.0,8.6534371141838,8.923296178947883,8.668324847100148,8.79322298227364,8.731332465952244,0.9342004590665647,0.8067226890756303,0.9008264462809917,0.9285140562248996,0.8493565480696442,3.4843032360076904,31.87672532517219,25.38035905271198,29.986844477836208,30.873831325301243,27.438304314912962,76.65952563121652,70.1894576012223,74.74906085649887,75.65301204819278,72.222558667676,22.192807957153786,17.084033613445378,20.773854244928625,21.230522088353414,18.7887963663891,10.0,15.0,10.0,10.0,20.01400285405406
