,1,1l,1r,1s,2,2l,2r,2s,3,3l,3r,3s,4,4l,4r,4s,id,1_2,1_3,1_4,2_1,2_3,2_4,3_1,3_2,3_4,4_1,4_2,4_3,p1,p2,p3,p4,speed0,speed1,speed2,speed3,speed4,stop0,stop1,stop2,stop3,stop4,time,timeloss0,timeloss1,timeloss2,timeloss3,timeloss4,travel0,travel1,travel2,travel3,travel4,wait0,wait1,wait2,wait3,wait4,rssl_rrsslll_rsl_rrsll_0,rssl_rrsslll_rsl_rrsll_1,rssl_rrsslll_rsl_rrsll_2,rssl_rrsslll_rsl_rrsll_3,performance measure
0,4,1,1,2,7,3,2,2,3,1,1,1,5,2,2,1,rssl_rrsslll_rsl_rrsll,44.0,233.0,273.0,260.0,556.0,165.0,62.0,175.0,219.0,507.0,103.0,554.0,10.0,5.0,10.0,10.0,9.638881607140046,9.45460940055982,9.366851788031434,9.593730341359835,9.48151854208933,0.6883802816901409,0.7376744186046512,0.7718665464382326,0.7182425978987583,0.7304900181488203,2.889150619506836,18.415017605633796,19.93677209302324,21.481208295761945,19.199073543457548,19.687495462794935,62.97447183098591,64.53023255813953,66.10189359783588,63.8261700095511,64.24047186932849,11.189260563380282,12.393488372093023,13.747520288548241,11.823304680038204,12.255898366606171,10.0,5.0,10.0,10.0,12.281894454133186
