,1,1l,1r,1s,2,2l,2r,2s,3,3l,3r,3s,4,4l,4r,4s,id,1_2,1_3,1_4,2_1,2_3,2_4,3_1,3_2,3_4,4_1,4_2,4_3,p1,p2,p3,p4,speed0,speed1,speed2,speed3,speed4,stop0,stop1,stop2,stop3,stop4,time,timeloss0,timeloss1,timeloss2,timeloss3,timeloss4,travel0,travel1,travel2,travel3,travel4,wait0,wait1,wait2,wait3,wait4,rsssll_rssl_rsslll_rrsl_0,rsssll_rssl_rsslll_rrsl_1,rsssll_rssl_rsslll_rrsl_2,rsssll_rssl_rsslll_rrsl_3,performance measure
0,6,2,1,3,4,1,1,2,6,3,1,2,4,1,2,1,rsssll_rssl_rsslll_rrsl,75.0,653.0,147.0,179.0,85.0,282.0,604.0,308.0,111.0,248.0,98.0,635.0,5.0,10.0,10.0,5.0,9.165521160491942,9.45863948087718,9.518509357454679,9.846324291202203,9.392369500993032,0.9415204678362573,0.7738907849829352,0.7556131260794473,0.6876712328767123,0.8088737201365188,3.27817964553833,25.927619047619057,19.644718430034153,19.316614853195162,16.850922374429246,20.822192832764493,70.4937343358396,64.22269624573379,63.91450777202073,61.35433789954338,65.37201365187714,16.941520467836256,11.865187713310581,11.67098445595855,9.655707762557078,12.779863481228668,5.0,10.0,10.0,5.0,12.582652776178227
