,1,1l,1r,1s,2,2l,2r,2s,3,3l,3r,3s,4,4l,4r,4s,id,1_2,1_3,1_4,2_1,2_3,2_4,3_1,3_2,3_4,4_1,4_2,4_3,p1,p2,p3,p4,speed0,speed1,speed2,speed3,speed4,stop0,stop1,stop2,stop3,stop4,time,timeloss0,timeloss1,timeloss2,timeloss3,timeloss4,travel0,travel1,travel2,travel3,travel4,wait0,wait1,wait2,wait3,wait4,rsll_rsl_rssslll_rrsssll_0,rsll_rsl_rssslll_rrsssll_1,rsll_rsl_rssslll_rrsssll_2,rsll_rsl_rssslll_rrsssll_3,performance measure
0,4,2,1,1,3,1,1,1,7,3,1,3,7,2,2,3,rsll_rsl_rssslll_rrsssll,95.0,307.0,282.0,281.0,231.0,164.0,323.0,280.0,276.0,471.0,915.0,593.0,5.0,10.0,10.0,10.0,9.340444631478357,9.013833537234873,9.019291340050405,9.3319017872348,9.002496778836694,0.7491432488005483,0.8293871866295265,0.8840277777777777,0.7722918201915991,0.8983286908077994,3.9990527629852295,20.478492117889,23.20231894150418,24.54283333333335,20.918408253500342,26.048593314763277,65.09252912954078,67.87883008356546,69.21944444444445,65.48931466470155,70.67061281337047,12.592186429061,14.839136490250697,15.539583333333333,12.997052321296978,16.77298050139276,5.0,10.0,10.0,10.0,14.548187815066953
