,1,1l,1r,1s,2,2l,2r,2s,3,3l,3r,3s,4,4l,4r,4s,id,1_2,1_3,1_4,2_1,2_3,2_4,3_1,3_2,3_4,4_1,4_2,4_3,p1,p2,p3,p4,speed0,speed1,speed2,speed3,speed4,stop0,stop1,stop2,stop3,stop4,time,timeloss0,timeloss1,timeloss2,timeloss3,timeloss4,travel0,travel1,travel2,travel3,travel4,wait0,wait1,wait2,wait3,wait4,rsl_rsl_rsssl_rsl_0,rsl_rsl_rsssl_rsl_1,rsl_rsl_rsssl_rsl_2,rsl_rsl_rsssl_rsl_3,performance measure
0,3,1,1,1,3,1,1,1,5,1,1,3,3,1,1,1,rsl_rsl_rsssl_rsl,167.0,339.0,271.0,210.0,144.0,170.0,195.0,324.0,40.0,58.0,103.0,266.0,10.0,15.0,10.0,10.0,9.117114659616481,9.326318846582346,9.255383573540023,9.412221244872624,9.258398715568557,0.758364312267658,0.6962190352020861,0.7292954264524104,0.6770691994572592,0.7346437346437347,2.5180766582489014,24.023754646840157,21.352464146023465,21.68965389369593,20.68088195386703,22.055319410319417,68.84014869888476,66.08735332464146,66.45735475896169,65.35685210312076,66.7985257985258,15.744733581164809,13.666232073011734,13.718170580964154,13.120759837177747,13.948402948402949,10.0,15.0,10.0,10.0,14.039659804144279
