,1,1l,1r,1s,2,2l,2r,2s,3,3l,3r,3s,4,4l,4r,4s,id,1_2,1_3,1_4,2_1,2_3,2_4,3_1,3_2,3_4,4_1,4_2,4_3,p1,p2,p3,p4,speed0,speed1,speed2,speed3,speed4,stop0,stop1,stop2,stop3,stop4,time,timeloss0,timeloss1,timeloss2,timeloss3,timeloss4,travel0,travel1,travel2,travel3,travel4,wait0,wait1,wait2,wait3,wait4,rsl_rsl_rsl_rrssssl_0,rsl_rsl_rsl_rrssssl_1,rsl_rsl_rsl_rrssssl_2,rsl_rsl_rsl_rrssssl_3,performance measure
0,3,1,1,1,3,1,1,1,3,1,1,1,7,1,2,4,rsl_rsl_rsl_rrssssl,227.0,188.0,140.0,267.0,97.0,133.0,72.0,279.0,239.0,239.0,558.0,182.0,10.0,10.0,10.0,10.0,9.059200014003364,9.160132976695941,9.024651331847807,9.094217994227614,9.145444115070658,0.8227990970654627,0.8035294117647059,0.8155339805825242,0.7779111644657863,0.7701525054466231,2.8968353271484375,25.31968397291198,23.197364705882354,24.645846817691492,23.37961584633854,22.82234204793027,70.19638826185101,68.06117647058824,69.56202804746493,68.16926770708284,67.70588235294117,16.897291196388263,15.121176470588235,16.26321467098166,15.483793517406962,14.848583877995642,10.0,10.0,10.0,10.0,15.722811946672152
