,1,1l,1r,1s,2,2l,2r,2s,3,3l,3r,3s,4,4l,4r,4s,id,1_2,1_3,1_4,2_1,2_3,2_4,3_1,3_2,3_4,4_1,4_2,4_3,p1,p2,p3,p4,speed0,speed1,speed2,speed3,speed4,stop0,stop1,stop2,stop3,stop4,time,timeloss0,timeloss1,timeloss2,timeloss3,timeloss4,travel0,travel1,travel2,travel3,travel4,wait0,wait1,wait2,wait3,wait4,rsl_rsssl_rssssl_rssll_0,rsl_rsssl_rssssl_rssll_1,rsl_rsssl_rssssl_rssll_2,rsl_rsssl_rssssl_rssll_3,performance measure
0,3,1,1,1,5,1,1,3,6,1,1,4,5,2,1,2,rsl_rsssl_rssssl_rssll,80.0,55.0,315.0,276.0,215.0,1045.0,243.0,303.0,254.0,424.0,498.0,109.0,10.0,5.0,10.0,15.0,9.222066930280485,9.185655336999947,9.183560141874842,9.149649912319108,9.233753266253801,0.7551963048498845,0.7763878029710711,0.7694046721929163,0.7863924050632911,0.7596302003081664,3.516685724258423,21.882632794457287,22.02411258795934,22.72858327053504,22.771843354430384,21.871117103235765,66.65742879137798,66.80375293197811,67.48304446119066,67.56724683544304,66.59399075500771,13.872209391839878,13.903049257232214,14.59155990957046,14.609177215189874,13.841294298921417,10.0,5.0,10.0,15.0,14.163458014550766
