,1,1l,1r,1s,2,2l,2r,2s,3,3l,3r,3s,4,4l,4r,4s,id,1_2,1_3,1_4,2_1,2_3,2_4,3_1,3_2,3_4,4_1,4_2,4_3,p1,p2,p3,p4,speed0,speed1,speed2,speed3,speed4,stop0,stop1,stop2,stop3,stop4,time,timeloss0,timeloss1,timeloss2,timeloss3,timeloss4,travel0,travel1,travel2,travel3,travel4,wait0,wait1,wait2,wait3,wait4,rsl_rrsl_rssslll_rssssl_0,rsl_rrsl_rssslll_rssssl_1,rsl_rrsl_rssslll_rssssl_2,rsl_rrsl_rssslll_rssssl_3,performance measure
0,3,1,1,1,4,1,2,1,7,3,1,3,6,1,1,4,rsl_rrsl_rssslll_rssssl,156.0,332.0,260.0,471.0,142.0,319.0,686.0,126.0,392.0,118.0,1088.0,239.0,10.0,15.0,10.0,15.0,8.925788021452362,8.990992454918636,8.875784671849587,9.075990590156845,8.868490003499202,0.7859554355165429,0.7515400410677618,0.7729658792650919,0.7505486466715435,0.7849898580121704,3.9184579849243164,25.699750168804858,24.22833675564684,25.12705380577428,23.55517190929041,25.46060851926977,70.5286968264686,69.08350444900753,69.98687664041995,68.41623994147768,70.32251521298174,17.459824442943958,16.28268309377139,17.000656167979002,15.705193855157278,17.09398242055443,10.0,15.0,10.0,15.0,16.70846799608121
