,1,1l,1r,1s,2,2l,2r,2s,3,3l,3r,3s,4,4l,4r,4s,id,1_2,1_3,1_4,2_1,2_3,2_4,3_1,3_2,3_4,4_1,4_2,4_3,p1,p2,p3,p4,speed0,speed1,speed2,speed3,speed4,stop0,stop1,stop2,stop3,stop4,time,timeloss0,timeloss1,timeloss2,timeloss3,timeloss4,travel0,travel1,travel2,travel3,travel4,wait0,wait1,wait2,wait3,wait4,rsl_rsssl_rssssl_rssll_0,rsl_rsssl_rssssl_rssll_1,rsl_rsssl_rssssl_rssll_2,rsl_rsssl_rssssl_rssll_3,performance measure
0,3,1,1,1,5,1,1,3,6,1,1,4,5,2,1,2,rsl_rsssl_rssssl_rssll,276.0,354.0,60.0,245.0,295.0,945.0,866.0,306.0,107.0,152.0,363.0,78.0,15.0,21.0,15.0,15.0,7.9756677660779065,8.22965860464806,7.9910955961286625,7.750090116048894,8.19690897169258,0.8863807373965388,0.8259587020648967,0.8840579710144928,0.9680365296803652,0.8295795795795796,3.7507805824279785,36.195364936042154,32.63334070796457,36.846710144927506,42.206057838660556,32.809707207207204,81.0300978179082,77.48672566371681,81.75289855072464,87.04185692541857,77.67867867867868,27.13769751693002,23.93952802359882,27.455072463768115,32.33561643835616,24.11261261261261,15.0,21.0,15.0,15.0,26.99610541105315
