,1,1l,1r,1s,2,2l,2r,2s,3,3l,3r,3s,4,4l,4r,4s,id,1_2,1_3,1_4,2_1,2_3,2_4,3_1,3_2,3_4,4_1,4_2,4_3,p1,p2,p3,p4,speed0,speed1,speed2,speed3,speed4,stop0,stop1,stop2,stop3,stop4,time,timeloss0,timeloss1,timeloss2,timeloss3,timeloss4,travel0,travel1,travel2,travel3,travel4,wait0,wait1,wait2,wait3,wait4,rsl_rrsl_rssslll_rssssl_0,rsl_rrsl_rssslll_rssssl_1,rsl_rrsl_rssslll_rssssl_2,rsl_rrsl_rssslll_rssssl_3,performance measure
0,3,1,1,1,4,1,2,1,7,3,1,3,6,1,1,4,rsl_rrsl_rssslll_rssssl,130.0,91.0,42.0,136.0,205.0,64.0,566.0,52.0,695.0,53.0,755.0,190.0,10.0,10.0,10.0,10.0,9.181178781572314,9.113903061600961,9.072819757351043,9.091010822418449,9.100928181070637,0.7582417582417582,0.810204081632653,0.7901353965183753,0.78125,0.7782101167315175,2.782711982727051,22.393806193806192,22.60477551020408,23.683742746615074,23.147489583333336,22.772315175097276,67.43956043956044,67.60306122448979,68.65957446808511,68.14479166666666,67.77237354085604,14.768231768231768,14.838775510204082,15.796905222437138,15.376041666666667,15.098249027237355,10.0,10.0,10.0,10.0,15.175640638955404
