,1,1l,1r,1s,2,2l,2r,2s,3,3l,3r,3s,4,4l,4r,4s,id,1_2,1_3,1_4,2_1,2_3,2_4,3_1,3_2,3_4,4_1,4_2,4_3,p1,p2,p3,p4,speed0,speed1,speed2,speed3,speed4,stop0,stop1,stop2,stop3,stop4,time,timeloss0,timeloss1,timeloss2,timeloss3,timeloss4,travel0,travel1,travel2,travel3,travel4,wait0,wait1,wait2,wait3,wait4,rsssl_rrsll_rsl_rsslll_0,rsssl_rrsll_rsl_rsslll_1,rsssl_rrsll_rsl_rsslll_2,rsssl_rrsll_rsl_rsslll_3,performance measure
0,5,1,1,3,5,2,2,1,3,1,1,1,6,3,1,2,rsssl_rrsll_rsl_rsslll,140.0,958.0,73.0,215.0,105.0,356.0,303.0,133.0,278.0,435.0,148.0,93.0,15.0,15.0,10.0,15.0,8.219853108577214,8.509468124310377,8.441159857042843,8.533777184155266,8.537446220470276,0.9660550458715597,0.8274932614555256,0.8519823788546256,0.8157389635316699,0.8381128584643849,3.414577007293701,36.13473394495411,29.364519317160838,31.190986784140954,29.854251439539308,30.162960222016633,81.09816513761469,74.303683737646,76.11189427312776,74.7936660268714,75.05180388529139,26.037614678899082,20.787061994609164,22.185903083700442,21.428023032629557,21.387604070305272,15.0,15.0,10.0,15.0,22.365241372028702
