,1,1l,1r,1s,2,2l,2r,2s,3,3l,3r,3s,4,4l,4r,4s,id,1_2,1_3,1_4,2_1,2_3,2_4,3_1,3_2,3_4,4_1,4_2,4_3,p1,p2,p3,p4,speed0,speed1,speed2,speed3,speed4,stop0,stop1,stop2,stop3,stop4,time,timeloss0,timeloss1,timeloss2,timeloss3,timeloss4,travel0,travel1,travel2,travel3,travel4,wait0,wait1,wait2,wait3,wait4,rsl_rsl_rsl_rrssll_0,rsl_rsl_rsl_rrssll_1,rsl_rsl_rsl_rrssll_2,rsl_rsl_rsl_rrssll_3,performance measure
0,3,1,1,1,3,1,1,1,3,1,1,1,6,2,2,2,rsl_rsl_rsl_rrssll,128.0,332.0,255.0,67.0,37.0,53.0,103.0,61.0,195.0,626.0,638.0,118.0,10.0,15.0,15.0,15.0,8.6278805878302,7.983815709533209,7.977950574343224,8.493995230256814,8.082707223088443,0.7983963344788088,0.939150401836969,0.9516129032258065,0.827460510328068,0.9310722100656456,2.9706289768218994,28.5664833906071,35.140241102181406,36.45359139784945,30.176573511543143,35.99677242888403,73.69072164948453,80.29621125143514,81.63010752688172,75.30498177399757,81.13676148796499,20.241695303550973,25.483352468427096,26.64731182795699,21.679222357229648,26.416849015317286,10.0,15.0,15.0,15.0,24.0936861944964
