,1,1l,1r,1s,2,2l,2r,2s,3,3l,3r,3s,4,4l,4r,4s,id,1_2,1_3,1_4,2_1,2_3,2_4,3_1,3_2,3_4,4_1,4_2,4_3,p1,p2,p3,p4,speed0,speed1,speed2,speed3,speed4,stop0,stop1,stop2,stop3,stop4,time,timeloss0,timeloss1,timeloss2,timeloss3,timeloss4,travel0,travel1,travel2,travel3,travel4,wait0,wait1,wait2,wait3,wait4,rsll_rsl_rssslll_rrsssll_0,rsll_rsl_rssslll_rrsssll_1,rsll_rsl_rssslll_rrsssll_2,rsll_rsl_rssslll_rrsssll_3,performance measure
0,4,2,1,1,3,1,1,1,7,3,1,3,7,2,2,3,rsll_rsl_rssslll_rrsssll,195.0,156.0,52.0,312.0,238.0,192.0,955.0,306.0,955.0,234.0,849.0,153.0,15.0,15.0,10.0,15.0,8.599809076440058,8.415517729997854,8.374670227079674,8.426649821444586,8.559087901314303,0.801948051948052,0.8474687705456936,0.9055900621118013,0.8897742363877822,0.80470737913486,4.1620934009552,28.092766233766195,30.2744049967127,33.47157142857145,33.693499335989415,28.40540712468195,72.89090909090909,75.13477975016437,78.30248447204968,78.46148738379814,73.235368956743,19.603246753246754,21.51216305062459,23.962111801242237,24.235723771580346,19.807888040712466,15.0,15.0,10.0,15.0,21.82422668348128
