,1,1l,1r,1s,2,2l,2r,2s,3,3l,3r,3s,4,4l,4r,4s,id,1_2,1_3,1_4,2_1,2_3,2_4,3_1,3_2,3_4,4_1,4_2,4_3,p1,p2,p3,p4,speed0,speed1,speed2,speed3,speed4,stop0,stop1,stop2,stop3,stop4,time,timeloss0,timeloss1,timeloss2,timeloss3,timeloss4,travel0,travel1,travel2,travel3,travel4,wait0,wait1,wait2,wait3,wait4,rsll_rsl_rssslll_rrsssll_0,rsll_rsl_rssslll_rrsssll_1,rsll_rsl_rssslll_rrsssll_2,rsll_rsl_rssslll_rrsssll_3,performance measure
0,4,2,1,1,3,1,1,1,7,3,1,3,7,2,2,3,rsll_rsl_rssslll_rrsssll,568.0,112.0,183.0,104.0,240.0,95.0,444.0,106.0,486.0,549.0,923.0,249.0,10.0,5.0,10.0,10.0,8.694313401155688,8.699755378966431,8.376581679584298,8.80513641017216,9.019411041914534,0.9653647752394989,0.918705035971223,1.0582386363636365,0.9052312357846853,0.840960240060015,3.602665662765503,28.769896831245404,26.87077697841724,32.16463778409088,26.400060652009092,23.792978244561155,73.61532792925571,71.8136690647482,77.13494318181819,71.26686884003033,68.67066766691673,19.921886514369934,18.115827338129495,22.43465909090909,17.838514025777105,15.69092273068267,10.0,5.0,10.0,10.0,18.80036193997366
