,1,1l,1r,1s,2,2l,2r,2s,3,3l,3r,3s,4,4l,4r,4s,id,1_2,1_3,1_4,2_1,2_3,2_4,3_1,3_2,3_4,4_1,4_2,4_3,p1,p2,p3,p4,speed0,speed1,speed2,speed3,speed4,stop0,stop1,stop2,stop3,stop4,time,timeloss0,timeloss1,timeloss2,timeloss3,timeloss4,travel0,travel1,travel2,travel3,travel4,wait0,wait1,wait2,wait3,wait4,rrsslll_rrsll_rsssl_rrsslll_0,rrsslll_rrsll_rsssl_rrsslll_1,rrsslll_rrsll_rsssl_rrsslll_2,rrsslll_rrsll_rsssl_rrsslll_3,performance measure
0,7,3,2,2,5,2,2,1,5,1,1,3,7,3,2,2,rrsslll_rrsll_rsssl_rrsslll,894.0,116.0,86.0,247.0,372.0,309.0,532.0,316.0,313.0,516.0,518.0,529.0,15.0,10.0,10.0,15.0,8.763725505361261,8.885717000850695,8.77441271740161,8.88292217790126,8.878702715871716,0.8065110565110565,0.7682323856613102,0.7908256880733945,0.7802056555269923,0.766078184110971,4.155611515045166,26.771363636363635,25.090074165636572,26.22366972477061,25.56025706940869,25.022692307692285,71.41461916461917,69.77626699629172,70.92354740061162,70.1818766066838,69.70050441361917,18.324324324324323,17.1495673671199,17.9651376146789,17.409383033419022,17.023329129886505,15.0,10.0,10.0,15.0,17.574348293885727
