,1,1l,1r,1s,2,2l,2r,2s,3,3l,3r,3s,4,4l,4r,4s,id,1_2,1_3,1_4,2_1,2_3,2_4,3_1,3_2,3_4,4_1,4_2,4_3,p1,p2,p3,p4,speed0,speed1,speed2,speed3,speed4,stop0,stop1,stop2,stop3,stop4,time,timeloss0,timeloss1,timeloss2,timeloss3,timeloss4,travel0,travel1,travel2,travel3,travel4,wait0,wait1,wait2,wait3,wait4,rsl_rsl_rsssl_rsl_0,rsl_rsl_rsssl_rsl_1,rsl_rsl_rsssl_rsl_2,rsl_rsl_rsssl_rsl_3,performance measure
0,3,1,1,1,3,1,1,1,5,1,1,3,3,1,1,1,rsl_rsl_rsssl_rsl,312.0,181.0,174.0,279.0,150.0,114.0,886.0,135.0,72.0,152.0,267.0,66.0,15.0,15.0,10.0,15.0,8.755727465284265,8.596063109457248,8.521875453228283,8.750539365004931,8.760699314513495,0.7561235356762513,0.8182773109243697,0.8397502601456815,0.7708565072302559,0.7798066595059077,2.953996419906616,26.986134185303513,28.704348739495828,29.65746097814778,26.781846496106816,26.92908700322234,72.01384451544196,73.71743697478992,74.68886576482831,71.83537263626252,71.93877551020408,18.787007454739083,20.244747899159663,20.86264308012487,18.634037819799776,18.720730397422127,15.0,15.0,10.0,15.0,19.449833330249103
