,1,1l,1r,1s,2,2l,2r,2s,3,3l,3r,3s,4,4l,4r,4s,id,1_2,1_3,1_4,2_1,2_3,2_4,3_1,3_2,3_4,4_1,4_2,4_3,p1,p2,p3,p4,speed0,speed1,speed2,speed3,speed4,stop0,stop1,stop2,stop3,stop4,time,timeloss0,timeloss1,timeloss2,timeloss3,timeloss4,travel0,travel1,travel2,travel3,travel4,wait0,wait1,wait2,wait3,wait4,rsl_rsl_rsl_rrssll_0,rsl_rsl_rsl_rrssll_1,rsl_rsl_rsl_rrssll_2,rsl_rsl_rsl_rrssll_3,performance measure
0,3,1,1,1,3,1,1,1,3,1,1,1,6,2,2,2,rsl_rsl_rsl_rrssll,259.0,92.0,155.0,183.0,230.0,107.0,246.0,149.0,88.0,212.0,390.0,185.0,10.0,10.0,10.0,10.0,8.742091197437583,8.95142444498294,8.72024192373731,8.93146045416621,9.182416823694657,0.9255989911727617,0.8461538461538461,0.9763469119579501,0.8416107382550335,0.7619663648124192,2.796426296234131,29.74604035308956,25.1929634300126,32.14250985545337,25.856899328859036,22.963997412677905,74.6923076923077,70.13366960907945,77.08147174770039,70.74362416107383,67.87063389391979,20.640605296343,16.94451450189155,22.388961892247043,17.693959731543625,15.157826649417853,10.0,10.0,10.0,10.0,18.565173614288618
