,1,1l,1r,1s,2,2l,2r,2s,3,3l,3r,3s,4,4l,4r,4s,id,1_2,1_3,1_4,2_1,2_3,2_4,3_1,3_2,3_4,4_1,4_2,4_3,p1,p2,p3,p4,speed0,speed1,speed2,speed3,speed4,stop0,stop1,stop2,stop3,stop4,time,timeloss0,timeloss1,timeloss2,timeloss3,timeloss4,travel0,travel1,travel2,travel3,travel4,wait0,wait1,wait2,wait3,wait4,rsl_rssslll_rrsssl_rsslll_0,rsl_rssslll_rrsssl_rsslll_1,rsl_rssslll_rrsssl_rsslll_2,rsl_rssslll_rrsssl_rsslll_3,performance measure
0,3,1,1,1,7,3,1,3,6,1,2,3,6,3,1,2,rsl_rssslll_rrsssl_rsslll,255.0,334.0,149.0,53.0,673.0,930.0,232.0,224.0,82.0,335.0,669.0,221.0,10.0,15.0,10.0,15.0,8.460730601730054,8.456950726813963,8.45631959377442,8.571865044834325,8.494814120371371,0.9518754423213022,0.8806404657933042,0.8986722571628232,0.8622486969471332,0.869656622284513,3.764735460281372,34.04694975230003,30.37232168850069,31.427658979734428,29.998451228592696,29.750273300630642,78.90162774239208,75.19723435225619,76.29629629629629,74.82501861504095,74.625087596356,24.53927813163482,21.625909752547308,22.313766596785463,21.314966492926285,20.857042747021723,10.0,15.0,10.0,15.0,22.13019274418312
