,1,1l,1r,1s,2,2l,2r,2s,3,3l,3r,3s,4,4l,4r,4s,id,1_2,1_3,1_4,2_1,2_3,2_4,3_1,3_2,3_4,4_1,4_2,4_3,p1,p2,p3,p4,speed0,speed1,speed2,speed3,speed4,stop0,stop1,stop2,stop3,stop4,time,timeloss0,timeloss1,timeloss2,timeloss3,timeloss4,travel0,travel1,travel2,travel3,travel4,wait0,wait1,wait2,wait3,wait4,rslll_rsl_rrslll_rsl_0,rslll_rsl_rrslll_rsl_1,rslll_rsl_rrslll_rsl_2,rslll_rsl_rrslll_rsl_3,performance measure
0,5,3,1,1,3,1,1,1,6,3,2,1,3,1,1,1,rslll_rsl_rrslll_rsl,718.0,98.0,121.0,178.0,241.0,309.0,314.0,543.0,850.0,49.0,305.0,99.0,15.0,15.0,10.0,15.0,8.237923259716137,8.522128142864993,8.321380567468232,8.479811661480758,8.433901093725645,0.9298921417565486,0.8236233040702314,0.9269372693726937,0.8984932593180016,0.8428015564202335,3.4375548362731934,34.58379044684127,29.354964086193164,35.418302583025834,33.9912450436162,30.954544747081734,79.5215716486903,74.27853152434157,80.35571955719557,78.9024583663759,75.86459143968871,24.80277349768875,20.810055865921786,25.550553505535056,24.489294210943694,21.957198443579767,15.0,15.0,10.0,15.0,23.521975104733812
