,1,1l,1r,1s,2,2l,2r,2s,3,3l,3r,3s,4,4l,4r,4s,id,1_2,1_3,1_4,2_1,2_3,2_4,3_1,3_2,3_4,4_1,4_2,4_3,p1,p2,p3,p4,speed0,speed1,speed2,speed3,speed4,stop0,stop1,stop2,stop3,stop4,time,timeloss0,timeloss1,timeloss2,timeloss3,timeloss4,travel0,travel1,travel2,travel3,travel4,wait0,wait1,wait2,wait3,wait4,rssslll_rssll_rsssl_rrssl_0,rssslll_rssll_rsssl_rrssl_1,rssslll_rssll_rsssl_rrssl_2,rssslll_rssll_rsssl_rrssl_3,performance measure
0,7,3,1,3,5,2,1,2,5,1,1,3,5,1,2,2,rssslll_rssll_rsssl_rrssl,632.0,330.0,310.0,97.0,419.0,306.0,209.0,229.0,61.0,71.0,216.0,634.0,10.0,5.0,10.0,5.0,9.344947800491653,9.507323077964617,9.614470767194158,9.690991060094383,9.449287524930615,0.923582580115037,0.7438715131022823,0.7348798674399337,0.7166095890410958,0.8083333333333333,3.3959543704986572,26.127978635990168,19.59390532544375,19.071499585749766,18.241609589041076,21.486308333333348,70.55299917830732,64.0989010989011,63.607290803645405,62.69006849315068,65.9525,17.23746918652424,11.998309382924768,11.628003314001656,10.974315068493151,13.636666666666667,10.0,5.0,10.0,5.0,13.094952723722098
