,1,1l,1r,1s,2,2l,2r,2s,3,3l,3r,3s,4,4l,4r,4s,id,1_2,1_3,1_4,2_1,2_3,2_4,3_1,3_2,3_4,4_1,4_2,4_3,p1,p2,p3,p4,speed0,speed1,speed2,speed3,speed4,stop0,stop1,stop2,stop3,stop4,time,timeloss0,timeloss1,timeloss2,timeloss3,timeloss4,travel0,travel1,travel2,travel3,travel4,wait0,wait1,wait2,wait3,wait4,rrslll_rssll_rsl_rssssll_0,rrslll_rssll_rsl_rssssll_1,rrslll_rssll_rsl_rssssll_2,rrslll_rssll_rsl_rssssll_3,performance measure
0,6,3,2,1,5,2,1,2,3,1,1,1,7,2,1,4,rrslll_rssll_rsl_rssssll,241.0,347.0,279.0,277.0,600.0,143.0,298.0,253.0,214.0,387.0,209.0,286.0,10.0,15.0,15.0,5.0,9.060584291500366,9.256722086507224,8.921047150318088,9.226090033302427,9.02325057937934,0.7612428454619787,0.7071729957805907,0.7899022801302932,0.7293298520452568,0.7641357027463651,3.467928647994995,23.653589533932934,21.872599156118152,24.673688925081468,22.168633594429952,23.822059773828773,68.26737530662305,66.49367088607595,69.27198697068404,66.77719756309834,68.43376413570275,15.529026982829109,14.09873417721519,16.247557003257327,14.33768494342907,15.726171243941842,10.0,15.0,15.0,5.0,15.187834870134509
