,1,1l,1r,1s,2,2l,2r,2s,3,3l,3r,3s,4,4l,4r,4s,id,1_2,1_3,1_4,2_1,2_3,2_4,3_1,3_2,3_4,4_1,4_2,4_3,p1,p2,p3,p4,speed0,speed1,speed2,speed3,speed4,stop0,stop1,stop2,stop3,stop4,time,timeloss0,timeloss1,timeloss2,timeloss3,timeloss4,travel0,travel1,travel2,travel3,travel4,wait0,wait1,wait2,wait3,wait4,rsl_rssslll_rrsssl_rsslll_0,rsl_rssslll_rrsssl_rsslll_1,rsl_rssslll_rrsssl_rsslll_2,rsl_rssslll_rrsssl_rsslll_3,performance measure
0,3,1,1,1,7,3,1,3,6,1,2,3,6,3,1,2,rsl_rssslll_rrsssl_rsslll,214.0,134.0,293.0,120.0,268.0,841.0,124.0,404.0,255.0,855.0,306.0,148.0,10.0,5.0,10.0,10.0,9.303199412902945,9.182790720234657,9.02679127752418,9.056834061592758,9.279755574857996,0.7818991097922848,0.7947565543071161,0.9268471104608632,0.8483271375464684,0.774074074074074,3.702024221420288,21.31839762611273,22.170247191011242,27.16228237015364,23.697806691449834,21.440888888888885,66.01928783382789,66.83970037453183,71.90782735918069,68.3628252788104,66.11851851851851,13.451780415430267,14.183520599250937,18.259692757863935,15.486988847583643,13.478518518518518,10.0,5.0,10.0,10.0,14.97210022772946
