,1,1l,1r,1s,2,2l,2r,2s,3,3l,3r,3s,4,4l,4r,4s,id,1_2,1_3,1_4,2_1,2_3,2_4,3_1,3_2,3_4,4_1,4_2,4_3,p1,p2,p3,p4,speed0,speed1,speed2,speed3,speed4,stop0,stop1,stop2,stop3,stop4,time,timeloss0,timeloss1,timeloss2,timeloss3,timeloss4,travel0,travel1,travel2,travel3,travel4,wait0,wait1,wait2,wait3,wait4,rslll_rsl_rrslll_rsl_0,rslll_rsl_rrslll_rsl_1,rslll_rsl_rrslll_rsl_2,rslll_rsl_rrslll_rsl_3,performance measure
0,5,3,1,1,3,1,1,1,6,3,2,1,3,1,1,1,rslll_rsl_rrslll_rsl,723.0,120.0,247.0,120.0,112.0,210.0,212.0,230.0,375.0,192.0,135.0,143.0,10.0,10.0,10.0,10.0,9.043907827698819,9.11122120712695,8.962564665438093,9.114204311286816,9.259440631862054,0.7996011964107677,0.7819706498951782,0.8230616302186878,0.7730646871686108,0.7507820646506778,3.106215715408325,24.229810568295104,22.69748427672957,25.042783300198792,22.87148462354187,21.400917622523476,69.17846460618145,67.65303983228512,70.0675944333996,67.80593849416755,66.35662148070907,16.14556331006979,14.81236897274633,16.69980119284294,15.109225874867445,13.685088633993743,10.0,10.0,10.0,10.0,15.29040959690405
