,1,1l,1r,1s,2,2l,2r,2s,3,3l,3r,3s,4,4l,4r,4s,id,1_2,1_3,1_4,2_1,2_3,2_4,3_1,3_2,3_4,4_1,4_2,4_3,p1,p2,p3,p4,speed0,speed1,speed2,speed3,speed4,stop0,stop1,stop2,stop3,stop4,time,timeloss0,timeloss1,timeloss2,timeloss3,timeloss4,travel0,travel1,travel2,travel3,travel4,wait0,wait1,wait2,wait3,wait4,rsl_rsl_rsssl_rsl_0,rsl_rsl_rsssl_rsl_1,rsl_rsl_rsssl_rsl_2,rsl_rsl_rsssl_rsl_3,performance measure
0,3,1,1,1,3,1,1,1,5,1,1,3,3,1,1,1,rsl_rsl_rsssl_rsl,122.0,162.0,143.0,98.0,135.0,174.0,795.0,319.0,76.0,62.0,203.0,314.0,5.0,10.0,5.0,10.0,9.291934097527884,9.693516560009272,9.475441040035383,9.483478737769842,9.524936160324613,0.863431151241535,0.7086705202312139,0.7733934611048479,0.793465577596266,0.770193401592719,2.746213674545288,23.343250564334106,18.02526011560694,20.097643742953775,21.150198366394413,19.49573378839589,68.1997742663657,62.895953757225435,65.0315670800451,66.00583430571761,64.41638225255973,14.803611738148984,10.492485549132947,12.205186020293123,13.155192532088682,11.592718998862344,5.0,10.0,5.0,10.0,12.449838967705215
