,1,1l,1r,1s,2,2l,2r,2s,3,3l,3r,3s,4,4l,4r,4s,id,1_2,1_3,1_4,2_1,2_3,2_4,3_1,3_2,3_4,4_1,4_2,4_3,p1,p2,p3,p4,speed0,speed1,speed2,speed3,speed4,stop0,stop1,stop2,stop3,stop4,time,timeloss0,timeloss1,timeloss2,timeloss3,timeloss4,travel0,travel1,travel2,travel3,travel4,wait0,wait1,wait2,wait3,wait4,rsl_rsssll_rrssl_rrsslll_0,rsl_rsssll_rrssl_rrsslll_1,rsl_rsssll_rrssl_rrsslll_2,rsl_rsssll_rrssl_rrsslll_3,performance measure
0,3,1,1,1,6,2,1,3,5,1,2,2,7,3,2,2,rsl_rsssll_rrssl_rrsslll,222.0,61.0,318.0,304.0,333.0,558.0,470.0,340.0,206.0,529.0,164.0,363.0,10.0,10.0,10.0,10.0,9.282191804677934,9.349843345808965,9.243417716538488,9.330079192175297,9.41538990397194,0.7581602373887241,0.7331334332833583,0.755056179775281,0.7324052590873936,0.7126436781609196,3.302900552749634,22.177262611275953,20.62930284857572,22.079453183520602,21.12557617942768,20.340490421455918,66.72477744807122,65.19340329835083,66.62621722846443,65.65197215777262,64.86896551724138,14.382047477744807,13.065967016491754,14.25318352059925,13.59938128383604,12.938697318007662,10.0,10.0,10.0,10.0,13.647855323335904
