,1,1l,1r,1s,2,2l,2r,2s,3,3l,3r,3s,4,4l,4r,4s,id,1_2,1_3,1_4,2_1,2_3,2_4,3_1,3_2,3_4,4_1,4_2,4_3,p1,p2,p3,p4,speed0,speed1,speed2,speed3,speed4,stop0,stop1,stop2,stop3,stop4,time,timeloss0,timeloss1,timeloss2,timeloss3,timeloss4,travel0,travel1,travel2,travel3,travel4,wait0,wait1,wait2,wait3,wait4,rsssl_rrsll_rsl_rsslll_0,rsssl_rrsll_rsl_rsslll_1,rsssl_rrsll_rsl_rsslll_2,rsssl_rrsll_rsl_rsslll_3,performance measure
0,5,1,1,3,5,2,2,1,3,1,1,1,6,3,1,2,rsssl_rrsll_rsl_rsslll,269.0,961.0,164.0,148.0,631.0,207.0,289.0,36.0,308.0,902.0,592.0,281.0,15.0,15.0,15.0,15.0,7.814359979476211,7.892494002379027,7.6750545500827885,7.823931431459988,7.815444353450544,0.9214723926380368,0.8943533697632058,0.9758454106280193,0.9402597402597402,0.9154842689697718,4.156301736831665,36.1336441717791,34.99216150576815,38.804287439613596,37.559142857142895,36.87476249228865,81.14907975460123,80.00728597449908,83.78623188405797,82.59805194805195,81.91116594694633,26.540490797546013,25.705525197328477,28.669082125603865,27.695454545454545,27.275138803207895,15.0,15.0,15.0,15.0,27.177138293828158
