,1,1l,1r,1s,2,2l,2r,2s,3,3l,3r,3s,4,4l,4r,4s,id,1_2,1_3,1_4,2_1,2_3,2_4,3_1,3_2,3_4,4_1,4_2,4_3,p1,p2,p3,p4,speed0,speed1,speed2,speed3,speed4,stop0,stop1,stop2,stop3,stop4,time,timeloss0,timeloss1,timeloss2,timeloss3,timeloss4,travel0,travel1,travel2,travel3,travel4,wait0,wait1,wait2,wait3,wait4,rsssssl_rssssll_rsl_rssll_0,rsssssl_rssssll_rsl_rssll_1,rsssssl_rssssll_rsl_rssll_2,rsssssl_rssssll_rsl_rssll_3,performance measure
0,7,1,1,5,7,2,1,4,3,1,1,1,5,2,1,2,rsssssl_rssssll_rsl_rssll,197.0,1281.0,222.0,115.0,341.0,884.0,189.0,68.0,108.0,393.0,379.0,85.0,10.0,10.0,10.0,10.0,9.008268308637133,8.981160057131813,9.056904556243442,9.057125187039661,9.05453565655095,0.8108484005563282,0.8233676975945017,0.7901408450704225,0.789665211062591,0.7905358385525401,3.9843878746032715,24.11987482614743,23.576542955326477,23.3500070422535,23.185087336244525,23.1770146137787,69.0730180806676,68.52233676975945,68.32605633802817,68.14119359534207,68.1294363256785,16.100834492350486,15.517525773195876,15.44718309859155,15.348617176128093,15.247042449547669,10.0,10.0,10.0,10.0,15.532240597962735
