,1,1l,1r,1s,2,2l,2r,2s,3,3l,3r,3s,4,4l,4r,4s,id,1_2,1_3,1_4,2_1,2_3,2_4,3_1,3_2,3_4,4_1,4_2,4_3,p1,p2,p3,p4,speed0,speed1,speed2,speed3,speed4,stop0,stop1,stop2,stop3,stop4,time,timeloss0,timeloss1,timeloss2,timeloss3,timeloss4,travel0,travel1,travel2,travel3,travel4,wait0,wait1,wait2,wait3,wait4,rslll_rsl_rrslll_rsl_0,rslll_rsl_rrslll_rsl_1,rslll_rsl_rrslll_rsl_2,rslll_rsl_rrslll_rsl_3,performance measure
0,5,3,1,1,3,1,1,1,6,3,2,1,3,1,1,1,rslll_rsl_rrslll_rsl,329.0,65.0,252.0,272.0,111.0,166.0,126.0,544.0,581.0,106.0,50.0,100.0,10.0,10.0,10.0,10.0,9.451791285984278,9.488398999867657,9.519024608616853,9.422833482760787,9.516809688871898,0.7026178010471205,0.703954802259887,0.6991869918699187,0.6942889137737962,0.6791845493562232,3.0363080501556396,20.231937172774852,19.24814689265535,19.280294715447123,20.002026875699915,19.127457081545074,64.98219895287959,63.98418079096045,64.03760162601625,64.73684210526316,63.8744635193133,12.839790575916231,11.986440677966101,11.927845528455284,12.585666293393057,11.821888412017167,10.0,10.0,10.0,10.0,12.23232629754957
