,1,1l,1r,1s,2,2l,2r,2s,3,3l,3r,3s,4,4l,4r,4s,id,1_2,1_3,1_4,2_1,2_3,2_4,3_1,3_2,3_4,4_1,4_2,4_3,p1,p2,p3,p4,speed0,speed1,speed2,speed3,speed4,stop0,stop1,stop2,stop3,stop4,time,timeloss0,timeloss1,timeloss2,timeloss3,timeloss4,travel0,travel1,travel2,travel3,travel4,wait0,wait1,wait2,wait3,wait4,rrssl_rrssl_rrsslll_rrsslll_0,rrssl_rrssl_rrsslll_rrsslll_1,rrssl_rrssl_rrsslll_rrsslll_2,rrssl_rrssl_rrsslll_rrsslll_3,performance measure
0,5,1,2,2,5,1,2,2,7,3,2,2,7,3,2,2,rrssl_rrssl_rrsslll_rrsslll,269.0,400.0,351.0,74.0,70.0,240.0,488.0,616.0,168.0,255.0,549.0,626.0,10.0,10.0,5.0,10.0,9.516864241545834,9.606747385718629,9.394071076830443,9.614543673010472,9.605895583506864,0.7299723756906077,0.7038941954445261,0.767425320056899,0.7047184170471842,0.6997167138810199,3.7264957427978516,19.369274861878424,18.853144746509905,20.95770270270273,18.52845509893452,18.440970254957524,63.687154696132595,63.15135929463629,65.30440967283073,62.78462709284627,62.81657223796034,11.890883977900552,11.631153563556209,13.00782361308677,11.288432267884323,11.138810198300284,10.0,10.0,5.0,10.0,11.791420724145627
