,1,1l,1r,1s,2,2l,2r,2s,3,3l,3r,3s,4,4l,4r,4s,id,1_2,1_3,1_4,2_1,2_3,2_4,3_1,3_2,3_4,4_1,4_2,4_3,p1,p2,p3,p4,speed0,speed1,speed2,speed3,speed4,stop0,stop1,stop2,stop3,stop4,time,timeloss0,timeloss1,timeloss2,timeloss3,timeloss4,travel0,travel1,travel2,travel3,travel4,wait0,wait1,wait2,wait3,wait4,rssslll_rrsssl_rsssssl_rsl_0,rssslll_rrsssl_rsssssl_rsl_1,rssslll_rrsssl_rsssssl_rsl_2,rssslll_rrsssl_rsssssl_rsl_3,performance measure
0,7,3,1,3,6,1,2,3,7,1,1,5,3,1,1,1,rssslll_rrsssl_rsssssl_rsl,372.0,611.0,87.0,332.0,64.0,968.0,362.0,240.0,300.0,76.0,195.0,69.0,15.0,10.0,5.0,15.0,9.162996662850702,9.265566687685826,9.234158206711264,9.171669271213855,9.185403002559715,0.7476114649681529,0.7366694011484823,0.7459080280592362,0.7433110367892977,0.7520391517128875,3.5264248847961426,22.591441082802568,22.05652994257587,22.26819953234605,22.679983277592026,22.936517128874385,67.35350318471338,66.82854799015587,67.00389711613406,67.42892976588628,67.69983686786297,14.957006369426752,14.539786710418376,14.637568199532346,14.900501672240802,15.248776508972268,15.0,10.0,5.0,15.0,14.856727892118107
