,1,1l,1r,1s,2,2l,2r,2s,3,3l,3r,3s,4,4l,4r,4s,id,1_2,1_3,1_4,2_1,2_3,2_4,3_1,3_2,3_4,4_1,4_2,4_3,p1,p2,p3,p4,speed0,speed1,speed2,speed3,speed4,stop0,stop1,stop2,stop3,stop4,time,timeloss0,timeloss1,timeloss2,timeloss3,timeloss4,travel0,travel1,travel2,travel3,travel4,wait0,wait1,wait2,wait3,wait4,rslll_rsl_rrslll_rsl_0,rslll_rsl_rrslll_rsl_1,rslll_rsl_rrslll_rsl_2,rslll_rsl_rrslll_rsl_3,performance measure
0,5,3,1,1,3,1,1,1,6,3,2,1,3,1,1,1,rslll_rsl_rrslll_rsl,625.0,50.0,80.0,56.0,87.0,360.0,332.0,500.0,147.0,167.0,351.0,169.0,10.0,15.0,10.0,15.0,8.375189868861609,8.351180142738267,8.113940709702632,8.71158481605117,8.521786331719955,0.9189723320158103,0.8871635610766045,0.9573643410852714,0.8184679958027282,0.8536842105263158,2.9121620655059814,32.962480237154146,31.36695652173913,34.38144379844964,26.8950682056663,29.607610526315796,77.89920948616601,76.32194616977226,79.28779069767442,71.82476390346275,74.51157894736842,23.027667984189723,22.125258799171842,24.63372093023256,18.4302203567681,20.497894736842106,10.0,15.0,10.0,15.0,21.742952561440866
