,1,1l,1r,1s,2,2l,2r,2s,3,3l,3r,3s,4,4l,4r,4s,id,1_2,1_3,1_4,2_1,2_3,2_4,3_1,3_2,3_4,4_1,4_2,4_3,p1,p2,p3,p4,speed0,speed1,speed2,speed3,speed4,stop0,stop1,stop2,stop3,stop4,time,timeloss0,timeloss1,timeloss2,timeloss3,timeloss4,travel0,travel1,travel2,travel3,travel4,wait0,wait1,wait2,wait3,wait4,rsl_rssslll_rrsssl_rsslll_0,rsl_rssslll_rrsssl_rsslll_1,rsl_rssslll_rrsssl_rsslll_2,rsl_rssslll_rrsssl_rsslll_3,performance measure
0,3,1,1,1,7,3,1,3,6,1,2,3,6,3,1,2,rsl_rssslll_rrsssl_rsslll,143.0,332.0,287.0,166.0,931.0,891.0,988.0,101.0,123.0,851.0,663.0,311.0,10.0,15.0,15.0,15.0,8.613522284231765,8.36173602444821,8.360048530287282,8.555311781003812,8.41845888224123,0.7942408376963351,0.8395939086294416,0.8699643039265681,0.803941908713693,0.8516624040920716,4.613629579544067,27.684015706806324,29.930502538071075,30.96492095869458,28.05504149377595,30.017560102301793,72.51675392670157,74.78324873096447,75.81387047424784,72.93672199170125,74.84501278772379,19.16544502617801,20.953807106598983,21.71443141254462,19.404564315352697,20.950383631713557,10.0,15.0,15.0,15.0,20.43772629847757
