,1,1l,1r,1s,2,2l,2r,2s,3,3l,3r,3s,4,4l,4r,4s,id,1_2,1_3,1_4,2_1,2_3,2_4,3_1,3_2,3_4,4_1,4_2,4_3,p1,p2,p3,p4,speed0,speed1,speed2,speed3,speed4,stop0,stop1,stop2,stop3,stop4,time,timeloss0,timeloss1,timeloss2,timeloss3,timeloss4,travel0,travel1,travel2,travel3,travel4,wait0,wait1,wait2,wait3,wait4,rsl_rssslll_rrsssl_rsslll_0,rsl_rssslll_rrsssl_rsslll_1,rsl_rssslll_rrsssl_rsslll_2,rsl_rssslll_rrsssl_rsslll_3,performance measure
0,3,1,1,1,7,3,1,3,6,1,2,3,6,3,1,2,rsl_rssslll_rrsssl_rsslll,54.0,284.0,167.0,46.0,614.0,1034.0,608.0,475.0,273.0,637.0,217.0,288.0,15.0,15.0,10.0,15.0,8.558184492432456,8.246788496928176,8.26047768566733,8.157370632743362,8.436067913887054,0.8159203980099502,0.8851091142490373,0.884004884004884,0.8849557522123894,0.8424744897959183,3.8379993438720703,28.504807213930356,32.65240051347881,32.89726495726493,33.13514538558789,30.09863520408161,73.34390547263682,77.51797175866496,77.72649572649573,77.96396965865992,74.91964285714286,20.062189054726367,23.79268292682927,23.866910866910867,24.01643489254109,21.533163265306122,15.0,15.0,10.0,15.0,22.65427620126274
