,1,1l,1r,1s,2,2l,2r,2s,3,3l,3r,3s,4,4l,4r,4s,id,1_2,1_3,1_4,2_1,2_3,2_4,3_1,3_2,3_4,4_1,4_2,4_3,p1,p2,p3,p4,speed0,speed1,speed2,speed3,speed4,stop0,stop1,stop2,stop3,stop4,time,timeloss0,timeloss1,timeloss2,timeloss3,timeloss4,travel0,travel1,travel2,travel3,travel4,wait0,wait1,wait2,wait3,wait4,rssll_rrssl_rssslll_rrssll_0,rssll_rrssl_rssslll_rrssll_1,rssll_rrssl_rssslll_rrssll_2,rssll_rrssl_rssslll_rrssll_3,performance measure
0,5,2,1,2,5,1,2,2,7,3,1,3,6,2,2,2,rssll_rrssl_rssslll_rrssll,373.0,598.0,287.0,635.0,261.0,158.0,556.0,106.0,877.0,568.0,665.0,197.0,15.0,15.0,15.0,15.0,8.542559468443576,8.373128244117899,8.118468566413416,8.542688263000459,8.338492925768197,0.7858356940509915,0.8076923076923077,0.865500273373428,0.8004736530491415,0.8177650429799427,4.498380899429321,28.5162152974504,30.465548642533932,33.2902952433024,28.517838957963278,30.701673352435538,73.26062322946176,75.23585972850678,78.03553854565337,73.26050917702783,75.44928366762177,20.28271954674221,21.898190045248867,24.178786221979223,20.194789816459444,22.20916905444126,15.0,15.0,15.0,15.0,21.752730936974203
