,1,1l,1r,1s,2,2l,2r,2s,3,3l,3r,3s,4,4l,4r,4s,id,1_2,1_3,1_4,2_1,2_3,2_4,3_1,3_2,3_4,4_1,4_2,4_3,p1,p2,p3,p4,speed0,speed1,speed2,speed3,speed4,stop0,stop1,stop2,stop3,stop4,time,timeloss0,timeloss1,timeloss2,timeloss3,timeloss4,travel0,travel1,travel2,travel3,travel4,wait0,wait1,wait2,wait3,wait4,rsssssl_rssssll_rsl_rssll_0,rsssssl_rssssll_rsl_rssll_1,rsssssl_rssssll_rsl_rssll_2,rsssssl_rssssll_rsl_rssll_3,performance measure
0,7,1,1,5,7,2,1,4,3,1,1,1,5,2,1,2,rsssssl_rssssll_rsl_rssll,172.0,1201.0,37.0,149.0,80.0,783.0,139.0,303.0,49.0,534.0,455.0,234.0,10.0,10.0,10.0,10.0,9.155887201985477,8.622221302660924,8.93148254922624,9.074729481752652,9.086526662027302,0.7630434782608696,0.9707142857142858,0.8238195912614518,0.797752808988764,0.7850533807829182,3.507082462310791,22.33480434782605,29.941699999999987,24.8710429880197,22.92199999999999,22.935879003558707,67.19275362318841,74.80785714285715,69.7554615926709,67.75131086142322,67.83131672597865,14.528260869565218,20.495714285714286,16.610993657505286,14.93558052434457,14.941637010676157,10.0,10.0,10.0,10.0,16.302437269561104
