,1,1l,1r,1s,2,2l,2r,2s,3,3l,3r,3s,4,4l,4r,4s,id,1_2,1_3,1_4,2_1,2_3,2_4,3_1,3_2,3_4,4_1,4_2,4_3,p1,p2,p3,p4,speed0,speed1,speed2,speed3,speed4,stop0,stop1,stop2,stop3,stop4,time,timeloss0,timeloss1,timeloss2,timeloss3,timeloss4,travel0,travel1,travel2,travel3,travel4,wait0,wait1,wait2,wait3,wait4,rrsssll_rsl_rsl_rrsll_0,rrsssll_rsl_rsl_rrsll_1,rrsssll_rsl_rsl_rrsll_2,rrsssll_rsl_rsl_rrsll_3,performance measure
0,7,2,2,3,3,1,1,1,3,1,1,1,5,2,2,1,rrsssll_rsl_rsl_rrsll,221.0,910.0,313.0,104.0,117.0,62.0,114.0,102.0,222.0,378.0,257.0,168.0,10.0,15.0,10.0,10.0,8.977795012441556,8.92186200552253,8.937081098035272,8.982723423845064,8.933662115387165,0.774288518155054,0.8101898101898102,0.799009900990099,0.8098290598290598,0.8288822947576657,3.2170801162719727,24.357723258096158,25.70110889110892,25.122653465346552,25.77263888888886,26.79325420375867,69.27379784102061,70.62037962037962,70.04950495049505,70.66346153846153,71.67754698318497,16.444553483807656,17.632367632367632,17.134653465346535,17.752136752136753,18.495548961424333,10.0,15.0,10.0,10.0,17.49185205901658
