,1,1l,1r,1s,2,2l,2r,2s,3,3l,3r,3s,4,4l,4r,4s,id,1_2,1_3,1_4,2_1,2_3,2_4,3_1,3_2,3_4,4_1,4_2,4_3,p1,p2,p3,p4,speed0,speed1,speed2,speed3,speed4,stop0,stop1,stop2,stop3,stop4,time,timeloss0,timeloss1,timeloss2,timeloss3,timeloss4,travel0,travel1,travel2,travel3,travel4,wait0,wait1,wait2,wait3,wait4,rsl_rsl_rsl_rrssssl_0,rsl_rsl_rsl_rrssssl_1,rsl_rsl_rsl_rrssssl_2,rsl_rsl_rsl_rrssssl_3,performance measure
0,3,1,1,1,3,1,1,1,3,1,1,1,7,1,2,4,rsl_rsl_rsl_rrssssl,302.0,41.0,120.0,49.0,101.0,40.0,46.0,40.0,129.0,161.0,1406.0,625.0,15.0,5.0,10.0,15.0,9.499203136975487,9.400487464843762,9.232793414312063,9.51826023643807,9.282609608385009,0.6742209631728046,0.7004878048780487,0.7222222222222222,0.679959100204499,0.7162162162162162,3.2191660404205322,19.930188857412656,21.009307317073155,21.975805555555574,19.779488752556244,21.388088803088817,64.74881964117091,65.88097560975609,66.86759259259259,64.65950920245399,66.23552123552123,12.461756373937677,13.395121951219512,13.942592592592593,12.270961145194274,13.60907335907336,15.0,5.0,10.0,15.0,13.135901084403486
