,1,1l,1r,1s,2,2l,2r,2s,3,3l,3r,3s,4,4l,4r,4s,id,1_2,1_3,1_4,2_1,2_3,2_4,3_1,3_2,3_4,4_1,4_2,4_3,p1,p2,p3,p4,speed0,speed1,speed2,speed3,speed4,stop0,stop1,stop2,stop3,stop4,time,timeloss0,timeloss1,timeloss2,timeloss3,timeloss4,travel0,travel1,travel2,travel3,travel4,wait0,wait1,wait2,wait3,wait4,rssslll_rrsssl_rsssssl_rsl_0,rssslll_rrsssl_rsssssl_rsl_1,rssslll_rrsssl_rsssssl_rsl_2,rssslll_rrsssl_rsssssl_rsl_3,performance measure
0,7,3,1,3,6,1,2,3,7,1,1,5,3,1,1,1,rssslll_rrsssl_rsssssl_rsl,574.0,149.0,254.0,232.0,284.0,826.0,520.0,134.0,242.0,232.0,222.0,121.0,10.0,5.0,10.0,10.0,9.25357055572823,9.14216912527925,9.18555055280803,8.976941463685238,9.178375758755836,0.7889763779527559,0.8116520351157223,0.818394388152767,0.8634920634920635,0.8204527712724434,3.5617058277130127,21.52476377952758,22.836847565841996,22.374505066250972,24.786373015872968,22.489102263856363,66.20708661417324,67.5339185953711,67.05845674201092,69.52539682539683,67.1584699453552,13.645669291338583,14.823623304070232,14.259547934528449,16.26904761904762,14.412177985948478,10.0,5.0,10.0,10.0,14.682013226986673
