,1,1l,1r,1s,2,2l,2r,2s,3,3l,3r,3s,4,4l,4r,4s,id,1_2,1_3,1_4,2_1,2_3,2_4,3_1,3_2,3_4,4_1,4_2,4_3,p1,p2,p3,p4,speed0,speed1,speed2,speed3,speed4,stop0,stop1,stop2,stop3,stop4,time,timeloss0,timeloss1,timeloss2,timeloss3,timeloss4,travel0,travel1,travel2,travel3,travel4,wait0,wait1,wait2,wait3,wait4,rrsslll_rrsll_rsssl_rrsslll_0,rrsslll_rrsll_rsssl_rrsslll_1,rrsslll_rrsll_rsssl_rrsslll_2,rrsslll_rrsll_rsssl_rrsslll_3,performance measure
0,7,3,2,2,5,2,2,1,5,1,1,3,7,3,2,2,rrsslll_rrsll_rsssl_rrsslll,166.0,261.0,170.0,475.0,280.0,329.0,400.0,310.0,48.0,578.0,436.0,592.0,5.0,10.0,10.0,15.0,9.543558838884184,9.571716683039769,9.549913325274487,9.597014593799825,9.63754708960708,0.6901004304160688,0.6861471861471862,0.6740056818181818,0.6932330827067669,0.6708673091178651,4.1249680519104,19.404440459110486,18.85540404040404,19.463757102272705,18.74366917293231,18.53207561156413,63.78479196556671,63.24386724386724,63.93963068181818,63.06917293233083,62.89621942179392,12.020803443328552,11.492063492063492,12.259232954545455,11.534586466165413,11.389918458117124,5.0,10.0,10.0,15.0,11.739320962844008
