,1,1l,1r,1s,2,2l,2r,2s,3,3l,3r,3s,4,4l,4r,4s,id,1_2,1_3,1_4,2_1,2_3,2_4,3_1,3_2,3_4,4_1,4_2,4_3,p1,p2,p3,p4,speed0,speed1,speed2,speed3,speed4,stop0,stop1,stop2,stop3,stop4,time,timeloss0,timeloss1,timeloss2,timeloss3,timeloss4,travel0,travel1,travel2,travel3,travel4,wait0,wait1,wait2,wait3,wait4,rsl_rsssl_rssssl_rssll_0,rsl_rsssl_rssssl_rssll_1,rsl_rsssl_rssssl_rssll_2,rsl_rsssl_rssssl_rssll_3,performance measure
0,3,1,1,1,5,1,1,3,6,1,1,4,5,2,1,2,rsl_rsssl_rssssl_rssll,215.0,138.0,309.0,151.0,96.0,178.0,1165.0,264.0,260.0,79.0,107.0,321.0,10.0,10.0,5.0,5.0,9.659715769768212,9.725530940974771,9.588132766795585,9.590554883908998,9.570249633593246,0.7095914742451155,0.6988171064604186,0.7249334516415262,0.7225325884543762,0.7519858781994704,3.0468456745147705,17.883161634103008,17.361028207461338,18.590328305235136,18.70519553072627,18.585322153574616,62.5550621669627,62.03275705186533,63.29192546583851,63.41247672253259,63.27272727272727,10.259325044404973,9.86260236578708,10.714285714285714,11.068901303538174,10.910856134157106,10.0,10.0,5.0,5.0,10.56319411243461
