,1,1l,1r,1s,2,2l,2r,2s,3,3l,3r,3s,4,4l,4r,4s,id,1_2,1_3,1_4,2_1,2_3,2_4,3_1,3_2,3_4,4_1,4_2,4_3,p1,p2,p3,p4,speed0,speed1,speed2,speed3,speed4,stop0,stop1,stop2,stop3,stop4,time,timeloss0,timeloss1,timeloss2,timeloss3,timeloss4,travel0,travel1,travel2,travel3,travel4,wait0,wait1,wait2,wait3,wait4,rssslll_rrsssl_rsssssl_rsl_0,rssslll_rrsssl_rsssssl_rsl_1,rssslll_rrsssl_rsssssl_rsl_2,rssslll_rrsssl_rsssssl_rsl_3,performance measure
0,7,3,1,3,6,1,2,3,7,1,1,5,3,1,1,1,rssslll_rrsssl_rsssssl_rsl,548.0,784.0,100.0,444.0,161.0,282.0,1514.0,157.0,271.0,292.0,216.0,146.0,15.0,15.0,15.0,10.0,8.73411170663225,8.562209399515584,8.737805645878526,8.78472528663564,8.613313412338497,0.7811158798283262,0.8205596107055961,0.7769994162288383,0.771608832807571,0.8199753390875463,4.256660461425781,26.630907418761524,28.97525547445252,26.81187974314067,26.607028391167145,29.280308261405683,71.49294911097486,73.85401459854015,71.65440747227088,71.42586750788644,74.12823674475956,18.57510729613734,20.462895377128955,18.605954465849386,18.4807570977918,20.85141800246609,15.0,15.0,15.0,10.0,19.395226447874713
