,1,1l,1r,1s,2,2l,2r,2s,3,3l,3r,3s,4,4l,4r,4s,id,1_2,1_3,1_4,2_1,2_3,2_4,3_1,3_2,3_4,4_1,4_2,4_3,p1,p2,p3,p4,speed0,speed1,speed2,speed3,speed4,stop0,stop1,stop2,stop3,stop4,time,timeloss0,timeloss1,timeloss2,timeloss3,timeloss4,travel0,travel1,travel2,travel3,travel4,wait0,wait1,wait2,wait3,wait4,rrssl_rrssl_rrsslll_rrsslll_0,rrssl_rrssl_rrsslll_rrsslll_1,rrssl_rrssl_rrsslll_rrsslll_2,rrssl_rrssl_rrsslll_rrsslll_3,performance measure
0,5,1,2,2,5,1,2,2,7,3,2,2,7,3,2,2,rrssl_rrssl_rrsslll_rrsslll,278.0,280.0,228.0,487.0,113.0,624.0,457.0,248.0,482.0,286.0,238.0,475.0,10.0,10.0,5.0,10.0,9.147345931866678,9.424568654644684,9.310692673691117,9.424605398551499,9.4611949938962,0.843298969072165,0.7441029306647605,0.7951890034364261,0.759403832505323,0.7604240282685513,3.970524311065674,24.167312714776603,20.58674052894924,22.39299656357387,20.51545777146916,20.4137738515901,68.64536082474227,65.11865618298785,66.94501718213058,64.99290276792051,64.95901060070672,15.810996563573884,13.050035739814152,14.31683848797251,12.976579134137687,12.735689045936395,10.0,10.0,5.0,10.0,13.778027794286924
