,1,1l,1r,1s,2,2l,2r,2s,3,3l,3r,3s,4,4l,4r,4s,id,1_2,1_3,1_4,2_1,2_3,2_4,3_1,3_2,3_4,4_1,4_2,4_3,p1,p2,p3,p4,speed0,speed1,speed2,speed3,speed4,stop0,stop1,stop2,stop3,stop4,time,timeloss0,timeloss1,timeloss2,timeloss3,timeloss4,travel0,travel1,travel2,travel3,travel4,wait0,wait1,wait2,wait3,wait4,rsl_rsl_rsssl_rsl_0,rsl_rsl_rsssl_rsl_1,rsl_rsl_rsssl_rsl_2,rsl_rsl_rsssl_rsl_3,performance measure
0,3,1,1,1,3,1,1,1,5,1,1,3,3,1,1,1,rsl_rsl_rsssl_rsl,319.0,150.0,262.0,106.0,80.0,236.0,793.0,324.0,88.0,257.0,306.0,97.0,15.0,15.0,15.0,15.0,8.128157034468943,8.043886835274321,8.183035789234395,8.550676048914498,8.40593920505555,0.8850902184235517,0.8897560975609756,0.903976721629486,0.785639958376691,0.8213592233009709,3.1874990463256836,34.600075973409304,35.73652682926823,35.590989330746865,29.10092611862643,30.82366019417478,79.6315289648623,80.79219512195122,80.56256062075654,74.09781477627472,75.80970873786407,25.28869895536562,26.30048780487805,25.943743937924346,20.70863683662851,22.042718446601942,15.0,15.0,15.0,15.0,24.056857196279694
