,1,1l,1r,1s,2,2l,2r,2s,3,3l,3r,3s,4,4l,4r,4s,id,1_2,1_3,1_4,2_1,2_3,2_4,3_1,3_2,3_4,4_1,4_2,4_3,p1,p2,p3,p4,speed0,speed1,speed2,speed3,speed4,stop0,stop1,stop2,stop3,stop4,time,timeloss0,timeloss1,timeloss2,timeloss3,timeloss4,travel0,travel1,travel2,travel3,travel4,wait0,wait1,wait2,wait3,wait4,rsl_rsssll_rrssl_rrsslll_0,rsl_rsssll_rrssl_rrsslll_1,rsl_rsssll_rrssl_rrsslll_2,rsl_rsssll_rrssl_rrsslll_3,performance measure
0,3,1,1,1,6,2,1,3,5,1,2,2,7,3,2,2,rsl_rsssll_rrssl_rrsslll,193.0,41.0,94.0,261.0,75.0,164.0,655.0,347.0,236.0,965.0,452.0,460.0,10.0,15.0,15.0,10.0,8.767135787202163,8.713119701930008,8.469442841233217,8.754803314041146,8.787445565786225,0.8100803506208911,0.8135338345864662,0.8785185185185185,0.8395348837209302,0.7932075471698113,3.549595594406128,27.569320672023377,27.35094736842112,30.586725925925933,28.33322480620155,26.164618867924553,72.2600438276114,72.02406015037594,75.25259259259259,72.96589147286822,70.80075471698113,19.199415631848066,19.006766917293234,21.64962962962963,19.6937984496124,18.043018867924527,10.0,15.0,15.0,10.0,19.518525899261572
