,1,1l,1r,1s,2,2l,2r,2s,3,3l,3r,3s,4,4l,4r,4s,id,1_2,1_3,1_4,2_1,2_3,2_4,3_1,3_2,3_4,4_1,4_2,4_3,p1,p2,p3,p4,speed0,speed1,speed2,speed3,speed4,stop0,stop1,stop2,stop3,stop4,time,timeloss0,timeloss1,timeloss2,timeloss3,timeloss4,travel0,travel1,travel2,travel3,travel4,wait0,wait1,wait2,wait3,wait4,rsl_rssslll_rrsssl_rsslll_0,rsl_rssslll_rrsssl_rsslll_1,rsl_rssslll_rrsssl_rsslll_2,rsl_rssslll_rrsssl_rsslll_3,performance measure
0,3,1,1,1,7,3,1,3,6,1,2,3,6,3,1,2,rsl_rssslll_rrsssl_rsslll,282.0,75.0,102.0,249.0,137.0,244.0,933.0,542.0,106.0,744.0,532.0,109.0,10.0,10.0,10.0,10.0,8.197902741561045,8.318633033009254,7.972474296558709,8.698309007732842,8.563559864610236,1.0761421319796953,1.0140532544378698,1.1503597122302158,0.8905660377358491,0.9018315018315018,3.49997615814209,36.17984046410444,31.90113165680474,39.18367625899283,27.540347169811337,28.774681318681278,80.81000725163162,76.59689349112426,83.85899280575539,72.1577358490566,73.47619047619048,25.75344452501813,22.20931952662722,28.01294964028777,18.769811320754716,19.902564102564103,10.0,10.0,10.0,10.0,22.929617823050386
