,1,1l,1r,1s,2,2l,2r,2s,3,3l,3r,3s,4,4l,4r,4s,id,1_2,1_3,1_4,2_1,2_3,2_4,3_1,3_2,3_4,4_1,4_2,4_3,p1,p2,p3,p4,speed0,speed1,speed2,speed3,speed4,stop0,stop1,stop2,stop3,stop4,time,timeloss0,timeloss1,timeloss2,timeloss3,timeloss4,travel0,travel1,travel2,travel3,travel4,wait0,wait1,wait2,wait3,wait4,rrsll_rssl_rsssll_rsl_0,rrsll_rssl_rsssll_rsl_1,rrsll_rssl_rsssll_rsl_2,rrsll_rssl_rsssll_rsl_3,performance measure
0,5,2,2,1,4,1,1,2,6,2,1,3,3,1,1,1,rrsll_rssl_rsssll_rsl,297.0,354.0,466.0,170.0,174.0,267.0,744.0,70.0,640.0,252.0,147.0,173.0,15.0,15.0,10.0,10.0,8.817574655118879,8.573362151149686,8.487561786429257,8.755237253473442,8.61350390045617,0.7934528448947779,0.9321372854914196,0.8505311077389985,0.8208955223880597,0.8450155763239875,3.392521858215332,26.743304754481652,33.50300312012482,29.773050075872504,26.710174129353227,29.202484423676015,71.62353858144972,78.37441497659907,74.6783004552352,71.59038142620233,74.07710280373831,18.56742010911925,24.00780031201248,21.072837632776935,18.33167495854063,20.365264797507788,15.0,15.0,10.0,10.0,20.468999561991417
