,1,1l,1r,1s,2,2l,2r,2s,3,3l,3r,3s,4,4l,4r,4s,id,1_2,1_3,1_4,2_1,2_3,2_4,3_1,3_2,3_4,4_1,4_2,4_3,p1,p2,p3,p4,speed0,speed1,speed2,speed3,speed4,stop0,stop1,stop2,stop3,stop4,time,timeloss0,timeloss1,timeloss2,timeloss3,timeloss4,travel0,travel1,travel2,travel3,travel4,wait0,wait1,wait2,wait3,wait4,rrsslll_rrsll_rsssl_rrsslll_0,rrsslll_rrsll_rsssl_rrsslll_1,rrsslll_rrsll_rsssl_rrsslll_2,rrsslll_rrsll_rsssl_rrsslll_3,performance measure
0,7,3,2,2,5,2,2,1,5,1,1,3,7,3,2,2,rrsslll_rrsll_rsssl_rrsslll,582.0,486.0,604.0,340.0,516.0,226.0,248.0,218.0,107.0,940.0,160.0,203.0,10.0,10.0,15.0,10.0,9.020827917879732,9.18445353965578,9.141812289451977,9.290105550857042,9.162931539862004,0.8100450740502254,0.7413029728020241,0.7440993788819876,0.7250482936252415,0.7402928071292171,4.108388662338257,25.368048937540237,22.516679316888016,22.767838509316807,21.34290405666452,22.90544875875241,69.9800386349002,67.1404174573055,67.40931677018634,65.95621377978107,67.524506683641,17.19639407598197,14.77988614800759,14.972049689440993,13.691564713457824,15.148313176320816,10.0,10.0,15.0,10.0,15.157641560641839
