,1,1l,1r,1s,2,2l,2r,2s,3,3l,3r,3s,4,4l,4r,4s,id,1_2,1_3,1_4,2_1,2_3,2_4,3_1,3_2,3_4,4_1,4_2,4_3,p1,p2,p3,p4,speed0,speed1,speed2,speed3,speed4,stop0,stop1,stop2,stop3,stop4,time,timeloss0,timeloss1,timeloss2,timeloss3,timeloss4,travel0,travel1,travel2,travel3,travel4,wait0,wait1,wait2,wait3,wait4,rsl_rsssll_rrssl_rrsslll_0,rsl_rsssll_rrssl_rrsslll_1,rsl_rsssll_rrssl_rrsslll_2,rsl_rsssll_rrssl_rrsslll_3,performance measure
0,3,1,1,1,6,2,1,3,5,1,2,2,7,3,2,2,rsl_rsssll_rrssl_rrsslll,188.0,293.0,250.0,124.0,307.0,193.0,200.0,567.0,282.0,734.0,217.0,200.0,10.0,10.0,10.0,5.0,9.473536098643992,9.259692303593091,9.044300458650138,9.378228053563916,9.093647450549616,0.7320997586484312,0.770747740345111,0.8744,0.7810650887573964,0.9036734693877551,3.1316707134246826,19.64123089300083,21.826680361544778,24.819136000000007,21.405207100591745,25.815314285714294,64.21560740144811,66.41906327033689,69.416,65.97886728655959,70.39183673469388,12.102172164119066,13.986852917009038,16.1624,13.493660185967878,16.913469387755104,10.0,10.0,10.0,5.0,14.531710930970217
