,1,1l,1r,1s,2,2l,2r,2s,3,3l,3r,3s,4,4l,4r,4s,id,1_2,1_3,1_4,2_1,2_3,2_4,3_1,3_2,3_4,4_1,4_2,4_3,p1,p2,p3,p4,speed0,speed1,speed2,speed3,speed4,stop0,stop1,stop2,stop3,stop4,time,timeloss0,timeloss1,timeloss2,timeloss3,timeloss4,travel0,travel1,travel2,travel3,travel4,wait0,wait1,wait2,wait3,wait4,rsssssl_rsl_rrsslll_rsssll_0,rsssssl_rsl_rrsslll_rsssll_1,rsssssl_rsl_rrsslll_rsssll_2,rsssssl_rsl_rrsslll_rsssll_3,performance measure
0,7,1,1,5,3,1,1,1,7,3,2,2,6,2,1,3,rsssssl_rsl_rrsslll_rsssll,266.0,1675.0,311.0,50.0,212.0,115.0,609.0,488.0,747.0,338.0,387.0,199.0,10.0,15.0,10.0,5.0,9.096923864409652,8.917539911572174,9.081366427643898,9.177240717091275,9.065036163283924,0.827027027027027,0.8613422074320577,0.8157894736842105,0.7730900798175598,0.8067226890756303,4.253534555435181,25.767962162162156,26.558019966722142,24.22451206140353,22.958454960091185,24.37525490196077,70.51891891891891,71.39046034387133,68.9654605263158,67.7400228050171,69.13221288515406,17.284864864864865,18.06600110926234,15.895285087719298,14.773660205245154,16.159103641456582,10.0,15.0,10.0,5.0,16.435782981709647
