,1,1l,1r,1s,2,2l,2r,2s,3,3l,3r,3s,4,4l,4r,4s,id,1_2,1_3,1_4,2_1,2_3,2_4,3_1,3_2,3_4,4_1,4_2,4_3,p1,p2,p3,p4,speed0,speed1,speed2,speed3,speed4,stop0,stop1,stop2,stop3,stop4,time,timeloss0,timeloss1,timeloss2,timeloss3,timeloss4,travel0,travel1,travel2,travel3,travel4,wait0,wait1,wait2,wait3,wait4,rslll_rsl_rrslll_rsl_0,rslll_rsl_rrslll_rsl_1,rslll_rsl_rrslll_rsl_2,rslll_rsl_rrslll_rsl_3,performance measure
0,5,3,1,1,3,1,1,1,6,3,2,1,3,1,1,1,rslll_rsl_rrslll_rsl,556.0,128.0,173.0,133.0,143.0,231.0,302.0,84.0,558.0,98.0,205.0,102.0,10.0,10.0,5.0,10.0,8.77649180436918,9.139440400834728,9.010147807399031,8.984469226697321,8.91698550857938,0.933911159263272,0.8289183222958058,0.9086078639744952,0.9583802024746907,0.8951351351351351,2.9414522647857666,27.584344528710727,23.373267108167795,25.610977683315642,28.934803149606346,26.3009189189189,72.66847237269772,68.42494481236203,70.7077577045696,73.95950506186726,71.33621621621622,18.554712892741062,15.330022075055188,16.99787460148778,19.871766029246345,17.64864864864865,10.0,10.0,5.0,10.0,17.680604849435802
