,1,1l,1r,1s,2,2l,2r,2s,3,3l,3r,3s,4,4l,4r,4s,id,1_2,1_3,1_4,2_1,2_3,2_4,3_1,3_2,3_4,4_1,4_2,4_3,p1,p2,p3,p4,speed0,speed1,speed2,speed3,speed4,stop0,stop1,stop2,stop3,stop4,time,timeloss0,timeloss1,timeloss2,timeloss3,timeloss4,travel0,travel1,travel2,travel3,travel4,wait0,wait1,wait2,wait3,wait4,rssl_rrsslll_rsl_rrsll_0,rssl_rrsslll_rsl_rrsll_1,rssl_rrsslll_rsl_rrsll_2,rssl_rrsslll_rsl_rrsll_3,performance measure
0,4,1,1,2,7,3,2,2,3,1,1,1,5,2,2,1,rssl_rrsslll_rsl_rrsll,214.0,555.0,316.0,478.0,907.0,595.0,291.0,244.0,204.0,609.0,328.0,141.0,10.0,15.0,15.0,15.0,8.377380131088595,8.318431269366375,8.392838008689054,8.640208916360665,8.468997201747575,0.9024390243902439,0.8567128236002408,0.8673042438732815,0.7928883343730505,0.837870538415003,4.047696590423584,33.5368780487805,31.445611077664086,31.805929468021574,28.419681846537742,29.95832425892322,78.40914634146341,76.34437086092716,76.68679019725045,73.29444791016843,74.85420447670901,24.119512195121953,22.385310054184227,22.692767483562463,19.951965065502183,21.04174228675136,10.0,15.0,15.0,15.0,22.038259417024435
