,1,1l,1r,1s,2,2l,2r,2s,3,3l,3r,3s,4,4l,4r,4s,id,1_2,1_3,1_4,2_1,2_3,2_4,3_1,3_2,3_4,4_1,4_2,4_3,p1,p2,p3,p4,speed0,speed1,speed2,speed3,speed4,stop0,stop1,stop2,stop3,stop4,time,timeloss0,timeloss1,timeloss2,timeloss3,timeloss4,travel0,travel1,travel2,travel3,travel4,wait0,wait1,wait2,wait3,wait4,rsl_rsssll_rrssl_rrsslll_0,rsl_rsssll_rrssl_rrsslll_1,rsl_rsssll_rrssl_rrsslll_2,rsl_rsssll_rrssl_rrsslll_3,performance measure
0,3,1,1,1,6,2,1,3,5,1,2,2,7,3,2,2,rsl_rsssll_rrssl_rrsslll,123.0,213.0,101.0,86.0,115.0,880.0,367.0,584.0,213.0,306.0,549.0,567.0,10.0,10.0,5.0,10.0,9.475282248275125,9.439860939564214,9.38581932020754,9.381770200947129,9.472609867277088,0.7263157894736842,0.7304601899196493,0.7539118065433855,0.7606461086637298,0.7349746560463433,3.7987730503082275,19.459256140350874,20.014536157779393,20.261806543385475,20.63225403817917,19.596162201303386,64.08140350877193,64.60262965668372,64.93883357041251,65.22393538913363,64.25778421433743,11.887719298245614,12.433893352812271,12.446657183499289,12.88913362701909,12.01810282404055,10.0,10.0,5.0,10.0,12.335101257123364
