,1,1l,1r,1s,2,2l,2r,2s,3,3l,3r,3s,4,4l,4r,4s,id,1_2,1_3,1_4,2_1,2_3,2_4,3_1,3_2,3_4,4_1,4_2,4_3,p1,p2,p3,p4,speed0,speed1,speed2,speed3,speed4,stop0,stop1,stop2,stop3,stop4,time,timeloss0,timeloss1,timeloss2,timeloss3,timeloss4,travel0,travel1,travel2,travel3,travel4,wait0,wait1,wait2,wait3,wait4,rssl_rrsslll_rsl_rrsll_0,rssl_rrsslll_rsl_rrsll_1,rssl_rrsslll_rsl_rrsll_2,rssl_rrsslll_rsl_rrsll_3,performance measure
0,4,1,1,2,7,3,2,2,3,1,1,1,5,2,2,1,rssl_rrsslll_rsl_rrsll,295.0,275.0,192.0,324.0,950.0,587.0,253.0,72.0,322.0,79.0,220.0,145.0,15.0,15.0,15.0,15.0,7.964007186080177,8.09659192747005,7.73848119752474,7.884435024326101,8.025024226792985,0.899604743083004,0.8649959579628133,0.9931350114416476,0.9699918896999189,0.8707909162098669,3.7787463665008545,34.9816916996047,34.3189975747777,40.880099160945825,39.11406326034068,34.237901331245105,79.91462450592886,79.2336297493937,85.7864225781846,84.02757502027575,79.13312451057165,25.786561264822133,25.369442198868228,30.756674294431733,28.982157339821573,25.197337509788568,15.0,15.0,15.0,15.0,27.21843452154645
