,1,1l,1r,1s,2,2l,2r,2s,3,3l,3r,3s,4,4l,4r,4s,id,1_2,1_3,1_4,2_1,2_3,2_4,3_1,3_2,3_4,4_1,4_2,4_3,p1,p2,p3,p4,speed0,speed1,speed2,speed3,speed4,stop0,stop1,stop2,stop3,stop4,time,timeloss0,timeloss1,timeloss2,timeloss3,timeloss4,travel0,travel1,travel2,travel3,travel4,wait0,wait1,wait2,wait3,wait4,rrsslll_rrsll_rsssl_rrsslll_0,rrsslll_rrsll_rsssl_rrsslll_1,rrsslll_rrsll_rsssl_rrsslll_2,rrsslll_rrsll_rsssl_rrsslll_3,performance measure
0,7,3,2,2,5,2,2,1,5,1,1,3,7,3,2,2,rrsslll_rrsll_rsssl_rrsslll,680.0,146.0,356.0,538.0,122.0,253.0,486.0,236.0,179.0,626.0,591.0,87.0,10.0,10.0,10.0,15.0,9.107840091793516,9.182615475961756,9.040332663295109,9.194348363592947,9.165511083186598,0.7550034506556246,0.7403778866340098,0.7739130434782608,0.7420042643923241,0.739612188365651,3.7298176288604736,23.165127674258105,22.38804058782368,23.935471571906323,22.14739161336175,22.417513850415506,67.84679089026915,67.10636808957312,68.638127090301,66.84648187633262,67.1191135734072,15.376121463077984,14.727081875437369,16.06020066889632,14.650319829424307,14.918975069252078,10.0,10.0,10.0,15.0,15.146539781217609
