,1,1l,1r,1s,2,2l,2r,2s,3,3l,3r,3s,4,4l,4r,4s,id,1_2,1_3,1_4,2_1,2_3,2_4,3_1,3_2,3_4,4_1,4_2,4_3,p1,p2,p3,p4,speed0,speed1,speed2,speed3,speed4,stop0,stop1,stop2,stop3,stop4,time,timeloss0,timeloss1,timeloss2,timeloss3,timeloss4,travel0,travel1,travel2,travel3,travel4,wait0,wait1,wait2,wait3,wait4,rsl_rrsll_rsl_rslll_0,rsl_rrsll_rsl_rslll_1,rsl_rrsll_rsl_rslll_2,rsl_rrsll_rsl_rslll_3,performance measure
0,3,1,1,1,5,2,2,1,3,1,1,1,5,3,1,1,rsl_rrsll_rsl_rslll,179.0,252.0,45.0,323.0,311.0,144.0,142.0,152.0,233.0,295.0,146.0,236.0,10.0,10.0,10.0,10.0,9.229574297127067,9.26037891562382,8.664152230607051,9.154161056954056,9.023511635577165,0.7505854800936768,0.755688622754491,1.016,0.7673267326732673,0.8214716525934861,2.800607204437256,21.94898126463698,21.53595209580841,33.85524571428573,23.016349009900992,24.57650180940896,66.81967213114754,66.44311377245509,78.76914285714285,67.89603960396039,69.44632086851628,14.278688524590164,13.94251497005988,23.52342857142857,15.235148514851485,16.371531966224367,10.0,10.0,10.0,10.0,16.67026250943089
