,1,1l,1r,1s,2,2l,2r,2s,3,3l,3r,3s,4,4l,4r,4s,id,1_2,1_3,1_4,2_1,2_3,2_4,3_1,3_2,3_4,4_1,4_2,4_3,p1,p2,p3,p4,speed0,speed1,speed2,speed3,speed4,stop0,stop1,stop2,stop3,stop4,time,timeloss0,timeloss1,timeloss2,timeloss3,timeloss4,travel0,travel1,travel2,travel3,travel4,wait0,wait1,wait2,wait3,wait4,rsssl_rrsll_rsl_rsslll_0,rsssl_rrsll_rsl_rsslll_1,rsssl_rrsll_rsl_rsslll_2,rsssl_rrsll_rsl_rsslll_3,performance measure
0,5,1,1,3,5,2,2,1,3,1,1,1,6,3,1,2,rsssl_rrsll_rsl_rsslll,265.0,1037.0,43.0,591.0,333.0,87.0,262.0,72.0,171.0,758.0,138.0,235.0,10.0,15.0,10.0,5.0,8.996876286769135,8.903610153656066,8.842413168146285,9.09965713741344,9.145972751995238,0.8341930729550479,0.8443465491923642,0.8789625360230547,0.7833078101071975,0.781010719754977,3.691530227661133,25.039255711127453,24.520778267254013,27.189394812680135,22.776125574272584,22.59442572741195,69.8894620486367,69.41116005873715,72.11959654178675,67.63935681470137,67.44486983154671,16.549742078113486,16.07562408223201,18.136167146974064,14.658499234303216,14.54594180704441,10.0,15.0,10.0,5.0,15.993194869733438
