,1,1l,1r,1s,2,2l,2r,2s,3,3l,3r,3s,4,4l,4r,4s,id,1_2,1_3,1_4,2_1,2_3,2_4,3_1,3_2,3_4,4_1,4_2,4_3,p1,p2,p3,p4,speed0,speed1,speed2,speed3,speed4,stop0,stop1,stop2,stop3,stop4,time,timeloss0,timeloss1,timeloss2,timeloss3,timeloss4,travel0,travel1,travel2,travel3,travel4,wait0,wait1,wait2,wait3,wait4,rsl_rsssl_rssssl_rssll_0,rsl_rsssl_rssssl_rssll_1,rsl_rsssl_rssssl_rssll_2,rsl_rsssl_rssssl_rssll_3,performance measure
0,3,1,1,1,5,1,1,3,6,1,1,4,5,2,1,2,rsl_rsssl_rssssl_rssll,320.0,132.0,105.0,201.0,56.0,467.0,888.0,120.0,67.0,533.0,282.0,192.0,15.0,10.0,15.0,10.0,8.718507463380968,8.72842805079626,8.55482271518486,8.767109567439107,8.773430804548175,0.8078602620087336,0.8001707941929974,0.8444070647603028,0.8052536231884058,0.8008771929824562,3.484748125076294,26.911886462882084,26.5722715627669,28.56126997476869,26.187527173913043,26.154692982456112,71.78078602620087,71.46883005977797,73.46761984861227,71.07971014492753,71.01578947368421,18.92227074235808,18.541417591801878,19.983179142136247,18.13496376811594,18.11842105263158,15.0,10.0,15.0,10.0,18.740050459408742
