,1,1l,1r,1s,2,2l,2r,2s,3,3l,3r,3s,4,4l,4r,4s,id,1_2,1_3,1_4,2_1,2_3,2_4,3_1,3_2,3_4,4_1,4_2,4_3,p1,p2,p3,p4,speed0,speed1,speed2,speed3,speed4,stop0,stop1,stop2,stop3,stop4,time,timeloss0,timeloss1,timeloss2,timeloss3,timeloss4,travel0,travel1,travel2,travel3,travel4,wait0,wait1,wait2,wait3,wait4,rsssl_rrsll_rsl_rsslll_0,rsssl_rrsll_rsl_rsslll_1,rsssl_rrsll_rsl_rsslll_2,rsssl_rrsll_rsl_rsslll_3,performance measure
0,5,1,1,3,5,2,2,1,3,1,1,1,6,3,1,2,rsssl_rrsll_rsl_rsslll,324.0,908.0,148.0,521.0,240.0,285.0,73.0,237.0,136.0,260.0,578.0,322.0,10.0,10.0,5.0,10.0,8.712504193772325,8.992043167102764,8.809094044715492,9.086131050406316,9.06885796443695,1.068685376661743,0.8758265980896399,0.9654178674351584,0.8438985736925515,0.8399390243902439,3.3437118530273438,32.651085672082715,25.332152828802343,28.371858789625374,24.02788431061809,23.79911585365851,77.37444608567208,70.04775900073476,73.1657060518732,68.72979397781299,68.53353658536585,21.71344165435746,16.632623071271123,18.605187319884728,15.6743264659271,15.259908536585366,10.0,10.0,5.0,10.0,17.577097409605155
