,1,1l,1r,1s,2,2l,2r,2s,3,3l,3r,3s,4,4l,4r,4s,id,1_2,1_3,1_4,2_1,2_3,2_4,3_1,3_2,3_4,4_1,4_2,4_3,p1,p2,p3,p4,speed0,speed1,speed2,speed3,speed4,stop0,stop1,stop2,stop3,stop4,time,timeloss0,timeloss1,timeloss2,timeloss3,timeloss4,travel0,travel1,travel2,travel3,travel4,wait0,wait1,wait2,wait3,wait4,rssl_rrsslll_rsl_rrsll_0,rssl_rrsslll_rsl_rrsll_1,rssl_rrsslll_rsl_rrsll_2,rssl_rrsslll_rsl_rrsll_3,performance measure
0,4,1,1,2,7,3,2,2,3,1,1,1,5,2,2,1,rssl_rrsslll_rsl_rrsll,244.0,573.0,178.0,123.0,479.0,630.0,149.0,187.0,210.0,233.0,214.0,201.0,15.0,15.0,10.0,15.0,8.76065868420712,8.715707520181704,8.7390984144023,8.867867440474628,8.66187711511479,0.7835051546391752,0.7775847089487402,0.7911714770797963,0.7366515837104073,0.7889830508474577,3.531348705291748,26.750618556701045,26.998123370981787,26.5944312393888,26.137248868778258,27.591262711864406,71.62542955326461,71.89574283231973,71.47368421052632,71.00904977375566,72.4364406779661,18.7680412371134,18.943527367506515,18.595076400679115,18.488687782805428,19.36186440677966,15.0,15.0,10.0,15.0,18.831439438976822
