,1,1l,1r,1s,2,2l,2r,2s,3,3l,3r,3s,4,4l,4r,4s,id,1_2,1_3,1_4,2_1,2_3,2_4,3_1,3_2,3_4,4_1,4_2,4_3,p1,p2,p3,p4,speed0,speed1,speed2,speed3,speed4,stop0,stop1,stop2,stop3,stop4,time,timeloss0,timeloss1,timeloss2,timeloss3,timeloss4,travel0,travel1,travel2,travel3,travel4,wait0,wait1,wait2,wait3,wait4,rssll_rrssl_rssslll_rrssll_0,rssll_rrssl_rssslll_rrssll_1,rssll_rrssl_rssslll_rrssll_2,rssll_rrssl_rssslll_rrssll_3,performance measure
0,5,2,1,2,5,1,2,2,7,3,1,3,6,2,2,2,rssll_rrssl_rssslll_rrssll,132.0,551.0,206.0,216.0,64.0,533.0,164.0,55.0,720.0,536.0,608.0,105.0,10.0,10.0,10.0,10.0,8.650012196420628,8.276493504471222,7.878641949758777,8.87584138398751,8.39763349748426,0.878200155159038,1.0287443267776097,1.1391057487579843,0.8334680679062247,0.9609144542772862,3.8126444816589355,27.395546935609016,32.54101361573374,38.11295954577705,24.989393694421977,30.16908554572267,72.27307990690457,77.3948562783661,83.05322924059617,69.86337914308811,75.01991150442478,18.9177657098526,22.869894099848715,27.411639460610363,16.952303961196442,21.020648967551622,10.0,10.0,10.0,10.0,21.434450439811947
