,1,1l,1r,1s,2,2l,2r,2s,3,3l,3r,3s,4,4l,4r,4s,id,1_2,1_3,1_4,2_1,2_3,2_4,3_1,3_2,3_4,4_1,4_2,4_3,p1,p2,p3,p4,speed0,speed1,speed2,speed3,speed4,stop0,stop1,stop2,stop3,stop4,time,timeloss0,timeloss1,timeloss2,timeloss3,timeloss4,travel0,travel1,travel2,travel3,travel4,wait0,wait1,wait2,wait3,wait4,rsssssl_rsl_rrsslll_rsssll_0,rsssssl_rsl_rrsslll_rsssll_1,rsssssl_rsl_rrsslll_rsssll_2,rsssssl_rsl_rrsslll_rsssll_3,performance measure
0,7,1,1,5,3,1,1,1,7,3,2,2,6,2,1,3,rsssssl_rsl_rrsslll_rsssll,97.0,237.0,200.0,186.0,305.0,70.0,309.0,467.0,501.0,593.0,822.0,170.0,5.0,5.0,10.0,10.0,8.884670258897147,9.055514159287439,8.682379395389095,8.902448752691022,8.965055929233172,0.9539274924471299,0.8776119402985074,1.0695652173913044,0.9744582043343654,0.9271916790490342,3.6678285598754883,27.019947129909408,24.115119402985115,30.385652173913083,27.92997678018575,26.150052005943515,71.59592145015105,68.73059701492538,75.01811594202898,72.50696594427245,70.7332838038633,18.26057401812689,15.729850746268657,20.78768115942029,18.887770897832816,17.39227340267459,5.0,5.0,10.0,10.0,18.21163004486465
