,1,1l,1r,1s,2,2l,2r,2s,3,3l,3r,3s,4,4l,4r,4s,id,1_2,1_3,1_4,2_1,2_3,2_4,3_1,3_2,3_4,4_1,4_2,4_3,p1,p2,p3,p4,speed0,speed1,speed2,speed3,speed4,stop0,stop1,stop2,stop3,stop4,time,timeloss0,timeloss1,timeloss2,timeloss3,timeloss4,travel0,travel1,travel2,travel3,travel4,wait0,wait1,wait2,wait3,wait4,rslll_rsl_rrslll_rsl_0,rslll_rsl_rrslll_rsl_1,rslll_rsl_rrslll_rsl_2,rslll_rsl_rrslll_rsl_3,performance measure
0,5,3,1,1,3,1,1,1,6,3,2,1,3,1,1,1,rslll_rsl_rrslll_rsl,754.0,59.0,324.0,307.0,181.0,222.0,61.0,554.0,886.0,220.0,207.0,206.0,15.0,5.0,10.0,10.0,9.261752110939065,9.310208963341797,9.422924137947184,9.337984439370528,9.193098443547846,0.7609162491052255,0.7643020594965675,0.7230989956958394,0.717948717948718,0.769287288758266,3.4243428707122803,22.266062992125974,21.661311975591136,20.290487804878033,20.706825037707414,22.023563556208646,67.09162491052255,66.47139588100687,65.15781922525107,65.53318250377075,66.83247612049963,14.04151753758053,13.551487414187642,12.439024390243903,12.905731523378583,13.885378398236591,15.0,5.0,10.0,10.0,13.364627852725452
