,1,1l,1r,1s,2,2l,2r,2s,3,3l,3r,3s,4,4l,4r,4s,id,1_2,1_3,1_4,2_1,2_3,2_4,3_1,3_2,3_4,4_1,4_2,4_3,p1,p2,p3,p4,speed0,speed1,speed2,speed3,speed4,stop0,stop1,stop2,stop3,stop4,time,timeloss0,timeloss1,timeloss2,timeloss3,timeloss4,travel0,travel1,travel2,travel3,travel4,wait0,wait1,wait2,wait3,wait4,rrslll_rssll_rsl_rssssll_0,rrslll_rssll_rsl_rssssll_1,rrslll_rssll_rsl_rssssll_2,rrslll_rssll_rsl_rssssll_3,performance measure
0,6,3,2,1,5,2,1,2,3,1,1,1,7,2,1,4,rrslll_rssll_rsl_rssssll,230.0,131.0,462.0,172.0,506.0,437.0,293.0,254.0,211.0,234.0,1216.0,116.0,10.0,10.0,10.0,10.0,8.660260023680674,8.316188114925366,8.351917329014205,8.775559197801275,8.647910493881193,0.9354619565217391,0.9845179451090781,0.9802317655078391,0.8708513708513709,0.8919288645690835,3.999657154083252,29.913770380434766,31.814539057002058,32.04720518064074,26.34061327561327,27.759815321477422,74.7350543478261,76.63406052076003,76.88684389911384,71.15728715728716,72.5827633378933,20.510190217391305,22.261083743842363,22.319700068166327,17.772727272727273,18.979480164158687,10.0,10.0,10.0,10.0,20.368636293257193
