,1,1l,1r,1s,2,2l,2r,2s,3,3l,3r,3s,4,4l,4r,4s,id,1_2,1_3,1_4,2_1,2_3,2_4,3_1,3_2,3_4,4_1,4_2,4_3,p1,p2,p3,p4,speed0,speed1,speed2,speed3,speed4,stop0,stop1,stop2,stop3,stop4,time,timeloss0,timeloss1,timeloss2,timeloss3,timeloss4,travel0,travel1,travel2,travel3,travel4,wait0,wait1,wait2,wait3,wait4,rslll_rsl_rrslll_rsl_0,rslll_rsl_rrslll_rsl_1,rslll_rsl_rrslll_rsl_2,rslll_rsl_rrslll_rsl_3,performance measure
0,5,3,1,1,3,1,1,1,6,3,2,1,3,1,1,1,rslll_rsl_rrslll_rsl,412.0,170.0,104.0,61.0,142.0,304.0,151.0,373.0,162.0,269.0,307.0,46.0,10.0,10.0,15.0,15.0,8.670841640042822,8.776702302319954,8.71529042872782,9.050980002608494,8.729994598536031,0.8468571428571429,0.7855421686746988,0.8232611174458381,0.7242647058823529,0.8083333333333333,2.796238899230957,29.118182857142862,26.43056626506025,27.062519954390027,23.883235294117654,27.08417857142854,74.056,71.41686746987952,72.01482326111744,68.83700980392157,71.99285714285715,20.410285714285713,18.36024096385542,18.830102622576966,16.27573529411765,18.794047619047618,10.0,10.0,15.0,15.0,18.534082442776672
