,1,1l,1r,1s,2,2l,2r,2s,3,3l,3r,3s,4,4l,4r,4s,id,1_2,1_3,1_4,2_1,2_3,2_4,3_1,3_2,3_4,4_1,4_2,4_3,p1,p2,p3,p4,speed0,speed1,speed2,speed3,speed4,stop0,stop1,stop2,stop3,stop4,time,timeloss0,timeloss1,timeloss2,timeloss3,timeloss4,travel0,travel1,travel2,travel3,travel4,wait0,wait1,wait2,wait3,wait4,rsl_rsssl_rssssl_rssll_0,rsl_rsssl_rssssl_rssll_1,rsl_rsssl_rssssl_rssll_2,rsl_rsssl_rssssl_rssll_3,performance measure
0,3,1,1,1,5,1,1,3,6,1,1,4,5,2,1,2,rsl_rsssl_rssssl_rssll,197.0,70.0,284.0,138.0,228.0,970.0,387.0,55.0,74.0,315.0,268.0,87.0,10.0,5.0,10.0,10.0,9.090770799022584,9.086454875553065,9.121802415920472,8.45576946250456,9.190373950788487,0.8250235183443085,0.8161693936477382,0.8269230769230769,1.0404339250493098,0.8049019607843138,3.030565023422241,22.94985888993413,22.796169393647713,22.470365384615366,31.15884615384617,22.313019607843103,67.88711194731891,67.7487969201155,67.39519230769231,76.13905325443787,67.18529411764706,14.753527751646285,14.794995187680462,14.366346153846154,21.330374753451675,14.25,10.0,5.0,10.0,10.0,15.899048769324915
