,1,1l,1r,1s,2,2l,2r,2s,3,3l,3r,3s,4,4l,4r,4s,id,1_2,1_3,1_4,2_1,2_3,2_4,3_1,3_2,3_4,4_1,4_2,4_3,p1,p2,p3,p4,speed0,speed1,speed2,speed3,speed4,stop0,stop1,stop2,stop3,stop4,time,timeloss0,timeloss1,timeloss2,timeloss3,timeloss4,travel0,travel1,travel2,travel3,travel4,wait0,wait1,wait2,wait3,wait4,rssl_rrsslll_rsl_rrsll_0,rssl_rrsslll_rsl_rrsll_1,rssl_rrsslll_rsl_rrsll_2,rssl_rrsslll_rsl_rrsll_3,performance measure
0,4,1,1,2,7,3,2,2,3,1,1,1,5,2,2,1,rssl_rrsslll_rsl_rrsll,295.0,600.0,278.0,381.0,542.0,540.0,108.0,121.0,287.0,524.0,138.0,458.0,15.0,15.0,15.0,15.0,8.541029133112907,8.440416038477002,8.174506797102268,8.510458955580852,8.544848000915565,0.7884097035040432,0.8012170385395537,0.87073007367716,0.7989949748743719,0.7651933701657458,3.688748836517334,28.877661725067394,30.60796484110892,34.1412324179504,29.975735821967007,28.8949033149171,73.66846361185983,75.40365111561866,78.98191560616209,74.80402010050251,73.69198895027624,20.64757412398922,22.125760649087223,25.034829202947087,21.50394831299354,20.774861878453038,15.0,15.0,15.0,15.0,22.017394833494023
