,1,1l,1r,1s,2,2l,2r,2s,3,3l,3r,3s,4,4l,4r,4s,id,1_2,1_3,1_4,2_1,2_3,2_4,3_1,3_2,3_4,4_1,4_2,4_3,p1,p2,p3,p4,speed0,speed1,speed2,speed3,speed4,stop0,stop1,stop2,stop3,stop4,time,timeloss0,timeloss1,timeloss2,timeloss3,timeloss4,travel0,travel1,travel2,travel3,travel4,wait0,wait1,wait2,wait3,wait4,rsssl_rrsll_rsl_rsslll_0,rsssl_rrsll_rsl_rsslll_1,rsssl_rrsll_rsl_rsslll_2,rsssl_rrsll_rsl_rsslll_3,performance measure
0,5,1,1,3,5,2,2,1,3,1,1,1,6,3,1,2,rsssl_rrsll_rsl_rsslll,261.0,896.0,296.0,146.0,265.0,247.0,98.0,49.0,36.0,934.0,243.0,315.0,15.0,15.0,15.0,15.0,8.325873874949469,8.264272388095087,8.236130070799067,8.26082729014664,8.528731098262323,0.829623944742901,0.8188736681887366,0.8417770849571318,0.8526058631921825,0.765637371338084,3.413165330886841,31.20137375287799,31.665989345509907,32.25897116134056,32.35205211726381,28.674457640538428,76.00997697620875,76.49923896499239,77.0701480904131,77.14087947882736,73.49406175771972,22.425172678434382,22.992389649923897,23.333593141075603,23.346091205211728,20.27315914489311,15.0,15.0,15.0,15.0,22.474081163907748
