,1,1l,1r,1s,2,2l,2r,2s,3,3l,3r,3s,4,4l,4r,4s,id,1_2,1_3,1_4,2_1,2_3,2_4,3_1,3_2,3_4,4_1,4_2,4_3,p1,p2,p3,p4,speed0,speed1,speed2,speed3,speed4,stop0,stop1,stop2,stop3,stop4,time,timeloss0,timeloss1,timeloss2,timeloss3,timeloss4,travel0,travel1,travel2,travel3,travel4,wait0,wait1,wait2,wait3,wait4,rrsssll_rsl_rsl_rrsll_0,rrsssll_rsl_rsl_rrsll_1,rrsssll_rsl_rsl_rrsll_2,rrsssll_rsl_rsl_rrsll_3,performance measure
0,7,2,2,3,3,1,1,1,3,1,1,1,5,2,2,1,rrsssll_rsl_rsl_rrsll,591.0,913.0,200.0,111.0,206.0,190.0,355.0,184.0,120.0,439.0,228.0,612.0,15.0,15.0,10.0,10.0,8.599084475104966,8.406981163270796,8.5671479415455,8.56093993624899,8.60843120682494,0.8463143254520167,0.8906030855539971,0.8278805120910384,0.8626010286554004,0.8392987582176772,3.7153217792510986,29.03067454798328,31.9775946704067,28.528563300142256,30.207825128581923,29.56143170197229,73.87552155771905,76.84502103786816,73.4452347083926,74.99338721528288,74.39079620160702,20.17663421418637,22.87798036465638,19.819345661450924,21.32916972814107,20.91599707815924,15.0,15.0,10.0,10.0,21.023825409318796
