,1,1l,1r,1s,2,2l,2r,2s,3,3l,3r,3s,4,4l,4r,4s,id,1_2,1_3,1_4,2_1,2_3,2_4,3_1,3_2,3_4,4_1,4_2,4_3,p1,p2,p3,p4,speed0,speed1,speed2,speed3,speed4,stop0,stop1,stop2,stop3,stop4,time,timeloss0,timeloss1,timeloss2,timeloss3,timeloss4,travel0,travel1,travel2,travel3,travel4,wait0,wait1,wait2,wait3,wait4,rsl_rsl_rsl_rrssssl_0,rsl_rsl_rsl_rrssssl_1,rsl_rsl_rsl_rrssssl_2,rsl_rsl_rsl_rrssssl_3,performance measure
0,3,1,1,1,3,1,1,1,3,1,1,1,7,1,2,4,rsl_rsl_rsl_rrssssl,225.0,272.0,214.0,110.0,97.0,273.0,193.0,323.0,136.0,48.0,1369.0,422.0,10.0,10.0,5.0,15.0,9.11915357135293,9.158245560951109,8.776404723669037,9.265382391681051,9.129511167483075,0.8004731861198738,0.8068362480127186,0.9658119658119658,0.7596638655462185,0.806782334384858,3.156461238861084,24.628864353312277,23.21796502384739,31.43382284382289,21.85210924369747,24.23220031545743,69.40220820189275,68.0214626391097,76.27195027195027,66.6218487394958,69.0410094637224,16.041009463722396,14.813990461049285,21.317793317793317,13.869747899159664,15.600157728706625,10.0,10.0,5.0,15.0,16.32853977408626
