,1,1l,1r,1s,2,2l,2r,2s,3,3l,3r,3s,4,4l,4r,4s,id,1_2,1_3,1_4,2_1,2_3,2_4,3_1,3_2,3_4,4_1,4_2,4_3,p1,p2,p3,p4,speed0,speed1,speed2,speed3,speed4,stop0,stop1,stop2,stop3,stop4,time,timeloss0,timeloss1,timeloss2,timeloss3,timeloss4,travel0,travel1,travel2,travel3,travel4,wait0,wait1,wait2,wait3,wait4,rrslll_rssll_rsl_rssssll_0,rrslll_rssll_rsl_rssssll_1,rrslll_rssll_rsl_rssssll_2,rrslll_rssll_rsl_rssssll_3,performance measure
0,6,3,2,1,5,2,1,2,3,1,1,1,7,2,1,4,rrslll_rssll_rsl_rssssll,331.0,335.0,539.0,79.0,479.0,131.0,330.0,74.0,310.0,86.0,383.0,290.0,15.0,15.0,10.0,5.0,8.970808437354732,8.95426326497446,8.888765411547793,8.880933402588862,8.925571364686583,0.7827225130890052,0.7973684210526316,0.7969413763806287,0.7932910244786945,0.793468667255075,3.1396772861480713,24.48952879581152,24.695535087719307,25.10840271877653,25.60313689936533,25.121306266548963,69.09598603839441,69.30263157894737,69.73406966864911,70.2166817769719,69.71138570167696,16.376963350785342,16.592105263157894,16.64910790144435,17.194016319129645,16.81729920564872,15.0,15.0,10.0,5.0,16.725898408033192
