,1,1l,1r,1s,2,2l,2r,2s,3,3l,3r,3s,4,4l,4r,4s,id,1_2,1_3,1_4,2_1,2_3,2_4,3_1,3_2,3_4,4_1,4_2,4_3,p1,p2,p3,p4,speed0,speed1,speed2,speed3,speed4,stop0,stop1,stop2,stop3,stop4,time,timeloss0,timeloss1,timeloss2,timeloss3,timeloss4,travel0,travel1,travel2,travel3,travel4,wait0,wait1,wait2,wait3,wait4,rssslll_rrsssl_rsssssl_rsl_0,rssslll_rrsssl_rsssssl_rsl_1,rssslll_rrsssl_rsssssl_rsl_2,rssslll_rrsssl_rsssssl_rsl_3,performance measure
0,7,3,1,3,6,1,2,3,7,1,1,5,3,1,1,1,rssslll_rrsssl_rsssssl_rsl,228.0,600.0,279.0,525.0,149.0,464.0,1441.0,293.0,156.0,275.0,100.0,138.0,5.0,10.0,10.0,5.0,9.024553500667194,9.377463585369801,9.143104323145897,9.517180139597208,9.287565101028392,1.0058746736292428,0.7921492921492922,0.8722222222222222,0.7944929482874412,0.8557692307692307,3.793165922164917,28.851214099216747,20.90855855855855,23.722012345679005,21.195164539959684,22.859102564102574,73.45822454308095,65.57593307593308,68.39444444444445,65.8025520483546,67.51025641025642,19.66644908616188,12.965250965250965,15.335802469135803,13.251175285426461,14.646153846153846,5.0,10.0,10.0,5.0,15.17296633042579
