,1,1l,1r,1s,2,2l,2r,2s,3,3l,3r,3s,4,4l,4r,4s,id,1_2,1_3,1_4,2_1,2_3,2_4,3_1,3_2,3_4,4_1,4_2,4_3,p1,p2,p3,p4,speed0,speed1,speed2,speed3,speed4,stop0,stop1,stop2,stop3,stop4,time,timeloss0,timeloss1,timeloss2,timeloss3,timeloss4,travel0,travel1,travel2,travel3,travel4,wait0,wait1,wait2,wait3,wait4,rrsslll_rrsll_rsssl_rrsslll_0,rrsslll_rrsll_rsssl_rrsslll_1,rrsslll_rrsll_rsssl_rrsslll_2,rrsslll_rrsll_rsssl_rrsslll_3,performance measure
0,7,3,2,2,5,2,2,1,5,1,1,3,7,3,2,2,rrsslll_rrsll_rsssl_rrsslll,138.0,162.0,196.0,238.0,363.0,198.0,1030.0,204.0,42.0,346.0,211.0,626.0,5.0,15.0,10.0,10.0,9.330659994175242,9.517703882755724,9.520699213459267,9.496428018827894,9.485807003016534,0.7451886066204773,0.7052384675527756,0.6873040752351097,0.713474025974026,0.706020328381548,3.7305073738098145,21.51123171670518,19.19715402658323,19.447789968652025,19.753530844155858,19.59278342455046,65.85912240184757,63.623924941360436,63.90909090909091,64.1176948051948,63.989053948397185,13.682832948421863,11.878811571540266,12.195141065830722,12.337662337662337,12.250195465207193,5.0,15.0,10.0,10.0,12.468928677732476
