,1,1l,1r,1s,2,2l,2r,2s,3,3l,3r,3s,4,4l,4r,4s,id,1_2,1_3,1_4,2_1,2_3,2_4,3_1,3_2,3_4,4_1,4_2,4_3,p1,p2,p3,p4,speed0,speed1,speed2,speed3,speed4,stop0,stop1,stop2,stop3,stop4,time,timeloss0,timeloss1,timeloss2,timeloss3,timeloss4,travel0,travel1,travel2,travel3,travel4,wait0,wait1,wait2,wait3,wait4,rsl_rsssll_rrssl_rrsslll_0,rsl_rsssll_rrssl_rrsslll_1,rsl_rsssll_rrssl_rrsslll_2,rsl_rsssll_rrssl_rrsslll_3,performance measure
0,3,1,1,1,6,2,1,3,5,1,2,2,7,3,2,2,rsl_rsssll_rrssl_rrsslll,133.0,179.0,314.0,249.0,437.0,702.0,339.0,223.0,247.0,117.0,633.0,451.0,10.0,10.0,10.0,15.0,9.05129502254069,9.284399126550822,8.989713817288546,9.02720981827482,9.132050885696914,0.7735714285714286,0.7224702380952381,0.7982646420824295,0.8045283018867925,0.7437005039596832,3.7502431869506836,23.950757142857164,21.829999999999973,25.369580621836555,25.486973584905677,22.896385889128872,68.61142857142858,66.43005952380952,70.02747650036153,70.06188679245282,67.54067674586032,16.021428571428572,14.245535714285714,17.142443962400577,17.340377358490567,15.105111591072713,10.0,10.0,10.0,15.0,15.970979439535629
