,1,1l,1r,1s,2,2l,2r,2s,3,3l,3r,3s,4,4l,4r,4s,id,1_2,1_3,1_4,2_1,2_3,2_4,3_1,3_2,3_4,4_1,4_2,4_3,p1,p2,p3,p4,speed0,speed1,speed2,speed3,speed4,stop0,stop1,stop2,stop3,stop4,time,timeloss0,timeloss1,timeloss2,timeloss3,timeloss4,travel0,travel1,travel2,travel3,travel4,wait0,wait1,wait2,wait3,wait4,rsssssl_rssssll_rsl_rssll_0,rsssssl_rssssll_rsl_rssll_1,rsssssl_rssssll_rsl_rssll_2,rsssssl_rssssll_rsl_rssll_3,performance measure
0,7,1,1,5,7,2,1,4,3,1,1,1,5,2,1,2,rsssssl_rssssll_rsl_rssll,137.0,1076.0,76.0,39.0,138.0,840.0,211.0,109.0,154.0,618.0,94.0,241.0,10.0,10.0,15.0,10.0,8.763188726652466,8.887886219626083,8.858533941908187,8.92238623886877,8.984562862856238,0.8384074941451991,0.7984375,0.822884012539185,0.7980535279805353,0.7768860353130016,3.421102523803711,26.28935206869627,24.819687499999993,25.40762539184955,24.843933495539357,24.193178170144446,71.13817330210773,69.7,70.25156739811912,69.6999188969992,69.05136436597111,18.16471506635441,16.70390625,17.195924764890282,16.84103811841038,16.304173354735152,10.0,10.0,15.0,10.0,17.041951510878043
