,1,1l,1r,1s,2,2l,2r,2s,3,3l,3r,3s,4,4l,4r,4s,id,1_2,1_3,1_4,2_1,2_3,2_4,3_1,3_2,3_4,4_1,4_2,4_3,p1,p2,p3,p4,speed0,speed1,speed2,speed3,speed4,stop0,stop1,stop2,stop3,stop4,time,timeloss0,timeloss1,timeloss2,timeloss3,timeloss4,travel0,travel1,travel2,travel3,travel4,wait0,wait1,wait2,wait3,wait4,rssslll_rrsssl_rsssssl_rsl_0,rssslll_rrsssl_rsssssl_rsl_1,rssslll_rrsssl_rsssssl_rsl_2,rssslll_rrsssl_rsssssl_rsl_3,performance measure
0,7,3,1,3,6,1,2,3,7,1,1,5,3,1,1,1,rssslll_rrsssl_rsssssl_rsl,747.0,159.0,274.0,398.0,61.0,949.0,854.0,40.0,247.0,290.0,67.0,58.0,15.0,10.0,15.0,15.0,8.759566388490908,8.540593678819018,8.781497602139558,8.720846314102216,8.71915600495435,0.7736654804270463,0.8139700641482538,0.7736625514403292,0.7707881417208966,0.7908163265306123,3.7374744415283203,26.46106049822061,28.71772630078404,26.432009602194768,26.991988430947224,26.695517492711417,71.22989323843416,73.52957947255881,71.19753086419753,71.71583514099783,71.4402332361516,18.379359430604982,20.392017106201,18.39917695473251,18.92480115690528,18.55466472303207,15.0,10.0,15.0,15.0,18.93000387429517
