,1,1l,1r,1s,2,2l,2r,2s,3,3l,3r,3s,4,4l,4r,4s,id,1_2,1_3,1_4,2_1,2_3,2_4,3_1,3_2,3_4,4_1,4_2,4_3,p1,p2,p3,p4,speed0,speed1,speed2,speed3,speed4,stop0,stop1,stop2,stop3,stop4,time,timeloss0,timeloss1,timeloss2,timeloss3,timeloss4,travel0,travel1,travel2,travel3,travel4,wait0,wait1,wait2,wait3,wait4,rsl_rsl_rsssl_rsl_0,rsl_rsl_rsssl_rsl_1,rsl_rsl_rsssl_rsl_2,rsl_rsl_rsssl_rsl_3,performance measure
0,3,1,1,1,3,1,1,1,5,1,1,3,3,1,1,1,rsl_rsl_rsssl_rsl,282.0,328.0,200.0,56.0,285.0,241.0,1068.0,188.0,165.0,202.0,175.0,72.0,15.0,21.0,15.0,15.0,8.142851404450974,8.116973600235468,7.946765857181718,8.098521637098823,8.343326432558918,0.8620378719567178,0.8491260349586016,0.9059982094897046,0.8801141769743102,0.8133453561767358,3.2499804496765137,34.703110910730345,34.46964121435141,37.63433303491499,36.82051379638441,31.282326420198363,79.77457168620379,79.56945722171113,82.72515666965086,81.94100856327307,76.34806131650136,25.549143372407574,25.538178472861084,28.04923903312444,27.476688867745004,22.584310189359783,15.0,21.0,15.0,15.0,25.83951198709958
