,1,1l,1r,1s,2,2l,2r,2s,3,3l,3r,3s,4,4l,4r,4s,id,1_2,1_3,1_4,2_1,2_3,2_4,3_1,3_2,3_4,4_1,4_2,4_3,p1,p2,p3,p4,speed0,speed1,speed2,speed3,speed4,stop0,stop1,stop2,stop3,stop4,time,timeloss0,timeloss1,timeloss2,timeloss3,timeloss4,travel0,travel1,travel2,travel3,travel4,wait0,wait1,wait2,wait3,wait4,rrssl_rrssl_rrsslll_rrsslll_0,rrssl_rrssl_rrsslll_rrsslll_1,rrssl_rrssl_rrsslll_rrsslll_2,rrssl_rrssl_rrsslll_rrsslll_3,performance measure
0,5,1,2,2,5,1,2,2,7,3,2,2,7,3,2,2,rrssl_rrssl_rrsslll_rrsslll,215.0,133.0,532.0,216.0,73.0,330.0,184.0,276.0,964.0,584.0,631.0,432.0,15.0,5.0,10.0,10.0,9.319090764574858,9.267580144741592,9.008688812957713,9.324556080037468,9.06694269446694,0.7427307206068268,0.767070835992342,0.8696194635059263,0.7401574803149606,0.801010739102969,3.9997968673706055,21.78352718078385,21.432010210593514,26.840573923892745,21.052604986876645,24.270663297536338,66.38432364096082,66.02871729419273,71.5065502183406,65.65682414698163,68.85975994946304,14.108091024020228,13.695596681557115,18.092326887086713,13.540682414698162,16.202779532533164,15.0,5.0,10.0,10.0,15.127895307979077
