,1,1l,1r,1s,2,2l,2r,2s,3,3l,3r,3s,4,4l,4r,4s,id,1_2,1_3,1_4,2_1,2_3,2_4,3_1,3_2,3_4,4_1,4_2,4_3,p1,p2,p3,p4,speed0,speed1,speed2,speed3,speed4,stop0,stop1,stop2,stop3,stop4,time,timeloss0,timeloss1,timeloss2,timeloss3,timeloss4,travel0,travel1,travel2,travel3,travel4,wait0,wait1,wait2,wait3,wait4,rssll_rrsl_rsssl_rrsl_0,rssll_rrsl_rsssl_rrsl_1,rssll_rrsl_rsssl_rrsl_2,rssll_rrsl_rsssl_rrsl_3,performance measure
0,5,2,1,2,4,1,2,1,5,1,1,3,4,1,2,1,rssll_rrsl_rsssl_rrsl,591.0,459.0,304.0,626.0,232.0,220.0,729.0,40.0,131.0,224.0,290.0,97.0,10.0,10.0,10.0,10.0,8.722604360690037,8.071235604688916,8.47932287285669,8.733573262190525,8.866440943948216,0.8925304878048781,1.1707498144023756,1.0193452380952381,0.8856466876971609,0.8482280431432974,3.8588674068450928,27.91931402439023,40.18362286562732,33.07200892857144,27.466395899053637,25.77030046224958,72.73780487804878,85.02152932442465,77.89880952380952,72.28548895899054,70.55084745762711,18.958841463414632,28.521158129175948,23.008928571428573,18.744479495268138,17.13944530046225,10.0,10.0,10.0,10.0,21.274570591949907
