,1,1l,1r,1s,2,2l,2r,2s,3,3l,3r,3s,4,4l,4r,4s,id,1_2,1_3,1_4,2_1,2_3,2_4,3_1,3_2,3_4,4_1,4_2,4_3,p1,p2,p3,p4,speed0,speed1,speed2,speed3,speed4,stop0,stop1,stop2,stop3,stop4,time,timeloss0,timeloss1,timeloss2,timeloss3,timeloss4,travel0,travel1,travel2,travel3,travel4,wait0,wait1,wait2,wait3,wait4,rslll_rsl_rrslll_rsl_0,rslll_rsl_rrslll_rsl_1,rslll_rsl_rrslll_rsl_2,rslll_rsl_rrslll_rsl_3,performance measure
0,5,3,1,1,3,1,1,1,6,3,2,1,3,1,1,1,rslll_rsl_rrslll_rsl,905.0,353.0,306.0,322.0,44.0,357.0,272.0,349.0,455.0,259.0,177.0,165.0,15.0,15.0,10.0,15.0,8.206231966774512,8.014395881073536,7.93751841639334,8.665628918450523,7.954654695417504,0.9633233532934131,1.0533834586466166,1.052180128663331,0.7993920972644377,1.0457902511078287,3.5486879348754883,37.01702844311382,42.8498045112782,42.07403145103642,28.681337386018242,41.105288035450585,81.89446107784431,87.72706766917294,87.00786275911365,73.52203647416414,85.97636632200886,26.5875748502994,31.678947368421053,30.799857040743387,19.996200607902736,30.025110782865582,15.0,15.0,10.0,15.0,27.817538130046433
