,1,1l,1r,1s,2,2l,2r,2s,3,3l,3r,3s,4,4l,4r,4s,id,1_2,1_3,1_4,2_1,2_3,2_4,3_1,3_2,3_4,4_1,4_2,4_3,p1,p2,p3,p4,speed0,speed1,speed2,speed3,speed4,stop0,stop1,stop2,stop3,stop4,time,timeloss0,timeloss1,timeloss2,timeloss3,timeloss4,travel0,travel1,travel2,travel3,travel4,wait0,wait1,wait2,wait3,wait4,rssll_rrsl_rsssl_rrsl_0,rssll_rrsl_rsssl_rrsl_1,rssll_rrsl_rsssl_rrsl_2,rssll_rrsl_rsssl_rrsl_3,performance measure
0,5,2,1,2,4,1,2,1,5,1,1,3,4,1,2,1,rssll_rrsl_rsssl_rrsl,191.0,326.0,132.0,473.0,226.0,126.0,689.0,52.0,161.0,163.0,272.0,619.0,10.0,10.0,10.0,10.0,9.339522313828443,9.208271491696912,9.25295853982816,9.23159346686862,9.262710166723634,0.734006734006734,0.7831325301204819,0.7408975444538527,0.7848214285714286,0.7619047619047619,3.0467307567596436,21.212289562289566,22.43176419965576,21.986350550381,23.074330357142866,22.32996472663139,65.90824915824916,67.12392426850258,66.67654530059272,67.71339285714286,67.01322751322752,13.68013468013468,14.500860585197934,14.354784081287045,15.117857142857142,14.44973544973545,10.0,10.0,10.0,10.0,14.42067438784245
