,1,1l,1r,1s,2,2l,2r,2s,3,3l,3r,3s,4,4l,4r,4s,id,1_2,1_3,1_4,2_1,2_3,2_4,3_1,3_2,3_4,4_1,4_2,4_3,p1,p2,p3,p4,speed0,speed1,speed2,speed3,speed4,stop0,stop1,stop2,stop3,stop4,time,timeloss0,timeloss1,timeloss2,timeloss3,timeloss4,travel0,travel1,travel2,travel3,travel4,wait0,wait1,wait2,wait3,wait4,rslll_rsl_rrslll_rsl_0,rslll_rsl_rrslll_rsl_1,rslll_rsl_rrslll_rsl_2,rslll_rsl_rrslll_rsl_3,performance measure
0,5,3,1,1,3,1,1,1,6,3,2,1,3,1,1,1,rslll_rsl_rrslll_rsl,770.0,265.0,268.0,250.0,281.0,114.0,301.0,454.0,640.0,185.0,94.0,236.0,10.0,10.0,10.0,5.0,9.147561734331074,9.11791951106416,8.899916610196533,9.199670193921111,9.200244899365646,0.8284202569916855,0.8074534161490683,0.8878299120234604,0.8098207326578332,0.8192307692307692,3.5220706462860107,23.68914588057442,23.29509316770185,25.444721407624623,22.58919719407635,22.70005384615383,68.51473922902494,68.17546583850931,70.32038123167156,67.45206547155105,67.54461538461538,15.237339380196524,15.013198757763975,16.41275659824047,14.262665627435698,14.255384615384616,10.0,10.0,10.0,5.0,15.036268995804255
