,1,1l,1r,1s,2,2l,2r,2s,3,3l,3r,3s,4,4l,4r,4s,id,1_2,1_3,1_4,2_1,2_3,2_4,3_1,3_2,3_4,4_1,4_2,4_3,p1,p2,p3,p4,speed0,speed1,speed2,speed3,speed4,stop0,stop1,stop2,stop3,stop4,time,timeloss0,timeloss1,timeloss2,timeloss3,timeloss4,travel0,travel1,travel2,travel3,travel4,wait0,wait1,wait2,wait3,wait4,rsl_rrsl_rssslll_rssssl_0,rsl_rrsl_rssslll_rssssl_1,rsl_rrsl_rssslll_rssssl_2,rsl_rrsl_rssslll_rssssl_3,performance measure
0,3,1,1,1,4,1,2,1,7,3,1,3,6,1,1,4,rsl_rrsl_rssslll_rssssl,311.0,350.0,195.0,226.0,215.0,329.0,818.0,223.0,750.0,137.0,1359.0,174.0,15.0,15.0,10.0,15.0,8.325771836986496,8.164562377159665,7.91880219070678,8.37245928715209,8.253844837868739,0.8805179517363155,0.9117817759721416,1.014356709000552,0.9068627450980392,0.9053117782909931,4.367128610610962,32.60722778104775,33.19450377248988,38.46397570403094,34.0405698529412,33.55310623556584,77.58092995879929,78.18630295995357,83.41027056874655,78.99632352941177,78.50635103926096,23.20423778693349,23.889727219965177,27.840419657647708,24.525122549019606,24.02771362586605,15.0,15.0,10.0,15.0,24.69744416788641
