,1,1l,1r,1s,2,2l,2r,2s,3,3l,3r,3s,4,4l,4r,4s,id,1_2,1_3,1_4,2_1,2_3,2_4,3_1,3_2,3_4,4_1,4_2,4_3,p1,p2,p3,p4,speed0,speed1,speed2,speed3,speed4,stop0,stop1,stop2,stop3,stop4,time,timeloss0,timeloss1,timeloss2,timeloss3,timeloss4,travel0,travel1,travel2,travel3,travel4,wait0,wait1,wait2,wait3,wait4,rsssssl_rssssll_rsl_rssll_0,rsssssl_rssssll_rsl_rssll_1,rsssssl_rssssll_rsl_rssll_2,rsssssl_rssssll_rsl_rssll_3,performance measure
0,7,1,1,5,7,2,1,4,3,1,1,1,5,2,1,2,rsssssl_rssssll_rsl_rssll,73.0,833.0,319.0,79.0,541.0,641.0,68.0,255.0,274.0,181.0,515.0,89.0,10.0,10.0,10.0,10.0,8.981966796900155,9.067681340943434,8.883854617568332,8.847876553664001,8.8201883606616,0.8124531132783196,0.7975077881619937,0.8467317806160781,0.8625827814569537,0.8576779026217228,3.6767566204071045,24.52231807951992,23.222601246105945,25.995965439519185,26.751498344370926,26.401198501872592,69.27381845461365,67.98286604361371,70.7618332081142,71.52235099337749,71.16704119850188,16.393098274568644,15.2702492211838,17.623591284748308,18.221854304635762,17.900374531835205,10.0,10.0,10.0,10.0,17.081833523394344
