,1,1l,1r,1s,2,2l,2r,2s,3,3l,3r,3s,4,4l,4r,4s,id,1_2,1_3,1_4,2_1,2_3,2_4,3_1,3_2,3_4,4_1,4_2,4_3,p1,p2,p3,p4,speed0,speed1,speed2,speed3,speed4,stop0,stop1,stop2,stop3,stop4,time,timeloss0,timeloss1,timeloss2,timeloss3,timeloss4,travel0,travel1,travel2,travel3,travel4,wait0,wait1,wait2,wait3,wait4,rssslll_rssll_rsssl_rrssl_0,rssslll_rssll_rsssl_rrssl_1,rssslll_rssll_rsssl_rrssl_2,rssslll_rssll_rsssl_rrssl_3,performance measure
0,7,3,1,3,5,2,1,2,5,1,1,3,5,1,2,2,rssslll_rssll_rsssl_rrssl,387.0,647.0,191.0,307.0,301.0,608.0,988.0,285.0,247.0,208.0,265.0,174.0,10.0,15.0,10.0,15.0,8.652993821754537,8.662797247565653,8.701833826065132,8.742478609803438,8.92670697783425,0.8636363636363636,0.8456117873158232,0.8462021343377275,0.8289738430583501,0.7794601711652402,4.1083738803863525,30.24949350649347,28.6856566303652,28.444180790960477,28.39450704225353,24.905924950625415,75.07467532467533,73.54067905188981,73.27181418706843,73.22870556673374,69.72021066491112,21.427922077922076,20.104420243433697,19.82799748901444,19.875251509054326,16.94930875576037,10.0,15.0,10.0,15.0,19.63698001503698
