,1,1l,1r,1s,2,2l,2r,2s,3,3l,3r,3s,4,4l,4r,4s,id,1_2,1_3,1_4,2_1,2_3,2_4,3_1,3_2,3_4,4_1,4_2,4_3,p1,p2,p3,p4,speed0,speed1,speed2,speed3,speed4,stop0,stop1,stop2,stop3,stop4,time,timeloss0,timeloss1,timeloss2,timeloss3,timeloss4,travel0,travel1,travel2,travel3,travel4,wait0,wait1,wait2,wait3,wait4,rsl_rsl_rsl_rrssssl_0,rsl_rsl_rsl_rrssssl_1,rsl_rsl_rsl_rrssssl_2,rsl_rsl_rsl_rrssssl_3,performance measure
0,3,1,1,1,3,1,1,1,3,1,1,1,7,1,2,4,rsl_rsl_rsl_rrssssl,307.0,143.0,316.0,249.0,126.0,237.0,173.0,129.0,180.0,323.0,977.0,354.0,15.0,10.0,15.0,15.0,8.603217456087586,8.609299923192058,8.60222469221931,8.748748382763452,8.72536962437276,0.8262676641729011,0.8005008347245409,0.8166804293971924,0.7820284697508897,0.785,3.094365358352661,30.17856192851202,28.62796327212018,29.7198513625103,27.563425266903895,27.192683333333296,75.07065669160433,73.52003338898163,74.64822460776217,72.43594306049822,72.11166666666666,21.273482959268495,20.061769616026712,21.073492981007433,19.291814946619215,18.83,15.0,10.0,15.0,15.0,20.106112100584372
