,1,1l,1r,1s,2,2l,2r,2s,3,3l,3r,3s,4,4l,4r,4s,id,1_2,1_3,1_4,2_1,2_3,2_4,3_1,3_2,3_4,4_1,4_2,4_3,p1,p2,p3,p4,speed0,speed1,speed2,speed3,speed4,stop0,stop1,stop2,stop3,stop4,time,timeloss0,timeloss1,timeloss2,timeloss3,timeloss4,travel0,travel1,travel2,travel3,travel4,wait0,wait1,wait2,wait3,wait4,rsl_rsssssl_rsll_rrssl_0,rsl_rsssssl_rsll_rrssl_1,rsl_rsssssl_rsll_rrssl_2,rsl_rsssssl_rsll_rrssl_3,performance measure
0,3,1,1,1,7,1,1,5,4,2,1,1,5,1,2,2,rsl_rsssssl_rsll_rrssl,210.0,81.0,170.0,195.0,96.0,1541.0,208.0,115.0,247.0,109.0,275.0,247.0,10.0,10.0,5.0,15.0,9.301292667041217,9.404841791011803,9.316408572440325,9.381408191027232,9.384567447560437,0.7682119205298014,0.7568027210884354,0.748371335504886,0.7458223394898856,0.7455919395465995,3.56963849067688,22.261763245033112,20.915850340136064,22.442866449511392,21.267396657871586,21.7768345927792,67.1001655629139,65.78061224489795,67.31514657980456,66.12489006156552,66.60285474391267,14.495033112582782,13.316326530612244,14.533387622149837,13.735268249780123,14.185558354324098,10.0,10.0,5.0,15.0,14.053114773889817
