,1,1l,1r,1s,2,2l,2r,2s,3,3l,3r,3s,4,4l,4r,4s,id,1_2,1_3,1_4,2_1,2_3,2_4,3_1,3_2,3_4,4_1,4_2,4_3,p1,p2,p3,p4,speed0,speed1,speed2,speed3,speed4,stop0,stop1,stop2,stop3,stop4,time,timeloss0,timeloss1,timeloss2,timeloss3,timeloss4,travel0,travel1,travel2,travel3,travel4,wait0,wait1,wait2,wait3,wait4,rsl_rrsll_rsl_rslll_0,rsl_rrsll_rsl_rslll_1,rsl_rrsll_rsl_rslll_2,rsl_rrsll_rsl_rslll_3,performance measure
0,3,1,1,1,5,2,2,1,3,1,1,1,5,3,1,1,rsl_rrsll_rsl_rslll,103.0,185.0,119.0,397.0,138.0,62.0,123.0,183.0,188.0,782.0,291.0,48.0,10.0,10.0,15.0,15.0,9.09649274733131,8.965314438298641,8.892287575469123,9.142637409781363,8.986692991109187,0.7406568516421291,0.7571265678449259,0.7963944856839873,0.7231638418079096,0.7700892857142857,2.9487051963806152,23.617089467723677,24.362839224629443,25.964899257688174,23.40635028248587,24.510803571428557,68.60362400906003,69.3933865450399,70.94273594909862,68.37853107344633,69.47098214285714,15.898074745186863,16.557582668187003,17.878048780487806,15.659887005649718,16.53125,10.0,10.0,15.0,15.0,16.50496863990228
