,1,1l,1r,1s,2,2l,2r,2s,3,3l,3r,3s,4,4l,4r,4s,id,1_2,1_3,1_4,2_1,2_3,2_4,3_1,3_2,3_4,4_1,4_2,4_3,p1,p2,p3,p4,speed0,speed1,speed2,speed3,speed4,stop0,stop1,stop2,stop3,stop4,time,timeloss0,timeloss1,timeloss2,timeloss3,timeloss4,travel0,travel1,travel2,travel3,travel4,wait0,wait1,wait2,wait3,wait4,rsl_rrsll_rsl_rslll_0,rsl_rrsll_rsl_rslll_1,rsl_rrsll_rsl_rslll_2,rsl_rrsll_rsl_rslll_3,performance measure
0,3,1,1,1,5,2,2,1,3,1,1,1,5,3,1,1,rsl_rrsll_rsl_rslll,115.0,206.0,49.0,514.0,555.0,299.0,303.0,304.0,228.0,595.0,211.0,151.0,10.0,15.0,15.0,15.0,8.466108082131436,8.642935778502556,8.59243326356494,8.715786825369625,8.541332268598062,0.875,0.7933954276037256,0.8313253012048193,0.8003384094754653,0.8219983207388749,3.485631227493286,31.80540833333335,27.885647756138837,29.980176706827354,29.059086294416215,29.34228379513017,76.7275,72.86028789161728,74.91807228915663,73.9585448392555,74.27455919395466,22.5375,19.51397121083827,21.220080321285142,20.550761421319798,20.666666666666668,10.0,15.0,15.0,15.0,20.897795924021974
