,1,1l,1r,1s,2,2l,2r,2s,3,3l,3r,3s,4,4l,4r,4s,id,1_2,1_3,1_4,2_1,2_3,2_4,3_1,3_2,3_4,4_1,4_2,4_3,p1,p2,p3,p4,speed0,speed1,speed2,speed3,speed4,stop0,stop1,stop2,stop3,stop4,time,timeloss0,timeloss1,timeloss2,timeloss3,timeloss4,travel0,travel1,travel2,travel3,travel4,wait0,wait1,wait2,wait3,wait4,rsssssl_rssssll_rsl_rssll_0,rsssssl_rssssll_rsl_rssll_1,rsssssl_rssssll_rsl_rssll_2,rsssssl_rssssll_rsl_rssll_3,performance measure
0,7,1,1,5,7,2,1,4,3,1,1,1,5,2,1,2,rsssssl_rssssll_rsl_rssll,155.0,1428.0,149.0,37.0,83.0,408.0,206.0,294.0,109.0,458.0,278.0,156.0,10.0,15.0,10.0,10.0,9.039235923170693,8.881732427091091,8.971649307477144,9.213026086145401,9.158623276635423,0.7658423493044823,0.8181108508977362,0.7953846153846154,0.733278955954323,0.7599067599067599,3.4410765171051025,23.568516228748063,25.89882123341136,24.41082307692306,22.371003262642763,22.755508935508963,68.40030911901081,70.72911787665886,69.20307692307692,67.18107667210441,67.54390054390055,15.668469860896446,17.697892271662763,16.42076923076923,14.664763458401305,15.03885003885004,10.0,15.0,10.0,10.0,15.898148972115958
