,1,1l,1r,1s,2,2l,2r,2s,3,3l,3r,3s,4,4l,4r,4s,id,1_2,1_3,1_4,2_1,2_3,2_4,3_1,3_2,3_4,4_1,4_2,4_3,p1,p2,p3,p4,speed0,speed1,speed2,speed3,speed4,stop0,stop1,stop2,stop3,stop4,time,timeloss0,timeloss1,timeloss2,timeloss3,timeloss4,travel0,travel1,travel2,travel3,travel4,wait0,wait1,wait2,wait3,wait4,rsl_rsl_rsssl_rsl_0,rsl_rsl_rsssl_rsl_1,rsl_rsl_rsssl_rsl_2,rsl_rsl_rsssl_rsl_3,performance measure
0,3,1,1,1,3,1,1,1,5,1,1,3,3,1,1,1,rsl_rsl_rsssl_rsl,190.0,88.0,58.0,235.0,236.0,194.0,733.0,139.0,36.0,141.0,54.0,151.0,10.0,10.0,10.0,10.0,8.812708392064598,8.948654481584132,9.052389682576631,9.045888210929881,9.230167500695147,0.8716981132075472,0.8270481144343304,0.7904040404040404,0.7962466487935657,0.7632978723404256,2.655621290206909,26.71952201257859,24.325877763329007,24.117550505050527,24.040991957104573,21.805398936170192,71.70314465408805,69.2847854356307,69.07828282828282,68.91823056300268,66.70345744680851,18.120754716981132,16.19895968790637,16.049242424242426,15.878016085790884,14.188829787234043,10.0,10.0,10.0,10.0,16.087160540430972
