,1,1l,1r,1s,2,2l,2r,2s,3,3l,3r,3s,4,4l,4r,4s,id,1_2,1_3,1_4,2_1,2_3,2_4,3_1,3_2,3_4,4_1,4_2,4_3,p1,p2,p3,p4,speed0,speed1,speed2,speed3,speed4,stop0,stop1,stop2,stop3,stop4,time,timeloss0,timeloss1,timeloss2,timeloss3,timeloss4,travel0,travel1,travel2,travel3,travel4,wait0,wait1,wait2,wait3,wait4,rsl_rsl_rsl_rrssssl_0,rsl_rsl_rsl_rrssssl_1,rsl_rsl_rsl_rrssssl_2,rsl_rsl_rsl_rrssssl_3,performance measure
0,3,1,1,1,3,1,1,1,3,1,1,1,7,1,2,4,rsl_rsl_rsl_rrssssl,218.0,129.0,155.0,291.0,166.0,112.0,83.0,96.0,54.0,72.0,1006.0,196.0,10.0,5.0,10.0,10.0,9.3429168482286,9.440341347375446,9.106161503746435,9.381677193424753,9.401003168308428,0.763953488372093,0.7532621589561092,0.9249448123620309,0.7639060568603214,0.7633674630261661,2.8946022987365723,21.190372093023274,20.291186239620412,27.179006622516578,20.79415327564894,20.976018202502868,66.09186046511628,65.13523131672598,72.12693156732892,65.66749072929542,65.88168373151308,13.427906976744186,12.688018979833926,18.26710816777042,13.22620519159456,13.300341296928327,10.0,5.0,10.0,10.0,14.181916122574282
