,1,1l,1r,1s,2,2l,2r,2s,3,3l,3r,3s,4,4l,4r,4s,id,1_2,1_3,1_4,2_1,2_3,2_4,3_1,3_2,3_4,4_1,4_2,4_3,p1,p2,p3,p4,speed0,speed1,speed2,speed3,speed4,stop0,stop1,stop2,stop3,stop4,time,timeloss0,timeloss1,timeloss2,timeloss3,timeloss4,travel0,travel1,travel2,travel3,travel4,wait0,wait1,wait2,wait3,wait4,rrssl_rrssl_rrsslll_rrsslll_0,rrssl_rrssl_rrsslll_rrsslll_1,rrssl_rrssl_rrsslll_rrsslll_2,rrssl_rrssl_rrsslll_rrsslll_3,performance measure
0,5,1,2,2,5,1,2,2,7,3,2,2,7,3,2,2,rrssl_rrssl_rrsslll_rrsslll,142.0,395.0,238.0,261.0,110.0,676.0,299.0,517.0,657.0,410.0,296.0,244.0,10.0,10.0,10.0,15.0,9.192745858663612,9.258899710709201,9.162875042060161,9.28371521202897,9.24542500494684,0.740358126721763,0.7282913165266106,0.749832327297116,0.721546170365068,0.7392784206943499,3.7499914169311523,22.4250344352617,21.702485994397783,22.607310529845716,21.5561918396564,21.847821647379156,66.99173553719008,66.312324929972,67.17303822937626,66.12670007158196,66.43907420013615,14.900826446280991,14.282212885154062,14.986586183769282,14.15748031496063,14.368277739959156,10.0,10.0,10.0,15.0,14.539076714024825
