,1,1l,1r,1s,2,2l,2r,2s,3,3l,3r,3s,4,4l,4r,4s,id,1_2,1_3,1_4,2_1,2_3,2_4,3_1,3_2,3_4,4_1,4_2,4_3,p1,p2,p3,p4,speed0,speed1,speed2,speed3,speed4,stop0,stop1,stop2,stop3,stop4,time,timeloss0,timeloss1,timeloss2,timeloss3,timeloss4,travel0,travel1,travel2,travel3,travel4,wait0,wait1,wait2,wait3,wait4,rssl_rrsslll_rsl_rrsll_0,rssl_rrsslll_rsl_rrsll_1,rssl_rrsslll_rsl_rrsll_2,rssl_rrsslll_rsl_rrsll_3,performance measure
0,4,1,1,2,7,3,2,2,3,1,1,1,5,2,2,1,rssl_rrsslll_rsl_rrsll,254.0,463.0,304.0,368.0,425.0,532.0,109.0,298.0,293.0,196.0,250.0,138.0,10.0,10.0,5.0,10.0,8.642862156317493,8.938874309204044,8.668763321938913,8.711313994268695,8.820240514326262,0.9751801441152922,0.8557457212713936,0.9779874213836478,0.9752136752136752,0.9047619047619048,3.4981672763824463,30.256805444355507,25.04597392013038,29.366077044025168,29.486051282051296,26.445095238095238,75.00720576461168,69.760391198044,74.07704402515724,74.17777777777778,71.15555555555555,21.086469175340273,16.65770171149144,20.031446540880502,20.153846153846153,17.666666666666668,10.0,10.0,5.0,10.0,19.119226049645007
