,1,1l,1r,1s,2,2l,2r,2s,3,3l,3r,3s,4,4l,4r,4s,id,1_2,1_3,1_4,2_1,2_3,2_4,3_1,3_2,3_4,4_1,4_2,4_3,p1,p2,p3,p4,speed0,speed1,speed2,speed3,speed4,stop0,stop1,stop2,stop3,stop4,time,timeloss0,timeloss1,timeloss2,timeloss3,timeloss4,travel0,travel1,travel2,travel3,travel4,wait0,wait1,wait2,wait3,wait4,rsl_rsssssl_rsll_rrssl_0,rsl_rsssssl_rsll_rrssl_1,rsl_rsssssl_rsll_rrssl_2,rsl_rsssssl_rsll_rrssl_3,performance measure
0,3,1,1,1,7,1,1,5,4,2,1,1,5,1,2,2,rsl_rsssssl_rsll_rrssl,98.0,160.0,39.0,51.0,98.0,1086.0,289.0,246.0,88.0,151.0,222.0,478.0,5.0,10.0,5.0,10.0,9.403693209647672,9.383115165003577,9.544226981974763,9.649679311359009,9.45418053657517,0.819811320754717,0.9347389558232931,0.7838364167478091,0.7342386032977691,0.8190757128810227,3.2639966011047363,21.28076415094338,26.24700803212852,20.565822784810138,18.917196896217263,21.321484759095387,66.12358490566038,71.16064257028113,65.44985394352483,63.8176527643065,66.18190757128811,13.18867924528302,17.333333333333332,12.82667964946446,11.533462657613967,13.315634218289086,5.0,10.0,5.0,10.0,13.639557820796773
