,1,1l,1r,1s,2,2l,2r,2s,3,3l,3r,3s,4,4l,4r,4s,id,1_2,1_3,1_4,2_1,2_3,2_4,3_1,3_2,3_4,4_1,4_2,4_3,p1,p2,p3,p4,speed0,speed1,speed2,speed3,speed4,stop0,stop1,stop2,stop3,stop4,time,timeloss0,timeloss1,timeloss2,timeloss3,timeloss4,travel0,travel1,travel2,travel3,travel4,wait0,wait1,wait2,wait3,wait4,rsl_rsssll_rrssl_rrsslll_0,rsl_rsssll_rrssl_rrsslll_1,rsl_rsssll_rrssl_rrsslll_2,rsl_rsssll_rrssl_rrsslll_3,performance measure
0,3,1,1,1,6,2,1,3,5,1,2,2,7,3,2,2,rsl_rsssll_rrssl_rrsslll,272.0,332.0,189.0,190.0,339.0,867.0,469.0,614.0,114.0,685.0,440.0,168.0,15.0,21.0,15.0,15.0,8.387442316467542,8.517279333413516,8.334401586946123,8.279050461428866,8.515441176633432,0.7994858611825193,0.765044814340589,0.8214723926380368,0.81536475145255,0.7723214285714286,4.026090145111084,31.039440874036018,29.334071702944993,32.40335582822088,32.33380890897348,29.21383928571426,75.78598971722366,74.09026888604353,77.15521472392638,77.09619109102647,73.98341836734694,22.626606683804628,21.142765685019207,23.719018404907974,23.82375726275016,21.068877551020407,15.0,21.0,15.0,15.0,22.476205117500477
