,1,1l,1r,1s,2,2l,2r,2s,3,3l,3r,3s,4,4l,4r,4s,id,1_2,1_3,1_4,2_1,2_3,2_4,3_1,3_2,3_4,4_1,4_2,4_3,p1,p2,p3,p4,speed0,speed1,speed2,speed3,speed4,stop0,stop1,stop2,stop3,stop4,time,timeloss0,timeloss1,timeloss2,timeloss3,timeloss4,travel0,travel1,travel2,travel3,travel4,wait0,wait1,wait2,wait3,wait4,rsl_rsl_rsl_rrssssl_0,rsl_rsl_rsl_rrssssl_1,rsl_rsl_rsl_rrssssl_2,rsl_rsl_rsl_rrssssl_3,performance measure
0,3,1,1,1,3,1,1,1,3,1,1,1,7,1,2,4,rsl_rsl_rsl_rrssssl,90.0,319.0,268.0,213.0,46.0,352.0,70.0,239.0,190.0,149.0,1141.0,428.0,10.0,15.0,10.0,21.0,9.009635545572458,9.081489130830834,8.891201549361675,9.098330517440132,8.824270897287022,0.7201309328968903,0.7192982456140351,0.7687954729183508,0.7227635075287865,0.7901929260450161,3.4914398193359375,24.943641571194785,24.97787802840437,26.758900565885202,24.595447298494246,28.75002411575565,69.73486088379705,69.78780284043442,71.57558609539208,69.37378210806023,73.52974276527331,16.869885433715222,17.06516290726817,18.47615198059822,16.764393268379095,20.030546623794212,10.0,15.0,10.0,21.0,17.841228042750984
