,1,1l,1r,1s,2,2l,2r,2s,3,3l,3r,3s,4,4l,4r,4s,id,1_2,1_3,1_4,2_1,2_3,2_4,3_1,3_2,3_4,4_1,4_2,4_3,p1,p2,p3,p4,speed0,speed1,speed2,speed3,speed4,stop0,stop1,stop2,stop3,stop4,time,timeloss0,timeloss1,timeloss2,timeloss3,timeloss4,travel0,travel1,travel2,travel3,travel4,wait0,wait1,wait2,wait3,wait4,rsl_rrsll_rsl_rslll_0,rsl_rrsll_rsl_rslll_1,rsl_rrsll_rsl_rslll_2,rsl_rrsll_rsl_rslll_3,performance measure
0,3,1,1,1,5,2,2,1,3,1,1,1,5,3,1,1,rsl_rrsll_rsl_rslll,37.0,193.0,241.0,579.0,167.0,242.0,97.0,136.0,280.0,857.0,173.0,261.0,15.0,10.0,15.0,15.0,9.013279105560922,8.899340910009755,8.693716511829463,8.954227443924376,8.867956063104616,0.7286476868327402,0.7398005439709883,0.8527131782945736,0.7400555041628122,0.7506775067750677,3.2831146717071533,24.947740213523115,25.26972801450595,31.582756244616704,25.03459759481957,25.74856368563683,69.75978647686833,70.13599274705349,76.43238587424634,69.88899167437557,70.57181571815718,16.808718861209965,17.199456029011785,22.467700258397933,17.03422756706753,17.60523938572719,15.0,10.0,15.0,15.0,18.22306842028288
