,1,1l,1r,1s,2,2l,2r,2s,3,3l,3r,3s,4,4l,4r,4s,id,1_2,1_3,1_4,2_1,2_3,2_4,3_1,3_2,3_4,4_1,4_2,4_3,p1,p2,p3,p4,speed0,speed1,speed2,speed3,speed4,stop0,stop1,stop2,stop3,stop4,time,timeloss0,timeloss1,timeloss2,timeloss3,timeloss4,travel0,travel1,travel2,travel3,travel4,wait0,wait1,wait2,wait3,wait4,rrslll_rssll_rsl_rssssll_0,rrslll_rssll_rsl_rssssll_1,rrslll_rssll_rsl_rssssll_2,rrslll_rssll_rsl_rssssll_3,performance measure
0,6,3,2,1,5,2,1,2,3,1,1,1,7,2,1,4,rrslll_rssll_rsl_rssssll,146.0,75.0,256.0,295.0,432.0,213.0,268.0,278.0,266.0,301.0,403.0,43.0,10.0,10.0,10.0,5.0,9.016759132661205,9.318808884448258,9.193869450249771,9.245000901148185,9.379362365744244,0.8574126534466477,0.7722277722277723,0.8170974155069582,0.7861635220125787,0.7720659553831232,2.9904634952545166,25.006789423984948,21.0292007992008,22.194025844930398,22.407662473794545,20.772502424830254,69.68744098205855,65.81618381618381,66.90755467196819,67.14884696016772,65.42967992240543,16.533522190745988,13.357642357642357,14.036779324055667,14.421383647798741,13.060135790494666,10.0,10.0,10.0,5.0,14.281892662147484
