,1,1l,1r,1s,2,2l,2r,2s,3,3l,3r,3s,4,4l,4r,4s,id,1_2,1_3,1_4,2_1,2_3,2_4,3_1,3_2,3_4,4_1,4_2,4_3,p1,p2,p3,p4,speed0,speed1,speed2,speed3,speed4,stop0,stop1,stop2,stop3,stop4,time,timeloss0,timeloss1,timeloss2,timeloss3,timeloss4,travel0,travel1,travel2,travel3,travel4,wait0,wait1,wait2,wait3,wait4,rsl_rsssll_rrssl_rrsslll_0,rsl_rsssll_rrssl_rrsslll_1,rsl_rsssll_rrssl_rrsslll_2,rsl_rsssll_rrssl_rrsslll_3,performance measure
0,3,1,1,1,6,2,1,3,5,1,2,2,7,3,2,2,rsl_rsssll_rrssl_rrsslll,131.0,40.0,121.0,151.0,511.0,1027.0,109.0,576.0,129.0,250.0,177.0,371.0,5.0,5.0,10.0,10.0,9.397241762805244,9.767938147153535,9.616225181258088,9.331108884980269,9.839155047262993,0.8508064516129032,0.6993355481727574,0.7593192868719612,0.821078431372549,0.6758333333333333,3.3930768966674805,22.60009677419356,17.816470099667765,19.191466774716396,21.769142156862735,16.918450000000014,67.08548387096774,62.32890365448505,63.69935170178282,66.25245098039215,61.43083333333333,14.351612903225806,10.570598006644518,11.525931928687196,13.631535947712418,9.811666666666667,5.0,5.0,10.0,10.0,11.978269090587322
