,1,1l,1r,1s,2,2l,2r,2s,3,3l,3r,3s,4,4l,4r,4s,id,1_2,1_3,1_4,2_1,2_3,2_4,3_1,3_2,3_4,4_1,4_2,4_3,p1,p2,p3,p4,speed0,speed1,speed2,speed3,speed4,stop0,stop1,stop2,stop3,stop4,time,timeloss0,timeloss1,timeloss2,timeloss3,timeloss4,travel0,travel1,travel2,travel3,travel4,wait0,wait1,wait2,wait3,wait4,rssl_rrsslll_rsl_rrsll_0,rssl_rrsslll_rsl_rrsll_1,rssl_rrsslll_rsl_rrsll_2,rssl_rrsslll_rsl_rrsll_3,performance measure
0,4,1,1,2,7,3,2,2,3,1,1,1,5,2,2,1,rssl_rrsslll_rsl_rrsll,314.0,439.0,213.0,327.0,887.0,345.0,98.0,58.0,55.0,221.0,161.0,321.0,15.0,10.0,15.0,10.0,8.885707815587228,8.83219672071597,8.6801591912624,9.00879049660787,8.947597464485629,0.7779661016949152,0.7846930193439865,0.8289689034369886,0.7432188065099458,0.7606112054329371,3.131596565246582,25.3910847457627,25.72136248948699,27.865245499181682,24.30153707052442,24.908200339558565,70.18813559322034,70.49705634987384,72.69558101472995,69.07866184448463,69.73514431239389,17.4635593220339,17.75946173254836,19.47545008183306,16.573236889692584,17.02207130730051,15.0,10.0,15.0,10.0,17.65875586668168
