,1,1l,1r,1s,2,2l,2r,2s,3,3l,3r,3s,4,4l,4r,4s,id,1_2,1_3,1_4,2_1,2_3,2_4,3_1,3_2,3_4,4_1,4_2,4_3,p1,p2,p3,p4,speed0,speed1,speed2,speed3,speed4,stop0,stop1,stop2,stop3,stop4,time,timeloss0,timeloss1,timeloss2,timeloss3,timeloss4,travel0,travel1,travel2,travel3,travel4,wait0,wait1,wait2,wait3,wait4,rrsssll_rsl_rsl_rrsll_0,rrsssll_rsl_rsl_rrsll_1,rrsssll_rsl_rsl_rrsll_2,rrsssll_rsl_rsl_rrsll_3,performance measure
0,7,2,2,3,3,1,1,1,3,1,1,1,5,2,2,1,rrsssll_rsl_rsl_rrsll,618.0,926.0,78.0,227.0,208.0,143.0,82.0,101.0,249.0,474.0,157.0,553.0,15.0,15.0,15.0,10.0,8.695866787028857,8.540302088384275,8.52692695644169,8.774795583784293,8.714232613357217,0.7874617737003058,0.8125472411186697,0.8104868913857678,0.7594529364440868,0.7833733013589129,3.519529104232788,27.26836391437308,28.57651549508691,28.9180224719101,26.656468222043426,27.186418864908056,72.07951070336391,73.43764172335601,73.77453183520599,71.49798873692679,71.99920063948841,18.882262996941897,20.090702947845806,20.2,18.529364440868864,18.92326139088729,15.0,15.0,15.0,10.0,19.32511835530877
