,1,1l,1r,1s,2,2l,2r,2s,3,3l,3r,3s,4,4l,4r,4s,id,1_2,1_3,1_4,2_1,2_3,2_4,3_1,3_2,3_4,4_1,4_2,4_3,p1,p2,p3,p4,speed0,speed1,speed2,speed3,speed4,stop0,stop1,stop2,stop3,stop4,time,timeloss0,timeloss1,timeloss2,timeloss3,timeloss4,travel0,travel1,travel2,travel3,travel4,wait0,wait1,wait2,wait3,wait4,rsll_rsl_rssslll_rrsssll_0,rsll_rsl_rssslll_rrsssll_1,rsll_rsl_rssslll_rrsssll_2,rsll_rsl_rssslll_rrsssll_3,performance measure
0,4,2,1,1,3,1,1,1,7,3,1,3,7,2,2,3,rsll_rsl_rssslll_rrsssll,287.0,50.0,191.0,286.0,176.0,132.0,1009.0,122.0,904.0,398.0,770.0,645.0,15.0,15.0,10.0,10.0,8.759393818030116,8.612423232144563,8.412878467065665,8.846647965628705,8.358735033133653,0.8027251184834123,0.8246674727932285,0.8668238067177372,0.7749691738594328,0.9036724864539434,3.893707752227783,26.14318127962085,27.812273276904488,30.564360636417195,25.341683107274964,32.32642986152919,70.88447867298578,72.61487303506651,75.37183264584561,70.1442663378545,77.11559301625527,17.76421800947867,19.325272067714632,21.647613435474366,17.192355117139336,23.15593016255268,15.0,15.0,10.0,10.0,19.81707775847194
