,1,1l,1r,1s,2,2l,2r,2s,3,3l,3r,3s,4,4l,4r,4s,id,1_2,1_3,1_4,2_1,2_3,2_4,3_1,3_2,3_4,4_1,4_2,4_3,p1,p2,p3,p4,speed0,speed1,speed2,speed3,speed4,stop0,stop1,stop2,stop3,stop4,time,timeloss0,timeloss1,timeloss2,timeloss3,timeloss4,travel0,travel1,travel2,travel3,travel4,wait0,wait1,wait2,wait3,wait4,rrsslll_rrsll_rsssl_rrsslll_0,rrsslll_rrsll_rsssl_rrsslll_1,rrsslll_rrsll_rsssl_rrsslll_2,rrsslll_rrsll_rsssl_rrsslll_3,performance measure
0,7,3,2,2,5,2,2,1,5,1,1,3,7,3,2,2,rrsslll_rrsll_rsssl_rrsslll,628.0,665.0,320.0,195.0,624.0,315.0,529.0,212.0,315.0,660.0,271.0,371.0,15.0,15.0,15.0,15.0,8.2121635730563,8.288298783895629,8.138532574411778,8.323441315011003,7.901220768393905,0.9078179696616102,0.8357021034678794,0.8846815834767642,0.8691476590636255,0.9278230500582072,4.342723369598389,35.06493582263713,32.20250710631046,34.289850831898995,33.16378151260498,37.76242724097788,79.77479579929988,76.92893689596362,79.0275387263339,77.88235294117646,82.4615832363213,25.755542590431737,23.57760090960773,25.13367756741251,24.21908763505402,28.251455180442374,15.0,15.0,15.0,15.0,25.387472776589675
