,1,1l,1r,1s,2,2l,2r,2s,3,3l,3r,3s,4,4l,4r,4s,id,1_2,1_3,1_4,2_1,2_3,2_4,3_1,3_2,3_4,4_1,4_2,4_3,p1,p2,p3,p4,speed0,speed1,speed2,speed3,speed4,stop0,stop1,stop2,stop3,stop4,time,timeloss0,timeloss1,timeloss2,timeloss3,timeloss4,travel0,travel1,travel2,travel3,travel4,wait0,wait1,wait2,wait3,wait4,rsl_rrsll_rsl_rslll_0,rsl_rrsll_rsl_rslll_1,rsl_rrsll_rsl_rslll_2,rsl_rrsll_rsl_rslll_3,performance measure
0,3,1,1,1,5,2,2,1,3,1,1,1,5,3,1,1,rsl_rrsll_rsl_rslll,251.0,135.0,322.0,383.0,583.0,167.0,170.0,52.0,234.0,271.0,350.0,120.0,15.0,10.0,15.0,15.0,8.57712744869277,8.503019154218745,8.711114536577277,8.879053621322797,8.602624122550809,0.8034351145038168,0.843,0.7965941343424787,0.7484787018255578,0.805019305019305,3.0241315364837646,29.703253816793918,31.30665000000001,27.92948912015139,25.643306288032406,28.725994208494168,74.67270992366412,76.285,72.82024597918638,70.62576064908723,73.66698841698842,21.067748091603054,22.194,19.6158940397351,17.637931034482758,20.175675675675677,15.0,10.0,15.0,15.0,20.138249768299318
