,1,1l,1r,1s,2,2l,2r,2s,3,3l,3r,3s,4,4l,4r,4s,id,1_2,1_3,1_4,2_1,2_3,2_4,3_1,3_2,3_4,4_1,4_2,4_3,p1,p2,p3,p4,speed0,speed1,speed2,speed3,speed4,stop0,stop1,stop2,stop3,stop4,time,timeloss0,timeloss1,timeloss2,timeloss3,timeloss4,travel0,travel1,travel2,travel3,travel4,wait0,wait1,wait2,wait3,wait4,rsssssl_rsl_rrsslll_rsssll_0,rsssssl_rsl_rrsslll_rsssll_1,rsssssl_rsl_rrsslll_rsssll_2,rsssssl_rsl_rrsslll_rsssll_3,performance measure
0,7,1,1,5,3,1,1,1,7,3,2,2,6,2,1,3,rsssssl_rsl_rrsslll_rsssll,167.0,1289.0,271.0,141.0,219.0,136.0,294.0,126.0,759.0,619.0,1004.0,298.0,15.0,15.0,15.0,15.0,8.51531270124345,8.010750733865294,8.07038676882075,8.397872024909852,8.310021925339306,0.7936419408812047,0.9058693244739756,0.8908296943231441,0.8127512923607122,0.8235948803561491,4.4423394203186035,28.693363078639152,35.60683277962348,34.28470524017465,29.92611143021254,30.83480244852528,73.53876185164529,80.4795127353267,79.13482532751091,74.81734635267088,75.69894268224819,20.279977691020637,26.119601328903656,24.903384279475983,21.423894313612866,22.13578185865331,15.0,15.0,15.0,15.0,22.97252789433329
