,1,1l,1r,1s,2,2l,2r,2s,3,3l,3r,3s,4,4l,4r,4s,id,1_2,1_3,1_4,2_1,2_3,2_4,3_1,3_2,3_4,4_1,4_2,4_3,p1,p2,p3,p4,speed0,speed1,speed2,speed3,speed4,stop0,stop1,stop2,stop3,stop4,time,timeloss0,timeloss1,timeloss2,timeloss3,timeloss4,travel0,travel1,travel2,travel3,travel4,wait0,wait1,wait2,wait3,wait4,rsl_rsssssl_rsll_rrssl_0,rsl_rsssssl_rsll_rrssl_1,rsl_rsssssl_rsll_rrssl_2,rsl_rsssssl_rsll_rrssl_3,performance measure
0,3,1,1,1,7,1,1,5,4,2,1,1,5,1,2,2,rsl_rsssssl_rsll_rrssl,141.0,202.0,239.0,185.0,241.0,685.0,129.0,93.0,94.0,145.0,495.0,440.0,5.0,10.0,10.0,10.0,9.303688160610292,9.348915539770395,9.269399836485839,9.407367044955604,9.593759112033272,0.9331450094161958,0.7764150943396226,0.8022284122562674,0.7638339920948617,0.7120772946859903,3.243393659591675,28.651064030131813,21.84669811320757,23.07081708449395,21.262164031620514,18.93129468599035,73.36723163841808,66.57641509433962,67.82451253481894,66.01086956521739,63.60289855072464,19.545197740112993,14.158490566037736,15.012999071494892,13.551383399209486,11.556521739130435,5.0,10.0,10.0,10.0,14.764918503197109
