,1,1l,1r,1s,2,2l,2r,2s,3,3l,3r,3s,4,4l,4r,4s,id,1_2,1_3,1_4,2_1,2_3,2_4,3_1,3_2,3_4,4_1,4_2,4_3,p1,p2,p3,p4,speed0,speed1,speed2,speed3,speed4,stop0,stop1,stop2,stop3,stop4,time,timeloss0,timeloss1,timeloss2,timeloss3,timeloss4,travel0,travel1,travel2,travel3,travel4,wait0,wait1,wait2,wait3,wait4,rrsll_rssl_rsssll_rsl_0,rrsll_rssl_rsssll_rsl_1,rrsll_rssl_rsssll_rsl_2,rrsll_rssl_rsssll_rsl_3,performance measure
0,5,2,2,1,4,1,1,2,6,2,1,3,3,1,1,1,rrsll_rssl_rsssll_rsl,386.0,144.0,195.0,169.0,177.0,328.0,802.0,195.0,192.0,202.0,331.0,178.0,10.0,15.0,10.0,15.0,9.02593610711091,8.696334205304913,8.585191539418217,8.893982945972288,8.959925921560506,0.7557932263814616,0.8117752007136485,0.8446601941747572,0.779245283018868,0.7673992673992674,3.2910332679748535,24.245436720142592,27.605191793041943,29.09266548984995,25.2419716981132,24.938864468864484,69.12477718360071,72.46743978590544,73.9541041482789,70.11981132075472,69.77472527472527,16.48217468805704,19.264049955396967,20.70079435127979,17.34433962264151,17.100732600732602,10.0,15.0,10.0,15.0,18.178418243621582
