,1,1l,1r,1s,2,2l,2r,2s,3,3l,3r,3s,4,4l,4r,4s,id,1_2,1_3,1_4,2_1,2_3,2_4,3_1,3_2,3_4,4_1,4_2,4_3,p1,p2,p3,p4,speed0,speed1,speed2,speed3,speed4,stop0,stop1,stop2,stop3,stop4,time,timeloss0,timeloss1,timeloss2,timeloss3,timeloss4,travel0,travel1,travel2,travel3,travel4,wait0,wait1,wait2,wait3,wait4,rsssssl_rsl_rrsslll_rsssll_0,rsssssl_rsl_rrsslll_rsssll_1,rsssssl_rsl_rrsslll_rsssll_2,rsssssl_rsl_rrsslll_rsssll_3,performance measure
0,7,1,1,5,3,1,1,1,7,3,2,2,6,2,1,3,rsssssl_rsl_rrsslll_rsssll,98.0,574.0,306.0,80.0,250.0,136.0,174.0,591.0,327.0,155.0,867.0,102.0,5.0,5.0,10.0,10.0,9.569584161992118,9.55300251126224,9.409546305006332,9.621852378631663,9.56124767441224,0.7384240454914703,0.7448559670781894,0.7952086553323029,0.7319587628865979,0.7387096774193549,3.3117172718048096,18.954443541835918,18.901209876543238,20.33609737248838,18.530945017182106,18.817459677419343,63.456539398862716,63.43374485596708,64.87171561051005,63.01546391752577,63.32822580645161,11.510154346060114,11.42962962962963,12.662287480680062,11.177835051546392,11.337096774193549,5.0,5.0,10.0,10.0,11.623400656421948
