,1,1l,1r,1s,2,2l,2r,2s,3,3l,3r,3s,4,4l,4r,4s,id,1_2,1_3,1_4,2_1,2_3,2_4,3_1,3_2,3_4,4_1,4_2,4_3,p1,p2,p3,p4,speed0,speed1,speed2,speed3,speed4,stop0,stop1,stop2,stop3,stop4,time,timeloss0,timeloss1,timeloss2,timeloss3,timeloss4,travel0,travel1,travel2,travel3,travel4,wait0,wait1,wait2,wait3,wait4,rsssll_rssl_rsslll_rrsl_0,rsssll_rssl_rsslll_rrsl_1,rsssll_rssl_rsslll_rrsl_2,rsssll_rssl_rsslll_rrsl_3,performance measure
0,6,2,1,3,4,1,1,2,6,3,1,2,4,1,2,1,rsssll_rssl_rsslll_rrsl,279.0,969.0,125.0,235.0,131.0,83.0,460.0,69.0,941.0,299.0,92.0,603.0,10.0,10.0,10.0,5.0,9.018441296070408,8.968260781202718,8.799450203391926,8.893666090016989,8.720310448997093,0.8416107382550335,0.8487161693268563,0.8957475994513031,0.8871315600287563,0.9285714285714286,3.984084129333496,23.322255033557024,24.2892158223456,25.414375857338833,25.01340043134434,26.440934065934055,68.14765100671141,69.11936155447606,70.28532235939643,69.83249460819555,71.2815934065934,14.891275167785235,15.852879944482998,16.613168724279834,16.240115025161753,17.30425824175824,10.0,10.0,10.0,5.0,16.18033942069361
