,1,1l,1r,1s,2,2l,2r,2s,3,3l,3r,3s,4,4l,4r,4s,id,1_2,1_3,1_4,2_1,2_3,2_4,3_1,3_2,3_4,4_1,4_2,4_3,p1,p2,p3,p4,speed0,speed1,speed2,speed3,speed4,stop0,stop1,stop2,stop3,stop4,time,timeloss0,timeloss1,timeloss2,timeloss3,timeloss4,travel0,travel1,travel2,travel3,travel4,wait0,wait1,wait2,wait3,wait4,rrslll_rssll_rsl_rssssll_0,rrslll_rssll_rsl_rssssll_1,rrslll_rssll_rsl_rssssll_2,rrslll_rssll_rsl_rssssll_3,performance measure
0,6,3,2,1,5,2,1,2,3,1,1,1,7,2,1,4,rrslll_rssll_rsl_rssssll,838.0,333.0,72.0,117.0,374.0,101.0,168.0,231.0,94.0,468.0,1154.0,208.0,15.0,15.0,15.0,15.0,8.48716172756587,8.154585138173376,7.941874917492832,8.45773557768326,8.058581868754924,0.7933765298776098,0.8557491289198607,0.9819694868238558,0.7966226138032305,0.9474835886214442,3.844043731689453,29.052116630669534,32.9719094076655,39.47474341192789,29.586145374449323,37.61635302698761,74.0194384449244,77.98954703832753,84.51525658807212,74.54919236417034,82.61779722830052,20.728581713462923,23.937282229965156,29.090846047156727,21.24669603524229,27.699489423778264,15.0,15.0,15.0,15.0,24.540579089921074
