,1,1l,1r,1s,2,2l,2r,2s,3,3l,3r,3s,4,4l,4r,4s,id,1_2,1_3,1_4,2_1,2_3,2_4,3_1,3_2,3_4,4_1,4_2,4_3,p1,p2,p3,p4,speed0,speed1,speed2,speed3,speed4,stop0,stop1,stop2,stop3,stop4,time,timeloss0,timeloss1,timeloss2,timeloss3,timeloss4,travel0,travel1,travel2,travel3,travel4,wait0,wait1,wait2,wait3,wait4,rsl_rssslll_rrsssl_rsslll_0,rsl_rssslll_rrsssl_rsslll_1,rsl_rssslll_rrsssl_rsslll_2,rsl_rssslll_rrsssl_rsslll_3,performance measure
0,3,1,1,1,7,3,1,3,6,1,2,3,6,3,1,2,rsl_rssslll_rrsssl_rsslll,322.0,128.0,144.0,312.0,554.0,310.0,561.0,269.0,268.0,471.0,710.0,125.0,15.0,10.0,10.0,15.0,8.76187551066088,8.701026344299416,8.593351882768626,8.82517314894668,8.724674023323342,0.7915218902015289,0.8122769450392576,0.8387769284225156,0.7843137254901961,0.8025387870239774,3.7547855377197266,26.081494093120224,26.394282655246293,28.257699791521908,25.644771241830018,26.268413258110005,70.8408617095205,71.17987152034262,73.01320361362058,70.30210602759622,71.02750352609308,18.011118832522584,18.312633832976445,19.79082696316887,17.705156136528686,18.100141043723553,15.0,10.0,10.0,15.0,18.383975361784028
