,1,1l,1r,1s,2,2l,2r,2s,3,3l,3r,3s,4,4l,4r,4s,id,1_2,1_3,1_4,2_1,2_3,2_4,3_1,3_2,3_4,4_1,4_2,4_3,p1,p2,p3,p4,speed0,speed1,speed2,speed3,speed4,stop0,stop1,stop2,stop3,stop4,time,timeloss0,timeloss1,timeloss2,timeloss3,timeloss4,travel0,travel1,travel2,travel3,travel4,wait0,wait1,wait2,wait3,wait4,rsl_rrsl_rssslll_rssssl_0,rsl_rrsl_rssslll_rssssl_1,rsl_rrsl_rssslll_rssssl_2,rsl_rrsl_rssslll_rssssl_3,performance measure
0,3,1,1,1,4,1,2,1,7,3,1,3,6,1,1,4,rsl_rrsl_rssslll_rssssl,77.0,248.0,87.0,201.0,184.0,141.0,752.0,198.0,287.0,47.0,1134.0,84.0,5.0,10.0,10.0,10.0,9.28847096390484,9.206168694316755,9.128773158353065,9.362487008199603,9.281760072928433,0.7985989492119089,0.7877729257641921,0.8270989193682461,0.7734657039711191,0.782307025151778,3.1718697547912598,21.180753064798633,21.97611353711797,22.89235245220286,20.788113718411548,21.347944492627903,66.0122591943958,66.86375545851529,67.73399833748961,65.62906137184116,66.18820468343452,13.291593695271454,14.056768558951966,14.699916874480465,13.050541516245488,13.49002601908066,5.0,10.0,10.0,10.0,13.717769332806006
