,1,1l,1r,1s,2,2l,2r,2s,3,3l,3r,3s,4,4l,4r,4s,id,1_2,1_3,1_4,2_1,2_3,2_4,3_1,3_2,3_4,4_1,4_2,4_3,p1,p2,p3,p4,speed0,speed1,speed2,speed3,speed4,stop0,stop1,stop2,stop3,stop4,time,timeloss0,timeloss1,timeloss2,timeloss3,timeloss4,travel0,travel1,travel2,travel3,travel4,wait0,wait1,wait2,wait3,wait4,rrsslll_rrsll_rsssl_rrsslll_0,rrsslll_rrsll_rsssl_rrsslll_1,rrsslll_rrsll_rsssl_rrsslll_2,rrsslll_rrsll_rsssl_rrsslll_3,performance measure
0,7,3,2,2,5,2,2,1,5,1,1,3,7,3,2,2,rrsslll_rrsll_rsssl_rrsslll,201.0,569.0,231.0,176.0,192.0,105.0,996.0,121.0,277.0,536.0,362.0,574.0,15.0,15.0,10.0,10.0,9.032505526035601,8.877557222472355,8.92942535651279,9.112646473390022,8.98690994961568,0.7400673400673401,0.7820934825543121,0.7672064777327935,0.7287769784172662,0.7520661157024794,3.910125732421875,23.784801346801352,24.979894667544432,24.54967611336034,23.390633093525167,24.07946969696974,68.36632996632997,69.61882817643186,69.23751686909581,67.97410071942446,68.68732782369146,15.997306397306398,17.052666227781437,16.736167341430498,15.786330935251799,16.387741046831955,15.0,15.0,10.0,10.0,16.392042389720416
