,1,1l,1r,1s,2,2l,2r,2s,3,3l,3r,3s,4,4l,4r,4s,id,1_2,1_3,1_4,2_1,2_3,2_4,3_1,3_2,3_4,4_1,4_2,4_3,p1,p2,p3,p4,speed0,speed1,speed2,speed3,speed4,stop0,stop1,stop2,stop3,stop4,time,timeloss0,timeloss1,timeloss2,timeloss3,timeloss4,travel0,travel1,travel2,travel3,travel4,wait0,wait1,wait2,wait3,wait4,rsssssl_rsl_rrsslll_rsssll_0,rsssssl_rsl_rrsslll_rsssll_1,rsssssl_rsl_rrsslll_rsssll_2,rsssssl_rsl_rrsslll_rsssll_3,performance measure
0,7,1,1,5,3,1,1,1,7,3,2,2,6,2,1,3,rsssssl_rsl_rrsslll_rsssll,145.0,837.0,277.0,80.0,282.0,99.0,319.0,408.0,797.0,571.0,412.0,132.0,10.0,10.0,10.0,5.0,9.317883452375947,8.880195686583274,9.093343342705657,9.219555631138443,9.224570513969562,0.7854694996572995,0.8879015721120984,0.8429807052561543,0.8015647226173542,0.7872195785180149,3.869919776916504,21.786812885538048,26.002016404647975,23.43256819693949,22.381806543385466,22.111679129843644,66.54694996572995,70.79972658920028,68.18829008649368,67.13015647226173,66.88171312032631,14.013022618231666,17.31784005468216,15.166333998669328,14.290184921763869,14.151597552685248,10.0,10.0,10.0,5.0,14.987795829206453
