,1,1l,1r,1s,2,2l,2r,2s,3,3l,3r,3s,4,4l,4r,4s,id,1_2,1_3,1_4,2_1,2_3,2_4,3_1,3_2,3_4,4_1,4_2,4_3,p1,p2,p3,p4,speed0,speed1,speed2,speed3,speed4,stop0,stop1,stop2,stop3,stop4,time,timeloss0,timeloss1,timeloss2,timeloss3,timeloss4,travel0,travel1,travel2,travel3,travel4,wait0,wait1,wait2,wait3,wait4,rrsll_rssl_rsssll_rsl_0,rrsll_rssl_rsssll_rsl_1,rrsll_rssl_rsssll_rsl_2,rrsll_rssl_rsssll_rsl_3,performance measure
0,5,2,2,1,4,1,1,2,6,2,1,3,3,1,1,1,rrsll_rssl_rsssll_rsl,563.0,225.0,216.0,280.0,277.0,87.0,555.0,290.0,250.0,147.0,90.0,79.0,10.0,10.0,10.0,5.0,9.342396258507868,9.262105877923792,8.866708771537406,9.142481172391761,9.505984628517753,0.7593123209169055,0.7775590551181102,0.9041860465116279,0.8406374501992032,0.737721021611002,2.9545295238494873,20.722148997134674,21.938592519685052,25.88642790697677,23.98965139442232,19.383536345776022,65.51671442215854,66.72736220472441,70.65860465116279,68.81972111553785,64.1286836935167,12.936962750716333,14.06496062992126,16.974883720930233,15.47011952191235,11.914538310412574,10.0,10.0,10.0,5.0,14.272292986778552
