,1,1l,1r,1s,2,2l,2r,2s,3,3l,3r,3s,4,4l,4r,4s,id,1_2,1_3,1_4,2_1,2_3,2_4,3_1,3_2,3_4,4_1,4_2,4_3,p1,p2,p3,p4,speed0,speed1,speed2,speed3,speed4,stop0,stop1,stop2,stop3,stop4,time,timeloss0,timeloss1,timeloss2,timeloss3,timeloss4,travel0,travel1,travel2,travel3,travel4,wait0,wait1,wait2,wait3,wait4,rsl_rsl_rsl_rrssssl_0,rsl_rsl_rsl_rrssssl_1,rsl_rsl_rsl_rrssssl_2,rsl_rsl_rsl_rrssssl_3,performance measure
0,3,1,1,1,3,1,1,1,3,1,1,1,7,1,2,4,rsl_rsl_rsl_rrssssl,194.0,346.0,69.0,137.0,110.0,336.0,226.0,40.0,67.0,180.0,237.0,98.0,10.0,15.0,10.0,15.0,8.234723476846165,8.472970726788583,8.271243100285613,8.838832896766222,8.319193541700193,0.994413407821229,0.8760806916426513,0.9188829787234043,0.785824345146379,0.9142053445850914,2.8587286472320557,36.466103351955326,31.062406340057617,32.11897606382982,26.60315870570107,32.64599156118145,81.45670391061452,76.02305475504323,77.07180851063829,71.50231124807397,77.59915611814345,26.213687150837988,22.2507204610951,23.006648936170212,18.486902927580893,23.28832630098453,10.0,15.0,10.0,15.0,22.649257155333743
