,1,1l,1r,1s,2,2l,2r,2s,3,3l,3r,3s,4,4l,4r,4s,id,1_2,1_3,1_4,2_1,2_3,2_4,3_1,3_2,3_4,4_1,4_2,4_3,p1,p2,p3,p4,speed0,speed1,speed2,speed3,speed4,stop0,stop1,stop2,stop3,stop4,time,timeloss0,timeloss1,timeloss2,timeloss3,timeloss4,travel0,travel1,travel2,travel3,travel4,wait0,wait1,wait2,wait3,wait4,rslll_rsl_rrslll_rsl_0,rslll_rsl_rrslll_rsl_1,rslll_rsl_rrslll_rsl_2,rslll_rsl_rrslll_rsl_3,performance measure
0,5,3,1,1,3,1,1,1,6,3,2,1,3,1,1,1,rslll_rsl_rrslll_rsl,931.0,143.0,191.0,263.0,301.0,94.0,315.0,418.0,351.0,259.0,48.0,172.0,15.0,15.0,15.0,5.0,8.950317044282635,8.957719497231391,8.8100622859363,9.03275569097739,9.148829155058651,0.791095890410959,0.7475982532751092,0.7775987107171636,0.7423469387755102,0.7146619841966637,3.3431148529052734,26.823561643835585,24.702087336244567,25.887953263497153,24.1578231292517,23.074249341527633,71.68493150684931,69.57554585152839,70.75987107171636,68.99744897959184,67.91922739244951,18.54195205479452,16.62882096069869,17.5245769540693,16.10544217687075,15.284460052677787,15.0,15.0,15.0,5.0,16.81705043982221
