,1,1l,1r,1s,2,2l,2r,2s,3,3l,3r,3s,4,4l,4r,4s,id,1_2,1_3,1_4,2_1,2_3,2_4,3_1,3_2,3_4,4_1,4_2,4_3,p1,p2,p3,p4,speed0,speed1,speed2,speed3,speed4,stop0,stop1,stop2,stop3,stop4,time,timeloss0,timeloss1,timeloss2,timeloss3,timeloss4,travel0,travel1,travel2,travel3,travel4,wait0,wait1,wait2,wait3,wait4,rrsslll_rrsll_rsssl_rrsslll_0,rrsslll_rrsll_rsssl_rrsslll_1,rrsslll_rrsll_rsssl_rrsslll_2,rrsslll_rrsll_rsssl_rrsslll_3,performance measure
0,7,3,2,2,5,2,2,1,5,1,1,3,7,3,2,2,rrsslll_rrsll_rsssl_rrsslll,216.0,413.0,530.0,490.0,237.0,99.0,624.0,134.0,55.0,737.0,228.0,211.0,5.0,10.0,10.0,5.0,9.790384246849044,9.84995012451194,9.778559108798678,9.94625597275344,9.853383804035158,0.7010542168674698,0.6838235294117647,0.7022512708787219,0.6574500768049155,0.6954858454475898,3.6535472869873047,17.78638554216866,16.827639705882333,17.117392883079184,16.275491551459314,17.019709257842386,62.27033132530121,61.328676470588235,61.65504720406681,60.724270353302614,61.514919663351186,10.702560240963855,9.720588235294118,9.943355119825709,9.354070660522273,9.944912012241774,5.0,10.0,10.0,5.0,9.933097253769546
