,1,1l,1r,1s,2,2l,2r,2s,3,3l,3r,3s,4,4l,4r,4s,id,1_2,1_3,1_4,2_1,2_3,2_4,3_1,3_2,3_4,4_1,4_2,4_3,p1,p2,p3,p4,speed0,speed1,speed2,speed3,speed4,stop0,stop1,stop2,stop3,stop4,time,timeloss0,timeloss1,timeloss2,timeloss3,timeloss4,travel0,travel1,travel2,travel3,travel4,wait0,wait1,wait2,wait3,wait4,rssslll_rrsssl_rsssssl_rsl_0,rssslll_rrsssl_rsssssl_rsl_1,rssslll_rrsssl_rsssssl_rsl_2,rssslll_rrsssl_rsssssl_rsl_3,performance measure
0,7,3,1,3,6,1,2,3,7,1,1,5,3,1,1,1,rssslll_rrsssl_rsssssl_rsl,430.0,349.0,182.0,453.0,296.0,744.0,1076.0,300.0,104.0,316.0,131.0,73.0,10.0,10.0,15.0,10.0,8.92707735217862,8.947767240178313,8.956405871048123,8.82798012339011,9.072244769938266,0.7911941294196131,0.7739590218109715,0.7879767291531997,0.8166441136671178,0.7639836289222374,3.7849605083465576,24.35129419613077,24.266318572372718,24.153063994828717,25.277273342354523,23.144413369713526,69.10206804536358,69.03899537343027,68.89075630252101,70.00947225981055,67.85675306957708,16.33288859239493,16.33046926635823,16.163542340012928,17.091339648173207,15.314461118690314,10.0,10.0,15.0,10.0,16.24654019312592
