,1,1l,1r,1s,2,2l,2r,2s,3,3l,3r,3s,4,4l,4r,4s,id,1_2,1_3,1_4,2_1,2_3,2_4,3_1,3_2,3_4,4_1,4_2,4_3,p1,p2,p3,p4,speed0,speed1,speed2,speed3,speed4,stop0,stop1,stop2,stop3,stop4,time,timeloss0,timeloss1,timeloss2,timeloss3,timeloss4,travel0,travel1,travel2,travel3,travel4,wait0,wait1,wait2,wait3,wait4,rsl_rrsll_rsl_rslll_0,rsl_rrsll_rsl_rslll_1,rsl_rrsll_rsl_rslll_2,rsl_rrsll_rsl_rslll_3,performance measure
0,3,1,1,1,5,2,2,1,3,1,1,1,5,3,1,1,rsl_rrsll_rsl_rslll,287.0,176.0,57.0,435.0,160.0,98.0,329.0,98.0,122.0,486.0,181.0,130.0,15.0,15.0,10.0,10.0,8.948322666226042,8.830021928734581,8.803620185650619,9.090613065178474,8.821336489632305,0.7572254335260116,0.7758620689655172,0.795429815016322,0.7508813160987075,0.7964705882352942,2.7499756813049316,24.842034682080886,25.940459770114973,26.18714907508158,23.404242068155103,26.159447058823485,69.7849710982659,70.95747126436781,71.16430903155604,68.31844888366628,71.09058823529412,16.88670520231214,17.9816091954023,17.944504896626768,15.674500587544065,18.01058823529412,15.0,15.0,10.0,10.0,17.299581623435877
