,1,1l,1r,1s,2,2l,2r,2s,3,3l,3r,3s,4,4l,4r,4s,id,1_2,1_3,1_4,2_1,2_3,2_4,3_1,3_2,3_4,4_1,4_2,4_3,p1,p2,p3,p4,speed0,speed1,speed2,speed3,speed4,stop0,stop1,stop2,stop3,stop4,time,timeloss0,timeloss1,timeloss2,timeloss3,timeloss4,travel0,travel1,travel2,travel3,travel4,wait0,wait1,wait2,wait3,wait4,rrsssll_rsl_rsl_rrsll_0,rrsssll_rsl_rsl_rrsll_1,rrsssll_rsl_rsl_rrsll_2,rrsssll_rsl_rsl_rrsll_3,performance measure
0,7,2,2,3,3,1,1,1,3,1,1,1,5,2,2,1,rrsssll_rsl_rsl_rrsll,211.0,285.0,473.0,64.0,142.0,350.0,199.0,133.0,128.0,506.0,93.0,525.0,5.0,10.0,10.0,15.0,8.904872093869688,8.821911507736539,8.905658565722746,9.08472119873389,9.216423256237029,0.9219165927240461,0.8862602365787079,0.8383838383838383,0.812015503875969,0.7774647887323943,3.1196112632751465,30.159707187222708,27.50205641492268,26.917603305785143,24.841821705426373,23.353671361502364,74.68677905944986,72.08735213830755,71.54361799816346,69.50968992248062,67.91643192488263,21.091393078970718,18.798908098271156,18.52157943067034,16.800387596899224,15.433802816901409,5.0,10.0,10.0,15.0,18.129214204342567
