,1,1l,1r,1s,2,2l,2r,2s,3,3l,3r,3s,4,4l,4r,4s,id,1_2,1_3,1_4,2_1,2_3,2_4,3_1,3_2,3_4,4_1,4_2,4_3,p1,p2,p3,p4,speed0,speed1,speed2,speed3,speed4,stop0,stop1,stop2,stop3,stop4,time,timeloss0,timeloss1,timeloss2,timeloss3,timeloss4,travel0,travel1,travel2,travel3,travel4,wait0,wait1,wait2,wait3,wait4,rrslll_rssll_rsl_rssssll_0,rrslll_rssll_rsl_rssssll_1,rrslll_rssll_rsl_rssssll_2,rrslll_rssll_rsl_rssssll_3,performance measure
0,6,3,2,1,5,2,1,2,3,1,1,1,7,2,1,4,rrslll_rssll_rsl_rssssll,285.0,105.0,86.0,185.0,498.0,517.0,322.0,189.0,135.0,512.0,442.0,234.0,5.0,10.0,10.0,10.0,8.683062996467056,9.015354644959464,9.018431284884002,8.971503800688739,9.107646653013278,0.9916597164303587,0.8446843853820598,0.8649754500818331,0.8863833477883781,0.8316412859560067,3.2498974800109863,30.01141784820687,24.354044850498305,24.492937806873993,25.704232437120528,23.46763113367175,74.81818181818181,69.18023255813954,69.27905073649754,70.52818733738074,68.2901861252115,20.48123436196831,16.06893687707641,15.882978723404255,17.180398959236772,15.279187817258883,5.0,10.0,10.0,10.0,16.978547347788925
