,1,1l,1r,1s,2,2l,2r,2s,3,3l,3r,3s,4,4l,4r,4s,id,1_2,1_3,1_4,2_1,2_3,2_4,3_1,3_2,3_4,4_1,4_2,4_3,p1,p2,p3,p4,speed0,speed1,speed2,speed3,speed4,stop0,stop1,stop2,stop3,stop4,time,timeloss0,timeloss1,timeloss2,timeloss3,timeloss4,travel0,travel1,travel2,travel3,travel4,wait0,wait1,wait2,wait3,wait4,rrsssll_rsl_rsl_rrsll_0,rrsssll_rsl_rsl_rrsll_1,rrsssll_rsl_rsl_rrsll_2,rrsssll_rsl_rsl_rrsll_3,performance measure
0,7,2,2,3,3,1,1,1,3,1,1,1,5,2,2,1,rrsssll_rsl_rsl_rrsll,455.0,728.0,592.0,115.0,137.0,169.0,351.0,275.0,100.0,276.0,91.0,111.0,10.0,15.0,10.0,10.0,9.011491392679515,9.181038325423035,8.948589411393026,9.31155292801432,9.40259684495763,0.7814345991561181,0.7469458987783595,0.8063410454155956,0.7007233273056058,0.7014010507880911,3.4636175632476807,24.56924894514763,22.788726003490382,25.60065981148243,21.583770343580426,20.834859894921202,69.31645569620254,67.5846422338569,70.38903170522708,66.33092224231464,65.5954465849387,16.40337552742616,14.960732984293193,17.36675235646958,13.97377938517179,13.334500875656742,10.0,15.0,10.0,10.0,15.20782822580349
