,1,1l,1r,1s,2,2l,2r,2s,3,3l,3r,3s,4,4l,4r,4s,id,1_2,1_3,1_4,2_1,2_3,2_4,3_1,3_2,3_4,4_1,4_2,4_3,p1,p2,p3,p4,speed0,speed1,speed2,speed3,speed4,stop0,stop1,stop2,stop3,stop4,time,timeloss0,timeloss1,timeloss2,timeloss3,timeloss4,travel0,travel1,travel2,travel3,travel4,wait0,wait1,wait2,wait3,wait4,rsl_rrsl_rssslll_rssssl_0,rsl_rrsl_rssslll_rssssl_1,rsl_rrsl_rssslll_rssssl_2,rsl_rrsl_rssslll_rssssl_3,performance measure
0,3,1,1,1,4,1,2,1,7,3,1,3,6,1,1,4,rsl_rrsl_rssslll_rssssl,86.0,244.0,139.0,311.0,241.0,359.0,610.0,145.0,517.0,55.0,880.0,256.0,10.0,10.0,10.0,15.0,8.90210044456911,9.133103165819017,8.376920410817036,8.964405452864934,8.784648640871485,0.8128342245989305,0.763014763014763,1.0799701046337817,0.8218390804597702,0.8342205323193916,3.5314862728118896,25.470763941940383,23.384623154623135,38.80179372197305,26.444408866995094,26.502555133079817,70.27731092436974,68.21911421911422,83.6457399103139,71.23316912972085,71.30798479087453,17.18105423987777,15.451437451437451,27.869207772795217,18.0944170771757,18.174144486692015,10.0,10.0,10.0,15.0,19.35405220559563
