,1,1l,1r,1s,2,2l,2r,2s,3,3l,3r,3s,4,4l,4r,4s,id,1_2,1_3,1_4,2_1,2_3,2_4,3_1,3_2,3_4,4_1,4_2,4_3,p1,p2,p3,p4,speed0,speed1,speed2,speed3,speed4,stop0,stop1,stop2,stop3,stop4,time,timeloss0,timeloss1,timeloss2,timeloss3,timeloss4,travel0,travel1,travel2,travel3,travel4,wait0,wait1,wait2,wait3,wait4,rrsslll_rrsll_rsssl_rrsslll_0,rrsslll_rrsll_rsssl_rrsslll_1,rrsslll_rrsll_rsssl_rrsslll_2,rrsslll_rrsll_rsssl_rrsslll_3,performance measure
0,7,3,2,2,5,2,2,1,5,1,1,3,7,3,2,2,rrsslll_rrsll_rsssl_rrsslll,199.0,560.0,271.0,440.0,169.0,150.0,914.0,44.0,90.0,966.0,469.0,269.0,5.0,15.0,15.0,10.0,9.122548061508551,9.105760826426778,9.094923527654263,9.189509104449618,9.070759880560233,0.7642762284196547,0.7547169811320755,0.7609942638623327,0.7506849315068493,0.7637795275590551,3.9999287128448486,23.123638778220453,23.051262199089116,22.974423199490122,22.250753424657557,23.655479002624695,67.87250996015936,67.83018867924528,67.75079668578712,67.0404109589041,68.4225721784777,15.413014608233732,15.234873129473,15.163161249203315,14.536986301369863,15.856955380577428,5.0,15.0,15.0,10.0,15.240998133771466
