,1,1l,1r,1s,2,2l,2r,2s,3,3l,3r,3s,4,4l,4r,4s,id,1_2,1_3,1_4,2_1,2_3,2_4,3_1,3_2,3_4,4_1,4_2,4_3,p1,p2,p3,p4,speed0,speed1,speed2,speed3,speed4,stop0,stop1,stop2,stop3,stop4,time,timeloss0,timeloss1,timeloss2,timeloss3,timeloss4,travel0,travel1,travel2,travel3,travel4,wait0,wait1,wait2,wait3,wait4,rrslll_rssll_rsl_rssssll_0,rrslll_rssll_rsl_rssssll_1,rrslll_rssll_rsl_rssssll_2,rrslll_rssll_rsl_rssssll_3,performance measure
0,6,3,2,1,5,2,1,2,3,1,1,1,7,2,1,4,rrslll_rssll_rsl_rssssll,742.0,67.0,232.0,251.0,165.0,233.0,125.0,90.0,156.0,430.0,636.0,112.0,10.0,5.0,10.0,10.0,9.439366980986614,9.470186230920284,9.337817764913755,9.508934639229087,9.48854032370607,0.7789855072463768,0.7599261311172668,0.7991150442477876,0.7295476419634264,0.7529734675205856,3.0754270553588867,21.499193840579725,20.022548476454272,22.03285840707966,19.899297401347447,20.21904849039342,66.37228260869566,64.87626962142198,66.86106194690265,64.79980750721847,65.03568161024702,13.830615942028986,12.573407202216066,14.164601769911505,12.589990375360925,12.795974382433668,10.0,5.0,10.0,10.0,13.190917934390232
