,1,1l,1r,1s,2,2l,2r,2s,3,3l,3r,3s,4,4l,4r,4s,id,1_2,1_3,1_4,2_1,2_3,2_4,3_1,3_2,3_4,4_1,4_2,4_3,p1,p2,p3,p4,speed0,speed1,speed2,speed3,speed4,stop0,stop1,stop2,stop3,stop4,time,timeloss0,timeloss1,timeloss2,timeloss3,timeloss4,travel0,travel1,travel2,travel3,travel4,wait0,wait1,wait2,wait3,wait4,rsssssl_rsl_rrsslll_rsssll_0,rsssssl_rsl_rrsslll_rsssll_1,rsssssl_rsl_rrsslll_rsssll_2,rsssssl_rsl_rrsslll_rsssll_3,performance measure
0,7,1,1,5,3,1,1,1,7,3,2,2,6,2,1,3,rsssssl_rsl_rrsslll_rsssll,293.0,596.0,220.0,298.0,260.0,63.0,640.0,348.0,180.0,299.0,157.0,62.0,10.0,10.0,10.0,5.0,8.927317017612179,9.077094392814447,9.09218047957077,9.320068395089661,9.4460831758319,0.9086206896551724,0.833041958041958,0.8770764119601329,0.7959558823529411,0.7354221061792864,3.371920585632324,26.307129310344827,23.989029720279767,25.058388704318947,21.670468750000012,20.059208006962574,70.90775862068965,68.62587412587412,69.63621262458472,66.234375,64.64751958224544,17.410344827586208,15.725524475524475,16.26578073089701,13.817095588235293,12.508268059181898,10.0,10.0,10.0,5.0,15.145402736284975
