,1,1l,1r,1s,2,2l,2r,2s,3,3l,3r,3s,4,4l,4r,4s,id,1_2,1_3,1_4,2_1,2_3,2_4,3_1,3_2,3_4,4_1,4_2,4_3,p1,p2,p3,p4,speed0,speed1,speed2,speed3,speed4,stop0,stop1,stop2,stop3,stop4,time,timeloss0,timeloss1,timeloss2,timeloss3,timeloss4,travel0,travel1,travel2,travel3,travel4,wait0,wait1,wait2,wait3,wait4,rsssll_rssl_rsslll_rrsl_0,rsssll_rssl_rsslll_rrsl_1,rsssll_rssl_rsslll_rrsl_2,rsssll_rssl_rsslll_rrsl_3,performance measure
0,6,2,1,3,4,1,1,2,6,3,1,2,4,1,2,1,rsssll_rssl_rsslll_rrsl,369.0,159.0,136.0,277.0,163.0,304.0,431.0,225.0,169.0,237.0,280.0,196.0,10.0,10.0,10.0,10.0,9.196290984626934,8.929725414393795,9.18384546452282,9.158578785877841,8.978583503474074,0.7516843118383061,0.8575788402848423,0.7700587084148728,0.7673935617860852,0.8681541582150102,3.1637122631073,22.294658325312795,25.822105798575823,22.976878669275933,22.631163032191093,26.81585192697769,67.04331087584215,70.55035605289929,67.67221135029354,67.3447559709242,71.5182555780933,14.519730510105871,17.4059003051882,15.134050880626223,14.955347871235722,18.037525354969574,10.0,10.0,10.0,10.0,16.010510984425117
