,1,1l,1r,1s,2,2l,2r,2s,3,3l,3r,3s,4,4l,4r,4s,id,1_2,1_3,1_4,2_1,2_3,2_4,3_1,3_2,3_4,4_1,4_2,4_3,p1,p2,p3,p4,speed0,speed1,speed2,speed3,speed4,stop0,stop1,stop2,stop3,stop4,time,timeloss0,timeloss1,timeloss2,timeloss3,timeloss4,travel0,travel1,travel2,travel3,travel4,wait0,wait1,wait2,wait3,wait4,rsssssl_rsl_rrsslll_rsssll_0,rsssssl_rsl_rrsslll_rsssll_1,rsssssl_rsl_rrsslll_rsssll_2,rsssssl_rsl_rrsslll_rsssll_3,performance measure
0,7,1,1,5,3,1,1,1,7,3,2,2,6,2,1,3,rsssssl_rsl_rrsslll_rsssll,129.0,270.0,299.0,157.0,103.0,128.0,313.0,300.0,346.0,494.0,238.0,321.0,5.0,5.0,10.0,5.0,9.449630786953115,9.722364573023798,9.554725840298323,9.71543218804328,9.737152310550366,0.8389830508474576,0.7417840375586855,0.7874087591240876,0.7430754536771729,0.7314553990610329,3.1111133098602295,21.09870056497175,17.56061971830985,19.395374087591236,17.65835721107928,17.453812206572767,65.55743879472693,62.01596244131456,63.85857664233577,62.161413562559694,61.87699530516432,13.054613935969869,10.011267605633803,11.679744525547445,10.304680038204394,10.076995305164319,5.0,5.0,10.0,5.0,11.025460282103968
