,1,1l,1r,1s,2,2l,2r,2s,3,3l,3r,3s,4,4l,4r,4s,id,1_2,1_3,1_4,2_1,2_3,2_4,3_1,3_2,3_4,4_1,4_2,4_3,p1,p2,p3,p4,speed0,speed1,speed2,speed3,speed4,stop0,stop1,stop2,stop3,stop4,time,timeloss0,timeloss1,timeloss2,timeloss3,timeloss4,travel0,travel1,travel2,travel3,travel4,wait0,wait1,wait2,wait3,wait4,rsl_rssslll_rrsssl_rsslll_0,rsl_rssslll_rrsssl_rsslll_1,rsl_rssslll_rrsssl_rsslll_2,rsl_rssslll_rrsssl_rsslll_3,performance measure
0,3,1,1,1,7,3,1,3,6,1,2,3,6,3,1,2,rsl_rssslll_rrsssl_rsslll,320.0,145.0,257.0,272.0,147.0,501.0,351.0,570.0,81.0,935.0,106.0,258.0,15.0,10.0,15.0,10.0,9.092182554593508,9.002198668541247,8.897835995514688,9.108694604406486,9.081862784813051,0.7301587301587301,0.7466266866566716,0.7691208005718371,0.7320359281437125,0.7353383458646616,3.7408716678619385,23.19009379509377,23.783635682158913,24.937255182273013,22.999498502994005,22.923796992481222,67.68326118326118,68.2728635682159,69.45318084345962,67.46631736526946,67.38496240601503,15.464646464646465,15.846326836581708,16.645461043602573,15.244760479041917,15.139849624060151,15.0,10.0,15.0,10.0,15.668208889586563
