,1,1l,1r,1s,2,2l,2r,2s,3,3l,3r,3s,4,4l,4r,4s,id,1_2,1_3,1_4,2_1,2_3,2_4,3_1,3_2,3_4,4_1,4_2,4_3,p1,p2,p3,p4,speed0,speed1,speed2,speed3,speed4,stop0,stop1,stop2,stop3,stop4,time,timeloss0,timeloss1,timeloss2,timeloss3,timeloss4,travel0,travel1,travel2,travel3,travel4,wait0,wait1,wait2,wait3,wait4,rsl_rsssll_rrssl_rrsslll_0,rsl_rsssll_rrssl_rrsslll_1,rsl_rsssll_rrssl_rrsslll_2,rsl_rsssll_rrssl_rrsslll_3,performance measure
0,3,1,1,1,6,2,1,3,5,1,2,2,7,3,2,2,rsl_rsssll_rrssl_rrsslll,206.0,310.0,295.0,132.0,488.0,735.0,647.0,466.0,238.0,240.0,511.0,76.0,10.0,15.0,10.0,10.0,8.609106094849649,8.861564221899144,8.565573908246451,8.61830586313491,8.695025624057156,0.8726666666666667,0.7986206896551724,0.8821936357481381,0.8721264367816092,0.8423180592991913,3.5993616580963135,28.421439999999986,25.319048275862105,29.38272850372377,28.896882183908097,27.14781671159029,73.182,70.13586206896552,74.18686526743399,73.66954022988506,71.92250673854447,19.740666666666666,17.093103448275862,20.508463100880164,20.147988505747126,18.630053908355794,10.0,15.0,10.0,10.0,19.22405512598512
