,1,1l,1r,1s,2,2l,2r,2s,3,3l,3r,3s,4,4l,4r,4s,id,1_2,1_3,1_4,2_1,2_3,2_4,3_1,3_2,3_4,4_1,4_2,4_3,p1,p2,p3,p4,speed0,speed1,speed2,speed3,speed4,stop0,stop1,stop2,stop3,stop4,time,timeloss0,timeloss1,timeloss2,timeloss3,timeloss4,travel0,travel1,travel2,travel3,travel4,wait0,wait1,wait2,wait3,wait4,rsl_rsl_rsl_rrssll_0,rsl_rsl_rsl_rrssll_1,rsl_rsl_rsl_rrssll_2,rsl_rsl_rsl_rrssll_3,performance measure
0,3,1,1,1,3,1,1,1,3,1,1,1,6,2,2,2,rsl_rsl_rsl_rrssll,70.0,325.0,249.0,299.0,113.0,119.0,102.0,321.0,300.0,314.0,609.0,547.0,15.0,15.0,10.0,15.0,9.126042036661774,8.829164529003885,8.721961455960017,8.950276258598388,8.561595030075944,0.68808911739503,0.76875,0.7740549828178694,0.7321100917431193,0.8466152527849186,3.3283169269561768,23.168414738646057,25.91809821428571,27.24104810996564,25.512963302752283,30.693461868037712,67.91088260497001,70.68928571428572,72.02749140893471,70.24495412844037,75.46786632390746,15.337617823479006,17.78125,18.6872852233677,17.43761467889908,21.405312767780636,15.0,15.0,10.0,15.0,18.129816098705284
