,1,1l,1r,1s,2,2l,2r,2s,3,3l,3r,3s,4,4l,4r,4s,id,1_2,1_3,1_4,2_1,2_3,2_4,3_1,3_2,3_4,4_1,4_2,4_3,p1,p2,p3,p4,speed0,speed1,speed2,speed3,speed4,stop0,stop1,stop2,stop3,stop4,time,timeloss0,timeloss1,timeloss2,timeloss3,timeloss4,travel0,travel1,travel2,travel3,travel4,wait0,wait1,wait2,wait3,wait4,rsl_rssslll_rrsssl_rsslll_0,rsl_rssslll_rrsssl_rsslll_1,rsl_rssslll_rrsssl_rsslll_2,rsl_rssslll_rrsssl_rsslll_3,performance measure
0,3,1,1,1,7,3,1,3,6,1,2,3,6,3,1,2,rsl_rssslll_rrsssl_rsslll,138.0,106.0,182.0,157.0,653.0,577.0,616.0,641.0,140.0,550.0,429.0,171.0,10.0,10.0,10.0,10.0,9.295628434804412,9.26304881927181,9.319180472032773,9.342240415794342,9.30685919575404,0.7306917394224312,0.7520325203252033,0.7264214046822742,0.7298444130127298,0.7325982081323226,3.7949512004852295,21.097703156480865,21.23585365853659,21.011765886287602,20.62538189533242,21.02756719503791,65.77770315648085,65.93157181571816,65.68294314381271,65.2963224893918,65.69124741557546,13.525184687709872,13.620596205962059,13.462876254180602,13.133663366336634,13.580978635423845,10.0,10.0,10.0,10.0,13.464659829922601
