,1,1l,1r,1s,2,2l,2r,2s,3,3l,3r,3s,4,4l,4r,4s,id,1_2,1_3,1_4,2_1,2_3,2_4,3_1,3_2,3_4,4_1,4_2,4_3,p1,p2,p3,p4,speed0,speed1,speed2,speed3,speed4,stop0,stop1,stop2,stop3,stop4,time,timeloss0,timeloss1,timeloss2,timeloss3,timeloss4,travel0,travel1,travel2,travel3,travel4,wait0,wait1,wait2,wait3,wait4,rsl_rsl_rsssl_rsl_0,rsl_rsl_rsssl_rsl_1,rsl_rsl_rsssl_rsl_2,rsl_rsl_rsssl_rsl_3,performance measure
0,3,1,1,1,3,1,1,1,5,1,1,3,3,1,1,1,rsl_rsl_rsssl_rsl,224.0,315.0,240.0,116.0,100.0,91.0,801.0,51.0,194.0,149.0,354.0,317.0,10.0,15.0,10.0,15.0,8.596405191012257,8.506172035762413,8.470250116122457,8.68489932531583,8.54722263535484,0.9057899901864573,0.8643067846607669,0.8788177339901477,0.8220793140407289,0.8374384236453202,2.969355821609497,31.952492639842966,29.63869223205507,30.96195073891623,27.920042872454424,28.855970443349776,77.0549558390579,74.72763028515242,76.05418719211822,73.0139335476956,73.89655172413794,22.57605495583906,20.746312684365783,21.7743842364532,19.40192926045016,20.038423645320197,10.0,15.0,10.0,15.0,20.90742095648568
