,1,1l,1r,1s,2,2l,2r,2s,3,3l,3r,3s,4,4l,4r,4s,id,1_2,1_3,1_4,2_1,2_3,2_4,3_1,3_2,3_4,4_1,4_2,4_3,p1,p2,p3,p4,speed0,speed1,speed2,speed3,speed4,stop0,stop1,stop2,stop3,stop4,time,timeloss0,timeloss1,timeloss2,timeloss3,timeloss4,travel0,travel1,travel2,travel3,travel4,wait0,wait1,wait2,wait3,wait4,rsl_rsssl_rssssl_rssll_0,rsl_rsssl_rssssl_rssll_1,rsl_rsssl_rssssl_rssll_2,rsl_rsssl_rssssl_rssll_3,performance measure
0,3,1,1,1,5,1,1,3,6,1,1,4,5,2,1,2,rsl_rsssl_rssssl_rssll,60.0,198.0,110.0,291.0,36.0,415.0,917.0,266.0,298.0,620.0,710.0,259.0,15.0,15.0,15.0,15.0,8.29340506434037,7.860274335631329,7.759635887411956,8.319791327323413,8.099282461832937,0.8287769784172662,0.9451957295373665,0.9760438056125941,0.8483727810650887,0.8781725888324873,3.8692893981933594,31.187079136690627,38.16208540925267,39.845927446954185,32.18651627218932,34.11986221899927,76.0568345323741,83.07259786476868,84.74674880219028,77.04511834319527,79.05076142131979,22.42158273381295,28.40355871886121,29.574264202600958,23.27144970414201,25.075416968817983,15.0,15.0,15.0,15.0,25.74925446564702
