,1,1l,1r,1s,2,2l,2r,2s,3,3l,3r,3s,4,4l,4r,4s,id,1_2,1_3,1_4,2_1,2_3,2_4,3_1,3_2,3_4,4_1,4_2,4_3,p1,p2,p3,p4,speed0,speed1,speed2,speed3,speed4,stop0,stop1,stop2,stop3,stop4,time,timeloss0,timeloss1,timeloss2,timeloss3,timeloss4,travel0,travel1,travel2,travel3,travel4,wait0,wait1,wait2,wait3,wait4,rssslll_rssll_rsssl_rrssl_0,rssslll_rssll_rsssl_rrssl_1,rssslll_rssll_rsssl_rrssl_2,rssslll_rssll_rsssl_rrssl_3,performance measure
0,7,3,1,3,5,2,1,2,5,1,1,3,5,1,2,2,rssslll_rssll_rsssl_rrssl,307.0,992.0,65.0,174.0,74.0,657.0,972.0,54.0,308.0,160.0,519.0,402.0,15.0,15.0,10.0,15.0,8.684645655717148,8.525655328363245,8.508618748081883,8.527705378168898,8.494113529196792,0.7951653944020356,0.8308457711442786,0.8187422934648582,0.8192612137203166,0.8324742268041238,4.178922176361084,27.393587786259566,29.061175373134343,28.987694204685628,29.41716358839046,29.21279639175254,72.30089058524173,73.9931592039801,73.92909987669543,74.31662269129288,74.15786082474227,19.05534351145038,20.569651741293534,20.39087546239211,20.84300791556728,20.677835051546392,15.0,15.0,10.0,15.0,20.30734273644994
