,1,1l,1r,1s,2,2l,2r,2s,3,3l,3r,3s,4,4l,4r,4s,id,1_2,1_3,1_4,2_1,2_3,2_4,3_1,3_2,3_4,4_1,4_2,4_3,p1,p2,p3,p4,speed0,speed1,speed2,speed3,speed4,stop0,stop1,stop2,stop3,stop4,time,timeloss0,timeloss1,timeloss2,timeloss3,timeloss4,travel0,travel1,travel2,travel3,travel4,wait0,wait1,wait2,wait3,wait4,rsssssl_rssssll_rsl_rssll_0,rsssssl_rssssll_rsl_rssll_1,rsssssl_rssssll_rsl_rssll_2,rsssssl_rssssll_rsl_rssll_3,performance measure
0,7,1,1,5,7,2,1,4,3,1,1,1,5,2,1,2,rsssssl_rssssll_rsl_rssll,249.0,1307.0,184.0,36.0,606.0,183.0,308.0,134.0,146.0,559.0,608.0,101.0,15.0,15.0,15.0,15.0,8.205867239697659,8.064479446495552,8.002558522646588,8.306962482942255,8.004582314119883,0.8525683789192795,0.8748326639892905,0.899404367968233,0.8272033310201249,0.8750830564784053,4.046840667724609,32.1566644429619,33.470836680053594,34.67778292521509,30.96819569743238,34.577421926910304,77.16677785190127,78.45716198125837,79.67240238252813,75.98612074947953,79.57940199335548,23.486991327551703,24.454484605087014,25.369953673064195,22.356002775850104,25.53156146179402,15.0,15.0,15.0,15.0,24.23979876866941
