,1,1l,1r,1s,2,2l,2r,2s,3,3l,3r,3s,4,4l,4r,4s,id,1_2,1_3,1_4,2_1,2_3,2_4,3_1,3_2,3_4,4_1,4_2,4_3,p1,p2,p3,p4,speed0,speed1,speed2,speed3,speed4,stop0,stop1,stop2,stop3,stop4,time,timeloss0,timeloss1,timeloss2,timeloss3,timeloss4,travel0,travel1,travel2,travel3,travel4,wait0,wait1,wait2,wait3,wait4,rsll_rsl_rssslll_rrsssll_0,rsll_rsl_rssslll_rrsssll_1,rsll_rsl_rssslll_rrsssll_2,rsll_rsl_rssslll_rrsssll_3,performance measure
0,4,2,1,1,3,1,1,1,7,3,1,3,7,2,2,3,rsll_rsl_rssslll_rrsssll,268.0,140.0,123.0,257.0,206.0,205.0,916.0,286.0,223.0,166.0,846.0,487.0,5.0,10.0,10.0,10.0,8.895443244933414,9.05293056817381,9.040901859605086,9.282073313592997,9.23354460667616,0.8877911079745943,0.819683908045977,0.8761699064074874,0.7804511278195488,0.7953216374269005,3.5311741828918457,25.625130557515917,23.253915229885074,24.82621310295177,21.26322556390977,21.37851608187135,70.29781227946366,67.94899425287356,69.52123830093592,65.85639097744361,66.08260233918129,16.846153846153847,15.051724137931034,16.251259899208062,13.39172932330827,13.396198830409357,5.0,10.0,10.0,10.0,14.987413207402113
