,1,1l,1r,1s,2,2l,2r,2s,3,3l,3r,3s,4,4l,4r,4s,id,1_2,1_3,1_4,2_1,2_3,2_4,3_1,3_2,3_4,4_1,4_2,4_3,p1,p2,p3,p4,speed0,speed1,speed2,speed3,speed4,stop0,stop1,stop2,stop3,stop4,time,timeloss0,timeloss1,timeloss2,timeloss3,timeloss4,travel0,travel1,travel2,travel3,travel4,wait0,wait1,wait2,wait3,wait4,rsl_rsssll_rrssl_rrsslll_0,rsl_rsssll_rrssl_rrsslll_1,rsl_rsssll_rrssl_rrsslll_2,rsl_rsssll_rrssl_rrsslll_3,performance measure
0,3,1,1,1,6,2,1,3,5,1,2,2,7,3,2,2,rsl_rsssll_rrssl_rrsslll,293.0,45.0,136.0,77.0,128.0,140.0,508.0,272.0,191.0,639.0,355.0,571.0,15.0,10.0,10.0,10.0,9.042630543044067,9.059545907970277,9.029505096902268,9.209905323237765,9.106439269934784,0.764406779661017,0.7613240418118467,0.7779783393501805,0.7432675044883303,0.7522522522522522,3.1939826011657715,24.29194915254239,23.681698606271766,23.776398916967526,22.27068222621184,23.250243243243258,68.86101694915254,68.30923344947735,68.42148014440433,66.8294434470377,67.87207207207207,16.508474576271187,15.881533101045296,15.959386281588447,14.651705565529623,15.626126126126126,15.0,10.0,10.0,10.0,15.725445130112135
