,1,1l,1r,1s,2,2l,2r,2s,3,3l,3r,3s,4,4l,4r,4s,id,1_2,1_3,1_4,2_1,2_3,2_4,3_1,3_2,3_4,4_1,4_2,4_3,p1,p2,p3,p4,speed0,speed1,speed2,speed3,speed4,stop0,stop1,stop2,stop3,stop4,time,timeloss0,timeloss1,timeloss2,timeloss3,timeloss4,travel0,travel1,travel2,travel3,travel4,wait0,wait1,wait2,wait3,wait4,rrslll_rssll_rsl_rssssll_0,rrslll_rssll_rsl_rssssll_1,rrslll_rssll_rsl_rssssll_2,rrslll_rssll_rsl_rssssll_3,performance measure
0,6,3,2,1,5,2,1,2,3,1,1,1,7,2,1,4,rrslll_rssll_rsl_rssssll,331.0,261.0,596.0,213.0,180.0,665.0,187.0,201.0,280.0,163.0,611.0,185.0,10.0,10.0,5.0,15.0,9.202003412424247,9.244536458216166,8.81419817995246,8.864909366125602,9.236758416691941,0.7708174178762414,0.7708174178762414,0.9175704989154013,0.8925490196078432,0.7663410969196093,3.7828714847564697,22.530710466004603,22.199763177998474,30.108575560375932,27.662062745098016,22.291427498121685,67.14362108479756,66.82505729564554,74.76644974692697,72.26980392156862,66.88129226145755,14.618792971734148,14.353705118411002,20.572668112798265,18.79137254901961,14.354620586025545,10.0,10.0,5.0,15.0,16.538231867597716
