,1,1l,1r,1s,2,2l,2r,2s,3,3l,3r,3s,4,4l,4r,4s,id,1_2,1_3,1_4,2_1,2_3,2_4,3_1,3_2,3_4,4_1,4_2,4_3,p1,p2,p3,p4,speed0,speed1,speed2,speed3,speed4,stop0,stop1,stop2,stop3,stop4,time,timeloss0,timeloss1,timeloss2,timeloss3,timeloss4,travel0,travel1,travel2,travel3,travel4,wait0,wait1,wait2,wait3,wait4,rrsll_rssl_rsssll_rsl_0,rrsll_rssl_rsssll_rsl_1,rrsll_rssl_rsssll_rsl_2,rrsll_rssl_rsssll_rsl_3,performance measure
0,5,2,2,1,4,1,1,2,6,2,1,3,3,1,1,1,rrsll_rssl_rsssll_rsl,583.0,142.0,497.0,279.0,41.0,711.0,806.0,251.0,398.0,276.0,92.0,205.0,15.0,15.0,15.0,21.0,8.39015534301854,8.064708082768497,8.151028441519165,8.349780137561236,8.409284072187397,0.7887517146776406,0.8728403593642018,0.8450134770889488,0.8015591778880227,0.7923997185080929,3.7652902603149414,30.945576131687254,36.145300621976524,34.1674258760108,31.215279943302644,30.065489092188553,75.7997256515775,81.01935038009675,79.02628032345014,76.10276399716513,74.9338494018297,22.395061728395063,26.887353144436766,25.06940700808625,22.688873139617293,21.619282195636874,15.0,15.0,15.0,21.0,23.731995443234446
