,1,1l,1r,1s,2,2l,2r,2s,3,3l,3r,3s,4,4l,4r,4s,id,1_2,1_3,1_4,2_1,2_3,2_4,3_1,3_2,3_4,4_1,4_2,4_3,p1,p2,p3,p4,speed0,speed1,speed2,speed3,speed4,stop0,stop1,stop2,stop3,stop4,time,timeloss0,timeloss1,timeloss2,timeloss3,timeloss4,travel0,travel1,travel2,travel3,travel4,wait0,wait1,wait2,wait3,wait4,rsl_rssslll_rrsssl_rsslll_0,rsl_rssslll_rrsssl_rsslll_1,rsl_rssslll_rrsssl_rsslll_2,rsl_rssslll_rrsssl_rsslll_3,performance measure
0,3,1,1,1,7,3,1,3,6,1,2,3,6,3,1,2,rsl_rssslll_rrsssl_rsslll,136.0,248.0,156.0,119.0,737.0,1069.0,382.0,279.0,116.0,515.0,187.0,252.0,5.0,10.0,10.0,15.0,8.900906349201312,9.148510819223363,8.71235388567728,9.07600758386295,9.096338513430844,1.0168776371308017,0.8097222222222222,1.0069686411149825,0.8442565186751233,0.802945301542777,3.9328064918518066,34.38898734177215,23.897368055555553,33.861616724738724,25.674538407329155,23.91616409537163,79.18706047819971,68.7,78.67386759581882,70.47498238195912,68.73001402524544,24.5210970464135,15.864583333333334,23.746341463414634,17.39957716701903,15.828892005610099,5.0,10.0,10.0,15.0,19.47209820315812
