,1,1l,1r,1s,2,2l,2r,2s,3,3l,3r,3s,4,4l,4r,4s,id,1_2,1_3,1_4,2_1,2_3,2_4,3_1,3_2,3_4,4_1,4_2,4_3,p1,p2,p3,p4,speed0,speed1,speed2,speed3,speed4,stop0,stop1,stop2,stop3,stop4,time,timeloss0,timeloss1,timeloss2,timeloss3,timeloss4,travel0,travel1,travel2,travel3,travel4,wait0,wait1,wait2,wait3,wait4,rssl_rrsslll_rsl_rrsll_0,rssl_rrsslll_rsl_rrsll_1,rssl_rrsslll_rsl_rrsll_2,rssl_rrsslll_rsl_rrsll_3,performance measure
0,4,1,1,2,7,3,2,2,3,1,1,1,5,2,2,1,rssl_rrsslll_rsl_rrsll,66.0,156.0,58.0,180.0,659.0,414.0,142.0,102.0,142.0,522.0,252.0,268.0,5.0,5.0,10.0,10.0,9.21974480605183,9.49670235652108,9.214959418884504,9.4555080468956,9.531341181089527,0.9049951028403526,0.7633885102239533,0.8855250709555346,0.7934560327198364,0.751004016064257,3.0149106979370117,24.77501469147891,20.39484907497565,23.893642384105934,21.681533742331265,19.895793172690773,69.70617042115573,65.3369036027264,68.76253547776727,66.61451942740287,64.83534136546184,16.355533790401566,12.66601752677702,15.533585619678336,13.946830265848671,12.244979919678714,5.0,5.0,10.0,10.0,14.14938942447686
