,1,1l,1r,1s,2,2l,2r,2s,3,3l,3r,3s,4,4l,4r,4s,id,1_2,1_3,1_4,2_1,2_3,2_4,3_1,3_2,3_4,4_1,4_2,4_3,p1,p2,p3,p4,speed0,speed1,speed2,speed3,speed4,stop0,stop1,stop2,stop3,stop4,time,timeloss0,timeloss1,timeloss2,timeloss3,timeloss4,travel0,travel1,travel2,travel3,travel4,wait0,wait1,wait2,wait3,wait4,rsl_rsl_rsl_rrssll_0,rsl_rsl_rsl_rrssll_1,rsl_rsl_rsl_rrssll_2,rsl_rsl_rsl_rrssll_3,performance measure
0,3,1,1,1,3,1,1,1,3,1,1,1,6,2,2,2,rsl_rsl_rsl_rrssll,251.0,315.0,218.0,59.0,226.0,115.0,266.0,203.0,208.0,529.0,363.0,512.0,15.0,15.0,15.0,10.0,8.884905703217804,8.575815467718149,8.560911383113522,8.788087901640903,8.683680184378282,0.7502198768689534,0.8096491228070175,0.8104982206405694,0.7617728531855956,0.8019713261648745,3.15136981010437,25.60799472295512,28.1505,28.55475088967971,26.858448753462582,28.851039426523272,70.4934036939314,73.10877192982456,73.50800711743773,71.77562326869806,73.76164874551971,17.598944591029024,19.773684210526316,20.088078291814945,18.655586334256693,20.31272401433692,15.0,15.0,15.0,10.0,19.28580348839278
