,1,1l,1r,1s,2,2l,2r,2s,3,3l,3r,3s,4,4l,4r,4s,id,1_2,1_3,1_4,2_1,2_3,2_4,3_1,3_2,3_4,4_1,4_2,4_3,p1,p2,p3,p4,speed0,speed1,speed2,speed3,speed4,stop0,stop1,stop2,stop3,stop4,time,timeloss0,timeloss1,timeloss2,timeloss3,timeloss4,travel0,travel1,travel2,travel3,travel4,wait0,wait1,wait2,wait3,wait4,rsl_rsssl_rssssl_rssll_0,rsl_rsssl_rssssl_rssll_1,rsl_rsssl_rssssl_rssll_2,rsl_rsssl_rssssl_rssll_3,performance measure
0,3,1,1,1,5,1,1,3,6,1,1,4,5,2,1,2,rsl_rsssl_rssssl_rssll,156.0,197.0,251.0,239.0,57.0,382.0,1387.0,296.0,90.0,498.0,403.0,143.0,10.0,15.0,15.0,10.0,9.012962956046,8.83439674447043,8.777216195827947,8.999699428777332,8.943949634829227,0.749266862170088,0.7798561151079136,0.7965156794425087,0.7600302800908403,0.7608232789212207,3.6865956783294678,24.130535190615845,25.207143884892076,25.716954703832744,24.029523088569263,24.314336408800564,68.9274193548387,70.09496402877699,70.62578397212543,68.8228614685844,69.18523775727466,16.238269794721408,17.053237410071944,17.41184668989547,16.130961392884178,16.23846699787083,10.0,15.0,15.0,10.0,16.614556457088764
