,1,1l,1r,1s,2,2l,2r,2s,3,3l,3r,3s,4,4l,4r,4s,id,1_2,1_3,1_4,2_1,2_3,2_4,3_1,3_2,3_4,4_1,4_2,4_3,p1,p2,p3,p4,speed0,speed1,speed2,speed3,speed4,stop0,stop1,stop2,stop3,stop4,time,timeloss0,timeloss1,timeloss2,timeloss3,timeloss4,travel0,travel1,travel2,travel3,travel4,wait0,wait1,wait2,wait3,wait4,rssll_rrssl_rssslll_rrssll_0,rssll_rrssl_rssslll_rrssll_1,rssll_rrssl_rssslll_rrssll_2,rssll_rrssl_rssslll_rrssll_3,performance measure
0,5,2,1,2,5,1,2,2,7,3,1,3,6,2,2,2,rssll_rrssl_rssslll_rrssll,451.0,696.0,259.0,465.0,192.0,416.0,592.0,245.0,416.0,282.0,322.0,533.0,10.0,15.0,10.0,10.0,9.08450680543928,9.149550706605424,8.986646495691337,9.217505364386986,9.233508292980579,0.7603305785123967,0.7475786924939467,0.7783132530120482,0.7192870782940802,0.7258663366336634,4.073418617248535,23.117792207792213,22.645950363196114,24.081084337349356,21.97492043284529,21.728898514851487,67.72432113341205,67.29782082324455,68.72289156626506,66.56206238064927,66.35210396039604,15.392561983471074,14.947336561743342,16.110843373493974,14.398472310630172,14.140470297029703,10.0,15.0,10.0,10.0,14.997936905273653
