,1,1l,1r,1s,2,2l,2r,2s,3,3l,3r,3s,4,4l,4r,4s,id,1_2,1_3,1_4,2_1,2_3,2_4,3_1,3_2,3_4,4_1,4_2,4_3,p1,p2,p3,p4,speed0,speed1,speed2,speed3,speed4,stop0,stop1,stop2,stop3,stop4,time,timeloss0,timeloss1,timeloss2,timeloss3,timeloss4,travel0,travel1,travel2,travel3,travel4,wait0,wait1,wait2,wait3,wait4,rsl_rsl_rsl_rrssll_0,rsl_rsl_rsl_rrssll_1,rsl_rsl_rsl_rrssll_2,rsl_rsl_rsl_rrssll_3,performance measure
0,3,1,1,1,3,1,1,1,3,1,1,1,6,2,2,2,rsl_rsl_rsl_rrssll,232.0,300.0,310.0,209.0,315.0,348.0,168.0,39.0,260.0,365.0,405.0,175.0,15.0,15.0,15.0,15.0,7.957454850000029,8.123160192423704,7.875337206131669,8.01807577740476,8.114537067419022,0.9914122137404581,0.862708719851577,0.9401631912964642,0.9282103134479271,0.9004694835680751,3.123173713684082,40.2005057251908,34.01351576994437,38.276763372620074,38.000839231547026,36.16397183098587,85.2719465648855,79.10111317254174,83.3064369900272,83.1041456016178,81.19342723004695,29.740458015267176,24.915584415584416,28.27651858567543,28.273003033367036,26.424413145539905,15.0,15.0,15.0,15.0,27.525995439086792
