,1,1l,1r,1s,2,2l,2r,2s,3,3l,3r,3s,4,4l,4r,4s,id,1_2,1_3,1_4,2_1,2_3,2_4,3_1,3_2,3_4,4_1,4_2,4_3,p1,p2,p3,p4,speed0,speed1,speed2,speed3,speed4,stop0,stop1,stop2,stop3,stop4,time,timeloss0,timeloss1,timeloss2,timeloss3,timeloss4,travel0,travel1,travel2,travel3,travel4,wait0,wait1,wait2,wait3,wait4,rsl_rrsl_rssslll_rssssl_0,rsl_rrsl_rssslll_rssssl_1,rsl_rrsl_rssslll_rssssl_2,rsl_rrsl_rssslll_rssssl_3,performance measure
0,3,1,1,1,4,1,2,1,7,3,1,3,6,1,1,4,rsl_rrsl_rssslll_rssssl,149.0,212.0,200.0,230.0,113.0,59.0,690.0,41.0,921.0,92.0,235.0,287.0,10.0,10.0,5.0,5.0,9.610004535236603,9.647688638227832,9.434194641842126,9.526423969790127,9.499767860124178,0.7256880733944954,0.7314553990610329,0.7722513089005235,0.7533206831119544,0.7657497781721384,3.189997911453247,18.731605504587183,18.279793427230054,19.79355148342059,19.512647058823532,19.423771073646872,63.57889908256881,63.136150234741784,64.65794066317626,64.42599620493358,64.26708074534162,11.13119266055046,10.7962441314554,11.976439790575917,11.927893738140417,11.706299911268855,10.0,10.0,5.0,5.0,11.50761404639821
