,1,1l,1r,1s,2,2l,2r,2s,3,3l,3r,3s,4,4l,4r,4s,id,1_2,1_3,1_4,2_1,2_3,2_4,3_1,3_2,3_4,4_1,4_2,4_3,p1,p2,p3,p4,speed0,speed1,speed2,speed3,speed4,stop0,stop1,stop2,stop3,stop4,time,timeloss0,timeloss1,timeloss2,timeloss3,timeloss4,travel0,travel1,travel2,travel3,travel4,wait0,wait1,wait2,wait3,wait4,rsssssl_rsl_rrsslll_rsssll_0,rsssssl_rsl_rrsslll_rsssll_1,rsssssl_rsl_rrsslll_rsssll_2,rsssssl_rsl_rrsslll_rsssll_3,performance measure
0,7,1,1,5,3,1,1,1,7,3,2,2,6,2,1,3,rsssssl_rsl_rrsslll_rsssll,183.0,1211.0,150.0,212.0,296.0,120.0,717.0,620.0,364.0,580.0,917.0,232.0,10.0,15.0,15.0,15.0,8.55865362502972,8.319636595822045,8.608779040059567,8.689149282358454,8.66100727618976,0.8205818965517241,0.8737506575486585,0.8082549634273772,0.7872340425531915,0.7910848549946294,4.46870231628418,29.33411099137933,31.448705944239848,28.266509926854756,27.703605823068273,27.375504833512338,74.02801724137932,76.1814834297738,72.92006269592477,72.40537513997761,72.04779806659506,20.69612068965517,22.489216201998946,19.73667711598746,19.34266517357223,19.05907626208378,10.0,15.0,15.0,15.0,20.264751088659516
