,1,1l,1r,1s,2,2l,2r,2s,3,3l,3r,3s,4,4l,4r,4s,id,1_2,1_3,1_4,2_1,2_3,2_4,3_1,3_2,3_4,4_1,4_2,4_3,p1,p2,p3,p4,speed0,speed1,speed2,speed3,speed4,stop0,stop1,stop2,stop3,stop4,time,timeloss0,timeloss1,timeloss2,timeloss3,timeloss4,travel0,travel1,travel2,travel3,travel4,wait0,wait1,wait2,wait3,wait4,rssl_rrsslll_rsl_rrsll_0,rssl_rrsslll_rsl_rrsll_1,rssl_rrsslll_rsl_rrsll_2,rssl_rrsslll_rsl_rrsll_3,performance measure
0,4,1,1,2,7,3,2,2,3,1,1,1,5,2,2,1,rssl_rrsslll_rsl_rrsll,298.0,556.0,318.0,542.0,120.0,380.0,73.0,182.0,53.0,189.0,326.0,565.0,10.0,10.0,5.0,10.0,9.421369357394962,9.011573087484194,9.13768088939572,9.500689305155229,9.329985031737786,0.7448330683624801,0.8648874061718098,0.882258064516129,0.7373913043478261,0.8113207547169812,3.2242836952209473,20.531327503974573,25.689082568807322,25.36870161290322,19.570269565217412,22.497448728465923,65.02464228934817,70.19266055045871,69.88870967741936,64.03478260869565,66.97621000820345,12.554054054054054,16.791492910758965,16.395967741935483,11.944347826086956,14.063166529942576,10.0,10.0,5.0,10.0,14.349805812555607
