,1,1l,1r,1s,2,2l,2r,2s,3,3l,3r,3s,4,4l,4r,4s,id,1_2,1_3,1_4,2_1,2_3,2_4,3_1,3_2,3_4,4_1,4_2,4_3,p1,p2,p3,p4,speed0,speed1,speed2,speed3,speed4,stop0,stop1,stop2,stop3,stop4,time,timeloss0,timeloss1,timeloss2,timeloss3,timeloss4,travel0,travel1,travel2,travel3,travel4,wait0,wait1,wait2,wait3,wait4,rsssl_rrsll_rsl_rsslll_0,rsssl_rrsll_rsl_rsslll_1,rsssl_rrsll_rsl_rsslll_2,rsssl_rrsll_rsl_rsslll_3,performance measure
0,5,1,1,3,5,2,2,1,3,1,1,1,6,3,1,2,rsssl_rrsll_rsl_rsslll,157.0,309.0,140.0,645.0,253.0,48.0,286.0,55.0,287.0,684.0,719.0,164.0,15.0,15.0,15.0,21.0,8.330829008765354,8.515377015765381,8.327696045321936,8.366537902334265,8.495274570009174,0.8317230273752013,0.767275615567911,0.806403574087863,0.8147249190938511,0.7885852090032154,3.590665102005005,32.969323671497605,29.852692613185045,33.094951600893594,33.21470064724919,30.25093247588424,77.7914653784219,74.69658459094519,77.8897989575577,78.0299352750809,75.05385852090032,24.256038647342994,21.62351072279587,24.381236038719287,24.58009708737864,21.959807073954984,15.0,15.0,15.0,21.0,23.360137914038354
