,1,1l,1r,1s,2,2l,2r,2s,3,3l,3r,3s,4,4l,4r,4s,id,1_2,1_3,1_4,2_1,2_3,2_4,3_1,3_2,3_4,4_1,4_2,4_3,p1,p2,p3,p4,speed0,speed1,speed2,speed3,speed4,stop0,stop1,stop2,stop3,stop4,time,timeloss0,timeloss1,timeloss2,timeloss3,timeloss4,travel0,travel1,travel2,travel3,travel4,wait0,wait1,wait2,wait3,wait4,rsssl_rrsll_rsl_rsslll_0,rsssl_rrsll_rsl_rsslll_1,rsssl_rrsll_rsl_rsslll_2,rsssl_rrsll_rsl_rsslll_3,performance measure
0,5,1,1,3,5,2,2,1,3,1,1,1,6,3,1,2,rsssl_rrsll_rsl_rsslll,192.0,1035.0,249.0,183.0,154.0,225.0,105.0,36.0,45.0,956.0,377.0,42.0,10.0,15.0,15.0,10.0,8.636131459651612,8.68058661110757,8.784903897675148,8.655878217860511,8.662325133893688,0.884046052631579,0.8298722044728435,0.7996729354047425,0.8389319552110249,0.8201790073230268,3.3595361709594727,31.281661184210556,27.592523961661392,26.362526573998377,27.784117140396244,27.16655004068348,76.1998355263158,72.53035143769968,71.31152902698283,72.74332472006891,72.09926769731489,22.129111842105264,19.00399361022364,18.10874897792314,19.339362618432386,18.655817737998373,10.0,15.0,15.0,10.0,19.44740695733656
