,1,1l,1r,1s,2,2l,2r,2s,3,3l,3r,3s,4,4l,4r,4s,id,1_2,1_3,1_4,2_1,2_3,2_4,3_1,3_2,3_4,4_1,4_2,4_3,p1,p2,p3,p4,speed0,speed1,speed2,speed3,speed4,stop0,stop1,stop2,stop3,stop4,time,timeloss0,timeloss1,timeloss2,timeloss3,timeloss4,travel0,travel1,travel2,travel3,travel4,wait0,wait1,wait2,wait3,wait4,rsl_rsssl_rssssl_rssll_0,rsl_rsssl_rssssl_rssll_1,rsl_rsssl_rssssl_rssll_2,rsl_rsssl_rssssl_rssll_3,performance measure
0,3,1,1,1,5,1,1,3,6,1,1,4,5,2,1,2,rsl_rsssl_rssssl_rssll,117.0,104.0,113.0,167.0,220.0,388.0,550.0,298.0,292.0,378.0,623.0,47.0,10.0,5.0,10.0,10.0,8.815358887495954,9.041481507614137,8.68524964499419,8.896309786519712,8.848687426055102,0.8937112488928255,0.8398544131028207,0.9429081177520071,0.879392212725546,0.8741007194244604,3.3292462825775146,26.00288751107177,23.640573248407637,27.766074933095457,25.945849952516618,25.351456834532378,70.84322409211691,68.4449499545041,72.61016949152543,70.80341880341881,70.16456834532374,17.5022143489814,15.601455868971792,18.663693131132916,17.346628679962013,16.975719424460433,10.0,5.0,10.0,10.0,17.21794229070171
