,1,1l,1r,1s,2,2l,2r,2s,3,3l,3r,3s,4,4l,4r,4s,id,1_2,1_3,1_4,2_1,2_3,2_4,3_1,3_2,3_4,4_1,4_2,4_3,p1,p2,p3,p4,speed0,speed1,speed2,speed3,speed4,stop0,stop1,stop2,stop3,stop4,time,timeloss0,timeloss1,timeloss2,timeloss3,timeloss4,travel0,travel1,travel2,travel3,travel4,wait0,wait1,wait2,wait3,wait4,rssll_rrssl_rssslll_rrssll_0,rssll_rrssl_rssslll_rrssll_1,rssll_rrssl_rssslll_rrssll_2,rssll_rrssl_rssslll_rrssll_3,performance measure
0,5,2,1,2,5,1,2,2,7,3,1,3,6,2,2,2,rssll_rrssl_rssslll_rrssll,218.0,395.0,267.0,247.0,260.0,274.0,1029.0,133.0,686.0,310.0,573.0,271.0,10.0,15.0,10.0,10.0,8.91466614337819,8.954841089054748,8.408744625996354,8.787640538298113,8.751680562506088,0.7911877394636015,0.7973400886637112,0.9666460778258185,0.8915824915824916,0.8351299936588459,4.202130079269409,24.952873563218347,24.635731475617508,33.41935145151329,28.630316498316507,27.3633988585923,69.75351213282248,69.45155161494617,78.26065472513898,73.45858585858586,72.16804058338617,16.934227330779056,16.60101329955668,23.978381717109325,19.765656565656567,18.910589727330375,10.0,15.0,10.0,10.0,19.237973728086402
