,1,1l,1r,1s,2,2l,2r,2s,3,3l,3r,3s,4,4l,4r,4s,id,1_2,1_3,1_4,2_1,2_3,2_4,3_1,3_2,3_4,4_1,4_2,4_3,p1,p2,p3,p4,speed0,speed1,speed2,speed3,speed4,stop0,stop1,stop2,stop3,stop4,time,timeloss0,timeloss1,timeloss2,timeloss3,timeloss4,travel0,travel1,travel2,travel3,travel4,wait0,wait1,wait2,wait3,wait4,rsl_rsl_rsssl_rsl_0,rsl_rsl_rsssl_rsl_1,rsl_rsl_rsssl_rsl_2,rsl_rsl_rsssl_rsl_3,performance measure
0,3,1,1,1,3,1,1,1,5,1,1,3,3,1,1,1,rsl_rsl_rsssl_rsl,221.0,281.0,81.0,80.0,234.0,288.0,362.0,159.0,134.0,322.0,280.0,293.0,10.0,15.0,15.0,15.0,7.968613733654051,8.175098612283028,8.267563765724168,8.498211687559946,8.290822185159543,1.1061571125265393,0.8913738019169329,0.935244161358811,0.828039430449069,0.8748603351955307,3.0717971324920654,45.5200636942675,33.6589350372737,35.0985881104034,31.192190580503823,32.61427932960893,90.58704883227176,78.77422790202343,80.20382165605096,76.26506024096386,77.68603351955308,33.981953290870486,24.43982960596379,25.426751592356688,22.404162102957283,23.472625698324023,10.0,15.0,15.0,15.0,25.945064458094453
