,1,1l,1r,1s,2,2l,2r,2s,3,3l,3r,3s,4,4l,4r,4s,id,1_2,1_3,1_4,2_1,2_3,2_4,3_1,3_2,3_4,4_1,4_2,4_3,p1,p2,p3,p4,speed0,speed1,speed2,speed3,speed4,stop0,stop1,stop2,stop3,stop4,time,timeloss0,timeloss1,timeloss2,timeloss3,timeloss4,travel0,travel1,travel2,travel3,travel4,wait0,wait1,wait2,wait3,wait4,rssslll_rssll_rsssl_rrssl_0,rssslll_rssll_rsssl_rrssl_1,rssslll_rssll_rsssl_rrssl_2,rssslll_rssll_rsssl_rrssl_3,performance measure
0,7,3,1,3,5,2,1,2,5,1,1,3,5,1,2,2,rssslll_rssll_rsssl_rrssl,337.0,564.0,92.0,303.0,557.0,433.0,1005.0,186.0,179.0,286.0,274.0,448.0,10.0,15.0,15.0,10.0,8.603603194143123,8.793422155946466,8.73627292046634,8.853676467466672,8.823624141454811,0.835633626097867,0.7940619077700568,0.8052825552825553,0.7760898282694848,0.7939666238767651,3.9817287921905518,28.490984943538262,25.93301958307019,26.383151105651084,25.580145310435928,25.545109114248998,73.28732747804266,70.73404927353127,71.21314496314497,70.35799207397622,70.34788189987162,19.986198243412797,17.78648136449779,18.132063882063882,17.56869220607662,17.440949935815148,10.0,15.0,15.0,10.0,18.18287712637325
