,1,1l,1r,1s,2,2l,2r,2s,3,3l,3r,3s,4,4l,4r,4s,id,1_2,1_3,1_4,2_1,2_3,2_4,3_1,3_2,3_4,4_1,4_2,4_3,p1,p2,p3,p4,speed0,speed1,speed2,speed3,speed4,stop0,stop1,stop2,stop3,stop4,time,timeloss0,timeloss1,timeloss2,timeloss3,timeloss4,travel0,travel1,travel2,travel3,travel4,wait0,wait1,wait2,wait3,wait4,rsl_rsssll_rrssl_rrsslll_0,rsl_rsssll_rrssl_rrsslll_1,rsl_rsssll_rrssl_rrsslll_2,rsl_rsssll_rrssl_rrsslll_3,performance measure
0,3,1,1,1,6,2,1,3,5,1,2,2,7,3,2,2,rsl_rsssll_rrssl_rrsslll,90.0,227.0,139.0,313.0,326.0,404.0,553.0,138.0,292.0,710.0,616.0,211.0,10.0,10.0,10.0,10.0,8.8708658507093,8.607443276507464,8.307402894374757,8.68648080690779,8.487000519603127,0.8364174685418209,0.9234167893961709,1.0021428571428572,0.941358024691358,0.9434102755026061,3.4528748989105225,25.359037749814924,28.18388070692191,33.413250000000005,29.287430555555574,29.964772896500413,70.14803849000741,72.99852724594993,78.28071428571428,74.01851851851852,74.78629932985852,17.059215396002962,19.262886597938145,23.414285714285715,20.012345679012345,20.866716306775874,10.0,10.0,10.0,10.0,20.123089938803005
