,1,1l,1r,1s,2,2l,2r,2s,3,3l,3r,3s,4,4l,4r,4s,id,1_2,1_3,1_4,2_1,2_3,2_4,3_1,3_2,3_4,4_1,4_2,4_3,p1,p2,p3,p4,speed0,speed1,speed2,speed3,speed4,stop0,stop1,stop2,stop3,stop4,time,timeloss0,timeloss1,timeloss2,timeloss3,timeloss4,travel0,travel1,travel2,travel3,travel4,wait0,wait1,wait2,wait3,wait4,rsl_rsl_rsl_rrssll_0,rsl_rsl_rsl_rrssll_1,rsl_rsl_rsl_rrssll_2,rsl_rsl_rsl_rrssll_3,performance measure
0,3,1,1,1,3,1,1,1,3,1,1,1,6,2,2,2,rsl_rsl_rsl_rrssll,216.0,166.0,151.0,134.0,227.0,95.0,44.0,189.0,135.0,291.0,718.0,597.0,10.0,10.0,10.0,15.0,9.166675993905342,9.195558747520892,9.055792599686415,9.089973632714626,9.147750991831808,0.7656546489563567,0.7324649298597194,0.7799188640973631,0.797071129707113,0.734313725490196,3.126277208328247,24.13028462998099,22.80067134268534,24.209705882352917,25.852552301255205,22.435303921568604,68.96394686907021,67.69839679358718,69.12271805273834,70.72489539748953,67.29313725490196,15.939278937381404,15.056112224448897,16.198782961460445,17.576359832635983,14.56764705882353,10.0,10.0,10.0,15.0,15.867636202950052
