,1,1l,1r,1s,2,2l,2r,2s,3,3l,3r,3s,4,4l,4r,4s,id,1_2,1_3,1_4,2_1,2_3,2_4,3_1,3_2,3_4,4_1,4_2,4_3,p1,p2,p3,p4,speed0,speed1,speed2,speed3,speed4,stop0,stop1,stop2,stop3,stop4,time,timeloss0,timeloss1,timeloss2,timeloss3,timeloss4,travel0,travel1,travel2,travel3,travel4,wait0,wait1,wait2,wait3,wait4,rsll_rsl_rssslll_rrsssll_0,rsll_rsl_rssslll_rrsssll_1,rsll_rsl_rssslll_rrsssll_2,rsll_rsl_rssslll_rrsssll_3,performance measure
0,4,2,1,1,3,1,1,1,7,3,1,3,7,2,2,3,rsll_rsl_rssslll_rrsssll,466.0,173.0,206.0,77.0,150.0,344.0,296.0,179.0,524.0,347.0,816.0,381.0,10.0,10.0,10.0,15.0,8.915784291451184,9.138455891353301,8.746679701582389,9.223779755815187,9.027232126009167,0.8039073806078147,0.7533136966126657,0.8546511627906976,0.7391304347826086,0.7739322533136966,3.555600166320801,25.45520260492041,23.141553755522818,27.49478924418605,22.06362577639752,23.572709867452126,70.20043415340086,67.91384388807069,72.31177325581395,66.79503105590062,68.34167893961708,17.20477568740955,15.328424153166422,19.01889534883721,14.539596273291925,15.649484536082474,10.0,10.0,10.0,15.0,16.348235199757514
