,1,1l,1r,1s,2,2l,2r,2s,3,3l,3r,3s,4,4l,4r,4s,id,1_2,1_3,1_4,2_1,2_3,2_4,3_1,3_2,3_4,4_1,4_2,4_3,p1,p2,p3,p4,speed0,speed1,speed2,speed3,speed4,stop0,stop1,stop2,stop3,stop4,time,timeloss0,timeloss1,timeloss2,timeloss3,timeloss4,travel0,travel1,travel2,travel3,travel4,wait0,wait1,wait2,wait3,wait4,rsl_rsl_rsssl_rsl_0,rsl_rsl_rsssl_rsl_1,rsl_rsl_rsssl_rsl_2,rsl_rsl_rsssl_rsl_3,performance measure
0,3,1,1,1,3,1,1,1,5,1,1,3,3,1,1,1,rsl_rsl_rsssl_rsl,292.0,106.0,54.0,177.0,154.0,163.0,594.0,303.0,171.0,297.0,195.0,282.0,15.0,10.0,15.0,10.0,8.597408055372195,8.785219146787561,8.699746915085166,8.877819917854772,8.636039146748557,0.814663951120163,0.7706131078224101,0.7985386221294363,0.7760702524698134,0.8314014752370916,2.8359274864196777,28.447464358452148,25.947959830866797,26.611732776617956,24.952952799121807,28.461949420442554,73.47046843177189,70.97145877378435,71.62004175365344,69.91767288693742,73.45205479452055,19.79938900203666,17.830866807610995,18.11482254697286,16.874862788144895,19.833508956796628,15.0,10.0,15.0,10.0,18.490690020312407
