,1,1l,1r,1s,2,2l,2r,2s,3,3l,3r,3s,4,4l,4r,4s,id,1_2,1_3,1_4,2_1,2_3,2_4,3_1,3_2,3_4,4_1,4_2,4_3,p1,p2,p3,p4,speed0,speed1,speed2,speed3,speed4,stop0,stop1,stop2,stop3,stop4,time,timeloss0,timeloss1,timeloss2,timeloss3,timeloss4,travel0,travel1,travel2,travel3,travel4,wait0,wait1,wait2,wait3,wait4,rsl_rsl_rsssl_rsl_0,rsl_rsl_rsssl_rsl_1,rsl_rsl_rsssl_rsl_2,rsl_rsl_rsssl_rsl_3,performance measure
0,3,1,1,1,3,1,1,1,5,1,1,3,3,1,1,1,rsl_rsl_rsssl_rsl,138.0,141.0,106.0,301.0,97.0,245.0,711.0,268.0,290.0,182.0,315.0,44.0,15.0,10.0,10.0,15.0,8.48065671530668,8.350124291189495,8.420308666442214,8.800467405269773,8.60417739553442,0.8328236493374108,0.8756530825496343,0.8532110091743119,0.7780172413793104,0.8234086242299795,2.7656466960906982,29.28854230377167,31.157795193312392,29.46917431192659,25.954116379310374,27.9071457905544,74.27726809378186,76.1901776384535,74.52089704383282,70.93211206896552,72.90041067761807,20.531090723751273,22.3521421107628,20.648318042813457,17.76616379310345,19.401437371663246,15.0,10.0,10.0,15.0,20.139830408418845
