,1,1l,1r,1s,2,2l,2r,2s,3,3l,3r,3s,4,4l,4r,4s,id,1_2,1_3,1_4,2_1,2_3,2_4,3_1,3_2,3_4,4_1,4_2,4_3,p1,p2,p3,p4,speed0,speed1,speed2,speed3,speed4,stop0,stop1,stop2,stop3,stop4,time,timeloss0,timeloss1,timeloss2,timeloss3,timeloss4,travel0,travel1,travel2,travel3,travel4,wait0,wait1,wait2,wait3,wait4,rslll_rsl_rrslll_rsl_0,rslll_rsl_rrslll_rsl_1,rslll_rsl_rrslll_rsl_2,rslll_rsl_rrslll_rsl_3,performance measure
0,5,3,1,1,3,1,1,1,6,3,2,1,3,1,1,1,rslll_rsl_rrslll_rsl,185.0,43.0,270.0,148.0,181.0,353.0,93.0,390.0,521.0,299.0,195.0,65.0,10.0,5.0,15.0,15.0,8.897829065423451,9.199221873901054,9.004260185809338,9.259542504782708,9.161512650138894,0.8126293995859213,0.7355191256830601,0.7889125799573561,0.7276887871853547,0.7435098650051921,2.892537832260132,26.104182194616982,22.422743169398895,24.442206823027693,21.804839816933654,22.545773624091353,70.97619047619048,67.30601092896175,69.37953091684435,66.65903890160183,67.42782969885774,17.562111801242235,14.65136612021858,16.34008528784648,14.227688787185354,14.667705088265835,10.0,5.0,15.0,15.0,15.489791416951698
