,1,1l,1r,1s,2,2l,2r,2s,3,3l,3r,3s,4,4l,4r,4s,id,1_2,1_3,1_4,2_1,2_3,2_4,3_1,3_2,3_4,4_1,4_2,4_3,p1,p2,p3,p4,speed0,speed1,speed2,speed3,speed4,stop0,stop1,stop2,stop3,stop4,time,timeloss0,timeloss1,timeloss2,timeloss3,timeloss4,travel0,travel1,travel2,travel3,travel4,wait0,wait1,wait2,wait3,wait4,rsssssl_rsl_rrsslll_rsssll_0,rsssssl_rsl_rrsslll_rsssll_1,rsssssl_rsl_rrsslll_rsssll_2,rsssssl_rsl_rrsslll_rsssll_3,performance measure
0,7,1,1,5,3,1,1,1,7,3,2,2,6,2,1,3,rsssssl_rsl_rrsslll_rsssll,318.0,416.0,213.0,309.0,42.0,43.0,673.0,419.0,165.0,148.0,1072.0,281.0,15.0,15.0,5.0,15.0,9.016463407869916,8.825351178396735,8.740335413408554,9.145902430159197,8.944664685950835,0.7453237410071942,0.7936046511627907,0.813858695652174,0.7325038880248833,0.7661870503597122,3.6410443782806396,23.897208633093495,25.639796511627917,27.007180706521723,22.811026438569193,24.286863309352494,68.46690647482015,70.26453488372093,71.61752717391305,67.31259720062208,68.86906474820144,15.996402877697841,17.379360465116278,18.358016304347824,15.090202177293934,16.228776978417265,15.0,15.0,5.0,15.0,16.61055176057463
