,1,1l,1r,1s,2,2l,2r,2s,3,3l,3r,3s,4,4l,4r,4s,id,1_2,1_3,1_4,2_1,2_3,2_4,3_1,3_2,3_4,4_1,4_2,4_3,p1,p2,p3,p4,speed0,speed1,speed2,speed3,speed4,stop0,stop1,stop2,stop3,stop4,time,timeloss0,timeloss1,timeloss2,timeloss3,timeloss4,travel0,travel1,travel2,travel3,travel4,wait0,wait1,wait2,wait3,wait4,rsl_rrsll_rsl_rslll_0,rsl_rrsll_rsl_rslll_1,rsl_rrsll_rsl_rslll_2,rsl_rrsll_rsl_rslll_3,performance measure
0,3,1,1,1,5,2,2,1,3,1,1,1,5,3,1,1,rsl_rrsll_rsl_rslll,233.0,259.0,178.0,176.0,409.0,107.0,185.0,187.0,117.0,286.0,64.0,224.0,10.0,10.0,10.0,5.0,9.304181134921674,9.522979624331366,9.14396286543562,9.406621898603957,9.384158231204816,0.8098591549295775,0.711217183770883,0.8281430219146482,0.7465321563682219,0.7764423076923077,2.6381747722625732,22.619237089201874,19.483389021479713,23.064521337946967,20.340794451450222,20.886514423076918,67.47652582159624,64.36038186157518,67.95501730103807,65.21185372005044,65.71754807692308,14.556338028169014,12.1909307875895,14.825836216839678,12.75031525851198,13.17548076923077,10.0,10.0,10.0,5.0,13.499780212068188
