,1,1l,1r,1s,2,2l,2r,2s,3,3l,3r,3s,4,4l,4r,4s,id,1_2,1_3,1_4,2_1,2_3,2_4,3_1,3_2,3_4,4_1,4_2,4_3,p1,p2,p3,p4,speed0,speed1,speed2,speed3,speed4,stop0,stop1,stop2,stop3,stop4,time,timeloss0,timeloss1,timeloss2,timeloss3,timeloss4,travel0,travel1,travel2,travel3,travel4,wait0,wait1,wait2,wait3,wait4,rssl_rrsslll_rsl_rrsll_0,rssl_rrsslll_rsl_rrsll_1,rssl_rrsslll_rsl_rrsll_2,rssl_rrsslll_rsl_rrsll_3,performance measure
0,4,1,1,2,7,3,2,2,3,1,1,1,5,2,2,1,rssl_rrsslll_rsl_rrsll,273.0,694.0,262.0,572.0,116.0,639.0,350.0,143.0,174.0,387.0,344.0,348.0,15.0,15.0,10.0,15.0,8.642820079028928,8.329591130438933,8.446502963311374,8.686062315082992,8.245363823141512,0.8084239130434783,0.8657024793388429,0.8421768707482993,0.7811158798283262,0.8828828828828829,3.7317776679992676,28.243267663043486,31.73382920110187,30.59359183673469,28.06145207439199,32.240845460845435,72.9741847826087,76.48278236914601,75.34625850340136,72.82331902718168,77.002772002772,19.55638586956522,22.643250688705233,21.749659863945578,19.55865522174535,23.01108801108801,15.0,15.0,10.0,15.0,21.303807931009878
