,1,1l,1r,1s,2,2l,2r,2s,3,3l,3r,3s,4,4l,4r,4s,id,1_2,1_3,1_4,2_1,2_3,2_4,3_1,3_2,3_4,4_1,4_2,4_3,p1,p2,p3,p4,speed0,speed1,speed2,speed3,speed4,stop0,stop1,stop2,stop3,stop4,time,timeloss0,timeloss1,timeloss2,timeloss3,timeloss4,travel0,travel1,travel2,travel3,travel4,wait0,wait1,wait2,wait3,wait4,rrsssll_rsl_rsl_rrsll_0,rrsssll_rsl_rsl_rrsll_1,rrsssll_rsl_rsl_rrsll_2,rrsssll_rsl_rsl_rrsll_3,performance measure
0,7,2,2,3,3,1,1,1,3,1,1,1,5,2,2,1,rrsssll_rsl_rsl_rrsll,552.0,711.0,617.0,252.0,292.0,166.0,116.0,264.0,196.0,276.0,314.0,458.0,10.0,10.0,10.0,10.0,8.934989460201974,8.753489715487195,8.523022376489816,8.922624078637536,8.919442027656947,0.8392857142857143,0.9241672572643516,0.9757113115891742,0.8677991137370753,0.8634111818825194,3.6272988319396973,25.908241758241743,29.17819277108437,31.638223455933336,26.638530280649938,26.48597310686479,70.6146978021978,73.93196314670446,76.3795975017349,71.31019202363368,71.19886765746638,17.324175824175825,19.83699503897945,21.75086745315753,17.894387001477106,17.61783439490446,10.0,10.0,10.0,10.0,18.884851942538877
