,1,1l,1r,1s,2,2l,2r,2s,3,3l,3r,3s,4,4l,4r,4s,id,1_2,1_3,1_4,2_1,2_3,2_4,3_1,3_2,3_4,4_1,4_2,4_3,p1,p2,p3,p4,speed0,speed1,speed2,speed3,speed4,stop0,stop1,stop2,stop3,stop4,time,timeloss0,timeloss1,timeloss2,timeloss3,timeloss4,travel0,travel1,travel2,travel3,travel4,wait0,wait1,wait2,wait3,wait4,rrslll_rssll_rsl_rssssll_0,rrslll_rssll_rsl_rssssll_1,rrslll_rssll_rsl_rssssll_2,rrslll_rssll_rsl_rssssll_3,performance measure
0,6,3,2,1,5,2,1,2,3,1,1,1,7,2,1,4,rrslll_rssll_rsl_rssssll,697.0,118.0,223.0,134.0,216.0,80.0,159.0,162.0,290.0,260.0,877.0,243.0,15.0,10.0,10.0,10.0,9.162685927393854,9.241629554056985,9.113963798465061,9.222211945606215,9.141591849729744,0.7504230118443317,0.7244635193133048,0.7495867768595041,0.7247292418772563,0.7575236457437661,3.3984200954437256,22.95452622673434,21.96648927038627,23.152314049586778,22.12941335740074,22.941582115219283,67.72335025380711,66.7519313304721,67.93553719008264,66.9187725631769,67.72141014617368,15.241116751269036,14.381974248927039,15.374380165289256,14.641696750902527,15.385210662080825,15.0,10.0,10.0,10.0,15.004875715693737
