,1,1l,1r,1s,2,2l,2r,2s,3,3l,3r,3s,4,4l,4r,4s,id,1_2,1_3,1_4,2_1,2_3,2_4,3_1,3_2,3_4,4_1,4_2,4_3,p1,p2,p3,p4,speed0,speed1,speed2,speed3,speed4,stop0,stop1,stop2,stop3,stop4,time,timeloss0,timeloss1,timeloss2,timeloss3,timeloss4,travel0,travel1,travel2,travel3,travel4,wait0,wait1,wait2,wait3,wait4,rssslll_rrsssl_rsssssl_rsl_0,rssslll_rrsssl_rsssssl_rsl_1,rssslll_rrsssl_rsssssl_rsl_2,rssslll_rrsssl_rsssssl_rsl_3,performance measure
0,7,3,1,3,6,1,2,3,7,1,1,5,3,1,1,1,rssslll_rrsssl_rsssssl_rsl,690.0,621.0,202.0,584.0,154.0,950.0,1734.0,312.0,90.0,215.0,226.0,301.0,10.0,15.0,10.0,15.0,8.903451424241451,8.582328386665546,8.59940233972389,8.846461986133006,8.845645142814146,0.7703777335984096,0.8555282555282555,0.8572783309625415,0.7804754678806272,0.7870646766169154,4.93633246421814,24.746436381709792,29.090486486486437,28.374585111427216,25.300864946889174,25.147303482587063,69.4324055666004,73.82555282555282,73.07823613086771,69.9838138593829,69.86915422885572,16.50944333996024,20.171498771498772,19.46135609293504,16.96206373292868,16.865671641791046,10.0,15.0,10.0,15.0,17.994006715822756
