,1,1l,1r,1s,2,2l,2r,2s,3,3l,3r,3s,4,4l,4r,4s,id,1_2,1_3,1_4,2_1,2_3,2_4,3_1,3_2,3_4,4_1,4_2,4_3,p1,p2,p3,p4,speed0,speed1,speed2,speed3,speed4,stop0,stop1,stop2,stop3,stop4,time,timeloss0,timeloss1,timeloss2,timeloss3,timeloss4,travel0,travel1,travel2,travel3,travel4,wait0,wait1,wait2,wait3,wait4,rsl_rsssll_rrssl_rrsslll_0,rsl_rsssll_rrssl_rrsslll_1,rsl_rsssll_rrssl_rrsslll_2,rsl_rsssll_rrssl_rrsslll_3,performance measure
0,3,1,1,1,6,2,1,3,5,1,2,2,7,3,2,2,rsl_rsssll_rrssl_rrsslll,145.0,86.0,256.0,100.0,142.0,748.0,148.0,447.0,295.0,388.0,710.0,587.0,10.0,5.0,5.0,10.0,9.539766501013384,9.50884793042708,9.2379996257577,9.58989498482719,9.27209684814309,0.7310924369747899,0.7592592592592593,0.8411420204978038,0.7453600593912398,0.810752688172043,3.535123109817505,18.876442577030836,19.539370370370413,21.926632503660315,18.93595397178916,21.304910394265228,63.51190476190476,64.14444444444445,66.6112737920937,63.50927988121752,65.95913978494623,11.228991596638656,11.851851851851851,13.604685212298682,11.281365998515218,13.146236559139785,10.0,5.0,5.0,10.0,12.22262624368884
