,1,1l,1r,1s,2,2l,2r,2s,3,3l,3r,3s,4,4l,4r,4s,id,1_2,1_3,1_4,2_1,2_3,2_4,3_1,3_2,3_4,4_1,4_2,4_3,p1,p2,p3,p4,speed0,speed1,speed2,speed3,speed4,stop0,stop1,stop2,stop3,stop4,time,timeloss0,timeloss1,timeloss2,timeloss3,timeloss4,travel0,travel1,travel2,travel3,travel4,wait0,wait1,wait2,wait3,wait4,rssslll_rrsssl_rsssssl_rsl_0,rssslll_rrsssl_rsssssl_rsl_1,rssslll_rrsssl_rsssssl_rsl_2,rssslll_rrsssl_rsssssl_rsl_3,performance measure
0,7,3,1,3,6,1,2,3,7,1,1,5,3,1,1,1,rssslll_rrsssl_rsssssl_rsl,267.0,792.0,324.0,144.0,231.0,813.0,1440.0,263.0,298.0,119.0,183.0,310.0,15.0,15.0,10.0,15.0,8.808758285427759,8.689375797313142,8.507531278356852,8.556808306460521,8.65707509183478,0.7582608695652174,0.7917146144994246,0.8665919282511211,0.8672672672672672,0.8007968127490039,4.305196762084961,25.898771014492745,27.381380897583384,31.32777466367713,32.58867267267276,27.7315082527035,70.69507246376811,72.19907940161104,76.10762331838565,77.41021021021021,72.4797951052931,17.739710144927535,19.018411967779056,22.308856502242154,23.39219219219219,19.354012521343197,15.0,15.0,10.0,15.0,20.362636665696826
