,1,1l,1r,1s,2,2l,2r,2s,3,3l,3r,3s,4,4l,4r,4s,id,1_2,1_3,1_4,2_1,2_3,2_4,3_1,3_2,3_4,4_1,4_2,4_3,p1,p2,p3,p4,speed0,speed1,speed2,speed3,speed4,stop0,stop1,stop2,stop3,stop4,time,timeloss0,timeloss1,timeloss2,timeloss3,timeloss4,travel0,travel1,travel2,travel3,travel4,wait0,wait1,wait2,wait3,wait4,rsl_rsssssl_rsll_rrssl_0,rsl_rsssssl_rsll_rrssl_1,rsl_rsssssl_rsll_rrssl_2,rsl_rsssssl_rsll_rrssl_3,performance measure
0,3,1,1,1,7,1,1,5,4,2,1,1,5,1,2,2,rsl_rsssssl_rsll_rrssl,164.0,244.0,222.0,222.0,215.0,1201.0,54.0,243.0,226.0,120.0,130.0,391.0,10.0,10.0,10.0,10.0,9.321034241841453,9.218728194003349,9.059005353445627,9.084893851855416,9.317603654344904,0.7347457627118644,0.7699570815450644,0.8219852337981952,0.7864583333333334,0.7454702329594478,3.5385704040527344,21.089483050847413,21.720068669527915,24.706546349466784,23.65229166666667,21.09578947368423,65.82118644067796,66.45751072961373,69.46267432321575,68.36197916666667,65.78084555651424,13.471186440677966,13.91587982832618,16.25430680885972,15.582465277777779,13.388265746333046,10.0,10.0,10.0,10.0,14.522420820394936
