,1,1l,1r,1s,2,2l,2r,2s,3,3l,3r,3s,4,4l,4r,4s,id,1_2,1_3,1_4,2_1,2_3,2_4,3_1,3_2,3_4,4_1,4_2,4_3,p1,p2,p3,p4,speed0,speed1,speed2,speed3,speed4,stop0,stop1,stop2,stop3,stop4,time,timeloss0,timeloss1,timeloss2,timeloss3,timeloss4,travel0,travel1,travel2,travel3,travel4,wait0,wait1,wait2,wait3,wait4,rsl_rsssssl_rsll_rrssl_0,rsl_rsssssl_rsll_rrssl_1,rsl_rsssssl_rsll_rrssl_2,rsl_rsssssl_rsll_rrssl_3,performance measure
0,3,1,1,1,7,1,1,5,4,2,1,1,5,1,2,2,rsl_rsssssl_rsll_rrssl,139.0,175.0,163.0,255.0,76.0,458.0,267.0,237.0,645.0,210.0,260.0,265.0,10.0,10.0,10.0,5.0,8.892624039003055,9.160471875219041,8.869064220176783,8.911793332618146,8.598602546956412,0.8713503649635036,0.7973484848484849,0.899365367180417,0.908284023668639,0.9908003679852806,3.308107614517212,25.42604014598539,22.80108901515151,26.249573889392536,27.173905325443787,29.98941122355105,70.19160583941606,67.58143939393939,70.98821396192203,71.97534516765286,74.7838086476541,16.886861313868614,14.866477272727273,17.29283771532185,18.095660749506905,20.491260349586017,10.0,10.0,10.0,5.0,17.526619480202132
