,1,1l,1r,1s,2,2l,2r,2s,3,3l,3r,3s,4,4l,4r,4s,id,1_2,1_3,1_4,2_1,2_3,2_4,3_1,3_2,3_4,4_1,4_2,4_3,p1,p2,p3,p4,speed0,speed1,speed2,speed3,speed4,stop0,stop1,stop2,stop3,stop4,time,timeloss0,timeloss1,timeloss2,timeloss3,timeloss4,travel0,travel1,travel2,travel3,travel4,wait0,wait1,wait2,wait3,wait4,rsl_rsl_rsssl_rsl_0,rsl_rsl_rsssl_rsl_1,rsl_rsl_rsssl_rsl_2,rsl_rsl_rsssl_rsl_3,performance measure
0,3,1,1,1,3,1,1,1,5,1,1,3,3,1,1,1,rsl_rsl_rsssl_rsl,215.0,52.0,258.0,96.0,205.0,293.0,732.0,42.0,106.0,199.0,237.0,229.0,10.0,10.0,10.0,15.0,8.551326275170425,8.674572327548807,8.758422642450258,8.9392529831482,8.876066216916861,0.8876050420168067,0.8403908794788274,0.8359728506787331,0.7808056872037915,0.7746636771300448,2.9565608501434326,29.82650210084034,27.51832790445168,26.53838235294115,25.21939573459719,24.960246636771277,74.9327731092437,72.57654723127035,71.57579185520362,70.27488151658768,70.02354260089686,20.821428571428573,18.95656894679696,18.157239819004523,17.143364928909953,16.736547085201792,10.0,10.0,10.0,15.0,18.36302987026836
