,1,1l,1r,1s,2,2l,2r,2s,3,3l,3r,3s,4,4l,4r,4s,id,1_2,1_3,1_4,2_1,2_3,2_4,3_1,3_2,3_4,4_1,4_2,4_3,p1,p2,p3,p4,speed0,speed1,speed2,speed3,speed4,stop0,stop1,stop2,stop3,stop4,time,timeloss0,timeloss1,timeloss2,timeloss3,timeloss4,travel0,travel1,travel2,travel3,travel4,wait0,wait1,wait2,wait3,wait4,rssslll_rrsssl_rsssssl_rsl_0,rssslll_rrsssl_rsssssl_rsl_1,rssslll_rrsssl_rsssssl_rsl_2,rssslll_rrsssl_rsssssl_rsl_3,performance measure
0,7,3,1,3,6,1,2,3,7,1,1,5,3,1,1,1,rssslll_rrsssl_rsssssl_rsl,414.0,219.0,309.0,563.0,62.0,444.0,763.0,138.0,86.0,302.0,263.0,166.0,5.0,5.0,10.0,10.0,9.179805173463452,9.1938243441615,9.0103776442291,9.547684561940605,9.397232462686764,0.8360528360528361,0.8346456692913385,0.9087423312883436,0.7493936944219887,0.7924679487179487,3.2601215839385986,22.702843822843843,22.657488188976377,24.920414110429455,19.309741309620023,20.568653846153847,67.14374514374515,67.12834645669291,69.37116564417178,63.74211802748585,65.00080128205128,14.62937062937063,14.564566929133859,16.54984662576687,11.766370250606306,12.689903846153847,5.0,5.0,10.0,10.0,14.040011656206303
