,1,1l,1r,1s,2,2l,2r,2s,3,3l,3r,3s,4,4l,4r,4s,id,1_2,1_3,1_4,2_1,2_3,2_4,3_1,3_2,3_4,4_1,4_2,4_3,p1,p2,p3,p4,speed0,speed1,speed2,speed3,speed4,stop0,stop1,stop2,stop3,stop4,time,timeloss0,timeloss1,timeloss2,timeloss3,timeloss4,travel0,travel1,travel2,travel3,travel4,wait0,wait1,wait2,wait3,wait4,rsl_rsl_rsssl_rsl_0,rsl_rsl_rsssl_rsl_1,rsl_rsl_rsssl_rsl_2,rsl_rsl_rsssl_rsl_3,performance measure
0,3,1,1,1,3,1,1,1,5,1,1,3,3,1,1,1,rsl_rsl_rsssl_rsl,252.0,271.0,87.0,286.0,301.0,150.0,993.0,258.0,191.0,252.0,111.0,217.0,15.0,15.0,15.0,10.0,8.62390482884864,8.349102537295362,8.436628213011968,8.526964267775616,8.745151559477572,0.7982300884955752,0.8417329796640142,0.8251273344651953,0.8127272727272727,0.7616906474820144,3.281949043273926,27.9325575221239,30.56137931034485,29.29331918505942,29.461036363636353,26.60131294964027,72.89380530973452,75.53757736516357,74.30475382003395,74.41636363636364,71.57913669064749,19.336283185840706,21.667550839964633,20.387096774193548,20.721818181818183,18.225719424460433,15.0,15.0,15.0,10.0,20.0676936812555
