,1,1l,1r,1s,2,2l,2r,2s,3,3l,3r,3s,4,4l,4r,4s,id,1_2,1_3,1_4,2_1,2_3,2_4,3_1,3_2,3_4,4_1,4_2,4_3,p1,p2,p3,p4,speed0,speed1,speed2,speed3,speed4,stop0,stop1,stop2,stop3,stop4,time,timeloss0,timeloss1,timeloss2,timeloss3,timeloss4,travel0,travel1,travel2,travel3,travel4,wait0,wait1,wait2,wait3,wait4,rrsll_rssl_rsssll_rsl_0,rrsll_rssl_rsssll_rsl_1,rrsll_rssl_rsssll_rsl_2,rrsll_rssl_rsssll_rsl_3,performance measure
0,5,2,2,1,4,1,1,2,6,2,1,3,3,1,1,1,rrsll_rssl_rsssll_rsl,580.0,122.0,79.0,260.0,181.0,178.0,1029.0,285.0,196.0,134.0,149.0,169.0,10.0,10.0,5.0,5.0,9.16724238556096,8.756315089985163,8.723163918073618,9.169629263178528,8.91445396543559,0.8581560283687943,1.0463215258855585,1.083617747440273,0.9378378378378378,1.069090909090909,3.4373538494110107,23.117039007092217,29.83597638510445,31.679129692832767,26.645099099099102,30.776500000000013,67.96187943262412,74.67665758401454,76.53071672354949,71.45045045045045,75.58636363636364,14.796985815602836,20.142597638510445,21.54863481228669,17.426126126126125,20.98,10.0,10.0,5.0,5.0,18.978868878505217
