,1,1l,1r,1s,2,2l,2r,2s,3,3l,3r,3s,4,4l,4r,4s,id,1_2,1_3,1_4,2_1,2_3,2_4,3_1,3_2,3_4,4_1,4_2,4_3,p1,p2,p3,p4,speed0,speed1,speed2,speed3,speed4,stop0,stop1,stop2,stop3,stop4,time,timeloss0,timeloss1,timeloss2,timeloss3,timeloss4,travel0,travel1,travel2,travel3,travel4,wait0,wait1,wait2,wait3,wait4,rrsll_rssl_rsssll_rsl_0,rrsll_rssl_rsssll_rsl_1,rrsll_rssl_rsssll_rsl_2,rrsll_rssl_rsssll_rsl_3,performance measure
0,5,2,2,1,4,1,1,2,6,2,1,3,3,1,1,1,rrsll_rssl_rsssll_rsl,510.0,88.0,602.0,195.0,238.0,135.0,538.0,304.0,415.0,274.0,288.0,177.0,10.0,10.0,10.0,10.0,9.089702881314944,8.663855526313801,8.537123788335295,8.90814000976158,9.051903579035763,0.782608695652174,0.9341176470588235,0.9464831804281345,0.8396150761828388,0.8162939297124601,3.499171495437622,23.472826086956513,29.46957647058828,30.077186544342506,25.92846832397756,24.643993610223596,68.2251552795031,74.19607843137256,74.79663608562691,70.64474739374499,69.35223642172524,15.399068322981366,20.19764705882353,20.622324159021407,17.28708901363272,16.161341853035143,10.0,10.0,10.0,10.0,17.933494081498832
