,1,1l,1r,1s,2,2l,2r,2s,3,3l,3r,3s,4,4l,4r,4s,id,1_2,1_3,1_4,2_1,2_3,2_4,3_1,3_2,3_4,4_1,4_2,4_3,p1,p2,p3,p4,speed0,speed1,speed2,speed3,speed4,stop0,stop1,stop2,stop3,stop4,time,timeloss0,timeloss1,timeloss2,timeloss3,timeloss4,travel0,travel1,travel2,travel3,travel4,wait0,wait1,wait2,wait3,wait4,rsssll_rssl_rsslll_rrsl_0,rsssll_rssl_rsslll_rrsl_1,rsssll_rssl_rsslll_rrsl_2,rsssll_rssl_rsslll_rrsl_3,performance measure
0,6,2,1,3,4,1,1,2,6,3,1,2,4,1,2,1,rsssll_rssl_rsslll_rrsl,75.0,489.0,297.0,109.0,216.0,529.0,284.0,285.0,409.0,219.0,85.0,174.0,10.0,10.0,10.0,10.0,8.855141245054051,9.073741512357339,9.06753215665096,9.076240314281572,9.20350644194775,0.8518518518518519,0.8038496791934006,0.7942497753818508,0.7819047619047619,0.7640552995391705,3.2787153720855713,26.17037037037036,23.58329972502295,23.98269541778978,23.597314285714294,21.869087557603727,70.869918699187,68.28230980751604,68.70709793351303,68.34476190476191,66.5520737327189,17.644986449864497,15.615032080659946,16.07547169811321,15.76095238095238,14.062672811059908,10.0,10.0,10.0,10.0,15.831823084129988
