,1,1l,1r,1s,2,2l,2r,2s,3,3l,3r,3s,4,4l,4r,4s,id,1_2,1_3,1_4,2_1,2_3,2_4,3_1,3_2,3_4,4_1,4_2,4_3,p1,p2,p3,p4,speed0,speed1,speed2,speed3,speed4,stop0,stop1,stop2,stop3,stop4,time,timeloss0,timeloss1,timeloss2,timeloss3,timeloss4,travel0,travel1,travel2,travel3,travel4,wait0,wait1,wait2,wait3,wait4,rsll_rsl_rssslll_rrsssll_0,rsll_rsl_rssslll_rrsssll_1,rsll_rsl_rssslll_rrsssll_2,rsll_rsl_rssslll_rrsssll_3,performance measure
0,4,2,1,1,3,1,1,1,7,3,1,3,7,2,2,3,rsll_rsl_rssslll_rrsssll,125.0,190.0,178.0,74.0,194.0,91.0,950.0,211.0,229.0,630.0,787.0,491.0,5.0,15.0,15.0,10.0,9.055924420694907,8.954476736745542,8.866099279395234,9.129715589190182,8.91388531865383,0.7599431818181818,0.7757404795486601,0.8086463501063076,0.7472527472527473,0.7811831789023521,3.7304813861846924,23.252805397727244,24.295176304654404,25.0205386250886,22.535846153846176,24.79923734853883,68.06392045454545,69.13681241184767,69.88518781006378,67.3010989010989,69.62437633642195,15.354403409090908,16.184767277856135,16.85400425230333,14.780219780219781,16.831789023521026,5.0,15.0,15.0,10.0,16.001036748598235
