,1,1l,1r,1s,2,2l,2r,2s,3,3l,3r,3s,4,4l,4r,4s,id,1_2,1_3,1_4,2_1,2_3,2_4,3_1,3_2,3_4,4_1,4_2,4_3,p1,p2,p3,p4,speed0,speed1,speed2,speed3,speed4,stop0,stop1,stop2,stop3,stop4,time,timeloss0,timeloss1,timeloss2,timeloss3,timeloss4,travel0,travel1,travel2,travel3,travel4,wait0,wait1,wait2,wait3,wait4,rsl_rsl_rsl_rrssssl_0,rsl_rsl_rsl_rrssssl_1,rsl_rsl_rsl_rrssssl_2,rsl_rsl_rsl_rrssssl_3,performance measure
0,3,1,1,1,3,1,1,1,3,1,1,1,7,1,2,4,rsl_rsl_rsl_rrssssl,111.0,320.0,313.0,309.0,72.0,163.0,304.0,269.0,172.0,106.0,1246.0,220.0,10.0,15.0,5.0,15.0,9.170242200939844,9.119975114436102,9.007658837972894,9.177841579362312,8.932887823049558,0.7520193861066236,0.7675585284280937,0.77663772691397,0.7424111014744146,0.7964884277733439,3.6241421699523926,22.597568659127624,24.203586956521736,24.395327545382766,22.537771032090216,25.216432561851565,67.43457189014539,69.05685618729098,69.25730071033938,67.37033824804857,70.06384676775738,14.466882067851373,15.97324414715719,15.966061562746646,14.461405030355595,16.693535514764566,10.0,15.0,5.0,15.0,15.512225664575073
