,1,1l,1r,1s,2,2l,2r,2s,3,3l,3r,3s,4,4l,4r,4s,id,1_2,1_3,1_4,2_1,2_3,2_4,3_1,3_2,3_4,4_1,4_2,4_3,p1,p2,p3,p4,speed0,speed1,speed2,speed3,speed4,stop0,stop1,stop2,stop3,stop4,time,timeloss0,timeloss1,timeloss2,timeloss3,timeloss4,travel0,travel1,travel2,travel3,travel4,wait0,wait1,wait2,wait3,wait4,rsll_rsl_rssslll_rrsssll_0,rsll_rsl_rssslll_rrsssll_1,rsll_rsl_rssslll_rrsssll_2,rsll_rsl_rssslll_rrsssll_3,performance measure
0,4,2,1,1,3,1,1,1,7,3,1,3,7,2,2,3,rsll_rsl_rssslll_rrsssll,296.0,238.0,123.0,185.0,247.0,125.0,677.0,192.0,447.0,152.0,1027.0,265.0,10.0,10.0,10.0,15.0,9.056341982754569,9.030279386146917,8.74383731323206,8.931736939938897,8.73928399375634,0.7724189902034665,0.7797619047619048,0.8639942734430923,0.8397790055248618,0.8439133681852129,3.574441432952881,23.766292388847045,24.22029017857145,28.179205440229108,27.142194159431735,26.88322628827484,68.51469480030143,68.98809523809524,73.0100214745884,71.87687450670876,71.6318147871546,15.969103240391862,16.281994047619047,19.54974946313529,18.700078926598263,18.509335324869305,10.0,10.0,10.0,15.0,17.802052200522752
