,1,1l,1r,1s,2,2l,2r,2s,3,3l,3r,3s,4,4l,4r,4s,id,1_2,1_3,1_4,2_1,2_3,2_4,3_1,3_2,3_4,4_1,4_2,4_3,p1,p2,p3,p4,speed0,speed1,speed2,speed3,speed4,stop0,stop1,stop2,stop3,stop4,time,timeloss0,timeloss1,timeloss2,timeloss3,timeloss4,travel0,travel1,travel2,travel3,travel4,wait0,wait1,wait2,wait3,wait4,rrsslll_rrsll_rsssl_rrsslll_0,rrsslll_rrsll_rsssl_rrsslll_1,rrsslll_rrsll_rsssl_rrsslll_2,rrsslll_rrsll_rsssl_rrsslll_3,performance measure
0,7,3,2,2,5,2,2,1,5,1,1,3,7,3,2,2,rrsslll_rrsll_rsssl_rrsslll,275.0,626.0,130.0,372.0,428.0,301.0,251.0,104.0,192.0,845.0,207.0,240.0,10.0,15.0,15.0,15.0,8.664175754246902,8.701028496506922,8.726026102738341,8.855683415467464,8.732949275046959,0.8414725770097671,0.793615441722346,0.791816223977028,0.7633410672853829,0.7912005965697241,3.739821672439575,30.187963936889524,27.25105419450631,27.18618090452256,26.77102861562262,27.489388516032765,74.88504883546206,71.97921306607276,71.92605886575735,71.47563805104409,72.18419090231171,21.564237415477084,19.20861172976986,19.004307250538407,18.96210363495746,19.465324384787472,10.0,15.0,15.0,15.0,19.64091688310606
