,1,1l,1r,1s,2,2l,2r,2s,3,3l,3r,3s,4,4l,4r,4s,id,1_2,1_3,1_4,2_1,2_3,2_4,3_1,3_2,3_4,4_1,4_2,4_3,p1,p2,p3,p4,speed0,speed1,speed2,speed3,speed4,stop0,stop1,stop2,stop3,stop4,time,timeloss0,timeloss1,timeloss2,timeloss3,timeloss4,travel0,travel1,travel2,travel3,travel4,wait0,wait1,wait2,wait3,wait4,rsl_rrsll_rsl_rslll_0,rsl_rrsll_rsl_rslll_1,rsl_rrsll_rsl_rslll_2,rsl_rrsll_rsl_rslll_3,performance measure
0,3,1,1,1,5,2,2,1,3,1,1,1,5,3,1,1,rsl_rrsll_rsl_rslll,222.0,190.0,292.0,434.0,424.0,303.0,208.0,93.0,119.0,810.0,145.0,95.0,10.0,10.0,15.0,15.0,8.48074726828728,8.836288640135306,8.457654487039239,8.867317276535712,8.900331870054492,0.9321305841924399,0.7994768962510898,0.924831081081081,0.7832292595896521,0.7684859154929577,3.172246217727661,33.84122852233679,26.472493461203143,33.10699324324323,25.849473684210512,25.12368838028171,78.80240549828179,71.47515257192677,78.07939189189189,70.79304192685103,70.05985915492958,24.108247422680414,18.14559721011334,23.67314189189189,17.69313113291704,16.95774647887324,10.0,10.0,15.0,15.0,20.11557282729519
