,1,1l,1r,1s,2,2l,2r,2s,3,3l,3r,3s,4,4l,4r,4s,id,1_2,1_3,1_4,2_1,2_3,2_4,3_1,3_2,3_4,4_1,4_2,4_3,p1,p2,p3,p4,speed0,speed1,speed2,speed3,speed4,stop0,stop1,stop2,stop3,stop4,time,timeloss0,timeloss1,timeloss2,timeloss3,timeloss4,travel0,travel1,travel2,travel3,travel4,wait0,wait1,wait2,wait3,wait4,rsl_rrsll_rsl_rslll_0,rsl_rrsll_rsl_rslll_1,rsl_rrsll_rsl_rslll_2,rsl_rrsll_rsl_rslll_3,performance measure
0,3,1,1,1,5,2,2,1,3,1,1,1,5,3,1,1,rsl_rrsll_rsl_rslll,312.0,95.0,132.0,167.0,512.0,98.0,153.0,89.0,92.0,831.0,143.0,176.0,10.0,5.0,10.0,5.0,8.99826065849972,9.101469808837413,8.855434432237587,9.367090860337715,9.219039650521564,1.0232558139534884,0.8962264150943396,0.9681069958847737,0.8053191489361702,0.8841991341991342,3.1242241859436035,29.068171247357256,24.45462264150942,27.75515432098765,21.1200425531915,24.02762987012987,74.23890063424948,69.58909853249476,72.87139917695474,66.19893617021276,69.12987012987013,19.608879492600423,15.727463312368974,18.36111111111111,13.13191489361702,15.464285714285714,10.0,5.0,10.0,5.0,16.458730904796646
