,1,1l,1r,1s,2,2l,2r,2s,3,3l,3r,3s,4,4l,4r,4s,id,1_2,1_3,1_4,2_1,2_3,2_4,3_1,3_2,3_4,4_1,4_2,4_3,p1,p2,p3,p4,speed0,speed1,speed2,speed3,speed4,stop0,stop1,stop2,stop3,stop4,time,timeloss0,timeloss1,timeloss2,timeloss3,timeloss4,travel0,travel1,travel2,travel3,travel4,wait0,wait1,wait2,wait3,wait4,rsll_rsl_rssslll_rrsssll_0,rsll_rsl_rssslll_rrsssll_1,rsll_rsl_rssslll_rrsssll_2,rsll_rsl_rssslll_rrsssll_3,performance measure
0,4,2,1,1,3,1,1,1,7,3,1,3,7,2,2,3,rsll_rsl_rssslll_rrsssll,244.0,88.0,279.0,123.0,216.0,325.0,448.0,278.0,874.0,463.0,516.0,171.0,10.0,5.0,10.0,10.0,8.401510781126758,8.8613504640505,8.661394524377934,8.684587939177396,8.862034562092049,1.1666666666666667,0.8775659824046921,0.9610108303249097,0.9597570235383447,0.9201465201465201,3.4842400550842285,37.28161481481484,25.864919354838726,28.46033212996389,28.786795747911913,26.550871794871796,82.03851851851852,70.64809384164222,73.32129963898917,73.51328777524677,71.33113553113553,25.82962962962963,17.1950146627566,19.309747292418773,19.616552771450266,17.53699633699634,10.0,5.0,10.0,10.0,19.89758813865032
