,1,1l,1r,1s,2,2l,2r,2s,3,3l,3r,3s,4,4l,4r,4s,id,1_2,1_3,1_4,2_1,2_3,2_4,3_1,3_2,3_4,4_1,4_2,4_3,p1,p2,p3,p4,speed0,speed1,speed2,speed3,speed4,stop0,stop1,stop2,stop3,stop4,time,timeloss0,timeloss1,timeloss2,timeloss3,timeloss4,travel0,travel1,travel2,travel3,travel4,wait0,wait1,wait2,wait3,wait4,rsl_rsl_rsl_rrssll_0,rsl_rsl_rsl_rrssll_1,rsl_rsl_rsl_rrssll_2,rsl_rsl_rsl_rrssll_3,performance measure
0,3,1,1,1,3,1,1,1,3,1,1,1,6,2,2,2,rsl_rsl_rsl_rrssll,147.0,89.0,67.0,234.0,111.0,267.0,231.0,151.0,307.0,562.0,434.0,551.0,15.0,10.0,15.0,15.0,8.466181610617104,8.395604063078537,8.624428807752269,8.667917621172423,8.77900884145978,0.9640610961365679,0.8621973929236499,0.8228200371057514,0.8152804642166345,0.7700282752120641,2.9999470710754395,37.98619047619046,31.53396648044691,30.85191094619669,30.29913926499035,27.26597549481617,82.86253369272237,76.47765363128492,75.77643784786642,75.24854932301741,72.17436380772855,27.735849056603772,22.675977653631286,21.984230055658628,21.572533849129595,19.12818096135721,15.0,10.0,15.0,15.0,22.619354315276098
