,1,1l,1r,1s,2,2l,2r,2s,3,3l,3r,3s,4,4l,4r,4s,id,1_2,1_3,1_4,2_1,2_3,2_4,3_1,3_2,3_4,4_1,4_2,4_3,p1,p2,p3,p4,speed0,speed1,speed2,speed3,speed4,stop0,stop1,stop2,stop3,stop4,time,timeloss0,timeloss1,timeloss2,timeloss3,timeloss4,travel0,travel1,travel2,travel3,travel4,wait0,wait1,wait2,wait3,wait4,rssll_rrsl_rsssl_rrsl_0,rssll_rrsl_rsssl_rrsl_1,rssll_rrsl_rsssl_rrsl_2,rssll_rrsl_rsssl_rrsl_3,performance measure
0,5,2,1,2,4,1,2,1,5,1,1,3,4,1,2,1,rssll_rrsl_rsssl_rrsl,563.0,703.0,211.0,491.0,170.0,224.0,863.0,220.0,279.0,147.0,68.0,440.0,15.0,15.0,10.0,10.0,8.89586061265721,8.954047697476001,8.83154096671156,9.03175409744098,8.864677761716647,0.8107744107744108,0.7697501688048616,0.7736842105263158,0.7503477051460362,0.7700831024930748,3.764705181121826,27.726936026936052,24.618116137744746,25.82448026315792,24.46647426981917,25.312368421052646,72.52659932659932,69.4544226873734,70.65789473684211,69.27677329624478,70.1281163434903,19.13198653198653,16.61715057393653,17.623684210526317,16.525730180806676,17.17797783933518,15.0,15.0,10.0,10.0,17.415305867318246
