,1,1l,1r,1s,2,2l,2r,2s,3,3l,3r,3s,4,4l,4r,4s,id,1_2,1_3,1_4,2_1,2_3,2_4,3_1,3_2,3_4,4_1,4_2,4_3,p1,p2,p3,p4,speed0,speed1,speed2,speed3,speed4,stop0,stop1,stop2,stop3,stop4,time,timeloss0,timeloss1,timeloss2,timeloss3,timeloss4,travel0,travel1,travel2,travel3,travel4,wait0,wait1,wait2,wait3,wait4,rsl_rsssll_rrssl_rrsslll_0,rsl_rsssll_rrssl_rrsslll_1,rsl_rsssll_rrssl_rrsslll_2,rsl_rsssll_rrssl_rrsslll_3,performance measure
0,3,1,1,1,6,2,1,3,5,1,2,2,7,3,2,2,rsl_rsssll_rrssl_rrsslll,146.0,349.0,144.0,261.0,399.0,1047.0,495.0,508.0,248.0,342.0,669.0,353.0,10.0,15.0,10.0,15.0,8.6414857719664,8.775541998356331,8.55219730727681,8.675981878732738,8.596494705607862,0.8557863501483679,0.7940821256038647,0.8656891495601173,0.8439412484700123,0.8500303582270795,4.29822564125061,29.440391691394673,26.031056763285,29.458516129032247,29.059039167686702,29.07516089860348,74.19287833827893,70.79589371980677,74.19296187683284,73.81395348837209,73.84760170006072,20.661721068249257,17.76207729468599,20.594721407624633,20.258261933904528,20.318154219793563,10.0,15.0,10.0,15.0,19.918987184851595
