,1,1l,1r,1s,2,2l,2r,2s,3,3l,3r,3s,4,4l,4r,4s,id,1_2,1_3,1_4,2_1,2_3,2_4,3_1,3_2,3_4,4_1,4_2,4_3,p1,p2,p3,p4,speed0,speed1,speed2,speed3,speed4,stop0,stop1,stop2,stop3,stop4,time,timeloss0,timeloss1,timeloss2,timeloss3,timeloss4,travel0,travel1,travel2,travel3,travel4,wait0,wait1,wait2,wait3,wait4,rsl_rsssl_rssssl_rssll_0,rsl_rsssl_rssssl_rssll_1,rsl_rsssl_rssssl_rssll_2,rsl_rsssl_rssssl_rssll_3,performance measure
0,3,1,1,1,5,1,1,3,6,1,1,4,5,2,1,2,rsl_rsssl_rssssl_rssll,64.0,106.0,141.0,262.0,106.0,716.0,1285.0,118.0,67.0,460.0,220.0,129.0,5.0,15.0,10.0,10.0,9.265925061704163,9.173765921700344,9.29468173066382,9.273379095948755,9.380831650577381,0.7604251839738349,0.7772435897435898,0.7537490134175217,0.7514356029532404,0.7377706495589414,3.3288681507110596,21.843344235486494,22.167203525641014,21.557805840568264,21.57423297785067,20.628508420208476,66.75388389206869,67.08653846153847,66.4561957379637,66.49384741591469,65.52285485164394,14.161896974652494,14.189903846153847,13.778216258879242,13.867924528301886,13.03448275862069,5.0,15.0,10.0,10.0,13.806484873321631
