,1,1l,1r,1s,2,2l,2r,2s,3,3l,3r,3s,4,4l,4r,4s,id,1_2,1_3,1_4,2_1,2_3,2_4,3_1,3_2,3_4,4_1,4_2,4_3,p1,p2,p3,p4,speed0,speed1,speed2,speed3,speed4,stop0,stop1,stop2,stop3,stop4,time,timeloss0,timeloss1,timeloss2,timeloss3,timeloss4,travel0,travel1,travel2,travel3,travel4,wait0,wait1,wait2,wait3,wait4,rsssssl_rsl_rrsslll_rsssll_0,rsssssl_rsl_rrsslll_rsssll_1,rsssssl_rsl_rrsslll_rsssll_2,rsssssl_rsl_rrsslll_rsssll_3,performance measure
0,7,1,1,5,3,1,1,1,7,3,2,2,6,2,1,3,rsssssl_rsl_rrsslll_rsssll,171.0,1544.0,225.0,44.0,170.0,187.0,588.0,312.0,185.0,422.0,565.0,192.0,10.0,15.0,10.0,10.0,8.899544971190373,8.976642839670815,9.039988617453007,9.207104749235397,9.090980188661762,0.8152173913043478,0.7921824104234527,0.7718729747245625,0.7411924119241192,0.7562700964630225,3.758219003677368,25.72511508951406,24.240123778501612,23.47204795852238,22.36823170731707,23.14763987138259,70.58823529411765,69.1270358306189,68.35320803629294,67.20392953929539,67.98585209003215,17.50063938618926,16.162214983713355,15.644847699287103,14.692411924119241,15.315755627009647,10.0,15.0,10.0,10.0,15.863173924063721
