,1,1l,1r,1s,2,2l,2r,2s,3,3l,3r,3s,4,4l,4r,4s,id,1_2,1_3,1_4,2_1,2_3,2_4,3_1,3_2,3_4,4_1,4_2,4_3,p1,p2,p3,p4,speed0,speed1,speed2,speed3,speed4,stop0,stop1,stop2,stop3,stop4,time,timeloss0,timeloss1,timeloss2,timeloss3,timeloss4,travel0,travel1,travel2,travel3,travel4,wait0,wait1,wait2,wait3,wait4,rssslll_rrsssl_rsssssl_rsl_0,rssslll_rrsssl_rsssssl_rsl_1,rssslll_rrsssl_rsssssl_rsl_2,rssslll_rrsssl_rsssssl_rsl_3,performance measure
0,7,3,1,3,6,1,2,3,7,1,1,5,3,1,1,1,rssslll_rrsssl_rsssssl_rsl,764.0,780.0,202.0,490.0,180.0,551.0,255.0,110.0,126.0,120.0,243.0,140.0,10.0,10.0,10.0,10.0,9.177348900048381,9.046724654412358,8.979086626366202,9.1810135573645,9.15409110789579,0.7543988269794721,0.8003003003003003,0.8066378066378066,0.7583011583011583,0.7906273620559335,3.6262333393096924,22.108870967741947,23.25988738738734,24.195108225108225,22.279389961389942,22.797203325774767,66.76319648093842,67.92417417417417,68.86652236652236,66.86949806949806,67.42857142857143,14.32991202346041,15.245495495495495,16.113997113997115,14.575289575289576,14.876039304610734,10.0,10.0,10.0,10.0,15.028146702570666
