,1,1l,1r,1s,2,2l,2r,2s,3,3l,3r,3s,4,4l,4r,4s,id,1_2,1_3,1_4,2_1,2_3,2_4,3_1,3_2,3_4,4_1,4_2,4_3,p1,p2,p3,p4,speed0,speed1,speed2,speed3,speed4,stop0,stop1,stop2,stop3,stop4,time,timeloss0,timeloss1,timeloss2,timeloss3,timeloss4,travel0,travel1,travel2,travel3,travel4,wait0,wait1,wait2,wait3,wait4,rsl_rssslll_rrsssl_rsslll_0,rsl_rssslll_rrsssl_rsslll_1,rsl_rssslll_rrsssl_rsslll_2,rsl_rssslll_rrsssl_rsslll_3,performance measure
0,3,1,1,1,7,3,1,3,6,1,2,3,6,3,1,2,rsl_rssslll_rrsssl_rsslll,248.0,146.0,212.0,143.0,315.0,131.0,818.0,243.0,101.0,168.0,383.0,163.0,10.0,10.0,5.0,10.0,9.354611709677435,9.351386957628176,9.23899618980228,9.453823287505687,9.453508476938161,0.7632850241545893,0.762085308056872,0.8044530493707648,0.7413793103448276,0.7382352941176471,2.962174415588379,20.69920772946858,20.7688720379147,22.05623426911906,19.929929006085203,19.704450980392167,65.34492753623188,65.43696682464454,66.73959341723136,64.60344827586206,64.32745098039216,13.095652173913043,13.145971563981043,14.103581800580832,12.577079107505071,12.295098039215686,10.0,10.0,5.0,10.0,13.043476537039135
