,1,1l,1r,1s,2,2l,2r,2s,3,3l,3r,3s,4,4l,4r,4s,id,1_2,1_3,1_4,2_1,2_3,2_4,3_1,3_2,3_4,4_1,4_2,4_3,p1,p2,p3,p4,speed0,speed1,speed2,speed3,speed4,stop0,stop1,stop2,stop3,stop4,time,timeloss0,timeloss1,timeloss2,timeloss3,timeloss4,travel0,travel1,travel2,travel3,travel4,wait0,wait1,wait2,wait3,wait4,rrssl_rrssl_rrsslll_rrsslll_0,rrssl_rrssl_rrsslll_rrsslll_1,rrssl_rrssl_rrsslll_rrsslll_2,rrssl_rrssl_rrsslll_rrsslll_3,performance measure
0,5,1,2,2,5,1,2,2,7,3,2,2,7,3,2,2,rrssl_rrssl_rrsslll_rrsslll,133.0,703.0,604.0,531.0,56.0,309.0,691.0,211.0,694.0,508.0,443.0,547.0,10.0,15.0,10.0,10.0,9.15522350732053,9.19617142323254,9.064281282040904,9.3232434439903,9.110628076582115,0.7409410492157923,0.7438825448613376,0.7668613913967074,0.7157593123209169,0.7501343363782912,4.312056303024292,22.430378583017863,21.961990212071786,23.337987254381282,20.991879656160478,22.899736700698558,66.94050838290968,66.51060358890702,67.85926712692512,65.49226361031519,67.43363782912412,14.666306111411574,14.206090266449158,15.391927774827403,13.456160458452722,15.105319720580333,10.0,15.0,10.0,10.0,14.565160866344238
