,1,1l,1r,1s,2,2l,2r,2s,3,3l,3r,3s,4,4l,4r,4s,id,1_2,1_3,1_4,2_1,2_3,2_4,3_1,3_2,3_4,4_1,4_2,4_3,p1,p2,p3,p4,speed0,speed1,speed2,speed3,speed4,stop0,stop1,stop2,stop3,stop4,time,timeloss0,timeloss1,timeloss2,timeloss3,timeloss4,travel0,travel1,travel2,travel3,travel4,wait0,wait1,wait2,wait3,wait4,rssll_rrssl_rssslll_rrssll_0,rssll_rrssl_rssslll_rrssll_1,rssll_rrssl_rssslll_rrssll_2,rssll_rrssl_rssslll_rrssll_3,performance measure
0,5,2,1,2,5,1,2,2,7,3,1,3,6,2,2,2,rssll_rrssl_rssslll_rrssll,131.0,152.0,57.0,533.0,133.0,426.0,830.0,66.0,763.0,199.0,502.0,289.0,10.0,10.0,5.0,10.0,9.32726033960752,9.40589723312577,9.311673924937876,9.374381299676706,9.415530814174573,0.7708484408992023,0.7548148148148148,0.7814432989690722,0.8109756097560976,0.7665198237885462,3.801302671432495,21.4163596809282,20.743666666666687,21.378927835051545,22.74138719512196,20.833436123348,66.13125453226976,65.45037037037036,66.12989690721649,67.42073170731707,65.6042584434655,13.707759245830312,13.22888888888889,13.483161512027491,14.857469512195122,13.215124816446401,10.0,10.0,5.0,10.0,13.698480795077643
