,1,1l,1r,1s,2,2l,2r,2s,3,3l,3r,3s,4,4l,4r,4s,id,1_2,1_3,1_4,2_1,2_3,2_4,3_1,3_2,3_4,4_1,4_2,4_3,p1,p2,p3,p4,speed0,speed1,speed2,speed3,speed4,stop0,stop1,stop2,stop3,stop4,time,timeloss0,timeloss1,timeloss2,timeloss3,timeloss4,travel0,travel1,travel2,travel3,travel4,wait0,wait1,wait2,wait3,wait4,rsl_rssslll_rrsssl_rsslll_0,rsl_rssslll_rrsssl_rsslll_1,rsl_rssslll_rrsssl_rsslll_2,rsl_rssslll_rrsssl_rsslll_3,performance measure
0,3,1,1,1,7,3,1,3,6,1,2,3,6,3,1,2,rsl_rssslll_rrsssl_rsslll,324.0,249.0,145.0,297.0,361.0,252.0,772.0,403.0,161.0,623.0,621.0,275.0,10.0,10.0,10.0,10.0,8.668732125611296,8.52130022450422,8.183814102318252,8.8706652378608,8.754959351271133,1.0630026809651474,1.0158311345646438,1.1745827984595636,0.8503774879890186,0.8846411804158283,3.928450345993042,35.49705093833775,32.34375329815304,39.825256739409554,25.89409059711739,27.309195171026158,80.19571045576407,77.08839050131927,84.52503209242619,70.58201784488675,72.01945003353454,24.45509383378016,22.351583113456464,27.900513478818997,17.29993136582018,18.6056338028169,10.0,10.0,10.0,10.0,22.12255111893854
