,1,1l,1r,1s,2,2l,2r,2s,3,3l,3r,3s,4,4l,4r,4s,id,1_2,1_3,1_4,2_1,2_3,2_4,3_1,3_2,3_4,4_1,4_2,4_3,p1,p2,p3,p4,speed0,speed1,speed2,speed3,speed4,stop0,stop1,stop2,stop3,stop4,time,timeloss0,timeloss1,timeloss2,timeloss3,timeloss4,travel0,travel1,travel2,travel3,travel4,wait0,wait1,wait2,wait3,wait4,rrssl_rrssl_rrsslll_rrsslll_0,rrssl_rrssl_rrsslll_rrsslll_1,rrssl_rrssl_rrsslll_rrsslll_2,rrssl_rrssl_rrsslll_rrsslll_3,performance measure
0,5,1,2,2,5,1,2,2,7,3,2,2,7,3,2,2,rrssl_rrssl_rrsslll_rrsslll,260.0,580.0,153.0,473.0,186.0,420.0,137.0,402.0,896.0,660.0,614.0,588.0,15.0,15.0,15.0,15.0,8.670984736698074,8.692269715541238,8.481845889208314,8.700390938751495,8.624715663408278,0.7740516767454645,0.753470294280955,0.8024429102496017,0.7578706353749285,0.7606412382531785,4.304847955703735,27.510791643760353,27.466013325930025,29.78087626128509,27.076966227819145,28.03215035931455,72.05387575590984,72.05496946141032,74.33404142326076,71.63537492844877,72.60309563294638,19.46179219351292,19.44808439755691,21.246415294742434,19.045220377790496,19.90823659480376,15.0,15.0,15.0,15.0,19.821949771681307
