,1,1l,1r,1s,2,2l,2r,2s,3,3l,3r,3s,4,4l,4r,4s,id,1_2,1_3,1_4,2_1,2_3,2_4,3_1,3_2,3_4,4_1,4_2,4_3,p1,p2,p3,p4,speed0,speed1,speed2,speed3,speed4,stop0,stop1,stop2,stop3,stop4,time,timeloss0,timeloss1,timeloss2,timeloss3,timeloss4,travel0,travel1,travel2,travel3,travel4,wait0,wait1,wait2,wait3,wait4,rslll_rsl_rrslll_rsl_0,rslll_rsl_rrslll_rsl_1,rslll_rsl_rrslll_rsl_2,rslll_rsl_rrslll_rsl_3,performance measure
0,5,3,1,1,3,1,1,1,6,3,2,1,3,1,1,1,rslll_rsl_rrslll_rsl,960.0,97.0,279.0,225.0,290.0,88.0,94.0,597.0,962.0,199.0,116.0,302.0,15.0,5.0,10.0,5.0,9.50916748392649,9.402147994780597,9.361600464631376,9.543483707248575,9.520202262617044,0.7346657477601654,0.7553802008608321,0.7722637661454793,0.732566498921639,0.731966053748232,3.661975383758545,20.128332184700195,21.6342037302726,20.882270564241995,19.804198418404017,19.313861386138644,65.03101309441764,66.55595408895266,65.78925900747791,64.71675053918045,64.22206506364923,12.273604410751206,13.431850789096126,12.607749830047586,11.843278217109992,11.444837340876944,15.0,5.0,10.0,5.0,12.32026411757637
