,1,1l,1r,1s,2,2l,2r,2s,3,3l,3r,3s,4,4l,4r,4s,id,1_2,1_3,1_4,2_1,2_3,2_4,3_1,3_2,3_4,4_1,4_2,4_3,p1,p2,p3,p4,speed0,speed1,speed2,speed3,speed4,stop0,stop1,stop2,stop3,stop4,time,timeloss0,timeloss1,timeloss2,timeloss3,timeloss4,travel0,travel1,travel2,travel3,travel4,wait0,wait1,wait2,wait3,wait4,rsl_rsssssl_rsll_rrssl_0,rsl_rsssssl_rsll_rrssl_1,rsl_rsssssl_rsll_rrssl_2,rsl_rsssssl_rsll_rrssl_3,performance measure
0,3,1,1,1,7,1,1,5,4,2,1,1,5,1,2,2,rsl_rsssssl_rsll_rrssl,263.0,251.0,238.0,308.0,229.0,612.0,245.0,151.0,429.0,185.0,168.0,546.0,10.0,10.0,10.0,5.0,9.117378726619386,9.276508754675644,8.948566208153306,9.160782553153734,9.127317983913178,0.8161189358372457,0.7755267423014587,0.8749010292953285,0.805,0.809795918367347,3.3914079666137695,23.02074334898278,21.39147487844407,24.76534441805229,22.216091666666692,22.47777959183675,67.69405320813772,66.09076175040519,69.47189231987332,66.9225,67.15102040816326,14.764475743348983,13.576175040518638,15.920031670625495,14.176666666666666,14.390204081632653,10.0,10.0,10.0,5.0,14.56551064055849
