,1,1l,1r,1s,2,2l,2r,2s,3,3l,3r,3s,4,4l,4r,4s,id,1_2,1_3,1_4,2_1,2_3,2_4,3_1,3_2,3_4,4_1,4_2,4_3,p1,p2,p3,p4,speed0,speed1,speed2,speed3,speed4,stop0,stop1,stop2,stop3,stop4,time,timeloss0,timeloss1,timeloss2,timeloss3,timeloss4,travel0,travel1,travel2,travel3,travel4,wait0,wait1,wait2,wait3,wait4,rssslll_rssll_rsssl_rrssl_0,rssslll_rssll_rsssl_rrssl_1,rssslll_rssll_rsssl_rrssl_2,rssslll_rssll_rsssl_rrssl_3,performance measure
0,7,3,1,3,5,2,1,2,5,1,1,3,5,1,2,2,rssslll_rssll_rsssl_rrssl,490.0,954.0,303.0,277.0,75.0,442.0,287.0,310.0,79.0,213.0,450.0,124.0,10.0,15.0,10.0,10.0,8.917248856327252,9.016523325180549,8.906006531170654,9.314738495094984,9.19638081474106,0.7986822840409956,0.7763744427934621,0.8024602026049205,0.7127158555729984,0.7368421052631579,3.706441879272461,24.777393850658818,24.07409361069837,25.155397973950812,21.40485086342232,22.509177168272767,69.48535871156662,68.75780089153047,69.89073806078147,66.06200941915228,67.1860637509266,16.650073206442165,16.152303120356613,17.039073806078147,13.8712715855573,14.79540400296516,10.0,15.0,10.0,10.0,15.701625144279879
