,1,1l,1r,1s,2,2l,2r,2s,3,3l,3r,3s,4,4l,4r,4s,id,1_2,1_3,1_4,2_1,2_3,2_4,3_1,3_2,3_4,4_1,4_2,4_3,p1,p2,p3,p4,speed0,speed1,speed2,speed3,speed4,stop0,stop1,stop2,stop3,stop4,time,timeloss0,timeloss1,timeloss2,timeloss3,timeloss4,travel0,travel1,travel2,travel3,travel4,wait0,wait1,wait2,wait3,wait4,rsl_rsl_rsssl_rsl_0,rsl_rsl_rsssl_rsl_1,rsl_rsl_rsssl_rsl_2,rsl_rsl_rsssl_rsl_3,performance measure
0,3,1,1,1,3,1,1,1,5,1,1,3,3,1,1,1,rsl_rsl_rsssl_rsl,134.0,290.0,129.0,261.0,186.0,184.0,142.0,88.0,164.0,274.0,240.0,42.0,10.0,15.0,15.0,10.0,8.658372625113143,8.467592397547563,8.501797816962968,8.721085581987873,8.317797304050254,0.8306010928961749,0.8887323943661972,0.8460526315789474,0.8205499276410999,0.9512534818941504,2.4272239208221436,28.86457650273222,31.47714084507041,29.724644736842105,28.1693921852388,35.28396935933147,73.79098360655738,76.43521126760564,74.6671052631579,73.08104196816208,80.14623955431755,20.255464480874316,22.598591549295776,21.022368421052633,20.018813314037626,25.77715877437326,10.0,15.0,15.0,10.0,21.934479307926722
