,1,1l,1r,1s,2,2l,2r,2s,3,3l,3r,3s,4,4l,4r,4s,id,1_2,1_3,1_4,2_1,2_3,2_4,3_1,3_2,3_4,4_1,4_2,4_3,p1,p2,p3,p4,speed0,speed1,speed2,speed3,speed4,stop0,stop1,stop2,stop3,stop4,time,timeloss0,timeloss1,timeloss2,timeloss3,timeloss4,travel0,travel1,travel2,travel3,travel4,wait0,wait1,wait2,wait3,wait4,rssll_rrsl_rsssl_rrsl_0,rssll_rrsl_rsssl_rrsl_1,rssll_rrsl_rsssl_rrsl_2,rssll_rrsl_rsssl_rrsl_3,performance measure
0,5,2,1,2,4,1,2,1,5,1,1,3,4,1,2,1,rssll_rrsl_rsssl_rrsl,80.0,591.0,266.0,318.0,277.0,87.0,656.0,224.0,224.0,89.0,60.0,458.0,10.0,10.0,10.0,5.0,9.422186325984871,9.45734273878656,9.28877871545361,9.35231728995987,9.412464198721837,0.7605150214592274,0.7409050576752441,0.8048993875765529,0.8016759776536313,0.7595048629531388,2.8731861114501953,20.638051502145906,20.057027506654826,21.950332458442706,22.16149906890131,20.47155614500445,65.2549356223176,64.70718722271518,66.60892388451444,66.79050279329608,65.09372236958444,12.916738197424893,12.511978704525289,13.916010498687664,14.07635009310987,12.806366047745358,10.0,10.0,10.0,5.0,13.245488708298614
