,1,1l,1r,1s,2,2l,2r,2s,3,3l,3r,3s,4,4l,4r,4s,id,1_2,1_3,1_4,2_1,2_3,2_4,3_1,3_2,3_4,4_1,4_2,4_3,p1,p2,p3,p4,speed0,speed1,speed2,speed3,speed4,stop0,stop1,stop2,stop3,stop4,time,timeloss0,timeloss1,timeloss2,timeloss3,timeloss4,travel0,travel1,travel2,travel3,travel4,wait0,wait1,wait2,wait3,wait4,rsssll_rssl_rsslll_rrsl_0,rsssll_rssl_rsslll_rrsl_1,rsssll_rssl_rsslll_rrsl_2,rsssll_rssl_rsslll_rrsl_3,performance measure
0,6,2,1,3,4,1,1,2,6,3,1,2,4,1,2,1,rsssll_rssl_rsslll_rrsl,611.0,408.0,208.0,179.0,188.0,355.0,547.0,210.0,573.0,150.0,94.0,236.0,15.0,15.0,10.0,10.0,9.027622344900442,9.066801517389646,8.907670870329172,8.938854464484352,9.12626043804561,0.7517509727626459,0.7472613458528952,0.7705041384499624,0.7815333882934872,0.7135007849293563,3.507520914077759,24.128568093385226,23.693380281690143,25.274153498871296,25.888713932398993,23.209999999999994,68.89105058365759,68.47887323943662,70.05116629044394,70.64385820280297,67.9199372056515,16.485603112840465,16.014084507042252,17.443190368698268,17.935696619950537,15.806122448979592,15.0,15.0,10.0,10.0,16.736939411502224
