,1,1l,1r,1s,2,2l,2r,2s,3,3l,3r,3s,4,4l,4r,4s,id,1_2,1_3,1_4,2_1,2_3,2_4,3_1,3_2,3_4,4_1,4_2,4_3,p1,p2,p3,p4,speed0,speed1,speed2,speed3,speed4,stop0,stop1,stop2,stop3,stop4,time,timeloss0,timeloss1,timeloss2,timeloss3,timeloss4,travel0,travel1,travel2,travel3,travel4,wait0,wait1,wait2,wait3,wait4,rsssll_rssl_rsslll_rrsl_0,rsssll_rssl_rsslll_rrsl_1,rsssll_rssl_rsslll_rrsl_2,rsssll_rssl_rsslll_rrsl_3,performance measure
0,6,2,1,3,4,1,1,2,6,3,1,2,4,1,2,1,rsssll_rssl_rsslll_rrsl,624.0,774.0,85.0,300.0,144.0,92.0,428.0,141.0,731.0,66.0,73.0,216.0,15.0,10.0,5.0,5.0,9.592221851054864,9.635383196141184,9.517197135007999,9.52718242848089,9.5213515401973,0.7156783103168156,0.70042194092827,0.749043611323642,0.8003355704697986,0.7444535743631882,3.4075160026550293,19.688090982940718,19.04215189873418,19.88554705432286,22.75961409395974,20.233171733771538,64.50284321689684,63.85569620253165,64.69548584544759,67.54697986577182,65.03779786359901,12.301380991064175,11.761181434599155,12.187452180566183,14.635906040268456,12.639276910435497,15.0,10.0,5.0,5.0,12.705039511386692
