,1,1l,1r,1s,2,2l,2r,2s,3,3l,3r,3s,4,4l,4r,4s,id,1_2,1_3,1_4,2_1,2_3,2_4,3_1,3_2,3_4,4_1,4_2,4_3,p1,p2,p3,p4,speed0,speed1,speed2,speed3,speed4,stop0,stop1,stop2,stop3,stop4,time,timeloss0,timeloss1,timeloss2,timeloss3,timeloss4,travel0,travel1,travel2,travel3,travel4,wait0,wait1,wait2,wait3,wait4,rsl_rsl_rsssl_rsl_0,rsl_rsl_rsssl_rsl_1,rsl_rsl_rsssl_rsl_2,rsl_rsl_rsssl_rsl_3,performance measure
0,3,1,1,1,3,1,1,1,5,1,1,3,3,1,1,1,rsl_rsl_rsssl_rsl,280.0,167.0,248.0,125.0,206.0,57.0,703.0,100.0,195.0,194.0,321.0,107.0,10.0,10.0,10.0,10.0,8.476553741309521,8.23241472459156,8.409529993744234,8.728049353580442,8.537963069239785,0.9848975188781014,1.0544662309368191,1.0043956043956044,0.8758782201405152,1.001124859392576,2.9125871658325195,32.1881984897519,34.609956427015256,32.79642857142855,27.01940281030444,32.15303712036001,77.30312837108954,79.73856209150327,77.8956043956044,72.06791569086651,77.24634420697413,22.6084142394822,24.474945533769063,22.93846153846154,18.48711943793911,22.113610798650168,10.0,10.0,10.0,10.0,22.124510309660415
