,1,1l,1r,1s,2,2l,2r,2s,3,3l,3r,3s,4,4l,4r,4s,id,1_2,1_3,1_4,2_1,2_3,2_4,3_1,3_2,3_4,4_1,4_2,4_3,p1,p2,p3,p4,speed0,speed1,speed2,speed3,speed4,stop0,stop1,stop2,stop3,stop4,time,timeloss0,timeloss1,timeloss2,timeloss3,timeloss4,travel0,travel1,travel2,travel3,travel4,wait0,wait1,wait2,wait3,wait4,rsl_rrsll_rsl_rslll_0,rsl_rrsll_rsl_rslll_1,rsl_rrsll_rsl_rslll_2,rsl_rrsll_rsl_rslll_3,performance measure
0,3,1,1,1,5,2,2,1,3,1,1,1,5,3,1,1,rsl_rrsll_rsl_rslll,309.0,109.0,137.0,646.0,156.0,129.0,287.0,221.0,136.0,750.0,353.0,188.0,15.0,15.0,15.0,15.0,8.372229398826951,8.117515273423717,8.214536511181821,8.548216643183144,8.413755119584163,0.8321917808219178,0.9283842794759826,0.8691588785046729,0.7909011373578303,0.8268206039076377,3.3125529289245605,31.875976027397286,37.263676855895184,33.83982158028883,29.0928171478565,32.1790408525755,76.74058219178082,82.20698689956332,78.73067119796092,73.95100612423447,77.03818827708703,23.049657534246574,27.37991266375546,24.304163126593032,20.53280839895013,23.311722912966253,15.0,15.0,15.0,15.0,23.71565292730229
