,1,1l,1r,1s,2,2l,2r,2s,3,3l,3r,3s,4,4l,4r,4s,id,1_2,1_3,1_4,2_1,2_3,2_4,3_1,3_2,3_4,4_1,4_2,4_3,p1,p2,p3,p4,speed0,speed1,speed2,speed3,speed4,stop0,stop1,stop2,stop3,stop4,time,timeloss0,timeloss1,timeloss2,timeloss3,timeloss4,travel0,travel1,travel2,travel3,travel4,wait0,wait1,wait2,wait3,wait4,rsl_rssslll_rrsssl_rsslll_0,rsl_rssslll_rrsssl_rsslll_1,rsl_rssslll_rrsssl_rsslll_2,rsl_rssslll_rrsssl_rsslll_3,performance measure
0,3,1,1,1,7,3,1,3,6,1,2,3,6,3,1,2,rsl_rssslll_rrsssl_rsslll,89.0,199.0,114.0,126.0,397.0,995.0,702.0,465.0,293.0,154.0,202.0,159.0,10.0,10.0,5.0,10.0,8.515254982897408,9.08324264098882,8.922664437508509,8.110730932403165,9.167392696544807,0.9886277482941622,0.8153846153846154,0.8992537313432836,1.174922600619195,0.8058326937835764,3.6354615688323975,29.281902956785405,23.580169230769222,26.06797761194029,36.71445820433442,22.267989255564093,73.96815769522365,68.29692307692308,70.7679104477612,81.38854489164086,66.97083653108211,19.90750568612585,15.491538461538461,17.27238805970149,25.691950464396285,14.369148119723715,10.0,10.0,5.0,10.0,18.54650615829716
