,1,1l,1r,1s,2,2l,2r,2s,3,3l,3r,3s,4,4l,4r,4s,id,1_2,1_3,1_4,2_1,2_3,2_4,3_1,3_2,3_4,4_1,4_2,4_3,p1,p2,p3,p4,speed0,speed1,speed2,speed3,speed4,stop0,stop1,stop2,stop3,stop4,time,timeloss0,timeloss1,timeloss2,timeloss3,timeloss4,travel0,travel1,travel2,travel3,travel4,wait0,wait1,wait2,wait3,wait4,rrslll_rssll_rsl_rssssll_0,rrslll_rssll_rsl_rssssll_1,rrslll_rssll_rsl_rssssll_2,rrslll_rssll_rsl_rssssll_3,performance measure
0,6,3,2,1,5,2,1,2,3,1,1,1,7,2,1,4,rrslll_rssll_rsl_rssssll,629.0,276.0,529.0,280.0,463.0,585.0,323.0,82.0,69.0,559.0,179.0,164.0,10.0,15.0,15.0,15.0,8.64862307012026,8.4897594114038,8.443588598242416,8.742789458386927,8.787454529005593,0.7979576951130561,0.8263009845288326,0.8388851121685927,0.7772096420745069,0.7707423580786026,3.8527424335479736,27.92445660102115,29.673579465541472,30.58994561522773,26.802644265887547,26.115749636098954,72.76075857038659,74.5295358649789,75.42556084296398,71.59167275383491,70.93740902474526,19.460247994164842,21.034458509142052,21.824609109449355,18.619430241051862,17.94250363901019,10.0,15.0,15.0,15.0,19.776249898563663
