,1,1l,1r,1s,2,2l,2r,2s,3,3l,3r,3s,4,4l,4r,4s,id,1_2,1_3,1_4,2_1,2_3,2_4,3_1,3_2,3_4,4_1,4_2,4_3,p1,p2,p3,p4,speed0,speed1,speed2,speed3,speed4,stop0,stop1,stop2,stop3,stop4,time,timeloss0,timeloss1,timeloss2,timeloss3,timeloss4,travel0,travel1,travel2,travel3,travel4,wait0,wait1,wait2,wait3,wait4,rsl_rsssssl_rsll_rrssl_0,rsl_rsssssl_rsll_rrssl_1,rsl_rsssssl_rsll_rrssl_2,rsl_rsssssl_rsll_rrssl_3,performance measure
0,3,1,1,1,7,1,1,5,4,2,1,1,5,1,2,2,rsl_rsssssl_rsll_rrssl,117.0,332.0,39.0,303.0,293.0,1329.0,112.0,301.0,402.0,116.0,693.0,92.0,10.0,15.0,15.0,15.0,8.589454237188487,8.458197898224407,8.090252248386355,8.45046238113892,8.169720505105913,0.8035062089116143,0.8346744696415508,0.9325153374233128,0.8365243004418262,0.915954415954416,3.88069224357605,28.089773557341083,29.464118507681036,34.994778459441,30.221148748159024,34.07732905982907,73.00876552227903,74.39283101682517,79.94683026584867,75.11782032400589,79.05341880341881,19.636230825420014,20.84052670080468,25.389229720518063,21.48821796759941,24.56054131054131,10.0,15.0,15.0,15.0,22.382949304976698
