,1,1l,1r,1s,2,2l,2r,2s,3,3l,3r,3s,4,4l,4r,4s,id,1_2,1_3,1_4,2_1,2_3,2_4,3_1,3_2,3_4,4_1,4_2,4_3,p1,p2,p3,p4,speed0,speed1,speed2,speed3,speed4,stop0,stop1,stop2,stop3,stop4,time,timeloss0,timeloss1,timeloss2,timeloss3,timeloss4,travel0,travel1,travel2,travel3,travel4,wait0,wait1,wait2,wait3,wait4,rsssl_rrsll_rsl_rsslll_0,rsssl_rrsll_rsl_rsslll_1,rsssl_rrsll_rsl_rsslll_2,rsssl_rrsll_rsl_rsslll_3,performance measure
0,5,1,1,3,5,2,2,1,3,1,1,1,6,3,1,2,rsssl_rrsll_rsl_rsslll,266.0,433.0,86.0,368.0,343.0,68.0,212.0,85.0,161.0,650.0,243.0,266.0,10.0,10.0,10.0,5.0,9.321177675348354,9.352447215516376,9.035893259996994,9.398102941724279,9.274761394593241,0.7768361581920904,0.7613430127041743,0.8759894459102903,0.7487969201154957,0.8151340996168582,2.911916732788086,21.33136534839923,21.029201451905607,24.459507475813552,20.207555341674666,22.031637931034485,66.13559322033899,65.83847549909255,69.25417766051011,65.03368623676612,66.83908045977012,13.516949152542374,13.441016333938293,15.859278803869833,12.691049085659287,14.280651340996169,10.0,10.0,10.0,5.0,13.957788943401193
