,1,1l,1r,1s,2,2l,2r,2s,3,3l,3r,3s,4,4l,4r,4s,id,1_2,1_3,1_4,2_1,2_3,2_4,3_1,3_2,3_4,4_1,4_2,4_3,p1,p2,p3,p4,speed0,speed1,speed2,speed3,speed4,stop0,stop1,stop2,stop3,stop4,time,timeloss0,timeloss1,timeloss2,timeloss3,timeloss4,travel0,travel1,travel2,travel3,travel4,wait0,wait1,wait2,wait3,wait4,rssslll_rssll_rsssl_rrssl_0,rssslll_rssll_rsssl_rrssl_1,rssslll_rssll_rsssl_rrssl_2,rssslll_rssll_rsssl_rrssl_3,performance measure
0,7,3,1,3,5,2,1,2,5,1,1,3,5,1,2,2,rssslll_rssll_rsssl_rrssl,561.0,149.0,209.0,111.0,165.0,571.0,556.0,288.0,106.0,140.0,276.0,306.0,10.0,10.0,10.0,15.0,9.276203939012058,9.310252894938282,9.280379502931945,9.36010089013956,9.275364499380817,0.7256711409395973,0.7299396031061259,0.7207514944491887,0.7065026362038664,0.7210526315789474,3.278350591659546,21.69562919463088,21.562968075927536,21.625584970111028,21.056783831282967,21.724491228070175,66.36409395973155,66.2260569456428,66.31255337318531,65.68277680140598,66.32543859649122,14.265100671140939,14.194132873166524,14.22203245089667,13.794376098418278,14.297368421052632,10.0,10.0,10.0,15.0,14.154602102935007
