,1,1l,1r,1s,2,2l,2r,2s,3,3l,3r,3s,4,4l,4r,4s,id,1_2,1_3,1_4,2_1,2_3,2_4,3_1,3_2,3_4,4_1,4_2,4_3,p1,p2,p3,p4,speed0,speed1,speed2,speed3,speed4,stop0,stop1,stop2,stop3,stop4,time,timeloss0,timeloss1,timeloss2,timeloss3,timeloss4,travel0,travel1,travel2,travel3,travel4,wait0,wait1,wait2,wait3,wait4,rssslll_rssll_rsssl_rrssl_0,rssslll_rssll_rsssl_rrssl_1,rssslll_rssll_rsssl_rrssl_2,rssslll_rssll_rsssl_rrssl_3,performance measure
0,7,3,1,3,5,2,1,2,5,1,1,3,5,1,2,2,rssslll_rssll_rsssl_rrssl,403.0,240.0,310.0,104.0,302.0,432.0,627.0,207.0,210.0,250.0,318.0,579.0,10.0,10.0,10.0,10.0,9.319539143741073,9.25272240168194,9.350981530018558,9.292086151949219,9.37755339756425,0.7332382310984308,0.7564008778346745,0.729368029739777,0.7559478127398311,0.7344336084021005,3.669185161590576,21.138573466476483,21.793496708119978,21.252758364312246,21.88317728319263,20.53353338334581,65.72967189728959,66.35698610095099,65.88550185873606,66.42287029930928,65.05326331582896,13.522824536376605,14.086320409656182,13.739776951672862,14.290099769762087,12.969242310577645,10.0,10.0,10.0,10.0,13.721652795609078
