,1,1l,1r,1s,2,2l,2r,2s,3,3l,3r,3s,4,4l,4r,4s,id,1_2,1_3,1_4,2_1,2_3,2_4,3_1,3_2,3_4,4_1,4_2,4_3,p1,p2,p3,p4,speed0,speed1,speed2,speed3,speed4,stop0,stop1,stop2,stop3,stop4,time,timeloss0,timeloss1,timeloss2,timeloss3,timeloss4,travel0,travel1,travel2,travel3,travel4,wait0,wait1,wait2,wait3,wait4,rssl_rrsslll_rsl_rrsll_0,rssl_rrsslll_rsl_rrsll_1,rssl_rrsslll_rsl_rrsll_2,rssl_rrsslll_rsl_rrsll_3,performance measure
0,4,1,1,2,7,3,2,2,3,1,1,1,5,2,2,1,rssl_rrsslll_rsl_rrsll,195.0,597.0,290.0,276.0,784.0,317.0,125.0,150.0,266.0,289.0,110.0,410.0,10.0,10.0,10.0,5.0,9.053195677601243,8.763030003159463,8.934562860316358,8.936124560412695,8.980317596563816,0.9792944785276073,0.977726574500768,0.8836501901140684,0.9242671009771987,0.9157088122605364,3.360170364379883,30.348213190184072,30.144708141321058,25.37858555133084,27.420268729641666,26.879279693486634,75.1058282208589,74.88095238095238,70.1596958174905,72.15798045602605,71.63448275862069,20.92484662576687,21.022273425499233,16.91254752851711,18.746742671009773,18.18773946360153,10.0,10.0,10.0,5.0,19.158829942878903
