,1,1l,1r,1s,2,2l,2r,2s,3,3l,3r,3s,4,4l,4r,4s,id,1_2,1_3,1_4,2_1,2_3,2_4,3_1,3_2,3_4,4_1,4_2,4_3,p1,p2,p3,p4,speed0,speed1,speed2,speed3,speed4,stop0,stop1,stop2,stop3,stop4,time,timeloss0,timeloss1,timeloss2,timeloss3,timeloss4,travel0,travel1,travel2,travel3,travel4,wait0,wait1,wait2,wait3,wait4,rrssl_rrssl_rrsslll_rrsslll_0,rrssl_rrssl_rrsslll_rrsslll_1,rrssl_rrssl_rrsslll_rrsslll_2,rrssl_rrssl_rrsslll_rrsslll_3,performance measure
0,5,1,2,2,5,1,2,2,7,3,2,2,7,3,2,2,rrssl_rrssl_rrsslll_rrsslll,72.0,565.0,422.0,381.0,315.0,667.0,650.0,526.0,420.0,644.0,245.0,559.0,10.0,15.0,15.0,15.0,8.931375835658457,8.727681801693121,8.860073516698513,8.846393975918525,8.936704995479033,0.7474639615589963,0.7796791443850267,0.7574960547080484,0.7603121516164995,0.7415977961432507,4.43213677406311,25.318793379604912,26.67370588235296,26.0271330878485,26.394358974359005,24.836214876033072,69.73625200213561,71.18770053475936,70.50447133087849,70.87904124860647,69.28980716253443,17.32354511478911,18.571657754010694,18.009994739610732,18.408584169453736,16.995592286501378,10.0,15.0,15.0,15.0,17.86187481287313
