,1,1l,1r,1s,2,2l,2r,2s,3,3l,3r,3s,4,4l,4r,4s,id,1_2,1_3,1_4,2_1,2_3,2_4,3_1,3_2,3_4,4_1,4_2,4_3,p1,p2,p3,p4,speed0,speed1,speed2,speed3,speed4,stop0,stop1,stop2,stop3,stop4,time,timeloss0,timeloss1,timeloss2,timeloss3,timeloss4,travel0,travel1,travel2,travel3,travel4,wait0,wait1,wait2,wait3,wait4,rsl_rsssssl_rsll_rrssl_0,rsl_rsssssl_rsll_rrssl_1,rsl_rsssssl_rsll_rrssl_2,rsl_rsssssl_rsll_rrssl_3,performance measure
0,3,1,1,1,7,1,1,5,4,2,1,1,5,1,2,2,rsl_rsssssl_rsll_rrssl,248.0,156.0,311.0,101.0,222.0,1388.0,137.0,67.0,622.0,267.0,651.0,612.0,15.0,10.0,15.0,15.0,8.850636608541217,8.648605405076742,8.53857337441644,8.767060953420737,8.659241438583395,0.7526089625537139,0.7960322380657161,0.8247108947048083,0.7674271229404309,0.7818520820385333,3.807603120803833,25.83149785144259,27.4017606943583,28.735130858186263,26.859131812420763,27.114561839651962,70.78023327194597,72.35585864848109,73.73219720024346,71.80544993662865,72.07209446861404,17.62246777163904,19.021698698078115,20.099817407181984,18.603295310519645,18.756991920447483,15.0,10.0,15.0,15.0,18.82085422157325
