,1,1l,1r,1s,2,2l,2r,2s,3,3l,3r,3s,4,4l,4r,4s,id,1_2,1_3,1_4,2_1,2_3,2_4,3_1,3_2,3_4,4_1,4_2,4_3,p1,p2,p3,p4,speed0,speed1,speed2,speed3,speed4,stop0,stop1,stop2,stop3,stop4,time,timeloss0,timeloss1,timeloss2,timeloss3,timeloss4,travel0,travel1,travel2,travel3,travel4,wait0,wait1,wait2,wait3,wait4,rsssll_rssl_rsslll_rrsl_0,rsssll_rssl_rsslll_rrsl_1,rsssll_rssl_rsslll_rrsl_2,rsssll_rssl_rsslll_rrsl_3,performance measure
0,6,2,1,3,4,1,1,2,6,3,1,2,4,1,2,1,rsssll_rssl_rsslll_rrsl,428.0,228.0,153.0,90.0,92.0,607.0,714.0,233.0,743.0,251.0,241.0,509.0,15.0,15.0,10.0,15.0,8.533163027679738,8.333781104546098,8.574618007033088,8.752233683154031,8.473048233055671,0.8561782579338285,0.9728601252609603,0.8554952510176391,0.7782456140350877,0.8425735797399042,4.108404159545898,31.778771100607692,38.162456506611015,31.118867028493966,27.474364912280713,30.842525667351126,76.57326130992573,83.00487125956855,76.00271370420624,72.25894736842105,75.70499657768652,22.7373396353815,28.08489909533751,22.32089552238806,19.40421052631579,22.098562628336754,15.0,15.0,10.0,15.0,22.92918148155192
