,1,1l,1r,1s,2,2l,2r,2s,3,3l,3r,3s,4,4l,4r,4s,id,1_2,1_3,1_4,2_1,2_3,2_4,3_1,3_2,3_4,4_1,4_2,4_3,p1,p2,p3,p4,speed0,speed1,speed2,speed3,speed4,stop0,stop1,stop2,stop3,stop4,time,timeloss0,timeloss1,timeloss2,timeloss3,timeloss4,travel0,travel1,travel2,travel3,travel4,wait0,wait1,wait2,wait3,wait4,rsl_rrsll_rsl_rslll_0,rsl_rrsll_rsl_rslll_1,rsl_rrsll_rsl_rslll_2,rsl_rrsll_rsl_rslll_3,performance measure
0,3,1,1,1,5,2,2,1,3,1,1,1,5,3,1,1,rsl_rrsll_rsl_rslll,126.0,248.0,296.0,121.0,542.0,83.0,209.0,197.0,181.0,889.0,223.0,180.0,10.0,15.0,15.0,10.0,9.063297597833703,8.936721137103037,8.772728734906114,8.88933321225761,8.897503893913655,0.7391688770999116,0.7760791366906474,0.7876414273281114,0.7647058823529411,0.779896013864818,3.225180149078369,23.702855879752402,25.44197841726619,26.072550043516085,25.09426024955435,26.067209705372637,68.66666666666667,70.40557553956835,71.06527415143603,70.08645276292336,71.01993067590988,15.809018567639257,17.262589928057555,17.893820713664056,17.010695187165776,17.806759098786827,10.0,15.0,15.0,10.0,17.156576699062693
