,1,1l,1r,1s,2,2l,2r,2s,3,3l,3r,3s,4,4l,4r,4s,id,1_2,1_3,1_4,2_1,2_3,2_4,3_1,3_2,3_4,4_1,4_2,4_3,p1,p2,p3,p4,speed0,speed1,speed2,speed3,speed4,stop0,stop1,stop2,stop3,stop4,time,timeloss0,timeloss1,timeloss2,timeloss3,timeloss4,travel0,travel1,travel2,travel3,travel4,wait0,wait1,wait2,wait3,wait4,rssl_rrsslll_rsl_rrsll_0,rssl_rrsslll_rsl_rrsll_1,rssl_rrsslll_rsl_rrsll_2,rssl_rrsslll_rsl_rrsll_3,performance measure
0,4,1,1,2,7,3,2,2,3,1,1,1,5,2,2,1,rssl_rrsslll_rsl_rrsll,156.0,209.0,97.0,297.0,872.0,521.0,265.0,241.0,216.0,310.0,46.0,253.0,10.0,10.0,10.0,10.0,8.246000792038792,8.843925236517405,8.6448928545606,8.531173262243085,8.580100096365571,1.0212940212940214,0.8405797101449275,0.8921330089213301,0.9148020654044751,0.9138795986622074,3.328216791152954,33.26428337428334,25.31606138107419,28.497680454176816,29.155748709122218,28.748662207357892,78.07371007371007,70.1926683716965,73.32522303325223,73.98881239242685,73.57943143812709,23.561834561834562,17.11167945439045,19.598540145985403,20.317555938037867,19.900501672240804,10.0,10.0,10.0,10.0,20.098022354497818
