,1,1l,1r,1s,2,2l,2r,2s,3,3l,3r,3s,4,4l,4r,4s,id,1_2,1_3,1_4,2_1,2_3,2_4,3_1,3_2,3_4,4_1,4_2,4_3,p1,p2,p3,p4,speed0,speed1,speed2,speed3,speed4,stop0,stop1,stop2,stop3,stop4,time,timeloss0,timeloss1,timeloss2,timeloss3,timeloss4,travel0,travel1,travel2,travel3,travel4,wait0,wait1,wait2,wait3,wait4,rrssl_rrssl_rrsslll_rrsslll_0,rrssl_rrssl_rrsslll_rrsslll_1,rrssl_rrssl_rrsslll_rrsslll_2,rrssl_rrssl_rrsslll_rrsslll_3,performance measure
0,5,1,2,2,5,1,2,2,7,3,2,2,7,3,2,2,rrssl_rrssl_rrsslll_rrsslll,290.0,585.0,367.0,581.0,149.0,136.0,412.0,510.0,679.0,736.0,621.0,554.0,10.0,10.0,10.0,10.0,8.975865123697051,8.57277100032408,8.49548958577642,9.153386250488913,8.81862287017612,0.8579634464751958,0.9608879492600423,0.9984407484407485,0.7669213973799127,0.8514163548904329,4.598930358886719,26.81136814621413,29.887838266384783,32.393388773388764,22.56534388646291,26.389508284339968,71.22924281984334,74.3583509513742,76.82744282744282,66.99126637554585,70.83431320149653,18.03289817232376,20.543340380549683,22.46985446985447,14.630458515283843,17.86958845537146,10.0,10.0,10.0,10.0,18.709227998676646
