,1,1l,1r,1s,2,2l,2r,2s,3,3l,3r,3s,4,4l,4r,4s,id,1_2,1_3,1_4,2_1,2_3,2_4,3_1,3_2,3_4,4_1,4_2,4_3,p1,p2,p3,p4,speed0,speed1,speed2,speed3,speed4,stop0,stop1,stop2,stop3,stop4,time,timeloss0,timeloss1,timeloss2,timeloss3,timeloss4,travel0,travel1,travel2,travel3,travel4,wait0,wait1,wait2,wait3,wait4,rsssll_rssl_rsslll_rrsl_0,rsssll_rssl_rsslll_rrsl_1,rsssll_rssl_rsslll_rrsl_2,rsssll_rssl_rsslll_rrsl_3,performance measure
0,6,2,1,3,4,1,1,2,6,3,1,2,4,1,2,1,rsssll_rssl_rsslll_rrsl,108.0,620.0,121.0,109.0,132.0,483.0,227.0,190.0,558.0,84.0,340.0,421.0,10.0,10.0,10.0,15.0,9.212357400454987,9.239976504431056,9.176080137012528,9.363903842940895,9.126812219554797,0.7441077441077442,0.7324066029539531,0.7463952502120441,0.7,0.7506382978723404,3.4326534271240234,22.18610269360269,22.009704604691613,22.355954198473295,20.882581818181823,22.97136170212767,66.94444444444444,66.76629018245005,67.14418999151823,65.59818181818181,67.73021276595745,14.715488215488216,14.460469157254561,14.726039016115353,13.629090909090909,15.28595744680851,10.0,10.0,10.0,15.0,14.56340894895151
