,1,1l,1r,1s,2,2l,2r,2s,3,3l,3r,3s,4,4l,4r,4s,id,1_2,1_3,1_4,2_1,2_3,2_4,3_1,3_2,3_4,4_1,4_2,4_3,p1,p2,p3,p4,speed0,speed1,speed2,speed3,speed4,stop0,stop1,stop2,stop3,stop4,time,timeloss0,timeloss1,timeloss2,timeloss3,timeloss4,travel0,travel1,travel2,travel3,travel4,wait0,wait1,wait2,wait3,wait4,rrsll_rssl_rsssll_rsl_0,rrsll_rssl_rsssll_rsl_1,rrsll_rssl_rsssll_rsl_2,rrsll_rssl_rsssll_rsl_3,performance measure
0,5,2,2,1,4,1,1,2,6,2,1,3,3,1,1,1,rrsll_rssl_rsssll_rsl,326.0,144.0,516.0,72.0,255.0,128.0,125.0,277.0,92.0,163.0,206.0,242.0,10.0,10.0,15.0,10.0,9.603276786950307,9.437626636458818,9.309258483681514,9.523824011009536,9.326152551538502,0.6440677966101694,0.6756440281030445,0.7113636363636363,0.65,0.7163120567375887,2.8017354011535645,19.017819209039548,20.612248243559723,21.24177272727274,19.563785714285725,21.990106382978745,63.62033898305085,65.22716627634661,65.83977272727273,64.17738095238096,66.57446808510639,11.901694915254238,13.398126463700235,13.788636363636364,12.277380952380952,14.312056737588652,10.0,10.0,15.0,10.0,13.135579086512086
