,1,1l,1r,1s,2,2l,2r,2s,3,3l,3r,3s,4,4l,4r,4s,id,1_2,1_3,1_4,2_1,2_3,2_4,3_1,3_2,3_4,4_1,4_2,4_3,p1,p2,p3,p4,speed0,speed1,speed2,speed3,speed4,stop0,stop1,stop2,stop3,stop4,time,timeloss0,timeloss1,timeloss2,timeloss3,timeloss4,travel0,travel1,travel2,travel3,travel4,wait0,wait1,wait2,wait3,wait4,rrslll_rssll_rsl_rssssll_0,rrslll_rssll_rsl_rssssll_1,rrslll_rssll_rsl_rssssll_2,rrslll_rssll_rsl_rssssll_3,performance measure
0,6,3,2,1,5,2,1,2,3,1,1,1,7,2,1,4,rrslll_rssll_rsl_rssssll,839.0,218.0,364.0,146.0,513.0,281.0,311.0,199.0,41.0,437.0,986.0,293.0,15.0,15.0,15.0,15.0,8.551712879595845,8.418418936119886,8.307866199823255,8.442901948989071,8.51233506192062,0.7878980891719746,0.7937817258883249,0.8344784509681449,0.8011889035667107,0.7909496494582536,4.0124571323394775,28.715656050955435,30.072354060913717,31.253098063710148,29.72153236459709,28.871108986615663,73.6,74.93464467005076,76.14428482198626,74.60898282694848,73.78393881453155,20.45668789808917,21.63515228426396,22.566520924422235,21.32694848084544,20.51306564690886,15.0,15.0,15.0,15.0,21.299675046905936
