,1,1l,1r,1s,2,2l,2r,2s,3,3l,3r,3s,4,4l,4r,4s,id,1_2,1_3,1_4,2_1,2_3,2_4,3_1,3_2,3_4,4_1,4_2,4_3,p1,p2,p3,p4,speed0,speed1,speed2,speed3,speed4,stop0,stop1,stop2,stop3,stop4,time,timeloss0,timeloss1,timeloss2,timeloss3,timeloss4,travel0,travel1,travel2,travel3,travel4,wait0,wait1,wait2,wait3,wait4,rsl_rsssssl_rsll_rrssl_0,rsl_rsssssl_rsll_rrssl_1,rsl_rsssssl_rsll_rrssl_2,rsl_rsssssl_rsll_rrssl_3,performance measure
0,3,1,1,1,7,1,1,5,4,2,1,1,5,1,2,2,rsl_rsssssl_rsll_rrssl,141.0,303.0,202.0,100.0,196.0,821.0,165.0,101.0,251.0,282.0,308.0,285.0,10.0,15.0,15.0,10.0,8.95044606614052,8.82902567785256,8.887627993155728,8.974397513532136,8.864316536553149,0.768303985171455,0.7850467289719626,0.7866909753874203,0.7587209302325582,0.7801683816651076,3.0929877758026123,24.75144578313256,25.745757009345827,25.24420237010029,24.63021317829461,25.585107577174934,69.59962928637627,70.60654205607477,70.1039197812215,69.53391472868218,70.43405051449953,16.87117701575533,17.79719626168224,17.453965360072925,16.92248062015504,17.62956033676333,10.0,15.0,15.0,10.0,17.334875918885775
