,1,1l,1r,1s,2,2l,2r,2s,3,3l,3r,3s,4,4l,4r,4s,id,1_2,1_3,1_4,2_1,2_3,2_4,3_1,3_2,3_4,4_1,4_2,4_3,p1,p2,p3,p4,speed0,speed1,speed2,speed3,speed4,stop0,stop1,stop2,stop3,stop4,time,timeloss0,timeloss1,timeloss2,timeloss3,timeloss4,travel0,travel1,travel2,travel3,travel4,wait0,wait1,wait2,wait3,wait4,rrsslll_rrsll_rsssl_rrsslll_0,rrsslll_rrsll_rsssl_rrsslll_1,rrsslll_rrsll_rsssl_rrsslll_2,rrsslll_rrsll_rsssl_rrsslll_3,performance measure
0,7,3,2,2,5,2,2,1,5,1,1,3,7,3,2,2,rrsslll_rrsll_rsssl_rrsslll,399.0,717.0,396.0,112.0,126.0,216.0,722.0,141.0,305.0,765.0,581.0,300.0,15.0,15.0,15.0,15.0,8.440525958181247,8.12347683684316,8.076446737721001,8.443856219954641,8.025373803025674,0.8067122436295836,0.890295358649789,0.9109212934716291,0.8439763001974984,0.9346323067253299,4.414948463439941,29.884362958359237,34.70301989150091,35.4234899328859,31.29217906517441,37.395116279069775,74.63455562461156,79.49427365883062,80.20561317876754,76.02106649111258,82.15713387806412,21.573648228713488,25.719710669077756,26.169005491153143,22.739302172481896,27.955373978629794,15.0,15.0,15.0,15.0,24.831408108011217
