,1,1l,1r,1s,2,2l,2r,2s,3,3l,3r,3s,4,4l,4r,4s,id,1_2,1_3,1_4,2_1,2_3,2_4,3_1,3_2,3_4,4_1,4_2,4_3,p1,p2,p3,p4,speed0,speed1,speed2,speed3,speed4,stop0,stop1,stop2,stop3,stop4,time,timeloss0,timeloss1,timeloss2,timeloss3,timeloss4,travel0,travel1,travel2,travel3,travel4,wait0,wait1,wait2,wait3,wait4,rsssssl_rsl_rrsslll_rsssll_0,rsssssl_rsl_rrsslll_rsssll_1,rsssssl_rsl_rrsslll_rsssll_2,rsssssl_rsl_rrsslll_rsssll_3,performance measure
0,7,1,1,5,3,1,1,1,7,3,2,2,6,2,1,3,rsssssl_rsl_rrsslll_rsssll,147.0,1639.0,252.0,81.0,91.0,311.0,160.0,542.0,473.0,444.0,739.0,305.0,10.0,15.0,10.0,15.0,8.737073938029633,8.61456116888971,8.777290924803237,8.866988960953574,8.76288941878935,0.8173719376391982,0.8489702517162472,0.7913628715647785,0.7752808988764045,0.7974186307519641,4.402843475341797,27.201108017817333,28.611767734553755,26.138429613011752,25.52080425783562,26.02054994388331,71.90645879732739,73.35926773455378,70.85473920358946,70.23595505617978,70.73232323232324,18.60412026726058,19.882723112128147,17.82389231632081,17.317563571850975,17.63692480359147,10.0,15.0,10.0,15.0,18.2530448142304
