,1,1l,1r,1s,2,2l,2r,2s,3,3l,3r,3s,4,4l,4r,4s,id,1_2,1_3,1_4,2_1,2_3,2_4,3_1,3_2,3_4,4_1,4_2,4_3,p1,p2,p3,p4,speed0,speed1,speed2,speed3,speed4,stop0,stop1,stop2,stop3,stop4,time,timeloss0,timeloss1,timeloss2,timeloss3,timeloss4,travel0,travel1,travel2,travel3,travel4,wait0,wait1,wait2,wait3,wait4,rsl_rrsl_rssslll_rssssl_0,rsl_rrsl_rssslll_rssssl_1,rsl_rrsl_rssslll_rssssl_2,rsl_rrsl_rssslll_rssssl_3,performance measure
0,3,1,1,1,4,1,2,1,7,3,1,3,6,1,1,4,rsl_rrsl_rssslll_rssssl,84.0,304.0,102.0,359.0,162.0,124.0,292.0,294.0,229.0,134.0,491.0,37.0,5.0,15.0,10.0,5.0,9.385056400939183,9.49253295012287,9.341845198022101,9.563258435839598,9.515031620676787,0.7930258717660292,0.7325714285714285,0.7628755364806867,0.7120853080568721,0.7346938775510204,3.067465305328369,22.18332958380205,20.278079999999996,21.4692381974249,19.278234597156416,19.875657596371866,66.80652418447694,64.93257142857144,66.14592274678111,63.81635071090047,64.51133786848072,14.50843644544432,12.969142857142858,13.745708154506438,11.97867298578199,12.585034013605442,5.0,15.0,10.0,5.0,13.15739889129621
