,1,1l,1r,1s,2,2l,2r,2s,3,3l,3r,3s,4,4l,4r,4s,id,1_2,1_3,1_4,2_1,2_3,2_4,3_1,3_2,3_4,4_1,4_2,4_3,p1,p2,p3,p4,speed0,speed1,speed2,speed3,speed4,stop0,stop1,stop2,stop3,stop4,time,timeloss0,timeloss1,timeloss2,timeloss3,timeloss4,travel0,travel1,travel2,travel3,travel4,wait0,wait1,wait2,wait3,wait4,rsll_rsl_rssslll_rrsssll_0,rsll_rsl_rssslll_rrsssll_1,rsll_rsl_rssslll_rrsssll_2,rsll_rsl_rssslll_rrsssll_3,performance measure
0,4,2,1,1,3,1,1,1,7,3,1,3,7,2,2,3,rsll_rsl_rssslll_rrsssll,397.0,261.0,230.0,248.0,230.0,323.0,722.0,52.0,838.0,145.0,884.0,156.0,15.0,15.0,10.0,15.0,8.472783520902823,8.509461616779449,8.426584234131434,8.523488914809276,8.519314608480002,0.8743279569892473,0.8382642998027613,0.8801261829652997,0.8853146853146853,0.8283093053735255,3.780522346496582,31.80639784946233,29.581834319526706,32.20379179810723,32.95018181818178,29.72941677588463,76.73387096774194,74.54372123602893,77.15015772870663,77.88251748251749,74.6435124508519,22.739247311827956,20.948060486522024,23.09085173501577,23.837762237762238,20.986893840104848,15.0,15.0,10.0,15.0,22.32056312224657
