,1,1l,1r,1s,2,2l,2r,2s,3,3l,3r,3s,4,4l,4r,4s,id,1_2,1_3,1_4,2_1,2_3,2_4,3_1,3_2,3_4,4_1,4_2,4_3,p1,p2,p3,p4,speed0,speed1,speed2,speed3,speed4,stop0,stop1,stop2,stop3,stop4,time,timeloss0,timeloss1,timeloss2,timeloss3,timeloss4,travel0,travel1,travel2,travel3,travel4,wait0,wait1,wait2,wait3,wait4,rrsll_rssl_rsssll_rsl_0,rrsll_rssl_rsssll_rsl_1,rrsll_rssl_rsssll_rsl_2,rrsll_rssl_rsssll_rsl_3,performance measure
0,5,2,2,1,4,1,1,2,6,2,1,3,3,1,1,1,rrsll_rssl_rsssll_rsl,636.0,117.0,248.0,227.0,36.0,482.0,863.0,70.0,282.0,210.0,44.0,54.0,15.0,15.0,10.0,10.0,8.460711038250077,8.530954858266249,8.327016199095112,8.756309778210069,8.742207420103222,0.9192825112107623,0.8678057553956835,0.9160239931448158,0.8065420560747664,0.8101382488479263,3.1570093631744385,32.854421524663685,30.012140287769764,32.56656383890316,26.544971962616852,27.149889400921705,77.75067264573991,74.92176258992805,77.53813196229649,71.48504672897197,72.00829493087558,23.796412556053813,21.430755395683452,23.331619537275063,18.466355140186916,18.988018433179725,15.0,15.0,10.0,10.0,21.202632212475795
