,1,1l,1r,1s,2,2l,2r,2s,3,3l,3r,3s,4,4l,4r,4s,id,1_2,1_3,1_4,2_1,2_3,2_4,3_1,3_2,3_4,4_1,4_2,4_3,p1,p2,p3,p4,speed0,speed1,speed2,speed3,speed4,stop0,stop1,stop2,stop3,stop4,time,timeloss0,timeloss1,timeloss2,timeloss3,timeloss4,travel0,travel1,travel2,travel3,travel4,wait0,wait1,wait2,wait3,wait4,rsl_rsl_rsl_rrssssl_0,rsl_rsl_rsl_rrssssl_1,rsl_rsl_rsl_rrssssl_2,rsl_rsl_rsl_rrssssl_3,performance measure
0,3,1,1,1,3,1,1,1,3,1,1,1,7,1,2,4,rsl_rsl_rsl_rrssssl,122.0,88.0,318.0,166.0,189.0,253.0,63.0,153.0,247.0,162.0,160.0,108.0,10.0,5.0,10.0,10.0,9.090718771477388,9.313887747790409,9.464706365092294,9.399104717542272,9.458698927391406,0.8526170798898072,0.7664233576642335,0.745125348189415,0.7419354838709677,0.7350901525658807,2.512918710708618,24.609393939393957,21.11740145985401,19.927130919220083,20.833548387096805,19.861678224687907,69.37465564738292,65.84379562043796,64.67270194986072,65.52995391705069,64.56449375866852,15.880165289256198,13.411678832116788,12.201949860724234,13.201228878648234,12.212205270457698,10.0,5.0,10.0,10.0,13.38144562624063
