,1,1l,1r,1s,2,2l,2r,2s,3,3l,3r,3s,4,4l,4r,4s,id,1_2,1_3,1_4,2_1,2_3,2_4,3_1,3_2,3_4,4_1,4_2,4_3,p1,p2,p3,p4,speed0,speed1,speed2,speed3,speed4,stop0,stop1,stop2,stop3,stop4,time,timeloss0,timeloss1,timeloss2,timeloss3,timeloss4,travel0,travel1,travel2,travel3,travel4,wait0,wait1,wait2,wait3,wait4,rrslll_rssll_rsl_rssssll_0,rrslll_rssll_rsl_rssssll_1,rrslll_rssll_rsl_rssssll_2,rrslll_rssll_rsl_rssssll_3,performance measure
0,6,3,2,1,5,2,1,2,3,1,1,1,7,2,1,4,rrslll_rssll_rsl_rssssll,926.0,189.0,558.0,157.0,592.0,492.0,183.0,215.0,196.0,456.0,1404.0,278.0,15.0,10.0,15.0,15.0,8.66386503893875,8.487377435853295,8.27661374907311,8.67300684764586,8.525864024821727,0.8043704474505723,0.8155844155844156,0.8753738783649053,0.790547798066595,0.8152230971128609,4.452532768249512,28.32667533818941,28.994903896103864,32.207582253240304,27.111928034371658,28.537459317585252,73.15036420395421,73.82181818181819,77.03389830508475,71.9484425349087,73.35590551181102,19.759105098855358,20.254545454545454,23.00049850448654,18.712137486573578,19.97270341207349,15.0,10.0,15.0,15.0,20.339797991306884
