,1,1l,1r,1s,2,2l,2r,2s,3,3l,3r,3s,4,4l,4r,4s,id,1_2,1_3,1_4,2_1,2_3,2_4,3_1,3_2,3_4,4_1,4_2,4_3,p1,p2,p3,p4,speed0,speed1,speed2,speed3,speed4,stop0,stop1,stop2,stop3,stop4,time,timeloss0,timeloss1,timeloss2,timeloss3,timeloss4,travel0,travel1,travel2,travel3,travel4,wait0,wait1,wait2,wait3,wait4,rsl_rsssll_rrssl_rrsslll_0,rsl_rsssll_rrssl_rrsslll_1,rsl_rsssll_rrssl_rrsslll_2,rsl_rsssll_rrssl_rrsslll_3,performance measure
0,3,1,1,1,6,2,1,3,5,1,2,2,7,3,2,2,rsl_rsssll_rrssl_rrsslll,232.0,173.0,97.0,158.0,594.0,787.0,565.0,352.0,174.0,334.0,106.0,330.0,10.0,10.0,10.0,10.0,8.546368421906486,8.806993993732577,8.646491199748281,8.82631240668651,8.501515649259206,0.9557848194546794,0.8679389312977099,0.8981412639405204,0.8357862122385747,0.9872084273890143,3.562506914138794,30.65926308032426,26.01859541984735,28.3585501858736,25.6831680867544,31.88835214446951,75.32129697862933,70.70152671755726,73.07360594795539,70.3415956622773,76.55981941309255,21.33235077376566,17.59236641221374,19.570260223048326,17.460883036405885,22.291196388261852,10.0,10.0,10.0,10.0,19.649411366739095
