,1,1l,1r,1s,2,2l,2r,2s,3,3l,3r,3s,4,4l,4r,4s,id,1_2,1_3,1_4,2_1,2_3,2_4,3_1,3_2,3_4,4_1,4_2,4_3,p1,p2,p3,p4,speed0,speed1,speed2,speed3,speed4,stop0,stop1,stop2,stop3,stop4,time,timeloss0,timeloss1,timeloss2,timeloss3,timeloss4,travel0,travel1,travel2,travel3,travel4,wait0,wait1,wait2,wait3,wait4,rssslll_rrsssl_rsssssl_rsl_0,rssslll_rrsssl_rsssssl_rsl_1,rssslll_rrsssl_rsssssl_rsl_2,rssslll_rrsssl_rsssssl_rsl_3,performance measure
0,7,3,1,3,6,1,2,3,7,1,1,5,3,1,1,1,rssslll_rrsssl_rsssssl_rsl,447.0,161.0,105.0,154.0,238.0,640.0,833.0,230.0,89.0,232.0,287.0,163.0,5.0,5.0,10.0,10.0,8.425508351322819,8.679731657727318,8.443470531405193,9.101865667323468,9.064057330655077,1.0981996726677579,1.0115702479338844,1.0870626525630593,0.8549747048903878,0.8943781942078365,3.4720771312713623,32.139083469721754,29.388446280991776,31.512327095199357,23.32518549747046,23.8027597955707,76.88134206219313,74.13636363636364,76.29129373474369,68.06576728499157,68.56047700170357,22.719312602291325,20.35702479338843,22.072416598860862,15.278246205733558,15.455706984667803,5.0,5.0,10.0,10.0,19.176541436988394
