,1,1l,1r,1s,2,2l,2r,2s,3,3l,3r,3s,4,4l,4r,4s,id,1_2,1_3,1_4,2_1,2_3,2_4,3_1,3_2,3_4,4_1,4_2,4_3,p1,p2,p3,p4,speed0,speed1,speed2,speed3,speed4,stop0,stop1,stop2,stop3,stop4,time,timeloss0,timeloss1,timeloss2,timeloss3,timeloss4,travel0,travel1,travel2,travel3,travel4,wait0,wait1,wait2,wait3,wait4,rrssl_rrssl_rrsslll_rrsslll_0,rrssl_rrssl_rrsslll_rrsslll_1,rrssl_rrssl_rrsslll_rrsslll_2,rrssl_rrssl_rrsslll_rrsslll_3,performance measure
0,5,1,2,2,5,1,2,2,7,3,2,2,7,3,2,2,rrssl_rrssl_rrsslll_rrsslll,177.0,514.0,371.0,567.0,193.0,260.0,432.0,626.0,881.0,547.0,263.0,338.0,10.0,10.0,10.0,5.0,9.303883187508138,9.406293888554766,9.265259466055461,9.271761648907205,9.280859589047445,0.8415331807780321,0.7436781609195402,0.7790633608815427,0.7810476751030018,0.7934218118869013,4.452041387557983,24.635909610983987,20.707195402298822,21.545024793388414,21.478987639788077,22.43842469705713,69.058352402746,65.19022988505748,65.96584022038567,65.91701000588581,66.9065204847086,16.331235697940503,13.158045977011493,13.615426997245178,13.672160094173043,14.529717253317946,10.0,10.0,10.0,5.0,14.261317203937633
