,1,1l,1r,1s,2,2l,2r,2s,3,3l,3r,3s,4,4l,4r,4s,id,1_2,1_3,1_4,2_1,2_3,2_4,3_1,3_2,3_4,4_1,4_2,4_3,p1,p2,p3,p4,speed0,speed1,speed2,speed3,speed4,stop0,stop1,stop2,stop3,stop4,time,timeloss0,timeloss1,timeloss2,timeloss3,timeloss4,travel0,travel1,travel2,travel3,travel4,wait0,wait1,wait2,wait3,wait4,rrsll_rssl_rsssll_rsl_0,rrsll_rssl_rsssll_rsl_1,rrsll_rssl_rsssll_rsl_2,rrsll_rssl_rsssll_rsl_3,performance measure
0,5,2,2,1,4,1,1,2,6,2,1,3,3,1,1,1,rrsll_rssl_rsssll_rsl,484.0,345.0,414.0,94.0,64.0,220.0,926.0,109.0,203.0,293.0,308.0,64.0,15.0,21.0,15.0,15.0,8.455711725183306,8.108069851307416,8.234498814506585,8.449681827120267,8.42375203564027,0.7858333333333334,0.8772077375946173,0.8179551122194514,0.783978397839784,0.8188034188034188,3.2344508171081543,30.506391666666612,37.03392767031114,33.19166251039063,30.96925292529248,32.28546153846151,75.44333333333333,81.94280908326324,78.11471321695761,75.9090909090909,77.18205128205128,22.251666666666665,27.761143818334734,24.482959268495428,22.779477947794778,23.65042735042735,15.0,21.0,15.0,15.0,24.185135010343792
