,1,1l,1r,1s,2,2l,2r,2s,3,3l,3r,3s,4,4l,4r,4s,id,1_2,1_3,1_4,2_1,2_3,2_4,3_1,3_2,3_4,4_1,4_2,4_3,p1,p2,p3,p4,speed0,speed1,speed2,speed3,speed4,stop0,stop1,stop2,stop3,stop4,time,timeloss0,timeloss1,timeloss2,timeloss3,timeloss4,travel0,travel1,travel2,travel3,travel4,wait0,wait1,wait2,wait3,wait4,rrsslll_rrsll_rsssl_rrsslll_0,rrsslll_rrsll_rsssl_rrsslll_1,rrsslll_rrsll_rsssl_rrsslll_2,rrsslll_rrsll_rsssl_rrsslll_3,performance measure
0,7,3,2,2,5,2,2,1,5,1,1,3,7,3,2,2,rrsslll_rrsll_rsssl_rrsslll,934.0,208.0,522.0,154.0,314.0,286.0,232.0,119.0,58.0,497.0,149.0,566.0,10.0,5.0,10.0,10.0,9.187750119073181,8.948507330842986,8.993393173864494,9.488351322751424,9.312922227759747,0.8681003584229391,0.9077464788732394,0.8763402430307362,0.7364110201042442,0.787991104521868,3.757415533065796,25.254372759856647,26.236830985915578,25.289642601858496,19.570081906180178,21.730600444773877,69.6831541218638,70.75704225352112,69.85561115082201,63.99404318689501,66.20978502594514,16.27168458781362,17.33239436619718,16.812723373838455,12.118391660461652,13.916234247590808,10.0,5.0,10.0,10.0,15.290285647180344
