,1,1l,1r,1s,2,2l,2r,2s,3,3l,3r,3s,4,4l,4r,4s,id,1_2,1_3,1_4,2_1,2_3,2_4,3_1,3_2,3_4,4_1,4_2,4_3,p1,p2,p3,p4,speed0,speed1,speed2,speed3,speed4,stop0,stop1,stop2,stop3,stop4,time,timeloss0,timeloss1,timeloss2,timeloss3,timeloss4,travel0,travel1,travel2,travel3,travel4,wait0,wait1,wait2,wait3,wait4,rsl_rrsll_rsl_rslll_0,rsl_rrsll_rsl_rslll_1,rsl_rrsll_rsl_rslll_2,rsl_rrsll_rsl_rslll_3,performance measure
0,3,1,1,1,5,2,2,1,3,1,1,1,5,3,1,1,rsl_rrsll_rsl_rslll,204.0,285.0,123.0,500.0,236.0,289.0,57.0,273.0,160.0,827.0,197.0,41.0,10.0,15.0,15.0,15.0,8.404417368372492,8.546576110744065,8.569946288997354,8.83644704971008,8.57659921165836,0.9262672811059908,0.8208955223880597,0.8160714285714286,0.7609710550887021,0.8061797752808989,3.2404301166534424,35.442414746543754,29.191856343283575,30.120294642857147,26.596171802054133,28.77042134831462,80.34746543778802,74.16977611940298,75.07767857142858,71.55648926237161,73.71816479400749,25.627649769585254,20.61007462686567,21.379464285714285,18.473389355742295,20.10299625468165,10.0,15.0,15.0,15.0,21.238714858517834
