,1,1l,1r,1s,2,2l,2r,2s,3,3l,3r,3s,4,4l,4r,4s,id,1_2,1_3,1_4,2_1,2_3,2_4,3_1,3_2,3_4,4_1,4_2,4_3,p1,p2,p3,p4,speed0,speed1,speed2,speed3,speed4,stop0,stop1,stop2,stop3,stop4,time,timeloss0,timeloss1,timeloss2,timeloss3,timeloss4,travel0,travel1,travel2,travel3,travel4,wait0,wait1,wait2,wait3,wait4,rssl_rrsslll_rsl_rrsll_0,rssl_rrsslll_rsl_rrsll_1,rssl_rrsslll_rsl_rrsll_2,rssl_rrsslll_rsl_rrsll_3,performance measure
0,4,1,1,2,7,3,2,2,3,1,1,1,5,2,2,1,rssl_rrsslll_rsl_rrsll,168.0,502.0,262.0,316.0,836.0,204.0,154.0,136.0,224.0,334.0,319.0,524.0,10.0,10.0,10.0,10.0,8.965945610800814,8.680516742408441,8.861945888865412,8.977917566527584,8.510122710132187,0.8310369833212473,0.9452662721893491,0.8461538461538461,0.7973805855161787,0.9600870827285921,3.7491114139556885,25.42221899927483,29.74575443786984,26.00902366863903,24.33413713405237,30.59444121915821,70.15663524292965,74.5,70.81213017751479,69.06548536209553,75.36792452830188,17.05656272661349,20.420118343195266,17.41715976331361,16.1864406779661,21.095791001451378,10.0,10.0,10.0,10.0,18.435214502507968
