,1,1l,1r,1s,2,2l,2r,2s,3,3l,3r,3s,4,4l,4r,4s,id,1_2,1_3,1_4,2_1,2_3,2_4,3_1,3_2,3_4,4_1,4_2,4_3,p1,p2,p3,p4,speed0,speed1,speed2,speed3,speed4,stop0,stop1,stop2,stop3,stop4,time,timeloss0,timeloss1,timeloss2,timeloss3,timeloss4,travel0,travel1,travel2,travel3,travel4,wait0,wait1,wait2,wait3,wait4,rsl_rsssssl_rsll_rrssl_0,rsl_rsssssl_rsll_rrssl_1,rsl_rsssssl_rsll_rrssl_2,rsl_rsssssl_rsll_rrssl_3,performance measure
0,3,1,1,1,7,1,1,5,4,2,1,1,5,1,2,2,rsl_rsssssl_rsll_rrssl,231.0,119.0,137.0,163.0,117.0,326.0,158.0,275.0,246.0,265.0,570.0,389.0,10.0,10.0,10.0,10.0,9.158955044436102,9.030845985101529,8.910478362287153,9.237496747702293,8.990137414043698,0.7941454202077431,0.8364167478091529,0.8363636363636363,0.7520576131687243,0.818889970788705,3.189972162246704,24.138404154863107,24.33824732229796,26.493837320574173,21.852006172839523,24.64803310613435,68.90557129367328,69.11781888997079,71.22488038277513,66.60802469135803,69.37585199610515,16.100094428706328,16.124634858812072,18.04114832535885,14.275720164609053,16.49269717624148,10.0,10.0,10.0,10.0,16.206858990745555
