,1,1l,1r,1s,2,2l,2r,2s,3,3l,3r,3s,4,4l,4r,4s,id,1_2,1_3,1_4,2_1,2_3,2_4,3_1,3_2,3_4,4_1,4_2,4_3,p1,p2,p3,p4,speed0,speed1,speed2,speed3,speed4,stop0,stop1,stop2,stop3,stop4,time,timeloss0,timeloss1,timeloss2,timeloss3,timeloss4,travel0,travel1,travel2,travel3,travel4,wait0,wait1,wait2,wait3,wait4,rsl_rrsll_rsl_rslll_0,rsl_rrsll_rsl_rslll_1,rsl_rrsll_rsl_rslll_2,rsl_rrsll_rsl_rslll_3,performance measure
0,3,1,1,1,5,2,2,1,3,1,1,1,5,3,1,1,rsl_rrsll_rsl_rslll,37.0,211.0,57.0,612.0,327.0,351.0,331.0,277.0,75.0,343.0,58.0,64.0,5.0,15.0,10.0,15.0,8.986366118498118,9.176737158575003,9.066456481159019,9.286045450499651,9.069102381255412,0.7780082987551867,0.7332601536772777,0.7611788617886179,0.712707182320442,0.7562568008705114,3.233607769012451,24.745560165975117,22.506838638858394,23.49998983739836,21.26807734806631,23.082589771490753,69.64004149377594,67.41053787047201,68.41768292682927,66.10828729281768,67.9727965179543,16.280082987551868,14.592755214050493,15.289634146341463,13.58011049723757,14.946681175190424,5.0,15.0,10.0,15.0,14.937852804074364
