,1,1l,1r,1s,2,2l,2r,2s,3,3l,3r,3s,4,4l,4r,4s,id,1_2,1_3,1_4,2_1,2_3,2_4,3_1,3_2,3_4,4_1,4_2,4_3,p1,p2,p3,p4,speed0,speed1,speed2,speed3,speed4,stop0,stop1,stop2,stop3,stop4,time,timeloss0,timeloss1,timeloss2,timeloss3,timeloss4,travel0,travel1,travel2,travel3,travel4,wait0,wait1,wait2,wait3,wait4,rsl_rsssl_rssssl_rssll_0,rsl_rsssl_rssssl_rssll_1,rsl_rsssl_rssssl_rssll_2,rsl_rsssl_rssssl_rssll_3,performance measure
0,3,1,1,1,5,1,1,3,6,1,1,4,5,2,1,2,rsl_rsssl_rssssl_rssll,156.0,318.0,204.0,181.0,273.0,419.0,1248.0,191.0,114.0,490.0,663.0,247.0,10.0,15.0,15.0,15.0,8.74145883977506,8.496435249285094,8.523253426084171,8.600951802560056,8.477193554726558,0.7706237424547284,0.8293159609120521,0.8150510204081632,0.7989093387866394,0.8412073490813649,3.942354917526245,26.737270288397045,28.73806514657981,28.513813775510183,28.32575323790044,30.224612860892368,71.68745808182427,73.70944625407166,73.49170918367346,73.28493524199045,75.1522309711286,18.534540576794097,20.13615635179153,19.88966836734694,19.905248807089297,21.36023622047244,10.0,15.0,15.0,15.0,19.96517006469886
