,1,1l,1r,1s,2,2l,2r,2s,3,3l,3r,3s,4,4l,4r,4s,id,1_2,1_3,1_4,2_1,2_3,2_4,3_1,3_2,3_4,4_1,4_2,4_3,p1,p2,p3,p4,speed0,speed1,speed2,speed3,speed4,stop0,stop1,stop2,stop3,stop4,time,timeloss0,timeloss1,timeloss2,timeloss3,timeloss4,travel0,travel1,travel2,travel3,travel4,wait0,wait1,wait2,wait3,wait4,rrsssll_rsl_rsl_rrsll_0,rrsssll_rsl_rsl_rrsll_1,rrsssll_rsl_rsl_rrsll_2,rrsssll_rsl_rsl_rrsll_3,performance measure
0,7,2,2,3,3,1,1,1,3,1,1,1,5,2,2,1,rrsssll_rsl_rsl_rrsll,372.0,284.0,113.0,293.0,54.0,211.0,127.0,230.0,224.0,521.0,204.0,181.0,10.0,5.0,10.0,10.0,9.14911174432589,9.1330155126913,9.15712113066755,9.41991443848585,9.250778163976179,0.8324607329842932,0.8104166666666667,0.8321884200196271,0.7467811158798283,0.7995846313603323,3.100620746612549,24.116178010471202,22.88162500000003,23.526476938174703,20.703036480686688,22.084112149532658,69.0,67.803125,68.43277723258096,65.58798283261802,66.94807892004154,15.808376963350785,14.803125,15.28361138370952,13.027896995708154,14.19833852544133,10.0,5.0,10.0,10.0,14.62426977364196
