,1,1l,1r,1s,2,2l,2r,2s,3,3l,3r,3s,4,4l,4r,4s,id,1_2,1_3,1_4,2_1,2_3,2_4,3_1,3_2,3_4,4_1,4_2,4_3,p1,p2,p3,p4,speed0,speed1,speed2,speed3,speed4,stop0,stop1,stop2,stop3,stop4,time,timeloss0,timeloss1,timeloss2,timeloss3,timeloss4,travel0,travel1,travel2,travel3,travel4,wait0,wait1,wait2,wait3,wait4,rsl_rsssll_rrssl_rrsslll_0,rsl_rsssll_rrssl_rrsslll_1,rsl_rsssll_rrssl_rrsslll_2,rsl_rsssll_rrssl_rrsslll_3,performance measure
0,3,1,1,1,6,2,1,3,5,1,2,2,7,3,2,2,rsl_rsssll_rrssl_rrsslll,45.0,208.0,228.0,313.0,551.0,790.0,158.0,228.0,126.0,285.0,220.0,293.0,5.0,10.0,10.0,10.0,9.312779251984137,9.445774600483162,9.38251431490918,9.315274557288872,9.437730437645444,0.7952218430034129,0.7417391304347826,0.7691666666666667,0.7778745644599303,0.756138865368332,3.275399684906006,22.80901023890788,20.33767826086958,20.654258333333345,21.777613240418127,20.096020321761205,67.3703071672355,64.92347826086956,65.21916666666667,66.30226480836237,64.66215071972904,14.838737201365188,12.745217391304347,12.85,13.989547038327526,12.513124470787469,5.0,10.0,10.0,10.0,13.387325220356908
