,1,1l,1r,1s,2,2l,2r,2s,3,3l,3r,3s,4,4l,4r,4s,id,1_2,1_3,1_4,2_1,2_3,2_4,3_1,3_2,3_4,4_1,4_2,4_3,p1,p2,p3,p4,speed0,speed1,speed2,speed3,speed4,stop0,stop1,stop2,stop3,stop4,time,timeloss0,timeloss1,timeloss2,timeloss3,timeloss4,travel0,travel1,travel2,travel3,travel4,wait0,wait1,wait2,wait3,wait4,rrsssll_rsl_rsl_rrsll_0,rrsssll_rsl_rsl_rrsll_1,rrsssll_rsl_rsl_rrsll_2,rrsssll_rsl_rsl_rrsll_3,performance measure
0,7,2,2,3,3,1,1,1,3,1,1,1,5,2,2,1,rrsssll_rsl_rsl_rrsll,411.0,245.0,515.0,46.0,176.0,63.0,215.0,155.0,238.0,229.0,340.0,628.0,10.0,10.0,10.0,15.0,9.055238783161847,9.067199883423532,8.647526782293166,9.140006846706358,9.132514008806298,0.7768166089965398,0.7606142728093948,0.8949243098842387,0.7650323774283071,0.7483989021043,3.234757661819458,24.478935986159165,23.55922312556456,30.08217275155835,24.2795282146161,23.154107959743847,68.98010380622837,68.0650406504065,74.67497773820125,68.82053654024052,67.65507776761207,16.459342560553633,15.59349593495935,21.130008904719503,16.351526364477337,15.336688014638609,10.0,10.0,10.0,15.0,16.97421235586969
