,1,1l,1r,1s,2,2l,2r,2s,3,3l,3r,3s,4,4l,4r,4s,id,1_2,1_3,1_4,2_1,2_3,2_4,3_1,3_2,3_4,4_1,4_2,4_3,p1,p2,p3,p4,speed0,speed1,speed2,speed3,speed4,stop0,stop1,stop2,stop3,stop4,time,timeloss0,timeloss1,timeloss2,timeloss3,timeloss4,travel0,travel1,travel2,travel3,travel4,wait0,wait1,wait2,wait3,wait4,rssslll_rssll_rsssl_rrssl_0,rssslll_rssll_rsssl_rrssl_1,rssslll_rssll_rsssl_rrssl_2,rssslll_rssll_rsssl_rrssl_3,performance measure
0,7,3,1,3,5,2,1,2,5,1,1,3,5,1,2,2,rssslll_rssll_rsssl_rrssl,687.0,757.0,268.0,301.0,627.0,225.0,249.0,62.0,79.0,132.0,92.0,128.0,10.0,10.0,15.0,5.0,9.075522507161091,9.146066291000613,9.034798392575233,9.191125933390635,9.226190762362398,0.8386050283860503,0.77850697292863,0.8037383177570093,0.7576285963382737,0.7581168831168831,3.6734163761138916,26.52072992700728,22.40602132895816,23.79114485981309,22.282432432432426,21.87013798701302,71.28142741281427,67.1952420016407,68.59034267912773,67.03748910200522,66.61525974025975,18.282238442822383,14.645611156685808,15.755451713395638,14.544899738448125,14.162337662337663,10.0,10.0,15.0,5.0,15.478107742737922
