,1,1l,1r,1s,2,2l,2r,2s,3,3l,3r,3s,4,4l,4r,4s,id,1_2,1_3,1_4,2_1,2_3,2_4,3_1,3_2,3_4,4_1,4_2,4_3,p1,p2,p3,p4,speed0,speed1,speed2,speed3,speed4,stop0,stop1,stop2,stop3,stop4,time,timeloss0,timeloss1,timeloss2,timeloss3,timeloss4,travel0,travel1,travel2,travel3,travel4,wait0,wait1,wait2,wait3,wait4,rssslll_rssll_rsssl_rrssl_0,rssslll_rssll_rsssl_rrssl_1,rssslll_rssll_rsssl_rrssl_2,rssslll_rssll_rsssl_rrssl_3,performance measure
0,7,3,1,3,5,2,1,2,5,1,1,3,5,1,2,2,rssslll_rssll_rsssl_rrssl,373.0,881.0,75.0,102.0,111.0,295.0,649.0,294.0,166.0,267.0,438.0,198.0,10.0,15.0,10.0,10.0,8.991488632681216,8.818043876738882,9.056290882768396,9.24892757255112,9.04561827334584,0.7913238593866866,0.9088785046728972,0.7811059907834101,0.7351215423302598,0.7911741528762806,3.5531039237976074,24.473836948391924,30.499992211837977,24.34761904761906,22.544769488684015,24.457746256895195,69.29169783096485,75.32943925233644,69.14976958525345,67.35456831517183,69.28920409771473,16.516828721017202,21.424454828660437,16.578341013824886,15.005867560771165,16.59416863672183,10.0,15.0,10.0,10.0,17.223932152199104
