,1,1l,1r,1s,2,2l,2r,2s,3,3l,3r,3s,4,4l,4r,4s,id,1_2,1_3,1_4,2_1,2_3,2_4,3_1,3_2,3_4,4_1,4_2,4_3,p1,p2,p3,p4,speed0,speed1,speed2,speed3,speed4,stop0,stop1,stop2,stop3,stop4,time,timeloss0,timeloss1,timeloss2,timeloss3,timeloss4,travel0,travel1,travel2,travel3,travel4,wait0,wait1,wait2,wait3,wait4,rsssssl_rssssll_rsl_rssll_0,rsssssl_rssssll_rsl_rssll_1,rsssssl_rssssll_rsl_rssll_2,rsssssl_rssssll_rsl_rssll_3,performance measure
0,7,1,1,5,7,2,1,4,3,1,1,1,5,2,1,2,rsssssl_rssssll_rsl_rssll,226.0,1329.0,196.0,122.0,485.0,1017.0,82.0,187.0,156.0,213.0,439.0,74.0,10.0,10.0,10.0,10.0,8.81744750947416,8.874202067973933,9.073807161753969,8.916706587181798,8.916891896091467,0.8620466321243523,0.8458445040214477,0.7843915343915344,0.8205128205128205,0.8094302554027505,3.7133703231811523,26.15665155440413,24.402774798927684,23.118009259259285,24.405681511470995,24.128912901113335,71.10816062176166,69.39879356568365,68.10714285714286,69.38798920377867,69.09954158480681,17.662564766839377,16.198391420911527,15.221560846560847,16.238866396761132,16.02881466928618,10.0,10.0,10.0,10.0,16.270039620071813
