,1,1l,1r,1s,2,2l,2r,2s,3,3l,3r,3s,4,4l,4r,4s,id,1_2,1_3,1_4,2_1,2_3,2_4,3_1,3_2,3_4,4_1,4_2,4_3,p1,p2,p3,p4,speed0,speed1,speed2,speed3,speed4,stop0,stop1,stop2,stop3,stop4,time,timeloss0,timeloss1,timeloss2,timeloss3,timeloss4,travel0,travel1,travel2,travel3,travel4,wait0,wait1,wait2,wait3,wait4,rrsslll_rrsll_rsssl_rrsslll_0,rrsslll_rrsll_rsssl_rrsslll_1,rrsslll_rrsll_rsssl_rrsslll_2,rrsslll_rrsll_rsssl_rrsslll_3,performance measure
0,7,3,2,2,5,2,2,1,5,1,1,3,7,3,2,2,rrsslll_rrsll_rsssl_rrsslll,231.0,612.0,97.0,480.0,528.0,103.0,299.0,205.0,262.0,610.0,697.0,317.0,15.0,15.0,15.0,15.0,8.557621575348223,8.421001778648101,8.219378257245143,8.66887585204373,8.341000768776267,0.7843268586738111,0.8149632598530394,0.8688630490956072,0.7755385684503128,0.8256445047489823,3.697667121887207,28.55384460817149,30.308383433533695,33.30981266149873,27.659610840861724,31.448066485753074,73.2417950435365,75.01536406145624,78.00516795865633,72.34051424600418,76.15196743554952,20.49162759544541,21.991315965263862,24.38049095607235,19.591382904794997,23.010176390773406,15.0,15.0,15.0,15.0,21.892998762470008
