,1,1l,1r,1s,2,2l,2r,2s,3,3l,3r,3s,4,4l,4r,4s,id,1_2,1_3,1_4,2_1,2_3,2_4,3_1,3_2,3_4,4_1,4_2,4_3,p1,p2,p3,p4,speed0,speed1,speed2,speed3,speed4,stop0,stop1,stop2,stop3,stop4,time,timeloss0,timeloss1,timeloss2,timeloss3,timeloss4,travel0,travel1,travel2,travel3,travel4,wait0,wait1,wait2,wait3,wait4,rsl_rrsl_rssslll_rssssl_0,rsl_rrsl_rssslll_rssssl_1,rsl_rrsl_rssslll_rssssl_2,rsl_rrsl_rssslll_rssssl_3,performance measure
0,3,1,1,1,4,1,2,1,7,3,1,3,6,1,1,4,rsl_rrsl_rssslll_rssssl,318.0,52.0,64.0,556.0,241.0,83.0,317.0,317.0,541.0,48.0,1166.0,84.0,10.0,5.0,10.0,10.0,9.169610915583362,9.053333067851899,8.982556094187698,9.267275023186258,9.410985356087266,0.8355520751761942,0.862124898621249,0.925226586102719,0.7850770478507705,0.7556634304207119,3.463167428970337,23.03249021143306,24.483690186536933,25.924811178247705,21.603179237631807,20.116270226537225,67.67815191855912,69.1654501216545,70.58383685800604,66.24168694241686,64.75485436893204,14.660924040720438,15.86536901865369,16.600453172205437,13.472830494728305,12.441747572815533,10.0,5.0,10.0,10.0,14.608264859824681
