,1,1l,1r,1s,2,2l,2r,2s,3,3l,3r,3s,4,4l,4r,4s,id,1_2,1_3,1_4,2_1,2_3,2_4,3_1,3_2,3_4,4_1,4_2,4_3,p1,p2,p3,p4,speed0,speed1,speed2,speed3,speed4,stop0,stop1,stop2,stop3,stop4,time,timeloss0,timeloss1,timeloss2,timeloss3,timeloss4,travel0,travel1,travel2,travel3,travel4,wait0,wait1,wait2,wait3,wait4,rsl_rsssl_rssssl_rssll_0,rsl_rsssl_rssssl_rssll_1,rsl_rsssl_rssssl_rssll_2,rsl_rsssl_rssssl_rssll_3,performance measure
0,3,1,1,1,5,1,1,3,6,1,1,4,5,2,1,2,rsl_rsssl_rssssl_rssll,257.0,332.0,189.0,127.0,238.0,122.0,182.0,226.0,197.0,222.0,486.0,185.0,10.0,15.0,10.0,10.0,8.572733812434354,8.726171077226777,8.42638354903624,8.569326218186747,8.776342081134459,0.9789251844046365,0.8436482084690554,0.974869109947644,0.9420454545454545,0.8236559139784946,2.921187400817871,34.14654373024235,27.89821932681868,33.6930366492147,32.59105681818181,26.53606451612905,78.91780821917808,72.71986970684038,78.48167539267016,77.3125,71.33655913978495,24.31717597471022,19.501628664495115,24.21256544502618,23.17159090909091,18.189247311827955,10.0,15.0,10.0,10.0,21.878441661030077
