,1,1l,1r,1s,2,2l,2r,2s,3,3l,3r,3s,4,4l,4r,4s,id,1_2,1_3,1_4,2_1,2_3,2_4,3_1,3_2,3_4,4_1,4_2,4_3,p1,p2,p3,p4,speed0,speed1,speed2,speed3,speed4,stop0,stop1,stop2,stop3,stop4,time,timeloss0,timeloss1,timeloss2,timeloss3,timeloss4,travel0,travel1,travel2,travel3,travel4,wait0,wait1,wait2,wait3,wait4,rrsslll_rrsll_rsssl_rrsslll_0,rrsslll_rrsll_rsssl_rrsslll_1,rrsslll_rrsll_rsssl_rrsslll_2,rrsslll_rrsll_rsssl_rrsslll_3,performance measure
0,7,3,2,2,5,2,2,1,5,1,1,3,7,3,2,2,rrsslll_rrsll_rsssl_rrsslll,360.0,219.0,227.0,475.0,357.0,257.0,316.0,83.0,287.0,145.0,705.0,156.0,10.0,5.0,10.0,15.0,9.158895988243719,9.258665393042707,9.016992216323466,8.955775224073248,9.266762890055567,0.7923763179237632,0.7757475083056479,0.866403162055336,0.9012658227848102,0.7710743801652893,3.5646042823791504,23.571573398215723,22.263812292358793,28.08890118577079,28.32913080168775,22.3056776859504,68.2214111922141,66.8953488372093,72.6592885375494,72.94852320675105,66.93057851239669,15.6455798864558,14.585548172757475,19.62924901185771,19.470042194092827,14.764462809917354,10.0,5.0,10.0,15.0,16.81897641501623
