,1,1l,1r,1s,2,2l,2r,2s,3,3l,3r,3s,4,4l,4r,4s,id,1_2,1_3,1_4,2_1,2_3,2_4,3_1,3_2,3_4,4_1,4_2,4_3,p1,p2,p3,p4,speed0,speed1,speed2,speed3,speed4,stop0,stop1,stop2,stop3,stop4,time,timeloss0,timeloss1,timeloss2,timeloss3,timeloss4,travel0,travel1,travel2,travel3,travel4,wait0,wait1,wait2,wait3,wait4,rsl_rsl_rsssl_rsl_0,rsl_rsl_rsssl_rsl_1,rsl_rsl_rsssl_rsl_2,rsl_rsl_rsssl_rsl_3,performance measure
0,3,1,1,1,3,1,1,1,5,1,1,3,3,1,1,1,rsl_rsl_rsssl_rsl,183.0,119.0,297.0,196.0,133.0,331.0,1049.0,211.0,90.0,303.0,285.0,92.0,10.0,15.0,15.0,15.0,7.9961003420371135,8.045496934358127,8.396384768070483,8.661610089580487,8.35141053676998,1.0026954177897573,0.9236234458259325,0.8631863186318632,0.7788191190253045,0.8646482635796973,3.382467031478882,39.74335130278519,34.9601953818828,31.216948694869487,27.710459231490162,31.52537845057876,84.71159029649596,79.96536412078153,76.1962196219622,72.71883786316776,76.48441674087266,29.0062893081761,25.355239786856128,22.094509450945093,19.331771321462043,22.2439893143366,10.0,15.0,15.0,15.0,23.606359836355193
