,1,1l,1r,1s,2,2l,2r,2s,3,3l,3r,3s,4,4l,4r,4s,id,1_2,1_3,1_4,2_1,2_3,2_4,3_1,3_2,3_4,4_1,4_2,4_3,p1,p2,p3,p4,speed0,speed1,speed2,speed3,speed4,stop0,stop1,stop2,stop3,stop4,time,timeloss0,timeloss1,timeloss2,timeloss3,timeloss4,travel0,travel1,travel2,travel3,travel4,wait0,wait1,wait2,wait3,wait4,rrsslll_rrsll_rsssl_rrsslll_0,rrsslll_rrsll_rsssl_rrsslll_1,rrsslll_rrsll_rsssl_rrsslll_2,rrsslll_rrsll_rsssl_rrsslll_3,performance measure
0,7,3,2,2,5,2,2,1,5,1,1,3,7,3,2,2,rrsslll_rrsll_rsssl_rrsslll,893.0,109.0,297.0,477.0,190.0,239.0,415.0,172.0,85.0,864.0,360.0,196.0,10.0,5.0,10.0,10.0,9.129385044014965,8.833746965501485,8.955852487234631,9.124706755843743,9.34946952984662,0.8447923757658271,0.9008264462809917,0.8813096862210096,0.819060773480663,0.7646648044692738,3.7232933044433594,23.95932607215791,26.089765840220387,24.884024556616627,22.860911602209942,20.622444134078243,68.66848196051735,70.84366391184572,69.59549795361528,67.5732044198895,65.32611731843575,15.6215112321307,17.439393939393938,16.462482946793997,14.773480662983426,12.99231843575419,10.0,5.0,10.0,10.0,15.45783744341125
