,1,1l,1r,1s,2,2l,2r,2s,3,3l,3r,3s,4,4l,4r,4s,id,1_2,1_3,1_4,2_1,2_3,2_4,3_1,3_2,3_4,4_1,4_2,4_3,p1,p2,p3,p4,speed0,speed1,speed2,speed3,speed4,stop0,stop1,stop2,stop3,stop4,time,timeloss0,timeloss1,timeloss2,timeloss3,timeloss4,travel0,travel1,travel2,travel3,travel4,wait0,wait1,wait2,wait3,wait4,rsssll_rssl_rsslll_rrsl_0,rsssll_rssl_rsslll_rrsl_1,rsssll_rssl_rsslll_rrsl_2,rsssll_rssl_rsslll_rrsl_3,performance measure
0,6,2,1,3,4,1,1,2,6,3,1,2,4,1,2,1,rsssll_rssl_rsslll_rrsl,483.0,618.0,321.0,205.0,233.0,475.0,590.0,213.0,719.0,79.0,276.0,194.0,10.0,10.0,10.0,10.0,8.71876814530891,8.743372609188203,8.528121656654658,8.788966840437995,8.894988387060824,0.8779186124082722,0.8793220338983051,0.9111969111969112,0.8532303370786517,0.8264963012777404,3.9110374450683594,27.098965977318223,26.47132203389829,28.7631467181467,26.23631320224716,25.23940820443846,71.93729152768512,71.31389830508475,73.62162162162163,71.08918539325843,70.06455951580364,18.40893929286191,17.806101694915256,19.732947232947232,17.742977528089888,16.747141896435778,10.0,10.0,10.0,10.0,18.08762152905001
