,1,1l,1r,1s,2,2l,2r,2s,3,3l,3r,3s,4,4l,4r,4s,id,1_2,1_3,1_4,2_1,2_3,2_4,3_1,3_2,3_4,4_1,4_2,4_3,p1,p2,p3,p4,speed0,speed1,speed2,speed3,speed4,stop0,stop1,stop2,stop3,stop4,time,timeloss0,timeloss1,timeloss2,timeloss3,timeloss4,travel0,travel1,travel2,travel3,travel4,wait0,wait1,wait2,wait3,wait4,rrsll_rssl_rsssll_rsl_0,rrsll_rssl_rsssll_rsl_1,rrsll_rssl_rsssll_rsl_2,rrsll_rssl_rsssll_rsl_3,performance measure
0,5,2,2,1,4,1,1,2,6,2,1,3,3,1,1,1,rrsll_rssl_rsssll_rsl,100.0,339.0,302.0,103.0,148.0,528.0,401.0,76.0,433.0,307.0,292.0,80.0,10.0,15.0,15.0,15.0,8.738383202616829,8.361786698069322,7.945041058569101,8.462701940977787,8.051450651458053,0.7752081406105458,0.8622641509433963,1.0055813953488373,0.8500486854917235,0.9610027855153204,3.222280502319336,27.06488436632749,31.72440566037734,39.61650232558146,31.847809152872465,36.35395543175488,72.07123034227567,76.67075471698114,84.59813953488371,76.82667964946447,81.28505106778087,19.023126734505087,22.974528301886792,29.3953488372093,23.228821811100293,26.652739090064994,10.0,15.0,15.0,15.0,24.25491295495329
