,1,1l,1r,1s,2,2l,2r,2s,3,3l,3r,3s,4,4l,4r,4s,id,1_2,1_3,1_4,2_1,2_3,2_4,3_1,3_2,3_4,4_1,4_2,4_3,p1,p2,p3,p4,speed0,speed1,speed2,speed3,speed4,stop0,stop1,stop2,stop3,stop4,time,timeloss0,timeloss1,timeloss2,timeloss3,timeloss4,travel0,travel1,travel2,travel3,travel4,wait0,wait1,wait2,wait3,wait4,rsl_rrsll_rsl_rslll_0,rsl_rrsll_rsl_rslll_1,rsl_rrsll_rsl_rslll_2,rsl_rrsll_rsl_rslll_3,performance measure
0,3,1,1,1,5,2,2,1,3,1,1,1,5,3,1,1,rsl_rrsll_rsl_rslll,131.0,342.0,216.0,495.0,488.0,191.0,203.0,112.0,212.0,910.0,116.0,88.0,10.0,15.0,15.0,10.0,8.68561042379499,8.873654696717653,8.666413903408078,8.769407870356599,8.706842330426136,0.8479338842975207,0.7715008431703204,0.8129032258064516,0.8083121289228159,0.8086522462562395,3.4835760593414307,29.355710743801673,25.01932546374367,27.29676612903231,27.044376590330774,26.817911813643917,74.35206611570248,70.03288364249579,72.26370967741936,72.02883799830364,71.78036605657238,20.640495867768596,16.83052276559865,18.72016129032258,18.588634435962682,18.26289517470882,10.0,15.0,15.0,10.0,18.608541906872265
