,1,1l,1r,1s,2,2l,2r,2s,3,3l,3r,3s,4,4l,4r,4s,id,1_2,1_3,1_4,2_1,2_3,2_4,3_1,3_2,3_4,4_1,4_2,4_3,p1,p2,p3,p4,speed0,speed1,speed2,speed3,speed4,stop0,stop1,stop2,stop3,stop4,time,timeloss0,timeloss1,timeloss2,timeloss3,timeloss4,travel0,travel1,travel2,travel3,travel4,wait0,wait1,wait2,wait3,wait4,rsl_rsssl_rssssl_rssll_0,rsl_rsssl_rssssl_rssll_1,rsl_rsssl_rssssl_rssll_2,rsl_rsssl_rssssl_rssll_3,performance measure
0,3,1,1,1,5,1,1,3,6,1,1,4,5,2,1,2,rsl_rsssl_rssssl_rssll,187.0,243.0,159.0,164.0,181.0,431.0,398.0,106.0,231.0,220.0,160.0,310.0,10.0,10.0,10.0,10.0,9.29453506758775,9.230556207804362,9.073226878458875,9.077633794472018,9.241849744004753,0.7413441955193483,0.7897489539748954,0.7944785276073619,0.7885032537960954,0.7705263157894737,2.999863386154175,21.375896130346266,21.763054393305396,24.42110429447851,23.557353579175697,21.97966315789473,66.21588594704684,66.59728033472804,69.27096114519428,68.36984815618221,66.81368421052632,13.813645621181262,14.091004184100418,16.21676891615542,15.72993492407809,14.222105263157895,10.0,10.0,10.0,10.0,14.814691781734618
