,1,1l,1r,1s,2,2l,2r,2s,3,3l,3r,3s,4,4l,4r,4s,id,1_2,1_3,1_4,2_1,2_3,2_4,3_1,3_2,3_4,4_1,4_2,4_3,p1,p2,p3,p4,speed0,speed1,speed2,speed3,speed4,stop0,stop1,stop2,stop3,stop4,time,timeloss0,timeloss1,timeloss2,timeloss3,timeloss4,travel0,travel1,travel2,travel3,travel4,wait0,wait1,wait2,wait3,wait4,rssll_rrsl_rsssl_rrsl_0,rssll_rrsl_rsssl_rrsl_1,rssll_rrsl_rsssl_rrsl_2,rssll_rrsl_rsssl_rrsl_3,performance measure
0,5,2,1,2,4,1,2,1,5,1,1,3,4,1,2,1,rssll_rrsl_rsssl_rrsl,189.0,633.0,305.0,574.0,275.0,320.0,520.0,106.0,288.0,70.0,143.0,105.0,15.0,15.0,15.0,15.0,8.365272548596906,8.583724546989515,8.22258402710399,8.293046467463812,8.229819692295326,0.8875838926174496,0.771404109589041,0.8802931596091205,0.8752212389380531,0.865531914893617,3.355255603790283,34.7625167785235,29.019092465753452,33.670586319218295,33.49038938053097,33.86453617021275,79.5260067114094,73.77482876712328,78.4413680781759,78.21858407079647,78.60255319148936,25.36241610738255,20.727739726027398,24.506514657980457,24.37787610619469,24.703829787234042,15.0,15.0,15.0,15.0,23.935675276963828
