,1,1l,1r,1s,2,2l,2r,2s,3,3l,3r,3s,4,4l,4r,4s,id,1_2,1_3,1_4,2_1,2_3,2_4,3_1,3_2,3_4,4_1,4_2,4_3,p1,p2,p3,p4,speed0,speed1,speed2,speed3,speed4,stop0,stop1,stop2,stop3,stop4,time,timeloss0,timeloss1,timeloss2,timeloss3,timeloss4,travel0,travel1,travel2,travel3,travel4,wait0,wait1,wait2,wait3,wait4,rrsslll_rrsll_rsssl_rrsslll_0,rrsslll_rrsll_rsssl_rrsslll_1,rrsslll_rrsll_rsssl_rrsslll_2,rrsslll_rrsll_rsssl_rrsslll_3,performance measure
0,7,3,2,2,5,2,2,1,5,1,1,3,7,3,2,2,rrsslll_rrsll_rsssl_rrsslll,700.0,159.0,227.0,390.0,408.0,270.0,1009.0,88.0,145.0,918.0,716.0,469.0,10.0,15.0,15.0,15.0,8.135240637465792,8.002691299620613,8.10859312584703,8.550669486710463,8.524084192206399,0.9375,0.9713527851458886,0.9722962173681406,0.8077765607886089,0.8241819190238492,4.702011585235596,35.82940732758613,36.87783554376657,37.34696856686203,28.85346659364736,28.955768164170873,80.52316810344827,81.60742705570291,82.07725093233884,73.59036144578313,73.66389351081531,26.309806034482758,27.19840848806366,27.535961640916355,20.336254107338444,20.4381586245147,10.0,15.0,15.0,15.0,24.363717779063183
