,1,1l,1r,1s,2,2l,2r,2s,3,3l,3r,3s,4,4l,4r,4s,id,1_2,1_3,1_4,2_1,2_3,2_4,3_1,3_2,3_4,4_1,4_2,4_3,p1,p2,p3,p4,speed0,speed1,speed2,speed3,speed4,stop0,stop1,stop2,stop3,stop4,time,timeloss0,timeloss1,timeloss2,timeloss3,timeloss4,travel0,travel1,travel2,travel3,travel4,wait0,wait1,wait2,wait3,wait4,rsl_rssslll_rrsssl_rsslll_0,rsl_rssslll_rrsssl_rsslll_1,rsl_rssslll_rrsssl_rsslll_2,rsl_rssslll_rrsssl_rsslll_3,performance measure
0,3,1,1,1,7,3,1,3,6,1,2,3,6,3,1,2,rsl_rssslll_rrsssl_rsslll,233.0,349.0,282.0,267.0,806.0,679.0,457.0,402.0,217.0,385.0,157.0,212.0,10.0,15.0,10.0,10.0,8.573494138258825,8.698513718412102,8.638621356363089,8.570701900810787,8.16983905103707,0.8900592495062541,0.8364864864864865,0.889538661468486,0.881000676132522,1.0412844036697249,3.7558860778808594,29.937096774193495,27.71530405405407,28.653268356075387,29.08208248816768,36.95733944954122,74.58986175115207,72.41148648648648,73.30539311241066,73.75321162947938,81.61271297509829,21.05990783410138,19.193918918918918,19.75438596491228,20.29817444219067,26.724115334207077,10.0,15.0,10.0,10.0,21.406100498866067
