,1,1l,1r,1s,2,2l,2r,2s,3,3l,3r,3s,4,4l,4r,4s,id,1_2,1_3,1_4,2_1,2_3,2_4,3_1,3_2,3_4,4_1,4_2,4_3,p1,p2,p3,p4,speed0,speed1,speed2,speed3,speed4,stop0,stop1,stop2,stop3,stop4,time,timeloss0,timeloss1,timeloss2,timeloss3,timeloss4,travel0,travel1,travel2,travel3,travel4,wait0,wait1,wait2,wait3,wait4,rsssssl_rssssll_rsl_rssll_0,rsssssl_rssssll_rsl_rssll_1,rsssssl_rssssll_rsl_rssll_2,rsssssl_rssssll_rsl_rssll_3,performance measure
0,7,1,1,5,7,2,1,4,3,1,1,1,5,2,1,2,rsssssl_rssssll_rsl_rssll,124.0,254.0,94.0,226.0,513.0,822.0,71.0,271.0,248.0,211.0,628.0,147.0,10.0,5.0,10.0,10.0,9.30244269989337,9.39097398857069,8.974505561907018,9.410580159317297,9.198784375460807,0.7759336099585062,0.7589134125636672,0.8687106918238994,0.7514843087362172,0.8011272141706924,3.2345540523529053,21.1306970954357,20.482589134125664,24.753938679245287,20.4415691263783,21.998655394524942,65.92697095435685,65.30645161290323,69.56132075471699,65.245122985581,66.81481481481481,13.365145228215768,12.895585738539898,16.141509433962263,12.770992366412214,13.9597423510467,10.0,5.0,10.0,10.0,13.826595023635369
