,1,1l,1r,1s,2,2l,2r,2s,3,3l,3r,3s,4,4l,4r,4s,id,1_2,1_3,1_4,2_1,2_3,2_4,3_1,3_2,3_4,4_1,4_2,4_3,p1,p2,p3,p4,speed0,speed1,speed2,speed3,speed4,stop0,stop1,stop2,stop3,stop4,time,timeloss0,timeloss1,timeloss2,timeloss3,timeloss4,travel0,travel1,travel2,travel3,travel4,wait0,wait1,wait2,wait3,wait4,rsl_rrsl_rssslll_rssssl_0,rsl_rrsl_rssslll_rssssl_1,rsl_rrsl_rssslll_rssssl_2,rsl_rrsl_rssslll_rssssl_3,performance measure
0,3,1,1,1,4,1,2,1,7,3,1,3,6,1,1,4,rsl_rrsl_rssslll_rssssl,230.0,41.0,245.0,371.0,148.0,317.0,650.0,67.0,725.0,274.0,1206.0,90.0,10.0,10.0,10.0,15.0,8.600124419513932,8.685251263504211,8.527730077390743,8.943409703883336,8.687066768183055,0.8925729442970822,0.9085324232081912,0.9036697247706422,0.8020086083213773,0.8504672897196262,3.6764414310455322,29.275696286472144,30.427010238907815,30.471579292267396,24.662632711621214,27.14109479305741,74.30437665782493,75.42935153583618,75.45806028833552,69.67073170731707,72.11748998664886,20.30570291777188,21.10307167235495,21.483617300131062,16.555954088952653,18.554739652870495,10.0,10.0,10.0,15.0,19.60061712641621
