,1,1l,1r,1s,2,2l,2r,2s,3,3l,3r,3s,4,4l,4r,4s,id,1_2,1_3,1_4,2_1,2_3,2_4,3_1,3_2,3_4,4_1,4_2,4_3,p1,p2,p3,p4,speed0,speed1,speed2,speed3,speed4,stop0,stop1,stop2,stop3,stop4,time,timeloss0,timeloss1,timeloss2,timeloss3,timeloss4,travel0,travel1,travel2,travel3,travel4,wait0,wait1,wait2,wait3,wait4,rsssll_rssl_rsslll_rrsl_0,rsssll_rssl_rsslll_rrsl_1,rsssll_rssl_rsslll_rrsl_2,rsssll_rssl_rsslll_rrsl_3,performance measure
0,6,2,1,3,4,1,1,2,6,3,1,2,4,1,2,1,rsssll_rssl_rsslll_rrsl,447.0,1069.0,152.0,285.0,76.0,260.0,100.0,100.0,814.0,142.0,249.0,327.0,15.0,15.0,10.0,10.0,8.85587882785132,8.825663640255309,8.795069655596498,9.013572244040722,8.813718527753199,0.7774566473988439,0.8063798219584569,0.7964539007092198,0.7532667179093006,0.8057607090103397,3.8684985637664795,25.3750867052023,26.25351632047476,26.224702127659622,24.284857801691004,27.070915805022132,70.16907514450867,71.04228486646885,71.07730496453901,69.06072252113759,71.86779911373708,17.272398843930635,17.976261127596437,17.960283687943264,16.383551114527286,18.77178729689808,15.0,15.0,10.0,10.0,17.672856414179144
