,1,1l,1r,1s,2,2l,2r,2s,3,3l,3r,3s,4,4l,4r,4s,id,1_2,1_3,1_4,2_1,2_3,2_4,3_1,3_2,3_4,4_1,4_2,4_3,p1,p2,p3,p4,speed0,speed1,speed2,speed3,speed4,stop0,stop1,stop2,stop3,stop4,time,timeloss0,timeloss1,timeloss2,timeloss3,timeloss4,travel0,travel1,travel2,travel3,travel4,wait0,wait1,wait2,wait3,wait4,rsl_rssslll_rrsssl_rsslll_0,rsl_rssslll_rrsssl_rsslll_1,rsl_rssslll_rrsssl_rsslll_2,rsl_rssslll_rrsssl_rsslll_3,performance measure
0,3,1,1,1,7,3,1,3,6,1,2,3,6,3,1,2,rsl_rssslll_rrsssl_rsslll,321.0,275.0,57.0,214.0,624.0,238.0,994.0,263.0,191.0,391.0,547.0,261.0,15.0,15.0,10.0,15.0,8.566292883146208,8.466094250924417,8.329133907354908,8.506440446781507,8.558068861149998,0.7985023825731791,0.8317503392130258,0.8668424522083059,0.8120567375886525,0.8076138681169273,4.014675140380859,28.678604492852333,29.292788331071918,31.418609096901733,28.938737588652558,28.645105370496267,73.50442477876106,74.11261872455903,76.21621621621621,73.73191489361702,73.44935418082937,20.301565690946223,20.791044776119403,22.433091628213578,20.565248226950356,20.322229775662816,15.0,15.0,10.0,15.0,20.882636019578477
