,1,1l,1r,1s,2,2l,2r,2s,3,3l,3r,3s,4,4l,4r,4s,id,1_2,1_3,1_4,2_1,2_3,2_4,3_1,3_2,3_4,4_1,4_2,4_3,p1,p2,p3,p4,speed0,speed1,speed2,speed3,speed4,stop0,stop1,stop2,stop3,stop4,time,timeloss0,timeloss1,timeloss2,timeloss3,timeloss4,travel0,travel1,travel2,travel3,travel4,wait0,wait1,wait2,wait3,wait4,rsl_rsl_rsl_rrssll_0,rsl_rsl_rsl_rrssll_1,rsl_rsl_rsl_rrssll_2,rsl_rsl_rsl_rrssll_3,performance measure
0,3,1,1,1,3,1,1,1,3,1,1,1,6,2,2,2,rsl_rsl_rsl_rrssll,244.0,204.0,136.0,99.0,177.0,194.0,102.0,95.0,90.0,593.0,307.0,604.0,10.0,10.0,15.0,10.0,8.76571585867778,9.0746133980373,8.75971988971362,9.168199817339206,9.07176321669885,0.8874629812438302,0.7610887096774194,0.8818652849740932,0.7273695420660277,0.7597061909758657,3.1622495651245117,29.49895360315893,23.943608870967736,28.612953367875683,22.687476038338666,23.31952780692553,74.48667324777888,68.94657258064517,73.61968911917099,67.65921192758253,68.30954879328436,20.461994076999012,15.94758064516129,19.646632124352333,15.015974440894569,15.44386149003148,10.0,10.0,15.0,10.0,17.303208555487736
