,1,1l,1r,1s,2,2l,2r,2s,3,3l,3r,3s,4,4l,4r,4s,id,1_2,1_3,1_4,2_1,2_3,2_4,3_1,3_2,3_4,4_1,4_2,4_3,p1,p2,p3,p4,speed0,speed1,speed2,speed3,speed4,stop0,stop1,stop2,stop3,stop4,time,timeloss0,timeloss1,timeloss2,timeloss3,timeloss4,travel0,travel1,travel2,travel3,travel4,wait0,wait1,wait2,wait3,wait4,rssl_rrsslll_rsl_rrsll_0,rssl_rrsslll_rsl_rrsll_1,rssl_rrsslll_rsl_rrsll_2,rssl_rrsslll_rsl_rrsll_3,performance measure
0,4,1,1,2,7,3,2,2,3,1,1,1,5,2,2,1,rssl_rrsslll_rsl_rrsll,308.0,688.0,62.0,194.0,721.0,489.0,202.0,267.0,84.0,253.0,191.0,374.0,15.0,15.0,15.0,15.0,8.450290803806196,8.219216624053166,8.215088513723254,8.646122893562731,8.220615713933316,0.8102796674225246,0.8572513287775246,0.8833841463414634,0.7732041969330105,0.8421862971516552,3.5957937240600586,30.23178382464098,33.596651480637796,33.98537347560976,28.384188861985486,33.15853733641257,75.09448223733938,78.47532270311314,78.86204268292683,73.22518159806296,78.03695150115473,21.820861678004537,24.813971146545178,24.865853658536587,20.26230831315577,24.336412625096226,15.0,15.0,15.0,15.0,23.21988148426766
