,1,1l,1r,1s,2,2l,2r,2s,3,3l,3r,3s,4,4l,4r,4s,id,1_2,1_3,1_4,2_1,2_3,2_4,3_1,3_2,3_4,4_1,4_2,4_3,p1,p2,p3,p4,speed0,speed1,speed2,speed3,speed4,stop0,stop1,stop2,stop3,stop4,time,timeloss0,timeloss1,timeloss2,timeloss3,timeloss4,travel0,travel1,travel2,travel3,travel4,wait0,wait1,wait2,wait3,wait4,rsssssl_rsl_rrsslll_rsssll_0,rsssssl_rsl_rrsslll_rsssll_1,rsssssl_rsl_rrsslll_rsssll_2,rsssssl_rsl_rrsslll_rsssll_3,performance measure
0,7,1,1,5,3,1,1,1,7,3,2,2,6,2,1,3,rsssssl_rsl_rrsslll_rsssll,179.0,1599.0,194.0,226.0,184.0,252.0,162.0,276.0,304.0,487.0,1005.0,319.0,10.0,15.0,15.0,15.0,8.548832804878472,8.558430061151524,8.569847795658802,8.771377350662682,8.62236256658689,0.8167895632444696,0.8111174134997164,0.80178671133445,0.7604540023894862,0.801600914808462,4.312146902084351,28.879319342030684,28.524900737379504,28.04497487437187,26.296708482676223,27.422469982847314,73.66364152013612,73.33976176971072,72.84924623115577,71.09796893667861,72.20811892510005,20.26942711287578,19.95519001701645,19.582356225572305,18.183393070489846,19.00514579759863,10.0,15.0,15.0,15.0,19.3991024447106
