,1,1l,1r,1s,2,2l,2r,2s,3,3l,3r,3s,4,4l,4r,4s,id,1_2,1_3,1_4,2_1,2_3,2_4,3_1,3_2,3_4,4_1,4_2,4_3,p1,p2,p3,p4,speed0,speed1,speed2,speed3,speed4,stop0,stop1,stop2,stop3,stop4,time,timeloss0,timeloss1,timeloss2,timeloss3,timeloss4,travel0,travel1,travel2,travel3,travel4,wait0,wait1,wait2,wait3,wait4,rrsssll_rsl_rsl_rrsll_0,rrsssll_rsl_rsl_rrsll_1,rrsssll_rsl_rsl_rrsll_2,rrsssll_rsl_rsl_rrsll_3,performance measure
0,7,2,2,3,3,1,1,1,3,1,1,1,5,2,2,1,rrsssll_rsl_rsl_rrsll,110.0,632.0,73.0,301.0,67.0,303.0,328.0,80.0,52.0,624.0,126.0,244.0,5.0,15.0,15.0,15.0,8.61332893655727,8.720303604787917,8.675749993868891,8.935180982813103,8.761147936255568,0.8545816733067729,0.8088669950738916,0.8231420507996237,0.759871931696905,0.799184505606524,3.133852005004883,29.673884462151385,26.412975369458117,27.03469426152394,24.481910352187825,26.402252803261995,74.60557768924303,71.37635467980296,71.95390404515523,69.43116328708645,71.35270132517839,20.632470119521912,17.92512315270936,18.48918156161806,16.417289220917823,17.955147808358817,5.0,15.0,15.0,15.0,18.283842372625195
