,1,1l,1r,1s,2,2l,2r,2s,3,3l,3r,3s,4,4l,4r,4s,id,1_2,1_3,1_4,2_1,2_3,2_4,3_1,3_2,3_4,4_1,4_2,4_3,p1,p2,p3,p4,speed0,speed1,speed2,speed3,speed4,stop0,stop1,stop2,stop3,stop4,time,timeloss0,timeloss1,timeloss2,timeloss3,timeloss4,travel0,travel1,travel2,travel3,travel4,wait0,wait1,wait2,wait3,wait4,rsl_rsl_rsl_rrssll_0,rsl_rsl_rsl_rrssll_1,rsl_rsl_rsl_rrssll_2,rsl_rsl_rsl_rrssll_3,performance measure
0,3,1,1,1,3,1,1,1,3,1,1,1,6,2,2,2,rsl_rsl_rsl_rrssll,250.0,187.0,94.0,176.0,300.0,280.0,209.0,185.0,202.0,290.0,531.0,234.0,10.0,10.0,10.0,10.0,8.262216571380236,8.542013362975924,8.476740547019498,8.4486336849915,8.541351830263231,1.1655104063429138,0.947261663286004,0.9602327837051406,0.9989212513484358,0.916583912611718,3.042794942855835,39.67477700693757,29.21092292089249,31.472647914645965,32.700776699029134,29.591976166832232,84.71357779980178,74.28498985801217,76.5063045586809,77.71305285868392,74.64250248262165,27.997026759167493,20.197768762677484,21.80019398642095,22.872707659115427,20.357497517378352,10.0,10.0,10.0,10.0,22.64503893695194
