,1,1l,1r,1s,2,2l,2r,2s,3,3l,3r,3s,4,4l,4r,4s,id,1_2,1_3,1_4,2_1,2_3,2_4,3_1,3_2,3_4,4_1,4_2,4_3,p1,p2,p3,p4,speed0,speed1,speed2,speed3,speed4,stop0,stop1,stop2,stop3,stop4,time,timeloss0,timeloss1,timeloss2,timeloss3,timeloss4,travel0,travel1,travel2,travel3,travel4,wait0,wait1,wait2,wait3,wait4,rssslll_rrsssl_rsssssl_rsl_0,rssslll_rrsssl_rsssssl_rsl_1,rssslll_rrsssl_rsssssl_rsl_2,rssslll_rrsssl_rsssssl_rsl_3,performance measure
0,7,3,1,3,6,1,2,3,7,1,1,5,3,1,1,1,rssslll_rrsssl_rsssssl_rsl,545.0,653.0,162.0,298.0,126.0,820.0,224.0,275.0,186.0,125.0,294.0,190.0,10.0,10.0,10.0,15.0,9.158832854497918,9.161677779998598,9.131357126892755,9.22952095114289,9.111788561186051,0.7562642369020501,0.7364760432766615,0.7682748538011696,0.7362204724409449,0.7560606060606061,3.7335197925567627,22.49993925588453,22.6059582689335,22.707704678362564,21.992401574803136,23.073363636363663,67.16324981017463,67.28129829984545,67.40423976608187,66.66141732283465,67.73257575757576,14.744115413819287,14.976043276661514,14.939327485380117,14.379527559055118,15.256818181818181,10.0,10.0,10.0,15.0,14.859166383346842
