,1,1l,1r,1s,2,2l,2r,2s,3,3l,3r,3s,4,4l,4r,4s,id,1_2,1_3,1_4,2_1,2_3,2_4,3_1,3_2,3_4,4_1,4_2,4_3,p1,p2,p3,p4,speed0,speed1,speed2,speed3,speed4,stop0,stop1,stop2,stop3,stop4,time,timeloss0,timeloss1,timeloss2,timeloss3,timeloss4,travel0,travel1,travel2,travel3,travel4,wait0,wait1,wait2,wait3,wait4,rrslll_rssll_rsl_rssssll_0,rrslll_rssll_rsl_rssssll_1,rrslll_rssll_rsl_rssssll_2,rrslll_rssll_rsl_rssssll_3,performance measure
0,6,3,2,1,5,2,1,2,3,1,1,1,7,2,1,4,rrslll_rssll_rsl_rssssll,855.0,301.0,77.0,147.0,317.0,105.0,301.0,316.0,132.0,285.0,501.0,46.0,15.0,15.0,10.0,10.0,8.944794333970984,8.817683433547725,8.726586132877276,8.96746263144939,8.898367862171158,0.7539823008849558,0.7739965095986039,0.7998274374460742,0.7595281306715064,0.7639751552795031,3.2908451557159424,24.563380530973454,25.604118673647427,26.716402070750664,24.604292196007304,25.095900621118027,69.47433628318583,70.57853403141361,71.6609145815358,69.49909255898366,70.02129547471162,16.715929203539822,17.60994764397906,18.4434857635893,16.641560798548095,17.176574977817214,15.0,15.0,10.0,10.0,17.3174996774947
