,1,1l,1r,1s,2,2l,2r,2s,3,3l,3r,3s,4,4l,4r,4s,id,1_2,1_3,1_4,2_1,2_3,2_4,3_1,3_2,3_4,4_1,4_2,4_3,p1,p2,p3,p4,speed0,speed1,speed2,speed3,speed4,stop0,stop1,stop2,stop3,stop4,time,timeloss0,timeloss1,timeloss2,timeloss3,timeloss4,travel0,travel1,travel2,travel3,travel4,wait0,wait1,wait2,wait3,wait4,rsssssl_rsl_rrsslll_rsssll_0,rsssssl_rsl_rrsslll_rsssll_1,rsssssl_rsl_rrsslll_rsssll_2,rsssssl_rsl_rrsslll_rsssll_3,performance measure
0,7,1,1,5,3,1,1,1,7,3,2,2,6,2,1,3,rsssssl_rsl_rrsslll_rsssll,250.0,1369.0,152.0,307.0,81.0,201.0,299.0,394.0,457.0,291.0,256.0,215.0,10.0,10.0,5.0,10.0,9.10274794735961,9.053190841664065,9.285818228113257,9.395287908958027,9.2628973570073,0.8475734791524265,0.9023876404494382,0.8040268456375839,0.7665952890792291,0.7945392491467577,3.8494341373443604,23.897122351332886,26.871137640449444,21.95465771812081,21.017872947894375,22.310914675767933,68.5933014354067,71.60112359550561,66.62885906040269,65.71734475374733,67.02184300341297,15.659603554340396,18.3623595505618,13.915436241610738,13.392576730906494,14.387713310580205,10.0,10.0,5.0,10.0,15.143537877599929
