,1,1l,1r,1s,2,2l,2r,2s,3,3l,3r,3s,4,4l,4r,4s,id,1_2,1_3,1_4,2_1,2_3,2_4,3_1,3_2,3_4,4_1,4_2,4_3,p1,p2,p3,p4,speed0,speed1,speed2,speed3,speed4,stop0,stop1,stop2,stop3,stop4,time,timeloss0,timeloss1,timeloss2,timeloss3,timeloss4,travel0,travel1,travel2,travel3,travel4,wait0,wait1,wait2,wait3,wait4,rsl_rsssssl_rsll_rrssl_0,rsl_rsssssl_rsll_rrssl_1,rsl_rsssssl_rsll_rrssl_2,rsl_rsssssl_rsll_rrssl_3,performance measure
0,3,1,1,1,7,1,1,5,4,2,1,1,5,1,2,2,rsl_rsssssl_rsll_rrssl,75.0,237.0,50.0,89.0,258.0,1729.0,41.0,296.0,450.0,91.0,440.0,253.0,10.0,10.0,10.0,15.0,9.072577010892964,9.018574889307466,8.327972089383671,8.819611564823704,8.903919705515017,0.7671130952380952,0.7906273620559335,1.0669992872416252,0.8553846153846154,0.8062360801781737,3.5466508865356445,23.484002976190453,24.189856386999264,36.940242337847465,28.307030769230735,25.263838158871575,68.41741071428571,69.13983371126228,81.94939415538133,73.26230769230769,70.21380846325167,15.460565476190476,15.994708994708995,26.41696364932288,19.45230769230769,16.97698589458055,10.0,10.0,10.0,15.0,18.860306341422117
