,1,1l,1r,1s,2,2l,2r,2s,3,3l,3r,3s,4,4l,4r,4s,id,1_2,1_3,1_4,2_1,2_3,2_4,3_1,3_2,3_4,4_1,4_2,4_3,p1,p2,p3,p4,speed0,speed1,speed2,speed3,speed4,stop0,stop1,stop2,stop3,stop4,time,timeloss0,timeloss1,timeloss2,timeloss3,timeloss4,travel0,travel1,travel2,travel3,travel4,wait0,wait1,wait2,wait3,wait4,rsssssl_rsl_rrsslll_rsssll_0,rsssssl_rsl_rrsslll_rsssll_1,rsssssl_rsl_rrsslll_rsssll_2,rsssssl_rsl_rrsslll_rsssll_3,performance measure
0,7,1,1,5,3,1,1,1,7,3,2,2,6,2,1,3,rsssssl_rsl_rrsslll_rsssll,301.0,485.0,233.0,302.0,226.0,352.0,238.0,177.0,863.0,306.0,771.0,116.0,15.0,5.0,10.0,15.0,8.601481251776358,8.774508308991273,8.714576135764114,8.881297553867517,8.805723685958563,0.9349593495934959,0.8434723171565277,0.863843648208469,0.8220461095100865,0.8298291721419185,3.7869083881378174,32.63773712737123,27.686308954203675,28.320983713355048,26.64770172910662,26.288147174770057,77.46883468834689,72.5352016404648,73.14332247557003,71.45749279538904,71.10381077529567,23.365853658536587,19.241285030758714,19.652768729641693,18.295389048991353,17.90144546649146,15.0,5.0,10.0,15.0,19.69134838688396
