,1,1l,1r,1s,2,2l,2r,2s,3,3l,3r,3s,4,4l,4r,4s,id,1_2,1_3,1_4,2_1,2_3,2_4,3_1,3_2,3_4,4_1,4_2,4_3,p1,p2,p3,p4,speed0,speed1,speed2,speed3,speed4,stop0,stop1,stop2,stop3,stop4,time,timeloss0,timeloss1,timeloss2,timeloss3,timeloss4,travel0,travel1,travel2,travel3,travel4,wait0,wait1,wait2,wait3,wait4,rssslll_rrsssl_rsssssl_rsl_0,rssslll_rrsssl_rsssssl_rsl_1,rssslll_rrsssl_rsssssl_rsl_2,rssslll_rrsssl_rsssssl_rsl_3,performance measure
0,7,3,1,3,6,1,2,3,7,1,1,5,3,1,1,1,rssslll_rrsssl_rsssssl_rsl,788.0,1025.0,257.0,285.0,188.0,637.0,1596.0,162.0,137.0,157.0,53.0,264.0,15.0,15.0,10.0,10.0,8.923924888901222,8.785790158192913,8.814530672863711,8.785603432377169,8.872598831407686,0.7693127330847096,0.8026315789473685,0.7934782608695652,0.7953667953667953,0.7764075067024129,4.249985694885254,24.733857218966477,25.883115789473674,25.491702898550653,26.578996138996143,25.04234852546919,69.5205114544486,70.67526315789473,70.29813664596273,71.40926640926641,69.81340482573727,16.655301012253595,17.58684210526316,17.20134575569358,18.292333149476008,16.8343163538874,15.0,15.0,10.0,10.0,17.314027675314748
