,1,1l,1r,1s,2,2l,2r,2s,3,3l,3r,3s,4,4l,4r,4s,id,1_2,1_3,1_4,2_1,2_3,2_4,3_1,3_2,3_4,4_1,4_2,4_3,p1,p2,p3,p4,speed0,speed1,speed2,speed3,speed4,stop0,stop1,stop2,stop3,stop4,time,timeloss0,timeloss1,timeloss2,timeloss3,timeloss4,travel0,travel1,travel2,travel3,travel4,wait0,wait1,wait2,wait3,wait4,rrslll_rssll_rsl_rssssll_0,rrslll_rssll_rsl_rssssll_1,rrslll_rssll_rsl_rssssll_2,rrslll_rssll_rsl_rssssll_3,performance measure
0,6,3,2,1,5,2,1,2,3,1,1,1,7,2,1,4,rrslll_rssll_rsl_rssssll,532.0,127.0,315.0,247.0,362.0,364.0,235.0,203.0,308.0,309.0,392.0,79.0,15.0,10.0,10.0,10.0,8.912450705438015,9.181601627124596,8.956960231946614,9.0625821634443,9.099677877881266,0.8123436196830692,0.7457337883959044,0.8114754098360656,0.7614840989399293,0.7706576728499157,3.5036635398864746,26.003261050875746,22.639138225255955,25.49994262295084,23.74529151943462,23.52806913996626,70.77731442869057,67.43430034129693,70.29098360655738,68.52120141342756,68.27487352445193,17.860717264386988,15.093003412969283,17.302459016393442,15.992049469964664,15.815345699831365,15.0,10.0,10.0,10.0,16.41271497270915
