,1,1l,1r,1s,2,2l,2r,2s,3,3l,3r,3s,4,4l,4r,4s,id,1_2,1_3,1_4,2_1,2_3,2_4,3_1,3_2,3_4,4_1,4_2,4_3,p1,p2,p3,p4,speed0,speed1,speed2,speed3,speed4,stop0,stop1,stop2,stop3,stop4,time,timeloss0,timeloss1,timeloss2,timeloss3,timeloss4,travel0,travel1,travel2,travel3,travel4,wait0,wait1,wait2,wait3,wait4,rssl_rrsslll_rsl_rrsll_0,rssl_rrsslll_rsl_rrsll_1,rssl_rrsslll_rsl_rrsll_2,rssl_rrsslll_rsl_rrsll_3,performance measure
0,4,1,1,2,7,3,2,2,3,1,1,1,5,2,2,1,rssl_rrsslll_rsl_rrsll,120.0,212.0,243.0,569.0,321.0,289.0,261.0,283.0,286.0,327.0,341.0,580.0,15.0,15.0,10.0,15.0,9.179700219033666,8.829382956410381,8.944453080590334,9.121216946945639,8.962021691850937,0.6871794871794872,0.7694680030840401,0.7450832072617246,0.6962323390894819,0.740340030911901,3.6300644874572754,23.01736996336996,27.18072474942178,25.09350983358551,23.705918367346897,25.465795981452857,67.56556776556776,71.74479568234388,69.65960665658093,68.22684458398744,69.99613601236476,15.31941391941392,18.89282960678489,17.142965204236006,16.0,17.431221020092735,15.0,15.0,10.0,15.0,16.957285950105508
