,1,1l,1r,1s,2,2l,2r,2s,3,3l,3r,3s,4,4l,4r,4s,id,1_2,1_3,1_4,2_1,2_3,2_4,3_1,3_2,3_4,4_1,4_2,4_3,p1,p2,p3,p4,speed0,speed1,speed2,speed3,speed4,stop0,stop1,stop2,stop3,stop4,time,timeloss0,timeloss1,timeloss2,timeloss3,timeloss4,travel0,travel1,travel2,travel3,travel4,wait0,wait1,wait2,wait3,wait4,rssll_rrssl_rssslll_rrssll_0,rssll_rrssl_rssslll_rrssll_1,rssll_rrssl_rssslll_rrssll_2,rssll_rrssl_rssslll_rrssll_3,performance measure
0,5,2,1,2,5,1,2,2,7,3,1,3,6,2,2,2,rssll_rrssl_rssslll_rrssll,173.0,82.0,283.0,254.0,254.0,124.0,889.0,134.0,581.0,173.0,123.0,377.0,10.0,15.0,10.0,5.0,9.408069600680982,9.360036713701025,9.367531188309002,9.353663185983137,9.474106752128044,0.7196652719665272,0.7388748950461796,0.737649063032368,0.7580071174377224,0.7077189939288812,3.3191616535186768,20.697707112970715,20.68908480268682,21.061030664395254,21.813185053380767,19.77381613182999,65.23598326359833,65.26784214945424,65.67802385008518,66.3193950177936,64.30615784908933,13.319665271966528,13.2367758186398,13.514480408858603,14.145017793594306,12.52558542931483,10.0,15.0,10.0,5.0,13.348304944474814
