,1,1l,1r,1s,2,2l,2r,2s,3,3l,3r,3s,4,4l,4r,4s,id,1_2,1_3,1_4,2_1,2_3,2_4,3_1,3_2,3_4,4_1,4_2,4_3,p1,p2,p3,p4,speed0,speed1,speed2,speed3,speed4,stop0,stop1,stop2,stop3,stop4,time,timeloss0,timeloss1,timeloss2,timeloss3,timeloss4,travel0,travel1,travel2,travel3,travel4,wait0,wait1,wait2,wait3,wait4,rsl_rsssl_rssssl_rssll_0,rsl_rsssl_rssssl_rssll_1,rsl_rsssl_rssssl_rssll_2,rsl_rsssl_rssssl_rssll_3,performance measure
0,3,1,1,1,5,1,1,3,6,1,1,4,5,2,1,2,rsl_rsssl_rssssl_rssll,176.0,153.0,240.0,310.0,245.0,696.0,1277.0,216.0,158.0,404.0,466.0,306.0,10.0,15.0,10.0,10.0,8.887426855299568,8.882378286433395,8.779716879474085,8.722755598798578,8.99813308518689,0.7913715389568577,0.7947570332480819,0.8234928527035426,0.885506287227002,0.7677089980855137,4.007369518280029,24.96271732131364,25.277864450127883,26.267327532628947,29.046353408338817,23.95500319081039,69.8126207340631,70.17455242966751,71.19018023617153,73.89741892786235,68.85896617740906,16.72826786864134,16.962915601023017,17.619018023617155,19.941098610191926,15.835992342054881,10.0,15.0,10.0,10.0,17.417458489105663
