,1,1l,1r,1s,2,2l,2r,2s,3,3l,3r,3s,4,4l,4r,4s,id,1_2,1_3,1_4,2_1,2_3,2_4,3_1,3_2,3_4,4_1,4_2,4_3,p1,p2,p3,p4,speed0,speed1,speed2,speed3,speed4,stop0,stop1,stop2,stop3,stop4,time,timeloss0,timeloss1,timeloss2,timeloss3,timeloss4,travel0,travel1,travel2,travel3,travel4,wait0,wait1,wait2,wait3,wait4,rrssl_rrssl_rrsslll_rrsslll_0,rrssl_rrssl_rrsslll_rrsslll_1,rrssl_rrssl_rrsslll_rrsslll_2,rrssl_rrssl_rrsslll_rrsslll_3,performance measure
0,5,1,2,2,5,1,2,2,7,3,2,2,7,3,2,2,rrssl_rrssl_rrsslll_rrsslll,152.0,214.0,609.0,307.0,106.0,659.0,435.0,274.0,514.0,150.0,535.0,280.0,10.0,10.0,5.0,15.0,9.43406014147244,9.475649045740138,9.555637136242828,9.398426137296024,9.496881631222122,0.7170462387853692,0.7133757961783439,0.6821499668214996,0.7323741007194244,0.7016460905349794,3.8539304733276367,20.399095928226373,19.724883227176253,19.41729263437292,20.698503597122293,19.686090534979417,64.94824016563147,64.30502476999293,63.978765759787656,65.22589928057553,64.24211248285323,13.080055210489993,12.363057324840764,12.202388852023889,13.31726618705036,12.432784636488341,10.0,10.0,5.0,15.0,12.679110442178668
