,1,1l,1r,1s,2,2l,2r,2s,3,3l,3r,3s,4,4l,4r,4s,id,1_2,1_3,1_4,2_1,2_3,2_4,3_1,3_2,3_4,4_1,4_2,4_3,p1,p2,p3,p4,speed0,speed1,speed2,speed3,speed4,stop0,stop1,stop2,stop3,stop4,time,timeloss0,timeloss1,timeloss2,timeloss3,timeloss4,travel0,travel1,travel2,travel3,travel4,wait0,wait1,wait2,wait3,wait4,rrslll_rssll_rsl_rssssll_0,rrslll_rssll_rsl_rssssll_1,rrslll_rssll_rsl_rssssll_2,rrslll_rssll_rsl_rssssll_3,performance measure
0,6,3,2,1,5,2,1,2,3,1,1,1,7,2,1,4,rrslll_rssll_rsl_rssssll,764.0,234.0,159.0,301.0,542.0,255.0,107.0,200.0,102.0,442.0,402.0,89.0,10.0,10.0,10.0,5.0,9.029903215523671,9.23558255486699,9.00635557377928,9.20495225105616,9.146351408205694,0.9117402164862615,0.7794117647058824,0.8430744595676541,0.7905405405405406,0.82411230388109,3.615779399871826,27.086236469608675,21.71094771241832,23.631529223378696,22.025701013513515,22.542204789430205,71.98417985012489,66.60130718954248,68.49559647718175,66.92060810810811,67.40545004128819,18.363863447127393,13.904411764705882,15.277021617293835,14.128378378378379,14.551610239471511,10.0,10.0,10.0,5.0,15.245057089395399
