,1,1l,1r,1s,2,2l,2r,2s,3,3l,3r,3s,4,4l,4r,4s,id,1_2,1_3,1_4,2_1,2_3,2_4,3_1,3_2,3_4,4_1,4_2,4_3,p1,p2,p3,p4,speed0,speed1,speed2,speed3,speed4,stop0,stop1,stop2,stop3,stop4,time,timeloss0,timeloss1,timeloss2,timeloss3,timeloss4,travel0,travel1,travel2,travel3,travel4,wait0,wait1,wait2,wait3,wait4,rsssssl_rssssll_rsl_rssll_0,rsssssl_rssssll_rsl_rssll_1,rsssssl_rssssll_rsl_rssll_2,rsssssl_rssssll_rsl_rssll_3,performance measure
0,7,1,1,5,7,2,1,4,3,1,1,1,5,2,1,2,rsssssl_rssssll_rsl_rssll,102.0,1296.0,67.0,84.0,629.0,623.0,261.0,230.0,204.0,392.0,451.0,53.0,10.0,15.0,15.0,10.0,8.655653619655196,8.812912216087526,8.69599374875164,8.817851550476053,8.64113620867129,0.8177601060304838,0.7986440677966101,0.8178191489361702,0.7890353920888272,0.824315297261189,3.6781342029571533,27.191663353214064,25.842427118644107,26.992719414893656,26.120395558639828,27.656492985971948,72.24983432736911,70.91050847457628,72.01196808510639,71.17210270645386,72.72277889111557,18.93174287607687,17.810169491525425,18.7593085106383,18.14295628036086,19.364729458917836,10.0,15.0,15.0,10.0,18.601781323503857
