,1,1l,1r,1s,2,2l,2r,2s,3,3l,3r,3s,4,4l,4r,4s,id,1_2,1_3,1_4,2_1,2_3,2_4,3_1,3_2,3_4,4_1,4_2,4_3,p1,p2,p3,p4,speed0,speed1,speed2,speed3,speed4,stop0,stop1,stop2,stop3,stop4,time,timeloss0,timeloss1,timeloss2,timeloss3,timeloss4,travel0,travel1,travel2,travel3,travel4,wait0,wait1,wait2,wait3,wait4,rsssssl_rsl_rrsslll_rsssll_0,rsssssl_rsl_rrsslll_rsssll_1,rsssssl_rsl_rrsslll_rsssll_2,rsssssl_rsl_rrsslll_rsssll_3,performance measure
0,7,1,1,5,3,1,1,1,7,3,2,2,6,2,1,3,rsssssl_rsl_rrsslll_rsssll,87.0,280.0,277.0,39.0,71.0,88.0,705.0,509.0,449.0,396.0,200.0,195.0,10.0,15.0,10.0,5.0,9.531692512239228,9.44545789528199,9.587764469326032,9.634119250644046,9.527503109014859,0.6956521739130435,0.7224231464737794,0.6804214223002634,0.6772983114446529,0.686779059449867,3.1562912464141846,20.539822537710734,20.313318264014427,19.140790166812966,18.88060975609757,19.784072759538578,65.01952085181898,64.83273056057867,63.64179104477612,63.3780487804878,64.2910381543922,13.314995563442768,12.859855334538878,12.023705004389816,11.806754221388367,12.611357586512867,10.0,15.0,10.0,5.0,12.523333542054539
