,1,1l,1r,1s,2,2l,2r,2s,3,3l,3r,3s,4,4l,4r,4s,id,1_2,1_3,1_4,2_1,2_3,2_4,3_1,3_2,3_4,4_1,4_2,4_3,p1,p2,p3,p4,speed0,speed1,speed2,speed3,speed4,stop0,stop1,stop2,stop3,stop4,time,timeloss0,timeloss1,timeloss2,timeloss3,timeloss4,travel0,travel1,travel2,travel3,travel4,wait0,wait1,wait2,wait3,wait4,rssll_rrsl_rsssl_rrsl_0,rssll_rrsl_rsssl_rrsl_1,rssll_rrsl_rsssl_rrsl_2,rssll_rrsl_rsssl_rrsl_3,performance measure
0,5,2,1,2,4,1,2,1,5,1,1,3,4,1,2,1,rssll_rrsl_rsssl_rrsl,76.0,341.0,39.0,563.0,105.0,64.0,939.0,50.0,129.0,62.0,179.0,248.0,5.0,10.0,5.0,5.0,9.675083580789682,9.613961438991081,9.689438300418406,9.83963564717772,9.449949477522681,0.7943722943722944,0.8589743589743589,0.7952522255192879,0.7419712070874862,0.8989130434782608,2.764948606491089,18.276731601731587,21.22025641025637,18.735212660731968,16.84941306755259,22.793108695652172,63.082251082251084,66.05235042735043,63.51434223541048,61.62015503875969,67.56413043478261,10.5995670995671,12.88034188034188,10.974282888229476,9.489479512735327,14.38695652173913,5.0,10.0,5.0,5.0,11.666125580522584
