,1,1l,1r,1s,2,2l,2r,2s,3,3l,3r,3s,4,4l,4r,4s,id,1_2,1_3,1_4,2_1,2_3,2_4,3_1,3_2,3_4,4_1,4_2,4_3,p1,p2,p3,p4,speed0,speed1,speed2,speed3,speed4,stop0,stop1,stop2,stop3,stop4,time,timeloss0,timeloss1,timeloss2,timeloss3,timeloss4,travel0,travel1,travel2,travel3,travel4,wait0,wait1,wait2,wait3,wait4,rsl_rrsll_rsl_rslll_0,rsl_rrsll_rsl_rslll_1,rsl_rrsll_rsl_rslll_2,rsl_rrsll_rsl_rslll_3,performance measure
0,3,1,1,1,5,2,2,1,3,1,1,1,5,3,1,1,rsl_rrsll_rsl_rslll,75.0,167.0,91.0,171.0,250.0,275.0,130.0,310.0,67.0,272.0,313.0,178.0,5.0,10.0,10.0,15.0,9.388041597576862,9.557337203586336,9.36235940935636,9.439715203020182,9.536610182094803,0.7206068268015171,0.7001287001287001,0.7103620474406991,0.7225201072386059,0.691025641025641,2.6447110176086426,20.860796460176985,19.09287001287001,21.61721598002497,20.078337801608583,19.702115384615393,65.7180783817952,63.965250965250966,66.47940074906367,64.85254691689008,64.52820512820513,13.103666245259166,11.754182754182754,14.20099875156055,12.501340482573726,12.405128205128205,5.0,10.0,10.0,15.0,12.79306328774088
