,1,1l,1r,1s,2,2l,2r,2s,3,3l,3r,3s,4,4l,4r,4s,id,1_2,1_3,1_4,2_1,2_3,2_4,3_1,3_2,3_4,4_1,4_2,4_3,p1,p2,p3,p4,speed0,speed1,speed2,speed3,speed4,stop0,stop1,stop2,stop3,stop4,time,timeloss0,timeloss1,timeloss2,timeloss3,timeloss4,travel0,travel1,travel2,travel3,travel4,wait0,wait1,wait2,wait3,wait4,rsl_rsl_rsssl_rsl_0,rsl_rsl_rsssl_rsl_1,rsl_rsl_rsssl_rsl_2,rsl_rsl_rsssl_rsl_3,performance measure
0,3,1,1,1,3,1,1,1,5,1,1,3,3,1,1,1,rsl_rsl_rsssl_rsl,102.0,58.0,180.0,110.0,270.0,159.0,611.0,192.0,245.0,180.0,346.0,173.0,15.0,10.0,15.0,15.0,8.436499867478531,8.068892977216525,8.563112643625576,8.695958084036558,8.475448152778881,0.8291621327529923,0.9222096956031567,0.8146892655367232,0.7769869513641756,0.845360824742268,2.7866861820220947,30.319445048966255,34.6281510710259,28.430237288135558,28.147330960854063,30.582989690721607,75.38846572361263,79.68658399098084,73.51751412429378,73.13048635824437,75.5704467353952,21.742110990206747,25.255918827508456,20.077966101694916,19.94306049822064,21.90721649484536,15.0,10.0,15.0,15.0,21.785254582495224
