,1,1l,1r,1s,2,2l,2r,2s,3,3l,3r,3s,4,4l,4r,4s,id,1_2,1_3,1_4,2_1,2_3,2_4,3_1,3_2,3_4,4_1,4_2,4_3,p1,p2,p3,p4,speed0,speed1,speed2,speed3,speed4,stop0,stop1,stop2,stop3,stop4,time,timeloss0,timeloss1,timeloss2,timeloss3,timeloss4,travel0,travel1,travel2,travel3,travel4,wait0,wait1,wait2,wait3,wait4,rrsll_rssl_rsssll_rsl_0,rrsll_rssl_rsssll_rsl_1,rrsll_rssl_rsssll_rsl_2,rrsll_rssl_rsssll_rsl_3,performance measure
0,5,2,2,1,4,1,1,2,6,2,1,3,3,1,1,1,rrsll_rssl_rsssll_rsl,406.0,86.0,305.0,109.0,225.0,187.0,444.0,131.0,84.0,65.0,45.0,165.0,10.0,10.0,10.0,5.0,9.452121199672616,9.58095142598549,9.560314746127013,9.494607992023258,9.858557882377545,0.7446540880503144,0.711436170212766,0.7371134020618557,0.7516512549537648,0.6775067750677507,2.405885696411133,20.819270440251575,19.340997340425517,18.979703608247426,20.208428005284038,17.116327913279143,65.59119496855345,64.00398936170212,63.74226804123711,64.86525759577279,61.734417344173444,13.435220125786163,12.236702127659575,11.79639175257732,12.668428005284015,10.353658536585366,10.0,10.0,10.0,5.0,12.098080109578486
