,1,1l,1r,1s,2,2l,2r,2s,3,3l,3r,3s,4,4l,4r,4s,id,1_2,1_3,1_4,2_1,2_3,2_4,3_1,3_2,3_4,4_1,4_2,4_3,p1,p2,p3,p4,speed0,speed1,speed2,speed3,speed4,stop0,stop1,stop2,stop3,stop4,time,timeloss0,timeloss1,timeloss2,timeloss3,timeloss4,travel0,travel1,travel2,travel3,travel4,wait0,wait1,wait2,wait3,wait4,rssslll_rrsssl_rsssssl_rsl_0,rssslll_rrsssl_rsssssl_rsl_1,rssslll_rrsssl_rsssssl_rsl_2,rssslll_rrsssl_rsssssl_rsl_3,performance measure
0,7,3,1,3,6,1,2,3,7,1,1,5,3,1,1,1,rssslll_rrsssl_rsssssl_rsl,339.0,434.0,203.0,321.0,265.0,382.0,1033.0,221.0,167.0,298.0,293.0,124.0,10.0,10.0,15.0,15.0,8.892190141974122,8.7630655223591,8.786275705577085,8.887683422564015,8.861779886075647,0.778421433743664,0.7952243125904487,0.7945109078114004,0.7629179331306991,0.7922561429635145,3.681286334991455,25.162063721940616,26.406801736613637,25.838268824771312,25.417294832826734,25.543283693224144,69.86676321506155,71.13531114327063,70.59746657283603,70.06534954407294,70.24720774385703,17.22664735698769,18.308972503617944,17.881069669247008,17.628419452887538,17.610573343261354,10.0,10.0,15.0,15.0,17.731136465200308
