,1,1l,1r,1s,2,2l,2r,2s,3,3l,3r,3s,4,4l,4r,4s,id,1_2,1_3,1_4,2_1,2_3,2_4,3_1,3_2,3_4,4_1,4_2,4_3,p1,p2,p3,p4,speed0,speed1,speed2,speed3,speed4,stop0,stop1,stop2,stop3,stop4,time,timeloss0,timeloss1,timeloss2,timeloss3,timeloss4,travel0,travel1,travel2,travel3,travel4,wait0,wait1,wait2,wait3,wait4,rslll_rsl_rrslll_rsl_0,rslll_rsl_rrslll_rsl_1,rslll_rsl_rrslll_rsl_2,rslll_rsl_rrslll_rsl_3,performance measure
0,5,3,1,1,3,1,1,1,6,3,2,1,3,1,1,1,rslll_rsl_rrslll_rsl,174.0,135.0,44.0,190.0,246.0,247.0,152.0,369.0,609.0,158.0,211.0,125.0,10.0,10.0,10.0,10.0,8.916719034948883,9.0626287313264,9.099894170054494,8.850913460046945,9.010960048145229,0.87651598676957,0.8006756756756757,0.7873684210526316,0.8489289740698985,0.8171926006528836,2.8568789958953857,27.454476295479633,23.45106981981981,23.744936842105247,26.949695603156734,24.669542981501642,72.4167585446527,68.38963963963964,68.66631578947369,71.85005636978579,69.6006528835691,18.75523704520397,15.536036036036036,15.769473684210526,18.431792559188274,16.572361262241568,10.0,10.0,10.0,10.0,17.012980117376078
