,1,1l,1r,1s,2,2l,2r,2s,3,3l,3r,3s,4,4l,4r,4s,id,1_2,1_3,1_4,2_1,2_3,2_4,3_1,3_2,3_4,4_1,4_2,4_3,p1,p2,p3,p4,speed0,speed1,speed2,speed3,speed4,stop0,stop1,stop2,stop3,stop4,time,timeloss0,timeloss1,timeloss2,timeloss3,timeloss4,travel0,travel1,travel2,travel3,travel4,wait0,wait1,wait2,wait3,wait4,rssll_rrssl_rssslll_rrssll_0,rssll_rrssl_rssslll_rrssll_1,rssll_rrssl_rssslll_rrssll_2,rssll_rrssl_rssslll_rrssll_3,performance measure
0,5,2,1,2,5,1,2,2,7,3,1,3,6,2,2,2,rssll_rrssl_rssslll_rrssll,92.0,695.0,193.0,211.0,192.0,521.0,657.0,61.0,569.0,165.0,88.0,503.0,10.0,15.0,10.0,10.0,8.812027050577546,9.13440764182707,8.868970212806103,9.142196586752934,8.983628488136539,0.8567229977957385,0.753495217071376,0.8337045285820341,0.7551669316375199,0.8072916666666666,3.550095319747925,28.062593681116816,22.99434142752022,26.52760950259834,22.969093799682007,25.451041666666665,72.74577516531961,67.68432671081678,71.24721603563475,67.67170111287759,70.11532738095238,19.55547391623806,15.268579838116262,18.21380846325167,15.308426073131956,17.357142857142858,10.0,15.0,10.0,10.0,17.14068622957616
