,1,1l,1r,1s,2,2l,2r,2s,3,3l,3r,3s,4,4l,4r,4s,id,1_2,1_3,1_4,2_1,2_3,2_4,3_1,3_2,3_4,4_1,4_2,4_3,p1,p2,p3,p4,speed0,speed1,speed2,speed3,speed4,stop0,stop1,stop2,stop3,stop4,time,timeloss0,timeloss1,timeloss2,timeloss3,timeloss4,travel0,travel1,travel2,travel3,travel4,wait0,wait1,wait2,wait3,wait4,rssslll_rssll_rsssl_rrssl_0,rssslll_rssll_rsssl_rrssl_1,rssslll_rssll_rsssl_rrssl_2,rssslll_rssll_rsssl_rrssl_3,performance measure
0,7,3,1,3,5,2,1,2,5,1,1,3,5,1,2,2,rssslll_rssll_rsssl_rrssl,341.0,798.0,168.0,205.0,110.0,417.0,596.0,71.0,281.0,140.0,166.0,484.0,10.0,10.0,5.0,10.0,9.356202237025602,9.361042467359692,9.259853763614702,9.389532830433488,9.355639254147897,0.7984905660377358,0.8993759750390016,0.8296409472880061,0.8005071851225697,0.7966772151898734,3.279294490814209,22.25135849056605,26.91836193447739,23.70887700534758,22.09050718512258,22.395814873417738,66.8988679245283,71.56084243369735,68.38655462184875,66.73879966187658,67.06803797468355,14.394716981132076,18.23634945397816,15.467532467532468,14.181741335587489,14.621835443037975,10.0,10.0,5.0,10.0,15.380435136253634
