,1,1l,1r,1s,2,2l,2r,2s,3,3l,3r,3s,4,4l,4r,4s,id,1_2,1_3,1_4,2_1,2_3,2_4,3_1,3_2,3_4,4_1,4_2,4_3,p1,p2,p3,p4,speed0,speed1,speed2,speed3,speed4,stop0,stop1,stop2,stop3,stop4,time,timeloss0,timeloss1,timeloss2,timeloss3,timeloss4,travel0,travel1,travel2,travel3,travel4,wait0,wait1,wait2,wait3,wait4,rsl_rsssssl_rsll_rrssl_0,rsl_rsssssl_rsll_rrssl_1,rsl_rsssssl_rsll_rrssl_2,rsl_rsssssl_rsll_rrssl_3,performance measure
0,3,1,1,1,7,1,1,5,4,2,1,1,5,1,2,2,rsl_rsssssl_rsll_rrssl,110.0,313.0,263.0,149.0,212.0,826.0,273.0,278.0,275.0,154.0,639.0,554.0,10.0,15.0,10.0,15.0,9.102174590940548,8.90895497150918,8.925767399363359,9.04024258985728,8.92272499546642,0.7297297297297297,0.7770419426048565,0.7738876732312181,0.7612951807228916,0.7636103151862464,3.5875017642974854,23.26906116642958,25.075283296541553,25.248154631655723,25.198772590361454,24.888338108882493,68.07396870554766,69.84105960264901,70.0984682713348,69.94653614457832,69.69699140401146,15.463015647226173,17.04047093451067,17.185995623632387,17.16114457831325,16.767191977077363,10.0,15.0,10.0,15.0,16.723563752151968
