,1,1l,1r,1s,2,2l,2r,2s,3,3l,3r,3s,4,4l,4r,4s,id,1_2,1_3,1_4,2_1,2_3,2_4,3_1,3_2,3_4,4_1,4_2,4_3,p1,p2,p3,p4,speed0,speed1,speed2,speed3,speed4,stop0,stop1,stop2,stop3,stop4,time,timeloss0,timeloss1,timeloss2,timeloss3,timeloss4,travel0,travel1,travel2,travel3,travel4,wait0,wait1,wait2,wait3,wait4,rssslll_rrsssl_rsssssl_rsl_0,rssslll_rrsssl_rsssssl_rsl_1,rssslll_rrsssl_rsssssl_rsl_2,rssslll_rrsssl_rsssssl_rsl_3,performance measure
0,7,3,1,3,6,1,2,3,7,1,1,5,3,1,1,1,rssslll_rrsssl_rsssssl_rsl,592.0,841.0,72.0,502.0,66.0,1030.0,1059.0,66.0,253.0,121.0,70.0,193.0,10.0,10.0,5.0,10.0,8.816786625859173,9.07129934022941,8.808725742583398,8.365714040782219,9.114734173073304,0.9098765432098765,0.8853267570900123,0.9187609585037989,1.1586206896551725,0.8240917782026769,4.177582263946533,26.28511111111113,25.783822441430374,26.17228521332557,35.641774294670846,22.899318036966196,71.16481481481482,70.68310727496917,71.00584453535944,80.50909090909092,67.79222434671766,17.414814814814815,17.12083847102343,17.22969023962595,24.458307210031347,14.733588272785214,10.0,10.0,5.0,10.0,18.19144780165615
