,1,1l,1r,1s,2,2l,2r,2s,3,3l,3r,3s,4,4l,4r,4s,id,1_2,1_3,1_4,2_1,2_3,2_4,3_1,3_2,3_4,4_1,4_2,4_3,p1,p2,p3,p4,speed0,speed1,speed2,speed3,speed4,stop0,stop1,stop2,stop3,stop4,time,timeloss0,timeloss1,timeloss2,timeloss3,timeloss4,travel0,travel1,travel2,travel3,travel4,wait0,wait1,wait2,wait3,wait4,rssslll_rrsssl_rsssssl_rsl_0,rssslll_rrsssl_rsssssl_rsl_1,rssslll_rrsssl_rsssssl_rsl_2,rssslll_rrsssl_rsssssl_rsl_3,performance measure
0,7,3,1,3,6,1,2,3,7,1,1,5,3,1,1,1,rssslll_rrsssl_rsssssl_rsl,804.0,954.0,204.0,455.0,183.0,850.0,1131.0,137.0,213.0,178.0,52.0,124.0,15.0,15.0,10.0,15.0,8.852214890892608,8.663235030576292,8.78260750478122,8.743597533586334,8.83132421398177,0.7651730005672149,0.8023648648648649,0.7783813145029875,0.7871004566210046,0.7758620689655172,4.440027713775635,25.759722064662498,27.91379504504504,26.641037479630636,27.70027397260278,26.11012643678161,70.5882019285309,72.72747747747748,71.41173275393808,72.51655251141553,70.90862068965517,17.77424844015882,19.64864864864865,18.507332971211298,19.46689497716895,18.007471264367815,15.0,15.0,10.0,15.0,18.680919260311107
