,1,1l,1r,1s,2,2l,2r,2s,3,3l,3r,3s,4,4l,4r,4s,id,1_2,1_3,1_4,2_1,2_3,2_4,3_1,3_2,3_4,4_1,4_2,4_3,p1,p2,p3,p4,speed0,speed1,speed2,speed3,speed4,stop0,stop1,stop2,stop3,stop4,time,timeloss0,timeloss1,timeloss2,timeloss3,timeloss4,travel0,travel1,travel2,travel3,travel4,wait0,wait1,wait2,wait3,wait4,rrsll_rssl_rsssll_rsl_0,rrsll_rssl_rsssll_rsl_1,rrsll_rssl_rsssll_rsl_2,rrsll_rssl_rsssll_rsl_3,performance measure
0,5,2,2,1,4,1,1,2,6,2,1,3,3,1,1,1,rrsll_rssl_rsssll_rsl,257.0,145.0,310.0,223.0,235.0,161.0,567.0,178.0,487.0,72.0,185.0,185.0,10.0,10.0,10.0,10.0,9.338056358905572,9.062732282641903,9.067700239961656,9.000474030348505,9.301341607160836,0.7295719844357976,0.8059701492537313,0.8132295719844358,0.8218623481781376,0.7309885931558935,3.111694812774658,21.02789883268484,23.577373134328365,24.242247081712065,25.229838056680208,21.248365019011437,65.88618677042801,68.41691542288557,69.03988326848248,70.06275303643724,66.03041825095058,13.58852140077821,15.609950248756219,16.117704280155642,17.021255060728745,13.64828897338403,10.0,10.0,10.0,10.0,15.19714399276057
