,1,1l,1r,1s,2,2l,2r,2s,3,3l,3r,3s,4,4l,4r,4s,id,1_2,1_3,1_4,2_1,2_3,2_4,3_1,3_2,3_4,4_1,4_2,4_3,p1,p2,p3,p4,speed0,speed1,speed2,speed3,speed4,stop0,stop1,stop2,stop3,stop4,time,timeloss0,timeloss1,timeloss2,timeloss3,timeloss4,travel0,travel1,travel2,travel3,travel4,wait0,wait1,wait2,wait3,wait4,rssll_rrsl_rsssl_rrsl_0,rssll_rrsl_rsssl_rrsl_1,rssll_rrsl_rsssl_rrsl_2,rssll_rrsl_rsssl_rrsl_3,performance measure
0,5,2,1,2,4,1,2,1,5,1,1,3,4,1,2,1,rssll_rrsl_rsssl_rrsl,633.0,477.0,135.0,158.0,79.0,165.0,729.0,279.0,186.0,114.0,294.0,596.0,10.0,10.0,5.0,10.0,9.034147149501518,8.999501773122734,8.742372799897694,9.421298998833635,9.293987400332238,0.8629518072289156,0.8867635807192042,0.9584934665641814,0.749185667752443,0.8074534161490683,3.545980215072632,24.64396837349393,26.229364957918925,28.814089162182924,20.40219869706839,22.344425465838526,69.37801204819277,70.97551644988523,73.58800922367409,65.11970684039088,67.07919254658385,15.980421686746988,17.158377964804895,19.20522674865488,12.649837133550488,14.28416149068323,10.0,10.0,5.0,10.0,15.855605004888096
