,1,1l,1r,1s,2,2l,2r,2s,3,3l,3r,3s,4,4l,4r,4s,id,1_2,1_3,1_4,2_1,2_3,2_4,3_1,3_2,3_4,4_1,4_2,4_3,p1,p2,p3,p4,speed0,speed1,speed2,speed3,speed4,stop0,stop1,stop2,stop3,stop4,time,timeloss0,timeloss1,timeloss2,timeloss3,timeloss4,travel0,travel1,travel2,travel3,travel4,wait0,wait1,wait2,wait3,wait4,rsl_rsssssl_rsll_rrssl_0,rsl_rsssssl_rsll_rrssl_1,rsl_rsssssl_rsll_rrssl_2,rsl_rsssssl_rsll_rrssl_3,performance measure
0,3,1,1,1,7,1,1,5,4,2,1,1,5,1,2,2,rsl_rsssssl_rsll_rrssl,310.0,303.0,194.0,59.0,133.0,307.0,64.0,102.0,605.0,144.0,559.0,184.0,15.0,15.0,10.0,15.0,8.746068103568172,8.554123538570549,8.51039405117358,8.420005919757966,8.540257623366502,0.7702169625246549,0.8114169215086646,0.834280303030303,0.8329764453961456,0.832046332046332,3.052340507507324,26.827100591716,28.954311926605495,30.038333333333348,30.540695931477508,29.4761583011583,71.80670611439842,73.96738022426096,75.01609848484848,75.53104925053533,74.43822393822394,18.78205128205128,20.571865443425075,21.318181818181817,21.953961456102785,20.93243243243243,15.0,15.0,10.0,15.0,20.711698486438678
