,1,1l,1r,1s,2,2l,2r,2s,3,3l,3r,3s,4,4l,4r,4s,id,1_2,1_3,1_4,2_1,2_3,2_4,3_1,3_2,3_4,4_1,4_2,4_3,p1,p2,p3,p4,speed0,speed1,speed2,speed3,speed4,stop0,stop1,stop2,stop3,stop4,time,timeloss0,timeloss1,timeloss2,timeloss3,timeloss4,travel0,travel1,travel2,travel3,travel4,wait0,wait1,wait2,wait3,wait4,rssslll_rssll_rsssl_rrssl_0,rssslll_rssll_rsssl_rrssl_1,rssslll_rssll_rsssl_rrssl_2,rssslll_rssll_rsssl_rrssl_3,performance measure
0,7,3,1,3,5,2,1,2,5,1,1,3,5,1,2,2,rssslll_rssll_rsssl_rrssl,750.0,1030.0,206.0,101.0,222.0,256.0,404.0,296.0,220.0,86.0,428.0,339.0,15.0,15.0,10.0,10.0,9.079488021663794,8.998242898806424,8.970007838318855,8.995641822197792,9.054083620670369,0.7379679144385026,0.754601226993865,0.7527397260273972,0.7457507082152974,0.728481455563331,3.9147231578826904,23.502052139037442,23.955207907293808,24.155068493150704,24.297216713880992,23.585360391882418,68.27874331550802,68.76005453306067,69.00342465753425,69.08994334277621,68.37438768369489,15.779411764705882,16.244717109747786,16.313698630136987,16.54886685552408,15.899930020993702,15.0,15.0,10.0,10.0,16.157324876221686
