,1,1l,1r,1s,2,2l,2r,2s,3,3l,3r,3s,4,4l,4r,4s,id,1_2,1_3,1_4,2_1,2_3,2_4,3_1,3_2,3_4,4_1,4_2,4_3,p1,p2,p3,p4,speed0,speed1,speed2,speed3,speed4,stop0,stop1,stop2,stop3,stop4,time,timeloss0,timeloss1,timeloss2,timeloss3,timeloss4,travel0,travel1,travel2,travel3,travel4,wait0,wait1,wait2,wait3,wait4,rssll_rrssl_rssslll_rrssll_0,rssll_rrssl_rssslll_rrssll_1,rssll_rrssl_rssslll_rrssll_2,rssll_rrssl_rssslll_rrssll_3,performance measure
0,5,2,1,2,5,1,2,2,7,3,1,3,6,2,2,2,rssll_rrssl_rssslll_rrssll,205.0,502.0,243.0,625.0,323.0,581.0,588.0,149.0,199.0,393.0,568.0,348.0,5.0,10.0,10.0,10.0,8.98827590345956,9.223422187912812,9.050859237621273,9.25271798411813,9.219141336392273,0.8729351969504447,0.7922159447583177,0.8509585652442795,0.8025520483546004,0.7942101950912523,3.992342948913574,24.791721728081324,21.84712492153168,23.82792826221399,22.18742780389523,21.97915040906231,69.4453621346887,66.49717514124293,68.48484848484848,66.78576225654803,66.63310258023914,16.230622617534944,13.895794099183929,15.249845392702536,14.074546675621223,14.009439899307742,5.0,10.0,10.0,10.0,14.692049736870072
