,1,1l,1r,1s,2,2l,2r,2s,3,3l,3r,3s,4,4l,4r,4s,id,1_2,1_3,1_4,2_1,2_3,2_4,3_1,3_2,3_4,4_1,4_2,4_3,p1,p2,p3,p4,speed0,speed1,speed2,speed3,speed4,stop0,stop1,stop2,stop3,stop4,time,timeloss0,timeloss1,timeloss2,timeloss3,timeloss4,travel0,travel1,travel2,travel3,travel4,wait0,wait1,wait2,wait3,wait4,rssl_rrsslll_rsl_rrsll_0,rssl_rrsslll_rsl_rrsll_1,rssl_rrsslll_rsl_rrsll_2,rssl_rrsslll_rsl_rrsll_3,performance measure
0,4,1,1,2,7,3,2,2,3,1,1,1,5,2,2,1,rssl_rrsslll_rsl_rrsll,145.0,400.0,180.0,441.0,708.0,629.0,174.0,125.0,246.0,289.0,102.0,490.0,10.0,10.0,10.0,15.0,8.950525418411658,9.182468831362552,8.970810155521733,8.993597380235075,8.963263750981948,0.8052136133236785,0.7291822955738935,0.7911111111111111,0.7990762124711316,0.7809030347890451,3.8768036365509033,25.24630702389576,22.501920480120045,25.282511111111106,25.183264049268672,24.65492968171724,70.02968863142651,67.2490622655664,70.07185185185185,69.90377213240954,69.42413027387121,17.16582186821144,14.891972993248313,17.057037037037038,17.02155504234026,16.58919319022946,10.0,10.0,10.0,15.0,16.5451160262133
