,1,1l,1r,1s,2,2l,2r,2s,3,3l,3r,3s,4,4l,4r,4s,id,1_2,1_3,1_4,2_1,2_3,2_4,3_1,3_2,3_4,4_1,4_2,4_3,p1,p2,p3,p4,speed0,speed1,speed2,speed3,speed4,stop0,stop1,stop2,stop3,stop4,time,timeloss0,timeloss1,timeloss2,timeloss3,timeloss4,travel0,travel1,travel2,travel3,travel4,wait0,wait1,wait2,wait3,wait4,rrsssll_rsl_rsl_rrsll_0,rrsssll_rsl_rsl_rrsll_1,rrsssll_rsl_rsl_rrsll_2,rrsssll_rsl_rsl_rrsll_3,performance measure
0,7,2,2,3,3,1,1,1,3,1,1,1,5,2,2,1,rrsssll_rsl_rsl_rrsll,470.0,495.0,260.0,265.0,252.0,259.0,281.0,320.0,142.0,643.0,173.0,511.0,10.0,10.0,15.0,10.0,8.378694298304996,8.646303811938932,8.458019862695792,8.761846566146833,8.845864747274074,1.113235294117647,0.886021505376344,0.9387027797576621,0.8603603603603603,0.8339538346984363,3.7523820400238037,39.91125735294118,29.927362007168437,31.660071275837492,28.62512762762767,27.13889798957558,84.63382352941177,74.74480286738351,76.51104775481112,73.34909909909909,71.89128816083395,28.55,20.747670250896057,22.127583749109053,19.71921921921922,18.422933730454208,10.0,10.0,15.0,10.0,21.913481389935704
