,1,1l,1r,1s,2,2l,2r,2s,3,3l,3r,3s,4,4l,4r,4s,id,1_2,1_3,1_4,2_1,2_3,2_4,3_1,3_2,3_4,4_1,4_2,4_3,p1,p2,p3,p4,speed0,speed1,speed2,speed3,speed4,stop0,stop1,stop2,stop3,stop4,time,timeloss0,timeloss1,timeloss2,timeloss3,timeloss4,travel0,travel1,travel2,travel3,travel4,wait0,wait1,wait2,wait3,wait4,rrslll_rssll_rsl_rssssll_0,rrslll_rssll_rsl_rssssll_1,rrslll_rssll_rsl_rssssll_2,rrslll_rssll_rsl_rssssll_3,performance measure
0,6,3,2,1,5,2,1,2,3,1,1,1,7,2,1,4,rrslll_rssll_rsl_rssssll,527.0,344.0,610.0,142.0,271.0,273.0,357.0,43.0,123.0,363.0,334.0,202.0,10.0,15.0,10.0,10.0,9.05196990132334,9.114802835773725,9.06840494489509,9.224995119645646,9.132214648140712,0.7658536585365854,0.75,0.754581673306773,0.7295918367346939,0.7552213868003341,3.6088781356811523,23.709430894308984,23.022500000000008,23.245059760956163,22.131692176870796,23.119741019214697,68.41788617886179,67.7141693811075,67.9394422310757,66.84183673469387,67.78111946533,15.789430894308943,15.12785016286645,15.315537848605578,14.46938775510204,15.278195488721805,10.0,15.0,10.0,10.0,15.196080429920963
