,1,1l,1r,1s,2,2l,2r,2s,3,3l,3r,3s,4,4l,4r,4s,id,1_2,1_3,1_4,2_1,2_3,2_4,3_1,3_2,3_4,4_1,4_2,4_3,p1,p2,p3,p4,speed0,speed1,speed2,speed3,speed4,stop0,stop1,stop2,stop3,stop4,time,timeloss0,timeloss1,timeloss2,timeloss3,timeloss4,travel0,travel1,travel2,travel3,travel4,wait0,wait1,wait2,wait3,wait4,rsl_rssslll_rrsssl_rsslll_0,rsl_rssslll_rrsssl_rsslll_1,rsl_rssslll_rrsssl_rsslll_2,rsl_rssslll_rrsssl_rsslll_3,performance measure
0,3,1,1,1,7,3,1,3,6,1,2,3,6,3,1,2,rsl_rssslll_rrsssl_rsslll,239.0,330.0,87.0,92.0,826.0,142.0,436.0,300.0,280.0,252.0,382.0,272.0,15.0,15.0,15.0,10.0,8.906867893521321,8.662185231945925,8.368144580906867,8.792369697097966,8.504182572829182,0.7461350691619203,0.8063725490196079,0.8557768924302789,0.7655860349127181,0.869812855980472,3.5107407569885254,25.405191212367793,27.871388888888934,30.685721115537838,26.909027431421446,31.233986981285593,70.11310008136697,72.54656862745098,75.40557768924303,71.62344139650872,75.94385679414158,17.51586655817738,19.544934640522875,21.760956175298805,18.809642560266003,22.262815296989423,15.0,15.0,15.0,10.0,19.978843046250898
