,1,1l,1r,1s,2,2l,2r,2s,3,3l,3r,3s,4,4l,4r,4s,id,1_2,1_3,1_4,2_1,2_3,2_4,3_1,3_2,3_4,4_1,4_2,4_3,p1,p2,p3,p4,speed0,speed1,speed2,speed3,speed4,stop0,stop1,stop2,stop3,stop4,time,timeloss0,timeloss1,timeloss2,timeloss3,timeloss4,travel0,travel1,travel2,travel3,travel4,wait0,wait1,wait2,wait3,wait4,rsll_rsl_rssslll_rrsssll_0,rsll_rsl_rssslll_rrsssll_1,rsll_rsl_rssslll_rrsssll_2,rsll_rsl_rssslll_rrsssll_3,performance measure
0,4,2,1,1,3,1,1,1,7,3,1,3,7,2,2,3,rsll_rsl_rssslll_rrsssll,73.0,100.0,222.0,194.0,209.0,209.0,1024.0,107.0,111.0,449.0,896.0,473.0,5.0,15.0,10.0,10.0,9.084213372129883,8.753898854178559,8.838477671011523,9.172450685562437,8.978584148630418,0.7916063675832128,0.8559381588193956,0.8402625820568927,0.7712565838976674,0.8143800440205429,3.694476366043091,23.572930535455914,25.90015460295151,25.410933625091207,22.434273890142965,24.14311078503304,68.34804630969609,70.73858046380886,70.2946754194019,67.15726109857036,68.94864269992664,15.371201157742401,17.273366127898804,16.87964989059081,14.583897667419112,15.908290535583273,5.0,15.0,10.0,10.0,16.00328107584688
