,1,1l,1r,1s,2,2l,2r,2s,3,3l,3r,3s,4,4l,4r,4s,id,1_2,1_3,1_4,2_1,2_3,2_4,3_1,3_2,3_4,4_1,4_2,4_3,p1,p2,p3,p4,speed0,speed1,speed2,speed3,speed4,stop0,stop1,stop2,stop3,stop4,time,timeloss0,timeloss1,timeloss2,timeloss3,timeloss4,travel0,travel1,travel2,travel3,travel4,wait0,wait1,wait2,wait3,wait4,rssslll_rssll_rsssl_rrssl_0,rssslll_rssll_rsssl_rrssl_1,rssslll_rssll_rsssl_rrssl_2,rssslll_rssll_rsssl_rrssl_3,performance measure
0,7,3,1,3,5,2,1,2,5,1,1,3,5,1,2,2,rssslll_rssll_rsssl_rrssl,883.0,639.0,119.0,211.0,291.0,686.0,1021.0,199.0,166.0,285.0,686.0,432.0,15.0,15.0,10.0,15.0,8.19073068569679,8.260871378463447,8.264416248285741,8.387976640909162,8.372647375397923,0.95276435856146,1.0084880636604774,0.9984301412872841,0.8605534454693434,0.9152815013404826,4.477054119110107,36.64728395061736,39.000159151193664,38.434432234432265,32.162588171459596,34.51164075067019,81.49114331723027,83.82334217506632,83.29722658294087,77.01953336950623,79.31045576407507,26.810520665593128,28.514588859416445,28.043956043956044,23.213239283776453,25.024664879356568,15.0,15.0,10.0,15.0,26.321393946419732
