,1,1l,1r,1s,2,2l,2r,2s,3,3l,3r,3s,4,4l,4r,4s,id,1_2,1_3,1_4,2_1,2_3,2_4,3_1,3_2,3_4,4_1,4_2,4_3,p1,p2,p3,p4,speed0,speed1,speed2,speed3,speed4,stop0,stop1,stop2,stop3,stop4,time,timeloss0,timeloss1,timeloss2,timeloss3,timeloss4,travel0,travel1,travel2,travel3,travel4,wait0,wait1,wait2,wait3,wait4,rsssssl_rsl_rrsslll_rsssll_0,rsssssl_rsl_rrsslll_rsssll_1,rsssssl_rsl_rrsslll_rsssll_2,rsssssl_rsl_rrsslll_rsssll_3,performance measure
0,7,1,1,5,3,1,1,1,7,3,2,2,6,2,1,3,rsssssl_rsl_rrsslll_rsssll,60.0,1089.0,255.0,111.0,234.0,186.0,380.0,641.0,623.0,408.0,340.0,118.0,10.0,10.0,10.0,10.0,9.229849807037509,9.16334593095067,9.207155550551914,9.024062680979007,9.317291747751705,0.745345744680851,0.7881016042780749,0.7568470273881096,0.811554332874828,0.7294197031039136,3.6297049522399902,22.222859042553193,22.169344919786088,22.16165664662661,23.90376203576342,21.020721997300956,66.89162234042553,66.8903743315508,66.83433533734134,68.5949105914718,65.70175438596492,14.5,14.232620320855615,14.385437541750168,15.834250343878955,13.47165991902834,10.0,10.0,10.0,10.0,14.484793625102617
