,1,1l,1r,1s,2,2l,2r,2s,3,3l,3r,3s,4,4l,4r,4s,id,1_2,1_3,1_4,2_1,2_3,2_4,3_1,3_2,3_4,4_1,4_2,4_3,p1,p2,p3,p4,speed0,speed1,speed2,speed3,speed4,stop0,stop1,stop2,stop3,stop4,time,timeloss0,timeloss1,timeloss2,timeloss3,timeloss4,travel0,travel1,travel2,travel3,travel4,wait0,wait1,wait2,wait3,wait4,rrsslll_rrsll_rsssl_rrsslll_0,rrsslll_rrsll_rsssl_rrsslll_1,rrsslll_rrsll_rsssl_rrsslll_2,rrsslll_rrsll_rsssl_rrsslll_3,performance measure
0,7,3,2,2,5,2,2,1,5,1,1,3,7,3,2,2,rrsslll_rrsll_rsssl_rrsslll,220.0,403.0,567.0,111.0,475.0,231.0,429.0,83.0,198.0,561.0,615.0,188.0,10.0,10.0,10.0,10.0,9.069913894243562,9.022260045023994,8.837246047662282,9.168749957644323,8.915312222640585,0.8024691358024691,0.8238677210639828,0.8663853727144867,0.775587566338135,0.8370909090909091,4.061538457870483,24.081408859840263,24.29312724658519,26.805098452883268,22.435458680818794,25.210989090909056,68.73420479302833,68.95470884255931,71.5182841068917,67.04624715693707,69.89163636363637,16.059549745824256,16.29547088425593,18.213080168776372,14.778620166793026,17.139636363636363,10.0,10.0,10.0,10.0,16.49727146585719
