,1,1l,1r,1s,2,2l,2r,2s,3,3l,3r,3s,4,4l,4r,4s,id,1_2,1_3,1_4,2_1,2_3,2_4,3_1,3_2,3_4,4_1,4_2,4_3,p1,p2,p3,p4,speed0,speed1,speed2,speed3,speed4,stop0,stop1,stop2,stop3,stop4,time,timeloss0,timeloss1,timeloss2,timeloss3,timeloss4,travel0,travel1,travel2,travel3,travel4,wait0,wait1,wait2,wait3,wait4,rssslll_rssll_rsssl_rrssl_0,rssslll_rssll_rsssl_rrssl_1,rssslll_rssll_rsssl_rrssl_2,rssslll_rssll_rsssl_rrssl_3,performance measure
0,7,3,1,3,5,2,1,2,5,1,1,3,5,1,2,2,rssslll_rssll_rsssl_rrssl,790.0,588.0,201.0,65.0,277.0,456.0,495.0,243.0,66.0,175.0,82.0,193.0,10.0,10.0,10.0,10.0,9.154265300113089,8.982803151773346,8.896798701309374,9.185121995228508,9.285432635302774,0.7693535514764565,0.8326497128794094,0.8379013312451057,0.7729591836734694,0.7502047502047502,3.5927000045776367,22.601428571428556,24.124011484823626,25.505567736883346,22.170960884353704,21.341678951678904,67.39584996009577,68.97374897456932,70.28974158183242,66.97874149659864,66.1056511056511,14.829209896249003,16.10664479081214,17.321064996084573,14.547619047619047,13.850941850941851,10.0,10.0,10.0,10.0,15.331096116341323
