,1,1l,1r,1s,2,2l,2r,2s,3,3l,3r,3s,4,4l,4r,4s,id,1_2,1_3,1_4,2_1,2_3,2_4,3_1,3_2,3_4,4_1,4_2,4_3,p1,p2,p3,p4,speed0,speed1,speed2,speed3,speed4,stop0,stop1,stop2,stop3,stop4,time,timeloss0,timeloss1,timeloss2,timeloss3,timeloss4,travel0,travel1,travel2,travel3,travel4,wait0,wait1,wait2,wait3,wait4,rsssll_rssl_rsslll_rrsl_0,rsssll_rssl_rsslll_rrsl_1,rsssll_rssl_rsslll_rrsl_2,rsssll_rssl_rsslll_rrsl_3,performance measure
0,6,2,1,3,4,1,1,2,6,3,1,2,4,1,2,1,rsssll_rssl_rsslll_rrsl,196.0,218.0,321.0,112.0,53.0,301.0,328.0,52.0,724.0,44.0,343.0,77.0,10.0,5.0,5.0,10.0,8.918680799354936,9.15610242704234,9.185601332237107,9.09919541944985,8.999501462777765,0.9730569948186528,0.8759521218715995,0.8577319587628865,0.8877665544332211,0.9507692307692308,2.8594300746917725,27.677585492228015,23.330326441784567,23.219041237113384,23.94983164983167,25.462912820512823,72.5461139896373,68.17954298150163,68.11546391752577,68.79124579124579,70.27384615384615,18.7419689119171,14.921653971708379,15.021649484536082,15.836139169472503,16.542564102564103,10.0,5.0,5.0,10.0,16.212795128039634
