,1,1l,1r,1s,2,2l,2r,2s,3,3l,3r,3s,4,4l,4r,4s,id,1_2,1_3,1_4,2_1,2_3,2_4,3_1,3_2,3_4,4_1,4_2,4_3,p1,p2,p3,p4,speed0,speed1,speed2,speed3,speed4,stop0,stop1,stop2,stop3,stop4,time,timeloss0,timeloss1,timeloss2,timeloss3,timeloss4,travel0,travel1,travel2,travel3,travel4,wait0,wait1,wait2,wait3,wait4,rssslll_rrsssl_rsssssl_rsl_0,rssslll_rrsssl_rsssssl_rsl_1,rssslll_rrsssl_rsssssl_rsl_2,rssslll_rrsssl_rsssssl_rsl_3,performance measure
0,7,3,1,3,6,1,2,3,7,1,1,5,3,1,1,1,rssslll_rrsssl_rsssssl_rsl,812.0,996.0,147.0,444.0,212.0,686.0,1028.0,107.0,324.0,295.0,115.0,249.0,15.0,15.0,15.0,10.0,8.135828161440852,8.538987283461404,8.383476069759322,8.323064923958736,8.45513637314692,0.9305402425578831,0.8187737384698861,0.8650537634408603,0.8908785674314493,0.8410633484162896,4.579167604446411,35.64785005512682,28.821302224633822,31.476564516129084,33.430184667039825,30.126346153846153,80.45314222712238,73.60390667390125,76.25268817204301,78.22327923894795,74.94343891402715,26.21003307607497,20.36082474226804,22.463978494623657,24.196978175713486,21.444570135746606,15.0,15.0,15.0,10.0,22.93527692488535
