,1,1l,1r,1s,2,2l,2r,2s,3,3l,3r,3s,4,4l,4r,4s,id,1_2,1_3,1_4,2_1,2_3,2_4,3_1,3_2,3_4,4_1,4_2,4_3,p1,p2,p3,p4,speed0,speed1,speed2,speed3,speed4,stop0,stop1,stop2,stop3,stop4,time,timeloss0,timeloss1,timeloss2,timeloss3,timeloss4,travel0,travel1,travel2,travel3,travel4,wait0,wait1,wait2,wait3,wait4,rsl_rsl_rsl_rrssll_0,rsl_rsl_rsl_rrssll_1,rsl_rsl_rsl_rrssll_2,rsl_rsl_rsl_rrssll_3,performance measure
0,3,1,1,1,3,1,1,1,3,1,1,1,6,2,2,2,rsl_rsl_rsl_rrssll,247.0,177.0,49.0,312.0,286.0,255.0,213.0,294.0,265.0,321.0,616.0,237.0,15.0,10.0,15.0,15.0,8.350648868098682,8.465083754547482,8.341651674184048,8.643526649666315,8.67463793580762,0.9052725647899911,0.8265682656826568,0.8860869565217391,0.7926484448633365,0.7898550724637681,3.1095306873321533,34.917184986595196,30.228053505535087,33.00899999999997,28.97868991517436,27.34778985507247,79.85790884718499,75.17988929889299,77.97826086956522,73.95098963242225,72.26902173913044,25.32886505808758,21.56180811808118,23.795652173913044,20.428840716305373,19.02173913043478,15.0,10.0,15.0,15.0,22.027381039364393
