,1,1l,1r,1s,2,2l,2r,2s,3,3l,3r,3s,4,4l,4r,4s,id,1_2,1_3,1_4,2_1,2_3,2_4,3_1,3_2,3_4,4_1,4_2,4_3,p1,p2,p3,p4,speed0,speed1,speed2,speed3,speed4,stop0,stop1,stop2,stop3,stop4,time,timeloss0,timeloss1,timeloss2,timeloss3,timeloss4,travel0,travel1,travel2,travel3,travel4,wait0,wait1,wait2,wait3,wait4,rrssl_rrssl_rrsslll_rrsslll_0,rrssl_rrssl_rrsslll_rrsslll_1,rrssl_rrssl_rrsslll_rrsslll_2,rrssl_rrssl_rrsslll_rrsslll_3,performance measure
0,5,1,2,2,5,1,2,2,7,3,2,2,7,3,2,2,rrssl_rrssl_rrsslll_rrsslll,295.0,493.0,461.0,108.0,175.0,409.0,101.0,454.0,255.0,459.0,88.0,480.0,15.0,10.0,10.0,10.0,9.20976362917602,9.290898689268515,9.049461670733386,9.361231477078888,9.16495061889768,0.7352281226626777,0.7175748273215656,0.7767722473604827,0.6972402597402597,0.7587822014051522,3.2545418739318848,22.37038893044127,21.801389102072125,24.126719457013596,20.910811688311696,22.974855581576904,66.68661181750187,66.17114351496546,68.51282051282051,65.23295454545455,67.32630757220922,14.896035901271503,14.485801995395242,16.39366515837104,13.704545454545455,15.321623731459797,15.0,10.0,10.0,10.0,14.960334448208608
