,1,1l,1r,1s,2,2l,2r,2s,3,3l,3r,3s,4,4l,4r,4s,id,1_2,1_3,1_4,2_1,2_3,2_4,3_1,3_2,3_4,4_1,4_2,4_3,p1,p2,p3,p4,speed0,speed1,speed2,speed3,speed4,stop0,stop1,stop2,stop3,stop4,time,timeloss0,timeloss1,timeloss2,timeloss3,timeloss4,travel0,travel1,travel2,travel3,travel4,wait0,wait1,wait2,wait3,wait4,rssl_rrsslll_rsl_rrsll_0,rssl_rrsslll_rsl_rrsll_1,rssl_rrsslll_rsl_rrsll_2,rssl_rrsslll_rsl_rrsll_3,performance measure
0,4,1,1,2,7,3,2,2,3,1,1,1,5,2,2,1,rssl_rrsslll_rsl_rrsll,186.0,152.0,227.0,74.0,550.0,532.0,212.0,319.0,142.0,594.0,360.0,578.0,10.0,10.0,15.0,15.0,8.850276410490004,8.652487403820958,8.763227440200406,8.983974861205402,8.961770790249258,0.8014336917562724,0.8457564575645756,0.8199404761904762,0.757088122605364,0.7604477611940299,3.4384920597076416,26.658573476702525,28.319896678966764,27.37738839285717,24.446712643678126,24.526350746268644,71.415770609319,73.06789667896679,72.16294642857143,69.16245210727969,69.2723880597015,18.189964157706093,19.500369003690036,18.834821428571427,16.437547892720307,16.41417910447761,10.0,10.0,15.0,15.0,17.875376317433094
