,1,1l,1r,1s,2,2l,2r,2s,3,3l,3r,3s,4,4l,4r,4s,id,1_2,1_3,1_4,2_1,2_3,2_4,3_1,3_2,3_4,4_1,4_2,4_3,p1,p2,p3,p4,speed0,speed1,speed2,speed3,speed4,stop0,stop1,stop2,stop3,stop4,time,timeloss0,timeloss1,timeloss2,timeloss3,timeloss4,travel0,travel1,travel2,travel3,travel4,wait0,wait1,wait2,wait3,wait4,rsssssl_rsl_rrsslll_rsssll_0,rsssssl_rsl_rrsslll_rsssll_1,rsssssl_rsl_rrsslll_rsssll_2,rsssssl_rsl_rrsslll_rsssll_3,performance measure
0,7,1,1,5,3,1,1,1,7,3,2,2,6,2,1,3,rsssssl_rsl_rrsslll_rsssll,111.0,1703.0,81.0,209.0,207.0,315.0,246.0,296.0,470.0,643.0,442.0,235.0,10.0,15.0,15.0,15.0,8.464941452331797,8.379952017743944,8.439851892903269,8.674861533010347,8.572861016917019,0.8674265146970606,0.8526440879382056,0.8304297328687572,0.7773654916512059,0.8085106382978723,4.4839794635772705,30.799262147570467,30.54784907902553,29.507241579558677,27.181521335807012,28.262413373860173,75.65386922615477,75.40819964349376,74.3588850174216,72.05689548546691,73.12522796352583,21.727654469106177,21.58882947118241,20.77177700348432,18.885590599876313,19.77872340425532,10.0,15.0,15.0,15.0,20.550514989580908
