,1,1l,1r,1s,2,2l,2r,2s,3,3l,3r,3s,4,4l,4r,4s,id,1_2,1_3,1_4,2_1,2_3,2_4,3_1,3_2,3_4,4_1,4_2,4_3,p1,p2,p3,p4,speed0,speed1,speed2,speed3,speed4,stop0,stop1,stop2,stop3,stop4,time,timeloss0,timeloss1,timeloss2,timeloss3,timeloss4,travel0,travel1,travel2,travel3,travel4,wait0,wait1,wait2,wait3,wait4,rsl_rsssll_rrssl_rrsslll_0,rsl_rsssll_rrssl_rrsslll_1,rsl_rsssll_rrssl_rrsslll_2,rsl_rsssll_rrssl_rrsslll_3,performance measure
0,3,1,1,1,6,2,1,3,5,1,2,2,7,3,2,2,rsl_rsssll_rrssl_rrsslll,270.0,69.0,183.0,204.0,408.0,1013.0,423.0,369.0,78.0,657.0,281.0,142.0,10.0,10.0,10.0,15.0,8.699416246687612,8.964806634023262,8.832926921478652,8.901230104938737,9.10683183911676,0.9053857350800583,0.8026124818577649,0.8539007092198582,0.8131788559015206,0.7496307237813885,3.4363341331481934,29.809687045123706,25.429448476052247,27.53736879432626,25.25085445329471,22.985827178729746,74.61062590975254,70.18722786647315,72.34468085106383,70.00506879073136,67.72673559822748,20.831149927219798,17.309869375907112,18.8354609929078,17.034033309196236,15.188330871491877,10.0,10.0,10.0,15.0,17.839768895344562
