,1,1l,1r,1s,2,2l,2r,2s,3,3l,3r,3s,4,4l,4r,4s,id,1_2,1_3,1_4,2_1,2_3,2_4,3_1,3_2,3_4,4_1,4_2,4_3,p1,p2,p3,p4,speed0,speed1,speed2,speed3,speed4,stop0,stop1,stop2,stop3,stop4,time,timeloss0,timeloss1,timeloss2,timeloss3,timeloss4,travel0,travel1,travel2,travel3,travel4,wait0,wait1,wait2,wait3,wait4,rsl_rrsl_rssslll_rssssl_0,rsl_rrsl_rssslll_rssssl_1,rsl_rrsl_rssslll_rssssl_2,rsl_rrsl_rssslll_rssssl_3,performance measure
0,3,1,1,1,4,1,2,1,7,3,1,3,6,1,1,4,rsl_rrsl_rssslll_rssssl,302.0,83.0,105.0,204.0,226.0,293.0,676.0,40.0,399.0,167.0,377.0,172.0,15.0,10.0,10.0,15.0,8.489234023191445,8.538176759687568,8.39363646066359,8.562603422132913,8.79793386762108,0.8665377176015474,0.8528015194681862,0.8880526810912511,0.9299691040164778,0.7921951219512195,3.2523632049560547,30.6471760154739,29.32301994301998,31.391298212605843,33.64852729145208,26.989512195121915,75.63346228239845,74.25830959164293,76.31890874882409,78.56127703398558,71.92390243902439,21.8752417794971,20.97530864197531,22.656632173095016,24.308959835221422,18.953170731707317,15.0,10.0,10.0,15.0,21.75386263229923
