,1,1l,1r,1s,2,2l,2r,2s,3,3l,3r,3s,4,4l,4r,4s,id,1_2,1_3,1_4,2_1,2_3,2_4,3_1,3_2,3_4,4_1,4_2,4_3,p1,p2,p3,p4,speed0,speed1,speed2,speed3,speed4,stop0,stop1,stop2,stop3,stop4,time,timeloss0,timeloss1,timeloss2,timeloss3,timeloss4,travel0,travel1,travel2,travel3,travel4,wait0,wait1,wait2,wait3,wait4,rsl_rsssl_rssssl_rssll_0,rsl_rsssl_rssssl_rssll_1,rsl_rsssl_rssssl_rssll_2,rsl_rsssl_rssssl_rssll_3,performance measure
0,3,1,1,1,5,1,1,3,6,1,1,4,5,2,1,2,rsl_rsssl_rssssl_rssll,310.0,310.0,101.0,288.0,301.0,405.0,498.0,222.0,251.0,313.0,316.0,63.0,15.0,15.0,15.0,10.0,8.694755370871826,8.605800957676832,8.391495501505933,8.568355085537792,8.5763340148997,0.7858985382631126,0.8077945084145262,0.8587140439932318,0.8201438848920863,0.8161829375549692,3.2697551250457764,27.419810834049862,28.122267493356958,30.958248730964517,30.089505395683492,29.081970096745813,72.21668099742047,72.93711248892825,75.7673434856176,74.83093525179856,73.87423043095866,19.22269991401548,19.882196634189548,22.161590524534688,21.570143884892087,20.590149516270888,15.0,15.0,15.0,10.0,20.685356094780538
