,1,1l,1r,1s,2,2l,2r,2s,3,3l,3r,3s,4,4l,4r,4s,id,1_2,1_3,1_4,2_1,2_3,2_4,3_1,3_2,3_4,4_1,4_2,4_3,p1,p2,p3,p4,speed0,speed1,speed2,speed3,speed4,stop0,stop1,stop2,stop3,stop4,time,timeloss0,timeloss1,timeloss2,timeloss3,timeloss4,travel0,travel1,travel2,travel3,travel4,wait0,wait1,wait2,wait3,wait4,rsssssl_rsl_rrsslll_rsssll_0,rsssssl_rsl_rrsslll_rsssll_1,rsssssl_rsl_rrsslll_rsssll_2,rsssssl_rsl_rrsslll_rsssll_3,performance measure
0,7,1,1,5,3,1,1,1,7,3,2,2,6,2,1,3,rsssssl_rsl_rrsslll_rsssll,49.0,667.0,299.0,239.0,296.0,56.0,246.0,448.0,792.0,504.0,753.0,52.0,10.0,5.0,10.0,10.0,9.00756706895136,8.860867254999308,8.748480531810221,9.12348852218089,8.879613381054996,0.8364864864864865,0.8753387533875339,0.9279688513951979,0.8304964539007093,0.8762151652624757,4.066434383392334,24.041871621621638,25.0718428184282,26.889824789097975,23.39200000000001,25.01971484121841,68.73648648648648,69.82384823848238,71.61778066190786,68.09007092198581,69.73817239144523,15.883108108108107,16.59620596205962,17.948734587929916,15.065957446808511,16.50745301360985,10.0,5.0,10.0,10.0,16.400291823703203
