,1,1l,1r,1s,2,2l,2r,2s,3,3l,3r,3s,4,4l,4r,4s,id,1_2,1_3,1_4,2_1,2_3,2_4,3_1,3_2,3_4,4_1,4_2,4_3,p1,p2,p3,p4,speed0,speed1,speed2,speed3,speed4,stop0,stop1,stop2,stop3,stop4,time,timeloss0,timeloss1,timeloss2,timeloss3,timeloss4,travel0,travel1,travel2,travel3,travel4,wait0,wait1,wait2,wait3,wait4,rsssl_rrsll_rsl_rsslll_0,rsssl_rrsll_rsl_rsslll_1,rsssl_rrsll_rsl_rsslll_2,rsssl_rrsll_rsl_rsslll_3,performance measure
0,5,1,1,3,5,2,2,1,3,1,1,1,6,3,1,2,rsssl_rrsll_rsl_rsslll,263.0,1020.0,119.0,167.0,558.0,45.0,237.0,163.0,95.0,226.0,481.0,264.0,10.0,15.0,15.0,10.0,8.45164801490142,8.591280431457529,8.442321600678188,8.620093227050727,8.620953352099022,1.0016051364365972,0.880718954248366,0.9015212169735789,0.8557775847089487,0.8357963875205254,3.272259473800659,37.60084269662919,30.4686437908497,31.7015852682146,29.63083405734143,27.989154351395676,82.47271268057784,75.3390522875817,76.5724579663731,74.5099913119027,72.84072249589491,27.21187800963082,21.5531045751634,22.53883106485188,20.924413553431798,19.55008210180624,10.0,15.0,15.0,10.0,22.355661860976827
