,1,1l,1r,1s,2,2l,2r,2s,3,3l,3r,3s,4,4l,4r,4s,id,1_2,1_3,1_4,2_1,2_3,2_4,3_1,3_2,3_4,4_1,4_2,4_3,p1,p2,p3,p4,speed0,speed1,speed2,speed3,speed4,stop0,stop1,stop2,stop3,stop4,time,timeloss0,timeloss1,timeloss2,timeloss3,timeloss4,travel0,travel1,travel2,travel3,travel4,wait0,wait1,wait2,wait3,wait4,rssll_rrsl_rsssl_rrsl_0,rssll_rrsl_rsssl_rrsl_1,rssll_rrsl_rsssl_rrsl_2,rssll_rrsl_rsssl_rrsl_3,performance measure
0,5,2,1,2,4,1,2,1,5,1,1,3,4,1,2,1,rssll_rrsl_rsssl_rrsl,336.0,346.0,102.0,492.0,130.0,102.0,434.0,122.0,323.0,108.0,89.0,151.0,15.0,10.0,10.0,5.0,9.355818181877902,9.299291358884094,9.499252788099634,9.513193086001555,9.389814946695273,0.7571580063626723,0.7713347921225383,0.698685540950455,0.6922246220302376,0.7480662983425415,2.7831149101257324,22.957136797454915,21.797330415754953,19.990070778564196,19.89555075593951,20.982088397790072,67.76882290562035,66.63019693654267,64.84327603640041,64.68250539956803,65.81878453038674,15.4050901378579,14.35776805251641,12.579373104145601,12.720302375809935,13.622099447513811,15.0,10.0,10.0,5.0,13.736926623568731
