,1,1l,1r,1s,2,2l,2r,2s,3,3l,3r,3s,4,4l,4r,4s,id,1_2,1_3,1_4,2_1,2_3,2_4,3_1,3_2,3_4,4_1,4_2,4_3,p1,p2,p3,p4,speed0,speed1,speed2,speed3,speed4,stop0,stop1,stop2,stop3,stop4,time,timeloss0,timeloss1,timeloss2,timeloss3,timeloss4,travel0,travel1,travel2,travel3,travel4,wait0,wait1,wait2,wait3,wait4,rrsll_rssl_rsssll_rsl_0,rrsll_rssl_rsssll_rsl_1,rrsll_rssl_rsssll_rsl_2,rrsll_rssl_rsssll_rsl_3,performance measure
0,5,2,2,1,4,1,1,2,6,2,1,3,3,1,1,1,rrsll_rssl_rsssll_rsl,527.0,257.0,74.0,278.0,45.0,112.0,605.0,44.0,329.0,265.0,109.0,63.0,10.0,10.0,10.0,5.0,9.131171877293113,9.117105895890854,8.814562990373252,9.342379385034459,9.231367766018538,0.819068255687974,0.8103070175438597,0.9048106448311156,0.7863636363636364,0.7943502824858757,3.124291181564331,22.523022751896026,23.355000000000018,25.99590583418628,20.84518181818183,21.974881355932197,67.50379198266522,68.36842105263158,71.00409416581371,65.7875,66.91977401129944,14.422535211267606,15.351973684210526,17.167860798362334,13.147727272727273,14.07457627118644,10.0,10.0,10.0,5.0,14.832934647550834
