,1,1l,1r,1s,2,2l,2r,2s,3,3l,3r,3s,4,4l,4r,4s,id,1_2,1_3,1_4,2_1,2_3,2_4,3_1,3_2,3_4,4_1,4_2,4_3,p1,p2,p3,p4,speed0,speed1,speed2,speed3,speed4,stop0,stop1,stop2,stop3,stop4,time,timeloss0,timeloss1,timeloss2,timeloss3,timeloss4,travel0,travel1,travel2,travel3,travel4,wait0,wait1,wait2,wait3,wait4,rrssl_rrssl_rrsslll_rrsslll_0,rrssl_rrssl_rrsslll_rrsslll_1,rrssl_rrssl_rrsslll_rrsslll_2,rrssl_rrssl_rrsslll_rrsslll_3,performance measure
0,5,1,2,2,5,1,2,2,7,3,2,2,7,3,2,2,rrssl_rrssl_rrsslll_rrsslll,285.0,573.0,343.0,146.0,62.0,84.0,165.0,608.0,523.0,294.0,290.0,179.0,10.0,10.0,5.0,5.0,9.777881222160943,9.613890028813342,9.462159925513475,9.804429377610223,9.598487865516535,0.6911037891268533,0.7438507209499576,0.7928802588996764,0.6852836879432624,0.7683429513602638,3.467320680618286,17.487108731466215,18.973672603901605,20.47077669902912,17.04678191489364,19.786801319043697,61.87232289950577,63.407124681933844,64.86650485436893,61.380319148936174,64.16982687551526,10.396210873146623,11.643765903307887,12.520226537216828,10.01241134751773,12.269579554822753,10.0,10.0,5.0,5.0,11.368438843202364
