,1,1l,1r,1s,2,2l,2r,2s,3,3l,3r,3s,4,4l,4r,4s,id,1_2,1_3,1_4,2_1,2_3,2_4,3_1,3_2,3_4,4_1,4_2,4_3,p1,p2,p3,p4,speed0,speed1,speed2,speed3,speed4,stop0,stop1,stop2,stop3,stop4,time,timeloss0,timeloss1,timeloss2,timeloss3,timeloss4,travel0,travel1,travel2,travel3,travel4,wait0,wait1,wait2,wait3,wait4,rsssssl_rssssll_rsl_rssll_0,rsssssl_rssssll_rsl_rssll_1,rsssssl_rssssll_rsl_rssll_2,rsssssl_rssssll_rsl_rssll_3,performance measure
0,7,1,1,5,7,2,1,4,3,1,1,1,5,2,1,2,rsssssl_rssssll_rsl_rssll,178.0,498.0,117.0,69.0,453.0,578.0,76.0,141.0,306.0,432.0,80.0,181.0,10.0,5.0,10.0,10.0,9.19736486361054,9.29001157221231,8.965937935530864,8.963262886531055,9.272169461744621,0.8045112781954887,0.7828947368421053,0.8973897389738974,0.9552238805970149,0.7992530345471522,2.955759048461914,22.504125939849633,21.459154135338316,25.78017101710168,27.58654726368161,21.963604108310015,67.33364661654136,66.29793233082707,70.58955895589558,72.42786069651741,66.73856209150327,14.625,13.826127819548873,17.219621962196218,18.34825870646766,14.22782446311858,10.0,5.0,10.0,10.0,15.649366590266265
