,1,1l,1r,1s,2,2l,2r,2s,3,3l,3r,3s,4,4l,4r,4s,id,1_2,1_3,1_4,2_1,2_3,2_4,3_1,3_2,3_4,4_1,4_2,4_3,p1,p2,p3,p4,speed0,speed1,speed2,speed3,speed4,stop0,stop1,stop2,stop3,stop4,time,timeloss0,timeloss1,timeloss2,timeloss3,timeloss4,travel0,travel1,travel2,travel3,travel4,wait0,wait1,wait2,wait3,wait4,rsl_rrsll_rsl_rslll_0,rsl_rrsll_rsl_rslll_1,rsl_rrsll_rsl_rslll_2,rsl_rrsll_rsl_rslll_3,performance measure
0,3,1,1,1,5,2,2,1,3,1,1,1,5,3,1,1,rsl_rrsll_rsl_rslll,293.0,86.0,149.0,217.0,342.0,217.0,327.0,58.0,37.0,530.0,228.0,71.0,15.0,15.0,10.0,10.0,8.326730429521362,8.418986267671253,8.215620365335992,8.61954540429956,8.409996419168145,0.9532163742690059,0.88268156424581,0.935340022296544,0.8361244019138756,0.880648899188876,2.7506825923919678,34.968725146198814,30.564726256983228,33.19055741360086,28.295023923444976,31.323951332560817,79.98245614035088,75.61899441340782,78.25529542920847,73.33492822966507,76.3314020857474,25.164912280701753,21.894972067039106,24.05016722408027,19.9366028708134,22.571263035921206,15.0,15.0,10.0,10.0,22.723583495711146
