,1,1l,1r,1s,2,2l,2r,2s,3,3l,3r,3s,4,4l,4r,4s,id,1_2,1_3,1_4,2_1,2_3,2_4,3_1,3_2,3_4,4_1,4_2,4_3,p1,p2,p3,p4,speed0,speed1,speed2,speed3,speed4,stop0,stop1,stop2,stop3,stop4,time,timeloss0,timeloss1,timeloss2,timeloss3,timeloss4,travel0,travel1,travel2,travel3,travel4,wait0,wait1,wait2,wait3,wait4,rsl_rrsl_rssslll_rssssl_0,rsl_rrsl_rssslll_rssssl_1,rsl_rrsl_rssslll_rssssl_2,rsl_rrsl_rssslll_rssssl_3,performance measure
0,3,1,1,1,4,1,2,1,7,3,1,3,6,1,1,4,rsl_rrsl_rssslll_rssssl,283.0,131.0,314.0,248.0,102.0,124.0,271.0,213.0,504.0,240.0,995.0,138.0,10.0,5.0,10.0,10.0,9.330553810301824,9.161065548150486,8.945565173966997,9.308176098907856,9.273645105347022,0.7682724252491694,0.8186440677966101,0.9757281553398058,0.7931937172774869,0.7809983896940419,3.545063018798828,20.991187707641227,22.666118644067815,29.13481391585762,21.623280977312394,21.762616747181948,65.79651162790698,67.48728813559322,73.9336569579288,66.38307155322862,66.51771336553945,13.175249169435215,14.605084745762712,19.642394822006473,13.796684118673648,13.796296296296296,10.0,5.0,10.0,10.0,15.003141830434867
