,1,1l,1r,1s,2,2l,2r,2s,3,3l,3r,3s,4,4l,4r,4s,id,1_2,1_3,1_4,2_1,2_3,2_4,3_1,3_2,3_4,4_1,4_2,4_3,p1,p2,p3,p4,speed0,speed1,speed2,speed3,speed4,stop0,stop1,stop2,stop3,stop4,time,timeloss0,timeloss1,timeloss2,timeloss3,timeloss4,travel0,travel1,travel2,travel3,travel4,wait0,wait1,wait2,wait3,wait4,rrsssll_rsl_rsl_rrsll_0,rrsssll_rsl_rsl_rrsll_1,rrsssll_rsl_rsl_rrsll_2,rrsssll_rsl_rsl_rrsll_3,performance measure
0,7,2,2,3,3,1,1,1,3,1,1,1,5,2,2,1,rrsssll_rsl_rsl_rrsll,417.0,993.0,150.0,277.0,278.0,167.0,87.0,150.0,227.0,460.0,115.0,162.0,15.0,15.0,15.0,10.0,8.560850435589144,8.740202500522834,8.65092510118967,8.631180947337482,8.805302733164162,0.8297690333618477,0.7859531772575251,0.791869918699187,0.8071111111111111,0.7613240418118467,3.5000357627868652,29.769914456800663,26.544874581939787,27.488666666666642,28.542533333333356,26.36518292682924,74.68776732249786,71.53177257525084,72.43577235772358,73.48977777777777,71.28048780487805,21.21043627031651,18.350334448160535,19.214634146341464,20.14666666666667,18.39198606271777,15.0,15.0,15.0,10.0,19.46281151884059
