,1,1l,1r,1s,2,2l,2r,2s,3,3l,3r,3s,4,4l,4r,4s,id,1_2,1_3,1_4,2_1,2_3,2_4,3_1,3_2,3_4,4_1,4_2,4_3,p1,p2,p3,p4,speed0,speed1,speed2,speed3,speed4,stop0,stop1,stop2,stop3,stop4,time,timeloss0,timeloss1,timeloss2,timeloss3,timeloss4,travel0,travel1,travel2,travel3,travel4,wait0,wait1,wait2,wait3,wait4,rrslll_rssll_rsl_rssssll_0,rrslll_rssll_rsl_rssssll_1,rrslll_rssll_rsl_rssssll_2,rrslll_rssll_rsl_rssssll_3,performance measure
0,6,3,2,1,5,2,1,2,3,1,1,1,7,2,1,4,rrslll_rssll_rsl_rssssll,972.0,147.0,302.0,146.0,584.0,254.0,311.0,194.0,100.0,602.0,719.0,253.0,15.0,15.0,15.0,10.0,8.587645145935767,8.304800484298363,8.470651334451079,8.711582164293398,8.661281505339941,0.7973231357552581,0.8600638977635783,0.8358876117496807,0.7759526938239159,0.7875647668393783,3.7502756118774414,28.054327597195705,31.052549520766842,29.17606641123876,26.753449408672765,27.223231865284976,72.95538559592097,75.99552715654951,74.12515964240102,71.72010512483574,72.14766839378238,19.55768005098789,22.079872204472842,20.51277139208174,18.471090670170828,19.08160621761658,15.0,15.0,15.0,10.0,19.940604107065976
