,1,1l,1r,1s,2,2l,2r,2s,3,3l,3r,3s,4,4l,4r,4s,id,1_2,1_3,1_4,2_1,2_3,2_4,3_1,3_2,3_4,4_1,4_2,4_3,p1,p2,p3,p4,speed0,speed1,speed2,speed3,speed4,stop0,stop1,stop2,stop3,stop4,time,timeloss0,timeloss1,timeloss2,timeloss3,timeloss4,travel0,travel1,travel2,travel3,travel4,wait0,wait1,wait2,wait3,wait4,rsssl_rrsll_rsl_rsslll_0,rsssl_rrsll_rsl_rsslll_1,rsssl_rrsll_rsl_rsslll_2,rsssl_rrsll_rsl_rsslll_3,performance measure
0,5,1,1,3,5,2,2,1,3,1,1,1,6,3,1,2,rsssl_rrsll_rsl_rsslll,257.0,779.0,248.0,315.0,302.0,299.0,68.0,309.0,279.0,780.0,375.0,158.0,15.0,15.0,15.0,15.0,8.321712903900123,8.483372558535962,8.373700186778331,8.562696349269656,8.465729572766989,0.8705966930265996,0.7893238434163701,0.8172942817294282,0.79462285287528,0.7981520966595593,3.46647047996521,34.20439971243711,29.609081850533798,31.103354253835352,28.965227781926846,30.162004264392348,79.00143781452192,74.49110320284697,75.99232914923292,73.76176250933533,75.02061122956646,24.90941768511862,21.319572953736653,22.303347280334727,20.643764002987304,21.65031982942431,15.0,15.0,15.0,15.0,22.165284350320324
