,1,1l,1r,1s,2,2l,2r,2s,3,3l,3r,3s,4,4l,4r,4s,id,1_2,1_3,1_4,2_1,2_3,2_4,3_1,3_2,3_4,4_1,4_2,4_3,p1,p2,p3,p4,speed0,speed1,speed2,speed3,speed4,stop0,stop1,stop2,stop3,stop4,time,timeloss0,timeloss1,timeloss2,timeloss3,timeloss4,travel0,travel1,travel2,travel3,travel4,wait0,wait1,wait2,wait3,wait4,rsssl_rrsll_rsl_rsslll_0,rsssl_rrsll_rsl_rsslll_1,rsssl_rrsll_rsl_rsslll_2,rsssl_rrsll_rsl_rsslll_3,performance measure
0,5,1,1,3,5,2,2,1,3,1,1,1,6,3,1,2,rsssl_rrsll_rsl_rsslll,237.0,658.0,40.0,389.0,354.0,305.0,202.0,177.0,302.0,570.0,444.0,207.0,15.0,10.0,10.0,15.0,8.583384651313656,8.580324639120025,8.422275713542874,8.852095120318442,8.71127718720534,0.8473804100227791,0.8257918552036199,0.8742774566473989,0.7766990291262136,0.8032036613272311,3.484433174133301,29.274024297646143,28.12171191553545,30.877868497109773,25.921132686084146,26.916315789473675,74.12604403948367,73.00980392156863,75.76445086705202,70.7831715210356,71.76506483600305,20.639331814730447,19.86500754147813,22.07369942196532,17.983818770226538,18.739893211289093,15.0,10.0,10.0,15.0,19.860350151937904
