,1,1l,1r,1s,2,2l,2r,2s,3,3l,3r,3s,4,4l,4r,4s,id,1_2,1_3,1_4,2_1,2_3,2_4,3_1,3_2,3_4,4_1,4_2,4_3,p1,p2,p3,p4,speed0,speed1,speed2,speed3,speed4,stop0,stop1,stop2,stop3,stop4,time,timeloss0,timeloss1,timeloss2,timeloss3,timeloss4,travel0,travel1,travel2,travel3,travel4,wait0,wait1,wait2,wait3,wait4,rsl_rsssssl_rsll_rrssl_0,rsl_rsssssl_rsll_rrssl_1,rsl_rsssssl_rsll_rrssl_2,rsl_rsssssl_rsll_rrssl_3,performance measure
0,3,1,1,1,7,1,1,5,4,2,1,1,5,1,2,2,rsl_rsssssl_rsll_rrssl,54.0,340.0,66.0,228.0,188.0,948.0,301.0,83.0,460.0,40.0,561.0,517.0,10.0,15.0,10.0,15.0,8.970597076229655,8.85956821314938,8.57728654428209,8.739392490232,8.602850095250549,0.7644757433489828,0.7951142631993696,0.8831562974203339,0.8283157038242474,0.8509119746233148,3.407539129257202,24.72199530516432,25.728171788810123,30.18720030349014,28.401196094385693,28.994892942109463,69.6056338028169,70.61702127659575,75.06221547799697,73.30512611879577,73.89294210943696,16.724569640062597,17.587864460204887,21.29135053110774,19.91293734743694,20.203806502775574,10.0,15.0,10.0,15.0,19.144105696317546
