,1,1l,1r,1s,2,2l,2r,2s,3,3l,3r,3s,4,4l,4r,4s,id,1_2,1_3,1_4,2_1,2_3,2_4,3_1,3_2,3_4,4_1,4_2,4_3,p1,p2,p3,p4,speed0,speed1,speed2,speed3,speed4,stop0,stop1,stop2,stop3,stop4,time,timeloss0,timeloss1,timeloss2,timeloss3,timeloss4,travel0,travel1,travel2,travel3,travel4,wait0,wait1,wait2,wait3,wait4,rsssl_rrsll_rsl_rsslll_0,rsssl_rrsll_rsl_rsslll_1,rsssl_rrsll_rsl_rsslll_2,rsssl_rrsll_rsl_rsslll_3,performance measure
0,5,1,1,3,5,2,2,1,3,1,1,1,6,3,1,2,rsssl_rrsll_rsl_rsslll,202.0,544.0,116.0,161.0,582.0,339.0,261.0,177.0,218.0,473.0,657.0,47.0,10.0,10.0,15.0,15.0,8.004828394550827,8.35513538044037,8.168039272841893,8.486897074147212,8.432828586368318,1.1155934833204033,0.9612703330751355,0.9910112359550561,0.8659450457951707,0.8971036585365854,3.4579365253448486,42.83921644685807,34.882439969016275,36.112097378277134,30.444820982514557,30.81022865853655,87.8099301784329,79.86057319907049,81.09213483146067,75.40549542048294,75.80030487804878,31.592707525213342,25.306738962044925,26.33183520599251,21.911740216486262,21.80030487804878,10.0,10.0,15.0,15.0,25.388665357557166
