,1,1l,1r,1s,2,2l,2r,2s,3,3l,3r,3s,4,4l,4r,4s,id,1_2,1_3,1_4,2_1,2_3,2_4,3_1,3_2,3_4,4_1,4_2,4_3,p1,p2,p3,p4,speed0,speed1,speed2,speed3,speed4,stop0,stop1,stop2,stop3,stop4,time,timeloss0,timeloss1,timeloss2,timeloss3,timeloss4,travel0,travel1,travel2,travel3,travel4,wait0,wait1,wait2,wait3,wait4,rssll_rrsl_rsssl_rrsl_0,rssll_rrsl_rsssl_rrsl_1,rssll_rrsl_rsssl_rrsl_2,rssll_rrsl_rsssl_rrsl_3,performance measure
0,5,2,1,2,4,1,2,1,5,1,1,3,4,1,2,1,rssll_rrsl_rsssl_rrsl,88.0,606.0,295.0,381.0,295.0,291.0,920.0,209.0,217.0,281.0,67.0,493.0,10.0,15.0,15.0,15.0,8.585747375657126,8.59790245933802,8.619847896310219,8.792781164931755,8.69416838225376,0.8348623853211009,0.8118811881188119,0.809052333804809,0.7898279730740464,0.8058529621698787,3.561656951904297,30.291877205363477,28.382934936350733,28.69719943422913,28.440044876589432,28.907251962883564,75.04304869442484,73.16831683168317,73.48797736916549,73.11967090501122,73.67594575303355,21.40225829216655,19.762376237623762,20.114568599717114,19.969334330590875,20.26980728051392,10.0,15.0,15.0,15.0,20.303668948122443
