,1,1l,1r,1s,2,2l,2r,2s,3,3l,3r,3s,4,4l,4r,4s,id,1_2,1_3,1_4,2_1,2_3,2_4,3_1,3_2,3_4,4_1,4_2,4_3,p1,p2,p3,p4,speed0,speed1,speed2,speed3,speed4,stop0,stop1,stop2,stop3,stop4,time,timeloss0,timeloss1,timeloss2,timeloss3,timeloss4,travel0,travel1,travel2,travel3,travel4,wait0,wait1,wait2,wait3,wait4,rsl_rsssll_rrssl_rrsslll_0,rsl_rsssll_rrssl_rrsslll_1,rsl_rsssll_rrssl_rrsslll_2,rsl_rsssll_rrssl_rrsslll_3,performance measure
0,3,1,1,1,6,2,1,3,5,1,2,2,7,3,2,2,rsl_rsssll_rrssl_rrsslll,125.0,122.0,249.0,189.0,648.0,953.0,698.0,150.0,234.0,524.0,105.0,553.0,10.0,15.0,15.0,15.0,8.38334669379251,8.366515558906292,8.460973003289538,8.543961062121726,8.528049610920286,0.8780025284450064,0.8616953473550032,0.8854368932038835,0.8307794803464357,0.8279639175257731,3.8055129051208496,32.804254108723164,31.002065009560262,32.54517152103559,30.617994670219854,29.327171391752604,77.55309734513274,75.76163161249204,77.3462783171521,75.38241172551632,74.0985824742268,23.692793931731984,22.21478648820905,23.363754045307445,21.949367088607595,20.686211340206185,10.0,15.0,15.0,15.0,22.381382578812456
