,1,1l,1r,1s,2,2l,2r,2s,3,3l,3r,3s,4,4l,4r,4s,id,1_2,1_3,1_4,2_1,2_3,2_4,3_1,3_2,3_4,4_1,4_2,4_3,p1,p2,p3,p4,speed0,speed1,speed2,speed3,speed4,stop0,stop1,stop2,stop3,stop4,time,timeloss0,timeloss1,timeloss2,timeloss3,timeloss4,travel0,travel1,travel2,travel3,travel4,wait0,wait1,wait2,wait3,wait4,rsl_rsl_rsssl_rsl_0,rsl_rsl_rsssl_rsl_1,rsl_rsl_rsssl_rsl_2,rsl_rsl_rsssl_rsl_3,performance measure
0,3,1,1,1,3,1,1,1,5,1,1,3,3,1,1,1,rsl_rsl_rsssl_rsl,141.0,219.0,291.0,228.0,109.0,55.0,822.0,49.0,49.0,279.0,48.0,59.0,5.0,10.0,10.0,5.0,9.377680929980125,9.510291741843515,9.29077460572918,9.561736517408002,9.619440417319284,0.8830188679245283,0.7763975155279503,0.8472906403940886,0.7726675427069645,0.735330836454432,2.5469353199005127,24.93850314465406,19.94086956521737,22.278029556650257,19.420670170827854,18.45459425717851,69.94088050314465,64.93913043478261,67.26108374384236,64.37319316688567,63.383270911360796,16.254088050314465,11.893167701863353,14.036945812807883,11.758212877792378,10.751560549313359,5.0,10.0,10.0,5.0,12.938794998418285
