,1,1l,1r,1s,2,2l,2r,2s,3,3l,3r,3s,4,4l,4r,4s,id,1_2,1_3,1_4,2_1,2_3,2_4,3_1,3_2,3_4,4_1,4_2,4_3,p1,p2,p3,p4,speed0,speed1,speed2,speed3,speed4,stop0,stop1,stop2,stop3,stop4,time,timeloss0,timeloss1,timeloss2,timeloss3,timeloss4,travel0,travel1,travel2,travel3,travel4,wait0,wait1,wait2,wait3,wait4,rsssll_rssl_rsslll_rrsl_0,rsssll_rssl_rsslll_rrsl_1,rsssll_rssl_rsslll_rrsl_2,rsssll_rssl_rsslll_rrsl_3,performance measure
0,6,2,1,3,4,1,1,2,6,3,1,2,4,1,2,1,rsssll_rssl_rsslll_rrsl,197.0,396.0,141.0,83.0,254.0,352.0,298.0,124.0,193.0,301.0,338.0,364.0,5.0,5.0,10.0,10.0,8.980145325581203,9.023423345801858,9.002720582956252,9.37900837763754,8.894394005657292,0.9097744360902256,0.9083175803402647,0.93488824101069,0.7836734693877551,0.9527093596059113,3.265638828277588,24.71382518796993,24.49457466918718,25.081117589893083,20.861051020408155,26.090689655172437,69.46710526315789,69.234404536862,69.8862973760933,65.62755102040816,70.87783251231527,16.24624060150376,15.870510396975426,16.57337220602527,13.090816326530613,17.326108374384237,5.0,5.0,10.0,10.0,15.821409581083861
