,1,1l,1r,1s,2,2l,2r,2s,3,3l,3r,3s,4,4l,4r,4s,id,1_2,1_3,1_4,2_1,2_3,2_4,3_1,3_2,3_4,4_1,4_2,4_3,p1,p2,p3,p4,speed0,speed1,speed2,speed3,speed4,stop0,stop1,stop2,stop3,stop4,time,timeloss0,timeloss1,timeloss2,timeloss3,timeloss4,travel0,travel1,travel2,travel3,travel4,wait0,wait1,wait2,wait3,wait4,rsl_rsssll_rrssl_rrsslll_0,rsl_rsssll_rrssl_rrsslll_1,rsl_rsssll_rrssl_rrsslll_2,rsl_rsssll_rrssl_rrsslll_3,performance measure
0,3,1,1,1,6,2,1,3,5,1,2,2,7,3,2,2,rsl_rsssll_rrssl_rrsslll,193.0,289.0,37.0,100.0,529.0,628.0,191.0,412.0,315.0,174.0,121.0,365.0,15.0,15.0,15.0,10.0,8.569651978592452,8.804541722726524,8.603533505499586,8.56981749741375,8.540458250859757,0.8191126279863481,0.7636203866432337,0.8230897009966778,0.8242049469964664,0.8275862068965517,3.2967689037323,29.300273037542656,26.250527240773298,28.98963455149501,30.47717314487633,30.181971706454455,73.91808873720136,70.8804920913884,73.61295681063123,75.06537102473499,74.79840848806366,20.976962457337883,18.49560632688928,20.61378737541528,21.795936395759718,21.787798408488065,15.0,15.0,15.0,10.0,20.734018192778045
