,1,1l,1r,1s,2,2l,2r,2s,3,3l,3r,3s,4,4l,4r,4s,id,1_2,1_3,1_4,2_1,2_3,2_4,3_1,3_2,3_4,4_1,4_2,4_3,p1,p2,p3,p4,speed0,speed1,speed2,speed3,speed4,stop0,stop1,stop2,stop3,stop4,time,timeloss0,timeloss1,timeloss2,timeloss3,timeloss4,travel0,travel1,travel2,travel3,travel4,wait0,wait1,wait2,wait3,wait4,rsssssl_rsl_rrsslll_rsssll_0,rsssssl_rsl_rrsslll_rsssll_1,rsssssl_rsl_rrsslll_rsssll_2,rsssssl_rsl_rrsslll_rsssll_3,performance measure
0,7,1,1,5,3,1,1,1,7,3,2,2,6,2,1,3,rsssssl_rsl_rrsslll_rsssll,179.0,598.0,308.0,47.0,232.0,322.0,636.0,174.0,558.0,313.0,385.0,257.0,10.0,15.0,10.0,15.0,8.678260943748198,8.639848362131685,8.572855568278701,8.63457229748134,8.805887725908384,0.831755280407866,0.8386861313868613,0.8420669577874818,0.9100486223662885,0.7948339483394834,3.72811222076416,28.77922068463219,28.244153284671537,29.431928675400297,32.02188816855759,26.256922509225074,73.48798252002914,72.9978102189781,74.20524017467248,76.75283630470017,71.01033210332103,20.125273124544794,19.861313868613138,20.98835516739447,23.092382495948137,18.06051660516605,10.0,15.0,10.0,15.0,20.425568252333317
