,1,1l,1r,1s,2,2l,2r,2s,3,3l,3r,3s,4,4l,4r,4s,id,1_2,1_3,1_4,2_1,2_3,2_4,3_1,3_2,3_4,4_1,4_2,4_3,p1,p2,p3,p4,speed0,speed1,speed2,speed3,speed4,stop0,stop1,stop2,stop3,stop4,time,timeloss0,timeloss1,timeloss2,timeloss3,timeloss4,travel0,travel1,travel2,travel3,travel4,wait0,wait1,wait2,wait3,wait4,rslll_rsl_rrslll_rsl_0,rslll_rsl_rrslll_rsl_1,rslll_rsl_rrslll_rsl_2,rslll_rsl_rrslll_rsl_3,performance measure
0,5,3,1,1,3,1,1,1,6,3,2,1,3,1,1,1,rslll_rsl_rrslll_rsl,821.0,245.0,140.0,201.0,132.0,101.0,153.0,469.0,388.0,48.0,306.0,43.0,10.0,10.0,5.0,10.0,9.180545706896925,9.343349301452745,8.875765077818478,9.154295587010733,9.0935269939592,0.8204633204633205,0.7584830339321357,0.8993536472760849,0.863905325443787,0.8613569321533924,2.975346326828003,22.695598455598454,20.76578842315368,25.988975069252078,25.137071005917132,24.451366764995104,67.62741312741312,65.67065868263474,70.86703601108033,70.09664694280079,69.3638151425762,14.548262548262548,12.961077844311378,17.144967682363806,16.611439842209073,15.870206489675516,10.0,10.0,5.0,10.0,15.427190881364464
