,1,1l,1r,1s,2,2l,2r,2s,3,3l,3r,3s,4,4l,4r,4s,id,1_2,1_3,1_4,2_1,2_3,2_4,3_1,3_2,3_4,4_1,4_2,4_3,p1,p2,p3,p4,speed0,speed1,speed2,speed3,speed4,stop0,stop1,stop2,stop3,stop4,time,timeloss0,timeloss1,timeloss2,timeloss3,timeloss4,travel0,travel1,travel2,travel3,travel4,wait0,wait1,wait2,wait3,wait4,rssll_rrssl_rssslll_rrssll_0,rssll_rrssl_rssslll_rrssll_1,rssll_rrssl_rssslll_rrssll_2,rssll_rrssl_rssslll_rrssll_3,performance measure
0,5,2,1,2,5,1,2,2,7,3,1,3,6,2,2,2,rssll_rrssl_rssslll_rrssll,84.0,167.0,213.0,473.0,314.0,648.0,130.0,129.0,530.0,432.0,665.0,256.0,10.0,5.0,15.0,15.0,9.316807813162379,9.348083168465024,9.2530369785812,9.264312774677874,9.205008928242016,0.7195032870708546,0.7125181950509462,0.7269528501055594,0.732933233308327,0.7345003646973013,3.5458590984344482,21.428195763330912,21.073646288209577,21.974166080225192,21.860270067516858,22.026652078774582,66.04309715120526,65.73216885007278,66.66995073891626,66.46136534133534,66.73522975929978,13.93498904309715,13.537117903930131,14.32512315270936,14.134283570892723,14.477753464624362,10.0,5.0,15.0,15.0,14.081853427050742
