,1,1l,1r,1s,2,2l,2r,2s,3,3l,3r,3s,4,4l,4r,4s,id,1_2,1_3,1_4,2_1,2_3,2_4,3_1,3_2,3_4,4_1,4_2,4_3,p1,p2,p3,p4,speed0,speed1,speed2,speed3,speed4,stop0,stop1,stop2,stop3,stop4,time,timeloss0,timeloss1,timeloss2,timeloss3,timeloss4,travel0,travel1,travel2,travel3,travel4,wait0,wait1,wait2,wait3,wait4,rssslll_rrsssl_rsssssl_rsl_0,rssslll_rrsssl_rsssssl_rsl_1,rssslll_rrsssl_rsssssl_rsl_2,rssslll_rrsssl_rsssssl_rsl_3,performance measure
0,7,3,1,3,6,1,2,3,7,1,1,5,3,1,1,1,rssslll_rrsssl_rsssssl_rsl,313.0,165.0,221.0,215.0,212.0,651.0,367.0,261.0,44.0,111.0,130.0,231.0,5.0,5.0,10.0,10.0,9.660400282040632,9.829281079740458,9.71138428328628,9.807525452218428,9.76827085490974,0.7194525904203324,0.6822709163346613,0.7208854667949952,0.6728395061728395,0.696969696969697,3.0688283443450928,17.94213098729228,16.889492031872503,17.744100096246402,17.119660493827173,17.1041111111111,62.51319648093842,61.42231075697211,62.27045235803657,61.690329218106996,61.6020202020202,10.580645161290322,9.883466135458168,10.504331087584216,10.098765432098766,9.927272727272728,5.0,5.0,10.0,10.0,10.198896108740842
