,1,1l,1r,1s,2,2l,2r,2s,3,3l,3r,3s,4,4l,4r,4s,id,1_2,1_3,1_4,2_1,2_3,2_4,3_1,3_2,3_4,4_1,4_2,4_3,p1,p2,p3,p4,speed0,speed1,speed2,speed3,speed4,stop0,stop1,stop2,stop3,stop4,time,timeloss0,timeloss1,timeloss2,timeloss3,timeloss4,travel0,travel1,travel2,travel3,travel4,wait0,wait1,wait2,wait3,wait4,rslll_rsl_rrslll_rsl_0,rslll_rsl_rrslll_rsl_1,rslll_rsl_rrslll_rsl_2,rslll_rsl_rrslll_rsl_3,performance measure
0,5,3,1,1,3,1,1,1,6,3,2,1,3,1,1,1,rslll_rsl_rrslll_rsl,482.0,272.0,278.0,278.0,262.0,277.0,286.0,180.0,544.0,265.0,140.0,60.0,10.0,15.0,15.0,15.0,8.508291876705673,8.539058094554104,8.46605612581386,8.685008076301072,8.65336360454836,0.8256320836965998,0.8012367491166078,0.8221845893310754,0.7761467889908257,0.7935943060498221,3.124119281768799,29.737689625108985,28.799867491166044,29.61324301439463,27.527238532110065,27.66692170818506,74.62772449869225,73.73851590106007,74.54276037256562,72.46605504587156,72.54893238434164,21.04359197907585,20.401943462897528,20.922099915325994,19.40366972477064,19.36743772241993,10.0,15.0,15.0,15.0,20.227748560897986
