,1,1l,1r,1s,2,2l,2r,2s,3,3l,3r,3s,4,4l,4r,4s,id,1_2,1_3,1_4,2_1,2_3,2_4,3_1,3_2,3_4,4_1,4_2,4_3,p1,p2,p3,p4,speed0,speed1,speed2,speed3,speed4,stop0,stop1,stop2,stop3,stop4,time,timeloss0,timeloss1,timeloss2,timeloss3,timeloss4,travel0,travel1,travel2,travel3,travel4,wait0,wait1,wait2,wait3,wait4,rsl_rrsl_rssslll_rssssl_0,rsl_rrsl_rssslll_rssssl_1,rsl_rrsl_rssslll_rssssl_2,rsl_rrsl_rssslll_rssssl_3,performance measure
0,3,1,1,1,4,1,2,1,7,3,1,3,6,1,1,4,rsl_rrsl_rssslll_rssssl,144.0,203.0,83.0,156.0,284.0,81.0,135.0,72.0,196.0,264.0,474.0,121.0,10.0,10.0,15.0,5.0,9.273743079493117,9.069718716729925,9.074092461042873,9.152907885066716,8.937552528807574,0.7533692722371967,0.7961956521739131,0.7984595635430038,0.7755395683453238,0.8246318607764391,2.683817148208618,22.63161725067384,23.19888586956524,23.95648267008985,22.590589928057582,25.419585006693456,67.4177897574124,67.98233695652173,68.78947368421052,67.34964028776979,70.20080321285141,15.169811320754716,15.611413043478262,16.033376123234916,15.01726618705036,17.5809906291834,10.0,10.0,15.0,5.0,15.882571460740332
