,1,1l,1r,1s,2,2l,2r,2s,3,3l,3r,3s,4,4l,4r,4s,id,1_2,1_3,1_4,2_1,2_3,2_4,3_1,3_2,3_4,4_1,4_2,4_3,p1,p2,p3,p4,speed0,speed1,speed2,speed3,speed4,stop0,stop1,stop2,stop3,stop4,time,timeloss0,timeloss1,timeloss2,timeloss3,timeloss4,travel0,travel1,travel2,travel3,travel4,wait0,wait1,wait2,wait3,wait4,rssslll_rssll_rsssl_rrssl_0,rssslll_rssll_rsssl_rrssl_1,rssslll_rssll_rsssl_rrssl_2,rssslll_rssll_rsssl_rrssl_3,performance measure
0,7,3,1,3,5,2,1,2,5,1,1,3,5,1,2,2,rssslll_rssll_rsssl_rrssl,807.0,1063.0,319.0,295.0,502.0,244.0,911.0,256.0,143.0,159.0,646.0,173.0,15.0,21.0,15.0,15.0,8.386474709750937,8.388939258118793,7.956493514237271,8.575280554433046,8.278729282089786,0.7908992416034669,0.7922784121805329,0.8851132686084142,0.7574901074053138,0.8179824561403509,4.843490123748779,30.68684723726977,30.710810222947227,37.208710895361314,29.191028829847387,31.700635964912273,75.50704225352112,75.57640021750952,82.0571736785329,74.05596382136801,76.50054824561404,22.17172264355363,22.23599782490484,27.70873786407767,20.98473713962691,23.04769736842105,15.0,21.0,15.0,15.0,23.229778568116817
