,1,1l,1r,1s,2,2l,2r,2s,3,3l,3r,3s,4,4l,4r,4s,id,1_2,1_3,1_4,2_1,2_3,2_4,3_1,3_2,3_4,4_1,4_2,4_3,p1,p2,p3,p4,speed0,speed1,speed2,speed3,speed4,stop0,stop1,stop2,stop3,stop4,time,timeloss0,timeloss1,timeloss2,timeloss3,timeloss4,travel0,travel1,travel2,travel3,travel4,wait0,wait1,wait2,wait3,wait4,rssll_rrsl_rsssl_rrsl_0,rssll_rrsl_rsssl_rrsl_1,rssll_rrsl_rsssl_rrsl_2,rssll_rrsl_rsssl_rrsl_3,performance measure
0,5,2,1,2,4,1,2,1,5,1,1,3,4,1,2,1,rssll_rrsl_rsssl_rrsl,512.0,504.0,241.0,307.0,134.0,319.0,831.0,313.0,123.0,200.0,166.0,378.0,15.0,15.0,10.0,15.0,8.81748300682689,8.773224658737611,8.855718075916403,9.017660068497273,8.77523300760407,0.779510022271715,0.7717782577393808,0.7671919770773639,0.7067783701447068,0.7723880597014925,3.687915086746216,27.66998515219005,27.41329013678913,26.060995702005695,24.649786747905555,26.82835074626865,72.43578322197476,72.22822174226062,70.89255014326648,69.38156892612338,71.58507462686568,19.20044543429844,19.23974082073434,17.909025787965614,16.966488956587966,18.670895522388058,15.0,15.0,10.0,15.0,18.397319304394887
