,1,1l,1r,1s,2,2l,2r,2s,3,3l,3r,3s,4,4l,4r,4s,id,1_2,1_3,1_4,2_1,2_3,2_4,3_1,3_2,3_4,4_1,4_2,4_3,p1,p2,p3,p4,speed0,speed1,speed2,speed3,speed4,stop0,stop1,stop2,stop3,stop4,time,timeloss0,timeloss1,timeloss2,timeloss3,timeloss4,travel0,travel1,travel2,travel3,travel4,wait0,wait1,wait2,wait3,wait4,rsssll_rssl_rsslll_rrsl_0,rsssll_rssl_rsslll_rrsl_1,rsssll_rssl_rsslll_rrsl_2,rsssll_rssl_rsslll_rrsl_3,performance measure
0,6,2,1,3,4,1,1,2,6,3,1,2,4,1,2,1,rsssll_rssl_rsslll_rrsl,211.0,591.0,301.0,188.0,193.0,652.0,700.0,286.0,158.0,265.0,332.0,161.0,5.0,10.0,10.0,10.0,7.840828206737941,8.280900646439918,8.571828340750804,8.968885186910326,8.320063775486227,1.2794985250737463,1.1095588235294118,0.9783393501805054,0.8489378442171518,1.1032967032967034,3.431629180908203,40.987735988200654,34.79983823529409,29.188498194945854,24.42991345397325,34.09378021978023,85.77138643067846,79.59117647058824,74.00649819494585,69.17151848937844,78.87106227106227,28.708702064896755,23.873529411764707,19.62599277978339,15.862313139260426,23.20952380952381,5.0,10.0,10.0,10.0,22.256012241045816
