,1,1l,1r,1s,2,2l,2r,2s,3,3l,3r,3s,4,4l,4r,4s,id,1_2,1_3,1_4,2_1,2_3,2_4,3_1,3_2,3_4,4_1,4_2,4_3,p1,p2,p3,p4,speed0,speed1,speed2,speed3,speed4,stop0,stop1,stop2,stop3,stop4,time,timeloss0,timeloss1,timeloss2,timeloss3,timeloss4,travel0,travel1,travel2,travel3,travel4,wait0,wait1,wait2,wait3,wait4,rrsll_rssl_rsssll_rsl_0,rrsll_rssl_rsssll_rsl_1,rrsll_rssl_rsssll_rsl_2,rrsll_rssl_rsssll_rsl_3,performance measure
0,5,2,2,1,4,1,1,2,6,2,1,3,3,1,1,1,rrsll_rssl_rsssll_rsl,323.0,186.0,118.0,320.0,222.0,632.0,675.0,164.0,301.0,57.0,342.0,133.0,10.0,10.0,10.0,15.0,8.928466648538521,8.817779285694108,8.987604297974416,8.993369757256364,8.948174970587164,0.8042372881355933,0.8221649484536082,0.7710743801652893,0.8045977011494253,0.7860262008733624,3.5823850631713867,24.492415254237333,25.833350515463888,23.926727272727284,25.800362511052196,24.319362445414825,69.37372881355932,70.72938144329896,68.79586776859504,70.62953138815207,69.17117903930131,16.416949152542372,17.54553264604811,15.74214876033058,17.46153846153846,16.34759825327511,10.0,10.0,10.0,15.0,16.702753454746926
