,1,1l,1r,1s,2,2l,2r,2s,3,3l,3r,3s,4,4l,4r,4s,id,1_2,1_3,1_4,2_1,2_3,2_4,3_1,3_2,3_4,4_1,4_2,4_3,p1,p2,p3,p4,speed0,speed1,speed2,speed3,speed4,stop0,stop1,stop2,stop3,stop4,time,timeloss0,timeloss1,timeloss2,timeloss3,timeloss4,travel0,travel1,travel2,travel3,travel4,wait0,wait1,wait2,wait3,wait4,rsl_rrsll_rsl_rslll_0,rsl_rrsll_rsl_rslll_1,rsl_rrsll_rsl_rslll_2,rsl_rrsll_rsl_rslll_3,performance measure
0,3,1,1,1,5,2,2,1,3,1,1,1,5,3,1,1,rsl_rrsll_rsl_rslll,189.0,145.0,141.0,634.0,345.0,88.0,70.0,88.0,113.0,312.0,97.0,177.0,10.0,10.0,10.0,5.0,9.462753193978525,9.518247625707424,9.517033572166623,9.632495822541186,9.605378733692948,0.754601226993865,0.7182389937106918,0.7275985663082437,0.6861499364675985,0.7255400254129606,2.737339735031128,20.515865030674846,19.453962264150928,18.81407407407408,18.257471410419306,18.73120711562898,65.31165644171779,64.27672955974843,63.58900836320191,63.00889453621347,63.47013977128336,12.863803680981595,12.20503144654088,11.365591397849462,11.03684879288437,11.49428208386277,10.0,10.0,10.0,5.0,11.793111480423816
