,1,1l,1r,1s,2,2l,2r,2s,3,3l,3r,3s,4,4l,4r,4s,id,1_2,1_3,1_4,2_1,2_3,2_4,3_1,3_2,3_4,4_1,4_2,4_3,p1,p2,p3,p4,speed0,speed1,speed2,speed3,speed4,stop0,stop1,stop2,stop3,stop4,time,timeloss0,timeloss1,timeloss2,timeloss3,timeloss4,travel0,travel1,travel2,travel3,travel4,wait0,wait1,wait2,wait3,wait4,rsl_rsl_rsl_rrssll_0,rsl_rsl_rsl_rrssll_1,rsl_rsl_rsl_rrssll_2,rsl_rsl_rsl_rrssll_3,performance measure
0,3,1,1,1,3,1,1,1,3,1,1,1,6,2,2,2,rsl_rsl_rsl_rrssll,202.0,163.0,63.0,292.0,216.0,147.0,67.0,236.0,184.0,125.0,436.0,231.0,10.0,10.0,10.0,10.0,9.218942459155441,9.340316224788637,9.332376250667489,9.107221639648165,9.375975001788392,0.7448107448107448,0.7313237221494102,0.7191539365452408,0.7701453104359313,0.6962025316455697,2.6601321697235107,22.335494505494538,20.67993446920052,21.16619271445359,23.42623513870539,20.355607594936703,67.17460317460318,65.5478374836173,66.07755581668626,68.17305151915455,65.18860759493671,14.622710622710622,13.1651376146789,13.485311398354877,15.508586525759577,12.929113924050633,10.0,10.0,10.0,10.0,13.94217201711092
