,1,1l,1r,1s,2,2l,2r,2s,3,3l,3r,3s,4,4l,4r,4s,id,1_2,1_3,1_4,2_1,2_3,2_4,3_1,3_2,3_4,4_1,4_2,4_3,p1,p2,p3,p4,speed0,speed1,speed2,speed3,speed4,stop0,stop1,stop2,stop3,stop4,time,timeloss0,timeloss1,timeloss2,timeloss3,timeloss4,travel0,travel1,travel2,travel3,travel4,wait0,wait1,wait2,wait3,wait4,rrsssll_rsl_rsl_rrsll_0,rrsssll_rsl_rsl_rrsll_1,rrsssll_rsl_rsl_rrsll_2,rrsssll_rsl_rsl_rrsll_3,performance measure
0,7,2,2,3,3,1,1,1,3,1,1,1,5,2,2,1,rrsssll_rsl_rsl_rrsll,295.0,275.0,298.0,198.0,247.0,51.0,117.0,323.0,75.0,478.0,326.0,544.0,5.0,5.0,10.0,10.0,9.315968380145629,9.424960679297277,9.098842378609106,9.613176917955458,9.560420649806785,0.8088367899008115,0.7864164432529044,0.9097472924187726,0.7199630314232902,0.7651933701657458,3.1891748905181885,21.926068530207427,21.034244861483437,24.883583032491007,19.008327171903886,19.877348066298325,66.44183949504058,65.60321715817695,69.49007220216606,63.58687615526802,64.38858195211786,13.862037871956717,13.142984807864165,16.195848375451263,11.487985212569317,11.969613259668508,5.0,5.0,10.0,10.0,13.331693905501993
