,1,1l,1r,1s,2,2l,2r,2s,3,3l,3r,3s,4,4l,4r,4s,id,1_2,1_3,1_4,2_1,2_3,2_4,3_1,3_2,3_4,4_1,4_2,4_3,p1,p2,p3,p4,speed0,speed1,speed2,speed3,speed4,stop0,stop1,stop2,stop3,stop4,time,timeloss0,timeloss1,timeloss2,timeloss3,timeloss4,travel0,travel1,travel2,travel3,travel4,wait0,wait1,wait2,wait3,wait4,rsssssl_rssssll_rsl_rssll_0,rsssssl_rssssll_rsl_rssll_1,rsssssl_rssssll_rsl_rssll_2,rsssssl_rssssll_rsl_rssll_3,performance measure
0,7,1,1,5,7,2,1,4,3,1,1,1,5,2,1,2,rsssssl_rssssll_rsl_rssll,247.0,566.0,206.0,66.0,419.0,1059.0,266.0,82.0,277.0,137.0,329.0,171.0,10.0,10.0,10.0,10.0,8.648230557555802,8.789275623229539,8.689844292464597,8.617520293202189,8.797248498132333,0.9282960678488821,0.8921875,0.9091591591591591,0.9177316293929713,0.8739299610894942,3.3336257934570312,28.820454895913667,26.497773437499983,28.708280780780754,28.864944089456838,26.428459143968876,73.66229760986893,71.3640625,73.54804804804805,73.72444089456869,71.27081712062257,19.786430223592905,17.96953125,19.845345345345347,19.87220447284345,17.96964980544747,10.0,10.0,10.0,10.0,19.088632219445834
