,1,1l,1r,1s,2,2l,2r,2s,3,3l,3r,3s,4,4l,4r,4s,id,1_2,1_3,1_4,2_1,2_3,2_4,3_1,3_2,3_4,4_1,4_2,4_3,p1,p2,p3,p4,speed0,speed1,speed2,speed3,speed4,stop0,stop1,stop2,stop3,stop4,time,timeloss0,timeloss1,timeloss2,timeloss3,timeloss4,travel0,travel1,travel2,travel3,travel4,wait0,wait1,wait2,wait3,wait4,rssslll_rrsssl_rsssssl_rsl_0,rssslll_rrsssl_rsssssl_rsl_1,rssslll_rrsssl_rsssssl_rsl_2,rssslll_rrsssl_rsssssl_rsl_3,performance measure
0,7,3,1,3,6,1,2,3,7,1,1,5,3,1,1,1,rssslll_rrsssl_rsssssl_rsl,548.0,683.0,165.0,575.0,278.0,950.0,1602.0,190.0,179.0,265.0,238.0,199.0,10.0,15.0,15.0,15.0,8.743076689921601,8.523745215835625,8.545943695995122,8.625401016955042,8.614620277192964,0.7798021863612702,0.8164621676891616,0.8158542589857213,0.7946568884232582,0.8088842975206612,4.634857654571533,26.413768870379997,28.608844580777138,28.57117183653372,28.481183865898412,27.752753099173578,71.14992191566893,73.3640081799591,73.33382570162482,73.20062860136197,72.4870867768595,18.184279021343052,20.07719836400818,20.05859182668636,19.97328444211629,19.267045454545453,10.0,15.0,15.0,15.0,19.512079821739867
