,1,1l,1r,1s,2,2l,2r,2s,3,3l,3r,3s,4,4l,4r,4s,id,1_2,1_3,1_4,2_1,2_3,2_4,3_1,3_2,3_4,4_1,4_2,4_3,p1,p2,p3,p4,speed0,speed1,speed2,speed3,speed4,stop0,stop1,stop2,stop3,stop4,time,timeloss0,timeloss1,timeloss2,timeloss3,timeloss4,travel0,travel1,travel2,travel3,travel4,wait0,wait1,wait2,wait3,wait4,rssslll_rssll_rsssl_rrssl_0,rssslll_rssll_rsssl_rrssl_1,rssslll_rssll_rsssl_rrssl_2,rssslll_rssll_rsssl_rrssl_3,performance measure
0,7,3,1,3,5,2,1,2,5,1,1,3,5,1,2,2,rssslll_rssll_rsssl_rrssl,940.0,380.0,146.0,128.0,283.0,563.0,701.0,124.0,194.0,281.0,392.0,432.0,15.0,10.0,10.0,10.0,8.307494437252194,8.481793512537882,8.535977283918719,8.472061009512274,8.532081678513267,1.0490196078431373,0.9917564996829423,0.9027415143603134,0.9926025554808339,0.9304174950298211,3.9439666271209717,37.368934640522916,34.078484464172476,29.998250652741465,34.768056489576374,31.598840291583798,82.20392156862745,78.96258719086873,74.8798955613577,79.62205783456623,76.47051027170312,26.948366013071894,24.163601775523144,21.069190600522195,24.930733019502355,22.492379058979456,15.0,10.0,10.0,10.0,23.920854093519807
