,1,1l,1r,1s,2,2l,2r,2s,3,3l,3r,3s,4,4l,4r,4s,id,1_2,1_3,1_4,2_1,2_3,2_4,3_1,3_2,3_4,4_1,4_2,4_3,p1,p2,p3,p4,speed0,speed1,speed2,speed3,speed4,stop0,stop1,stop2,stop3,stop4,time,timeloss0,timeloss1,timeloss2,timeloss3,timeloss4,travel0,travel1,travel2,travel3,travel4,wait0,wait1,wait2,wait3,wait4,rsl_rssslll_rrsssl_rsslll_0,rsl_rssslll_rrsssl_rsslll_1,rsl_rssslll_rrsssl_rsslll_2,rsl_rssslll_rrsssl_rsslll_3,performance measure
0,3,1,1,1,7,3,1,3,6,1,2,3,6,3,1,2,rsl_rssslll_rrsssl_rsslll,225.0,74.0,234.0,223.0,303.0,201.0,244.0,123.0,166.0,587.0,299.0,97.0,10.0,5.0,10.0,10.0,9.49836115120505,9.472254871753973,9.39852953577152,9.586488939230131,9.575701581789307,0.7290589451913133,0.7243852459016393,0.7590113285272915,0.7109375,0.7199170124481328,2.7187557220458984,19.640196483971046,19.537438524590137,20.630597322348088,18.963370535714272,18.905062240663902,64.34746639089968,64.2561475409836,65.33882595262615,63.6328125,63.58091286307054,12.355739400206826,12.301229508196721,13.10401647785788,11.791294642857142,11.702282157676349,10.0,5.0,10.0,10.0,12.250912437358982
