,1,1l,1r,1s,2,2l,2r,2s,3,3l,3r,3s,4,4l,4r,4s,id,1_2,1_3,1_4,2_1,2_3,2_4,3_1,3_2,3_4,4_1,4_2,4_3,p1,p2,p3,p4,speed0,speed1,speed2,speed3,speed4,stop0,stop1,stop2,stop3,stop4,time,timeloss0,timeloss1,timeloss2,timeloss3,timeloss4,travel0,travel1,travel2,travel3,travel4,wait0,wait1,wait2,wait3,wait4,rssslll_rssll_rsssl_rrssl_0,rssslll_rssll_rsssl_rrssl_1,rssslll_rssll_rsssl_rrssl_2,rssslll_rssll_rsssl_rrssl_3,performance measure
0,7,3,1,3,5,2,1,2,5,1,1,3,5,1,2,2,rssslll_rssll_rsssl_rrssl,441.0,414.0,83.0,39.0,72.0,421.0,886.0,214.0,189.0,284.0,653.0,534.0,10.0,15.0,15.0,15.0,8.76822072999138,8.61468031677195,8.681034566374045,8.805028333912635,8.732644963448205,0.7651098901098901,0.8124562631210637,0.7877947295423023,0.7597354886113152,0.7863733144073811,3.8051652908325195,26.529546703296756,28.178824352694242,27.557288488210855,26.88177075679646,27.07755855216473,71.30357142857143,73.01049685094472,72.41678224687934,71.60764144011756,71.91270404542229,18.51236263736264,19.932820153953813,19.50901525658807,19.00661278471712,19.146912704045423,10.0,15.0,15.0,15.0,19.221544707333415
