,1,1l,1r,1s,2,2l,2r,2s,3,3l,3r,3s,4,4l,4r,4s,id,1_2,1_3,1_4,2_1,2_3,2_4,3_1,3_2,3_4,4_1,4_2,4_3,p1,p2,p3,p4,speed0,speed1,speed2,speed3,speed4,stop0,stop1,stop2,stop3,stop4,time,timeloss0,timeloss1,timeloss2,timeloss3,timeloss4,travel0,travel1,travel2,travel3,travel4,wait0,wait1,wait2,wait3,wait4,rsl_rrsll_rsl_rslll_0,rsl_rrsll_rsl_rslll_1,rsl_rrsll_rsl_rslll_2,rsl_rrsll_rsl_rslll_3,performance measure
0,3,1,1,1,5,2,2,1,3,1,1,1,5,3,1,1,rsl_rrsll_rsl_rslll,215.0,319.0,323.0,106.0,468.0,80.0,54.0,94.0,131.0,558.0,354.0,193.0,10.0,15.0,15.0,15.0,8.370910062958945,8.202998133262291,8.363300751526955,8.709859556234033,8.333386106262742,0.9380804953560371,0.9382591093117408,0.8813559322033898,0.785097192224622,0.8882113821138211,2.986293077468872,36.85501547987619,35.27438259109315,32.94659022931204,28.01379049676027,33.07186991869921,81.89576883384933,80.32591093117409,77.95014955134596,73.05831533477321,78.0670731707317,26.9969040247678,25.58502024291498,23.77367896311067,19.780777537796975,23.673780487804876,10.0,15.0,15.0,15.0,23.962032251279062
