,1,1l,1r,1s,2,2l,2r,2s,3,3l,3r,3s,4,4l,4r,4s,id,1_2,1_3,1_4,2_1,2_3,2_4,3_1,3_2,3_4,4_1,4_2,4_3,p1,p2,p3,p4,speed0,speed1,speed2,speed3,speed4,stop0,stop1,stop2,stop3,stop4,time,timeloss0,timeloss1,timeloss2,timeloss3,timeloss4,travel0,travel1,travel2,travel3,travel4,wait0,wait1,wait2,wait3,wait4,rsll_rsl_rssslll_rrsssll_0,rsll_rsl_rssslll_rrsssll_1,rsll_rsl_rssslll_rrsssll_2,rsll_rsl_rssslll_rrsssll_3,performance measure
0,4,2,1,1,3,1,1,1,7,3,1,3,7,2,2,3,rsll_rsl_rssslll_rrsssll,395.0,277.0,104.0,243.0,298.0,305.0,132.0,103.0,178.0,166.0,388.0,515.0,10.0,15.0,15.0,15.0,8.49515671515518,8.55349232265244,8.380889714818156,8.799470647513312,8.837738755048637,0.8700934579439252,0.8288119738072965,0.875,0.7536945812807881,0.7544204322200393,3.046823263168335,31.871542056074755,30.145322731524796,32.89000932835819,27.045300492610775,26.36579567779963,76.40841121495328,74.74087932647333,77.46082089552239,71.66206896551724,70.93025540275049,22.89906542056075,21.686623012160897,23.96082089552239,18.996059113300493,18.43320235756385,10.0,15.0,15.0,15.0,21.195154159821676
