,1,1l,1r,1s,2,2l,2r,2s,3,3l,3r,3s,4,4l,4r,4s,id,1_2,1_3,1_4,2_1,2_3,2_4,3_1,3_2,3_4,4_1,4_2,4_3,p1,p2,p3,p4,speed0,speed1,speed2,speed3,speed4,stop0,stop1,stop2,stop3,stop4,time,timeloss0,timeloss1,timeloss2,timeloss3,timeloss4,travel0,travel1,travel2,travel3,travel4,wait0,wait1,wait2,wait3,wait4,rssslll_rrsssl_rsssssl_rsl_0,rssslll_rrsssl_rsssssl_rsl_1,rssslll_rrsssl_rsssssl_rsl_2,rssslll_rrsssl_rsssssl_rsl_3,performance measure
0,7,3,1,3,6,1,2,3,7,1,1,5,3,1,1,1,rssslll_rrsssl_rsssssl_rsl,719.0,766.0,210.0,573.0,254.0,581.0,299.0,132.0,283.0,234.0,122.0,37.0,15.0,15.0,15.0,10.0,8.81413725610329,8.728180229272136,8.740626395712713,8.779395347344908,8.719930100450805,0.7577639751552795,0.7780938833570412,0.7722033898305085,0.7655222790357925,0.7918486171761281,3.6531853675842285,26.08442374051066,26.93617354196297,26.682955932203384,26.947348429510637,26.90728529839883,70.78260869565217,71.6728307254623,71.38237288135593,71.5989773557341,71.59970887918486,18.055900621118013,18.926031294452347,18.656949152542374,18.927684441197954,18.88427947598253,15.0,15.0,15.0,10.0,18.690168997058645
