,1,1l,1r,1s,2,2l,2r,2s,3,3l,3r,3s,4,4l,4r,4s,id,1_2,1_3,1_4,2_1,2_3,2_4,3_1,3_2,3_4,4_1,4_2,4_3,p1,p2,p3,p4,speed0,speed1,speed2,speed3,speed4,stop0,stop1,stop2,stop3,stop4,time,timeloss0,timeloss1,timeloss2,timeloss3,timeloss4,travel0,travel1,travel2,travel3,travel4,wait0,wait1,wait2,wait3,wait4,rssll_rrssl_rssslll_rrssll_0,rssll_rrssl_rssslll_rrssll_1,rssll_rrssl_rssslll_rrssll_2,rssll_rrssl_rssslll_rrssll_3,performance measure
0,5,2,1,2,5,1,2,2,7,3,1,3,6,2,2,2,rssll_rrssl_rssslll_rrssll,314.0,215.0,249.0,329.0,232.0,318.0,629.0,283.0,110.0,190.0,637.0,500.0,10.0,10.0,10.0,15.0,9.267365471629432,9.391888635651213,9.26854013623553,9.176081928440714,9.206001876212202,0.7223816355810617,0.7061011904761905,0.7159676232523915,0.7904098994586234,0.7253886010362695,3.5551629066467285,21.605989956958418,20.97072916666667,21.852855040470924,25.4653596287703,22.098223538119928,66.09684361549498,65.44494047619048,66.40103016924209,69.89868522815159,66.57438934122872,14.080344332855093,13.618303571428571,14.37159676232524,17.275328692962102,14.50259067357513,10.0,10.0,10.0,15.0,14.769632806629227
