,1,1l,1r,1s,2,2l,2r,2s,3,3l,3r,3s,4,4l,4r,4s,id,1_2,1_3,1_4,2_1,2_3,2_4,3_1,3_2,3_4,4_1,4_2,4_3,p1,p2,p3,p4,speed0,speed1,speed2,speed3,speed4,stop0,stop1,stop2,stop3,stop4,time,timeloss0,timeloss1,timeloss2,timeloss3,timeloss4,travel0,travel1,travel2,travel3,travel4,wait0,wait1,wait2,wait3,wait4,rsl_rsl_rsl_rrssll_0,rsl_rsl_rsl_rrssll_1,rsl_rsl_rsl_rrssll_2,rsl_rsl_rsl_rrssll_3,performance measure
0,3,1,1,1,3,1,1,1,3,1,1,1,6,2,2,2,rsl_rsl_rsl_rrssll,61.0,250.0,216.0,101.0,124.0,159.0,51.0,314.0,255.0,451.0,458.0,326.0,10.0,10.0,10.0,10.0,9.316235188741866,8.993102834098043,8.737223324727692,9.036741499788315,9.014122253494035,0.7310924369747899,0.8148936170212766,0.9276985743380856,0.8042035398230089,0.7993762993762994,3.0798587799072266,21.367237394957982,24.263393617021276,29.463788187372653,23.906404867256636,24.007962577962623,66.28256302521008,69.18936170212766,74.40835030549898,68.78207964601769,68.93555093555094,13.650210084033613,15.957446808510639,20.125254582484725,15.746681415929203,15.882536382536383,10.0,10.0,10.0,10.0,16.272425854698913
