,1,1l,1r,1s,2,2l,2r,2s,3,3l,3r,3s,4,4l,4r,4s,id,1_2,1_3,1_4,2_1,2_3,2_4,3_1,3_2,3_4,4_1,4_2,4_3,p1,p2,p3,p4,speed0,speed1,speed2,speed3,speed4,stop0,stop1,stop2,stop3,stop4,time,timeloss0,timeloss1,timeloss2,timeloss3,timeloss4,travel0,travel1,travel2,travel3,travel4,wait0,wait1,wait2,wait3,wait4,rsl_rsssssl_rsll_rrssl_0,rsl_rsssssl_rsll_rrssl_1,rsl_rsssssl_rsll_rrssl_2,rsl_rsssssl_rsll_rrssl_3,performance measure
0,3,1,1,1,7,1,1,5,4,2,1,1,5,1,2,2,rsl_rsssssl_rsll_rrssl,52.0,311.0,245.0,226.0,305.0,1426.0,321.0,322.0,194.0,284.0,273.0,458.0,5.0,15.0,15.0,15.0,8.981304914507446,8.797689339867265,8.826865240618508,8.9142650383495,8.945573582319314,0.7540322580645161,0.7966329966329966,0.8021390374331551,0.7763975155279503,0.775235531628533,3.7056899070739746,24.462822580645195,25.86407407407409,26.064719251336907,25.803264320220876,25.017745625841236,69.28427419354838,70.6996632996633,70.90374331550802,70.648033126294,69.83378196500674,16.298387096774192,17.375084175084176,17.557486631016044,17.421670117322293,16.886944818304173,5.0,15.0,15.0,15.0,17.107914567700174
