,1,1l,1r,1s,2,2l,2r,2s,3,3l,3r,3s,4,4l,4r,4s,id,1_2,1_3,1_4,2_1,2_3,2_4,3_1,3_2,3_4,4_1,4_2,4_3,p1,p2,p3,p4,speed0,speed1,speed2,speed3,speed4,stop0,stop1,stop2,stop3,stop4,time,timeloss0,timeloss1,timeloss2,timeloss3,timeloss4,travel0,travel1,travel2,travel3,travel4,wait0,wait1,wait2,wait3,wait4,rrsssll_rsl_rsl_rrsll_0,rrsssll_rsl_rsl_rrsll_1,rrsssll_rsl_rsl_rrsll_2,rrsssll_rsl_rsl_rrsll_3,performance measure
0,7,2,2,3,3,1,1,1,3,1,1,1,5,2,2,1,rrsssll_rsl_rsl_rrsll,151.0,366.0,264.0,321.0,268.0,359.0,192.0,189.0,222.0,191.0,241.0,555.0,10.0,10.0,10.0,15.0,8.914316633550811,9.09488145057645,8.6354577797824,8.836674307701829,9.023933127796035,0.8148774302620456,0.7515638963360143,0.9215344376634699,0.8960674157303371,0.7705627705627706,3.3128914833068848,26.300667793744736,23.99934763181409,31.137881429816932,30.90216292134835,24.642277056277035,70.8495350803043,68.58176943699732,75.76285963382738,75.49063670411985,69.21645021645021,17.707523245984785,15.99910634495085,21.7332170880558,21.435393258426966,16.458874458874458,10.0,10.0,10.0,15.0,18.66682287925857
