,1,1l,1r,1s,2,2l,2r,2s,3,3l,3r,3s,4,4l,4r,4s,id,1_2,1_3,1_4,2_1,2_3,2_4,3_1,3_2,3_4,4_1,4_2,4_3,p1,p2,p3,p4,speed0,speed1,speed2,speed3,speed4,stop0,stop1,stop2,stop3,stop4,time,timeloss0,timeloss1,timeloss2,timeloss3,timeloss4,travel0,travel1,travel2,travel3,travel4,wait0,wait1,wait2,wait3,wait4,rsl_rsssssl_rsll_rrssl_0,rsl_rsssssl_rsll_rrssl_1,rsl_rsssssl_rsll_rrssl_2,rsl_rsssssl_rsll_rrssl_3,performance measure
0,3,1,1,1,7,1,1,5,4,2,1,1,5,1,2,2,rsl_rsssssl_rsll_rrssl,74.0,343.0,238.0,306.0,322.0,1128.0,318.0,158.0,447.0,197.0,513.0,231.0,10.0,15.0,15.0,10.0,8.518282019338859,8.100083125193692,7.999621126850735,8.382003701493456,8.295768235998207,0.8297126839523475,0.9287709497206704,0.9719063545150501,0.8816738816738817,0.8874125874125874,3.8948354721069336,28.649369306236817,33.03777932960891,35.74955852842816,30.48993506493502,31.119860139860066,73.5613174491941,77.96368715083798,80.65016722408026,75.40836940836941,76.03986013986014,20.057463209530482,23.851256983240223,25.898996655518395,21.461038961038962,22.05944055944056,10.0,15.0,15.0,10.0,22.665639273753722
