,1,1l,1r,1s,2,2l,2r,2s,3,3l,3r,3s,4,4l,4r,4s,id,1_2,1_3,1_4,2_1,2_3,2_4,3_1,3_2,3_4,4_1,4_2,4_3,p1,p2,p3,p4,speed0,speed1,speed2,speed3,speed4,stop0,stop1,stop2,stop3,stop4,time,timeloss0,timeloss1,timeloss2,timeloss3,timeloss4,travel0,travel1,travel2,travel3,travel4,wait0,wait1,wait2,wait3,wait4,rsl_rrsll_rsl_rslll_0,rsl_rrsll_rsl_rslll_1,rsl_rrsll_rsl_rslll_2,rsl_rrsll_rsl_rslll_3,performance measure
0,3,1,1,1,5,2,2,1,3,1,1,1,5,3,1,1,rsl_rrsll_rsl_rslll,87.0,128.0,306.0,189.0,505.0,222.0,201.0,321.0,302.0,468.0,95.0,236.0,10.0,10.0,10.0,10.0,8.803776326927554,9.088221303726444,8.829630032558017,8.676297924761629,8.918070882536187,0.8634237605238541,0.7966101694915254,0.8462980318650422,0.9677103718199609,0.8192883895131086,3.0016744136810303,26.91283442469596,23.504538606403003,27.215014058106814,31.169755381604723,24.868829588014993,71.78391019644528,68.39077212806026,72.06279287722586,76.06751467710372,69.6938202247191,18.069223573433113,15.389830508474576,18.366447985004687,21.210371819960862,16.48314606741573,10.0,10.0,10.0,10.0,17.903803990857796
