,1,1l,1r,1s,2,2l,2r,2s,3,3l,3r,3s,4,4l,4r,4s,id,1_2,1_3,1_4,2_1,2_3,2_4,3_1,3_2,3_4,4_1,4_2,4_3,p1,p2,p3,p4,speed0,speed1,speed2,speed3,speed4,stop0,stop1,stop2,stop3,stop4,time,timeloss0,timeloss1,timeloss2,timeloss3,timeloss4,travel0,travel1,travel2,travel3,travel4,wait0,wait1,wait2,wait3,wait4,rsl_rsssll_rrssl_rrsslll_0,rsl_rsssll_rrssl_rrsslll_1,rsl_rsssll_rrssl_rrsslll_2,rsl_rsssll_rrssl_rrsslll_3,performance measure
0,3,1,1,1,6,2,1,3,5,1,2,2,7,3,2,2,rsl_rsssll_rrssl_rrsslll,116.0,93.0,225.0,220.0,186.0,876.0,485.0,589.0,218.0,552.0,450.0,376.0,10.0,10.0,10.0,15.0,9.124599800063772,9.245157856679722,9.060794146550236,9.258524965470839,9.167027326155434,0.7470119521912351,0.7372654155495979,0.7711640211640212,0.7315068493150685,0.747638326585695,3.683750629425049,23.102503320053156,21.947386058981245,23.6220701058201,21.75371232876718,22.735924426450786,67.75564409030544,66.61394101876675,68.28902116402116,66.39657534246575,67.37854251012146,15.300796812749004,14.258713136729222,15.698412698412698,14.175342465753424,14.932523616734143,10.0,10.0,10.0,15.0,14.873157746075696
