,1,1l,1r,1s,2,2l,2r,2s,3,3l,3r,3s,4,4l,4r,4s,id,1_2,1_3,1_4,2_1,2_3,2_4,3_1,3_2,3_4,4_1,4_2,4_3,p1,p2,p3,p4,speed0,speed1,speed2,speed3,speed4,stop0,stop1,stop2,stop3,stop4,time,timeloss0,timeloss1,timeloss2,timeloss3,timeloss4,travel0,travel1,travel2,travel3,travel4,wait0,wait1,wait2,wait3,wait4,rsl_rsl_rsl_rrssll_0,rsl_rsl_rsl_rrssll_1,rsl_rsl_rsl_rrssll_2,rsl_rsl_rsl_rrssll_3,performance measure
0,3,1,1,1,3,1,1,1,3,1,1,1,6,2,2,2,rsl_rsl_rsl_rrssll,49.0,80.0,177.0,198.0,49.0,260.0,149.0,324.0,199.0,425.0,101.0,195.0,10.0,10.0,10.0,10.0,8.865960651006624,9.348841537370015,9.169027786600102,9.113220502793636,9.137231938621635,0.975130890052356,0.7295514511873351,0.7717250324254216,0.7969613259668509,0.7966537966537967,2.4789228439331055,32.162526178010474,20.77299472295518,22.66075226977952,24.211809392265195,23.829472329472306,76.95026178010471,65.58575197889182,67.46952010376135,68.94060773480663,68.61003861003861,22.087696335078533,13.17018469656992,14.652399481193255,16.099447513812155,15.532818532818533,10.0,10.0,10.0,10.0,16.30850931189448
