,1,1l,1r,1s,2,2l,2r,2s,3,3l,3r,3s,4,4l,4r,4s,id,1_2,1_3,1_4,2_1,2_3,2_4,3_1,3_2,3_4,4_1,4_2,4_3,p1,p2,p3,p4,speed0,speed1,speed2,speed3,speed4,stop0,stop1,stop2,stop3,stop4,time,timeloss0,timeloss1,timeloss2,timeloss3,timeloss4,travel0,travel1,travel2,travel3,travel4,wait0,wait1,wait2,wait3,wait4,rsl_rsssll_rrssl_rrsslll_0,rsl_rsssll_rrssl_rrsslll_1,rsl_rsssll_rrssl_rrsslll_2,rsl_rsssll_rrssl_rrsslll_3,performance measure
0,3,1,1,1,6,2,1,3,5,1,2,2,7,3,2,2,rsl_rsssll_rrssl_rrsslll,45.0,256.0,128.0,220.0,270.0,884.0,682.0,147.0,312.0,158.0,183.0,467.0,10.0,10.0,5.0,10.0,8.665408943530306,8.94031034598471,8.369868764460968,8.521323107272188,8.915028366014468,0.960093896713615,0.8586872586872587,1.0756172839506173,1.0759803921568627,0.8806201550387597,3.4295248985290527,28.180375586854453,25.172926640926633,32.713996913580196,33.167475490196104,25.08595348837211,72.86150234741784,69.8911196911197,77.39814814814815,77.84313725490196,69.78527131782946,18.93035993740219,16.653281853281854,22.503086419753085,22.908496732026144,16.40077519379845,10.0,10.0,5.0,10.0,19.479200027252343
