,1,1l,1r,1s,2,2l,2r,2s,3,3l,3r,3s,4,4l,4r,4s,id,1_2,1_3,1_4,2_1,2_3,2_4,3_1,3_2,3_4,4_1,4_2,4_3,p1,p2,p3,p4,speed0,speed1,speed2,speed3,speed4,stop0,stop1,stop2,stop3,stop4,time,timeloss0,timeloss1,timeloss2,timeloss3,timeloss4,travel0,travel1,travel2,travel3,travel4,wait0,wait1,wait2,wait3,wait4,rslll_rsl_rrslll_rsl_0,rslll_rsl_rrslll_rsl_1,rslll_rsl_rrslll_rsl_2,rslll_rsl_rrslll_rsl_3,performance measure
0,5,3,1,1,3,1,1,1,6,3,2,1,3,1,1,1,rslll_rsl_rrslll_rsl,216.0,263.0,201.0,76.0,80.0,324.0,104.0,529.0,217.0,152.0,281.0,112.0,5.0,15.0,10.0,15.0,9.162728898527305,9.297721635482876,9.040420043681507,9.399347939633744,9.200438025947317,0.7403740374037404,0.7114014251781473,0.7685589519650655,0.6788321167883211,0.725752508361204,2.885890483856201,23.131221122112194,21.757470308788584,23.921692139737996,20.824841849148395,22.382229654403584,67.93179317931794,66.5332541567696,68.72816593886463,65.57299270072993,67.20178372352285,15.192519251925193,14.185273159144893,15.882096069868995,13.563260340632603,14.61984392419175,5.0,15.0,10.0,15.0,14.688598549152687
