,1,1l,1r,1s,2,2l,2r,2s,3,3l,3r,3s,4,4l,4r,4s,id,1_2,1_3,1_4,2_1,2_3,2_4,3_1,3_2,3_4,4_1,4_2,4_3,p1,p2,p3,p4,speed0,speed1,speed2,speed3,speed4,stop0,stop1,stop2,stop3,stop4,time,timeloss0,timeloss1,timeloss2,timeloss3,timeloss4,travel0,travel1,travel2,travel3,travel4,wait0,wait1,wait2,wait3,wait4,rsssl_rrsll_rsl_rsslll_0,rsssl_rrsll_rsl_rsslll_1,rsssl_rrsll_rsl_rsslll_2,rsssl_rrsll_rsl_rsslll_3,performance measure
0,5,1,1,3,5,2,2,1,3,1,1,1,6,3,1,2,rsssl_rrsll_rsl_rsslll,209.0,256.0,214.0,565.0,586.0,322.0,275.0,97.0,72.0,402.0,704.0,162.0,10.0,15.0,15.0,15.0,8.140931748472306,8.58720688702395,8.476547073433771,8.793249134809422,8.572225090566045,1.01665404996215,0.8171296296296297,0.8556776556776556,0.7613365155131265,0.8272937548188126,3.5369679927825928,39.83796366389101,29.391658950617288,30.84101831501834,26.63430389817024,28.94484965304552,84.69492808478425,74.24768518518519,75.63809523809523,71.44311853619729,73.74710871241327,29.358062074186222,20.880401234567902,21.994871794871795,18.463007159904535,20.421742482652274,10.0,15.0,15.0,15.0,22.223616949236547
