,1,1l,1r,1s,2,2l,2r,2s,3,3l,3r,3s,4,4l,4r,4s,id,1_2,1_3,1_4,2_1,2_3,2_4,3_1,3_2,3_4,4_1,4_2,4_3,p1,p2,p3,p4,speed0,speed1,speed2,speed3,speed4,stop0,stop1,stop2,stop3,stop4,time,timeloss0,timeloss1,timeloss2,timeloss3,timeloss4,travel0,travel1,travel2,travel3,travel4,wait0,wait1,wait2,wait3,wait4,rsl_rsssll_rrssl_rrsslll_0,rsl_rsssll_rrssl_rrsslll_1,rsl_rsssll_rrssl_rrsslll_2,rsl_rsssll_rrssl_rrsslll_3,performance measure
0,3,1,1,1,6,2,1,3,5,1,2,2,7,3,2,2,rsl_rsssll_rrssl_rrsslll,303.0,249.0,197.0,151.0,548.0,910.0,670.0,508.0,125.0,438.0,563.0,573.0,15.0,15.0,15.0,15.0,8.32417879998795,8.290819195333318,8.339170393259765,8.501148839309792,8.481295296159173,0.8382598996095929,0.8360748723766307,0.8401800787844682,0.7863795110593713,0.790950744558992,4.255619525909424,31.497601784718352,31.92183210436755,31.810213843556568,29.206699650756708,29.29434707903781,76.15170105967653,76.65796937039138,76.51435002813732,73.91443538998836,73.9942726231386,22.6893474623536,23.147475893363584,22.952729319077097,20.73108265424913,20.91179839633448,15.0,15.0,15.0,15.0,22.08648674507558
