,1,1l,1r,1s,2,2l,2r,2s,3,3l,3r,3s,4,4l,4r,4s,id,1_2,1_3,1_4,2_1,2_3,2_4,3_1,3_2,3_4,4_1,4_2,4_3,p1,p2,p3,p4,speed0,speed1,speed2,speed3,speed4,stop0,stop1,stop2,stop3,stop4,time,timeloss0,timeloss1,timeloss2,timeloss3,timeloss4,travel0,travel1,travel2,travel3,travel4,wait0,wait1,wait2,wait3,wait4,rsll_rsl_rssslll_rrsssll_0,rsll_rsl_rssslll_rrsssll_1,rsll_rsl_rssslll_rrsssll_2,rsll_rsl_rssslll_rrsssll_3,performance measure
0,4,2,1,1,3,1,1,1,7,3,1,3,7,2,2,3,rsll_rsl_rssslll_rrsssll,291.0,59.0,188.0,212.0,44.0,225.0,430.0,175.0,794.0,637.0,970.0,603.0,10.0,5.0,10.0,10.0,8.901850501007695,8.147738394459667,8.196192498997823,9.081652297182304,8.984849614123718,0.8717787554996858,1.1407359586830212,1.1404282115869018,0.8269484808454426,0.8455743879472694,3.703087329864502,25.275958516656182,35.82513234344734,35.520151133501244,23.328632760898277,23.77897049591964,70.05593966059082,80.63524854744996,80.33249370277078,68.112285336856,68.54048964218455,16.683218101822753,24.914783731439638,24.519521410579344,15.083883751651255,15.338355304457,10.0,5.0,10.0,10.0,19.30795245999
