,1,1l,1r,1s,2,2l,2r,2s,3,3l,3r,3s,4,4l,4r,4s,id,1_2,1_3,1_4,2_1,2_3,2_4,3_1,3_2,3_4,4_1,4_2,4_3,p1,p2,p3,p4,speed0,speed1,speed2,speed3,speed4,stop0,stop1,stop2,stop3,stop4,time,timeloss0,timeloss1,timeloss2,timeloss3,timeloss4,travel0,travel1,travel2,travel3,travel4,wait0,wait1,wait2,wait3,wait4,rsssll_rssl_rsslll_rrsl_0,rsssll_rssl_rsslll_rrsl_1,rsssll_rssl_rsslll_rrsl_2,rsssll_rssl_rsslll_rrsl_3,performance measure
0,6,2,1,3,4,1,1,2,6,3,1,2,4,1,2,1,rsssll_rssl_rsslll_rrsl,162.0,416.0,253.0,259.0,235.0,344.0,307.0,184.0,259.0,306.0,162.0,624.0,5.0,5.0,10.0,10.0,9.353527238147214,9.410603434498764,9.210970744502731,9.516768530086399,9.275334933544363,0.8020750199521149,0.773978315262719,0.8528678304239401,0.7536988685813751,0.8345679012345679,3.1711246967315674,21.079481245011966,20.397264386989157,22.74702410640066,19.85161009573542,22.082880658436192,65.58100558659218,64.94328607172643,67.29093931837075,64.35509138381201,66.59753086419754,13.023942537909019,12.620517097581319,14.55195344970906,12.252393385552654,13.957201646090535,5.0,5.0,10.0,10.0,13.281201623368517
