,1,1l,1r,1s,2,2l,2r,2s,3,3l,3r,3s,4,4l,4r,4s,id,1_2,1_3,1_4,2_1,2_3,2_4,3_1,3_2,3_4,4_1,4_2,4_3,p1,p2,p3,p4,speed0,speed1,speed2,speed3,speed4,stop0,stop1,stop2,stop3,stop4,time,timeloss0,timeloss1,timeloss2,timeloss3,timeloss4,travel0,travel1,travel2,travel3,travel4,wait0,wait1,wait2,wait3,wait4,rssll_rrssl_rssslll_rrssll_0,rssll_rrssl_rssslll_rrssll_1,rssll_rrssl_rssslll_rrssll_2,rssll_rrssl_rssslll_rrssll_3,performance measure
0,5,2,1,2,5,1,2,2,7,3,1,3,6,2,2,2,rssll_rrssl_rssslll_rrssll,178.0,195.0,279.0,205.0,303.0,637.0,750.0,212.0,949.0,400.0,360.0,639.0,15.0,15.0,15.0,15.0,8.405451135675781,8.52786651213763,8.3877902361583,8.160714972295258,8.292491079130203,0.821753986332574,0.7818389491719018,0.8243087557603687,0.8832638475282907,0.8340987370838117,4.455538272857666,30.062938496583126,28.856042261564795,31.179377880184237,34.27304943418707,31.378168771527037,74.7625284738041,73.5665334094803,75.88997695852535,78.98868374032162,76.08094144661308,21.456719817767652,20.628212450028556,22.56451612903226,25.164383561643834,22.73019517795637,15.0,15.0,15.0,15.0,22.508805427285733
