,1,1l,1r,1s,2,2l,2r,2s,3,3l,3r,3s,4,4l,4r,4s,id,1_2,1_3,1_4,2_1,2_3,2_4,3_1,3_2,3_4,4_1,4_2,4_3,p1,p2,p3,p4,speed0,speed1,speed2,speed3,speed4,stop0,stop1,stop2,stop3,stop4,time,timeloss0,timeloss1,timeloss2,timeloss3,timeloss4,travel0,travel1,travel2,travel3,travel4,wait0,wait1,wait2,wait3,wait4,rssll_rrssl_rssslll_rrssll_0,rssll_rrssl_rssslll_rrssll_1,rssll_rrssl_rssslll_rrssll_2,rssll_rrssl_rssslll_rrssll_3,performance measure
0,5,2,1,2,5,1,2,2,7,3,1,3,6,2,2,2,rssll_rrssl_rssslll_rrssll,636.0,483.0,324.0,385.0,117.0,85.0,562.0,229.0,372.0,203.0,332.0,108.0,10.0,10.0,5.0,5.0,9.455530383418768,9.321267863124588,9.18446000471636,9.599554524822134,9.382171868238853,0.7755261106780982,0.8587213891081295,0.8632607062359129,0.7402912621359223,0.8322981366459627,3.3880231380462646,20.38985190958689,23.33156274664558,23.207054845980476,19.166650485436907,22.074534161490682,64.97817614964926,67.93212312549329,67.79113448534936,63.70550161812298,66.63509316770187,12.79423226812159,15.142857142857142,14.902329075882795,11.72168284789644,14.012422360248447,10.0,10.0,5.0,5.0,13.714704739001283
