,1,1l,1r,1s,2,2l,2r,2s,3,3l,3r,3s,4,4l,4r,4s,id,1_2,1_3,1_4,2_1,2_3,2_4,3_1,3_2,3_4,4_1,4_2,4_3,p1,p2,p3,p4,speed0,speed1,speed2,speed3,speed4,stop0,stop1,stop2,stop3,stop4,time,timeloss0,timeloss1,timeloss2,timeloss3,timeloss4,travel0,travel1,travel2,travel3,travel4,wait0,wait1,wait2,wait3,wait4,rrsslll_rrsll_rsssl_rrsslll_0,rrsslll_rrsll_rsssl_rrsslll_1,rrsslll_rrsll_rsssl_rrsslll_2,rrsslll_rrsll_rsssl_rrsslll_3,performance measure
0,7,3,2,2,5,2,2,1,5,1,1,3,7,3,2,2,rrsslll_rrsll_rsssl_rrsslll,918.0,257.0,205.0,625.0,200.0,305.0,917.0,292.0,167.0,517.0,601.0,369.0,15.0,15.0,10.0,15.0,8.863546922522422,8.644548747162048,8.822788227533701,8.955644287651568,8.820690676845887,0.7820728291316527,0.7922077922077922,0.7577209797657082,0.7288040426726559,0.7639123102866779,4.279255390167236,26.91379831932773,27.56968614718611,25.946304579339685,24.642953396968053,26.07774592467681,71.56638655462184,72.23376623376623,70.57082002129926,69.31386861313868,70.71781899943788,18.542857142857144,19.238636363636363,17.913205537806178,16.766423357664234,18.021360314783585,15.0,15.0,10.0,15.0,18.096496543349502
