,1,1l,1r,1s,2,2l,2r,2s,3,3l,3r,3s,4,4l,4r,4s,id,1_2,1_3,1_4,2_1,2_3,2_4,3_1,3_2,3_4,4_1,4_2,4_3,p1,p2,p3,p4,speed0,speed1,speed2,speed3,speed4,stop0,stop1,stop2,stop3,stop4,time,timeloss0,timeloss1,timeloss2,timeloss3,timeloss4,travel0,travel1,travel2,travel3,travel4,wait0,wait1,wait2,wait3,wait4,rsll_rsl_rssslll_rrsssll_0,rsll_rsl_rssslll_rrsssll_1,rsll_rsl_rssslll_rrsssll_2,rsll_rsl_rssslll_rrsssll_3,performance measure
0,4,2,1,1,3,1,1,1,7,3,1,3,7,2,2,3,rsll_rsl_rssslll_rrsssll,551.0,182.0,191.0,300.0,82.0,143.0,258.0,180.0,609.0,87.0,1055.0,242.0,15.0,10.0,5.0,15.0,9.265961604212078,9.359166647383745,9.138811086057958,9.340428104126623,9.23236450799449,0.7374045801526717,0.7085271317829457,0.7417503586800573,0.7080696202531646,0.7306826706676669,3.576988458633423,21.83729007633586,21.093434108527124,22.979655667144872,21.267848101265805,22.24930982745687,66.52977099236641,65.80387596899224,67.7403156384505,65.94145569620254,66.94448612153039,14.164122137404581,13.61860465116279,15.033715925394548,13.759493670886076,14.547636909227307,15.0,10.0,5.0,15.0,14.22471465881506
