,1,1l,1r,1s,2,2l,2r,2s,3,3l,3r,3s,4,4l,4r,4s,id,1_2,1_3,1_4,2_1,2_3,2_4,3_1,3_2,3_4,4_1,4_2,4_3,p1,p2,p3,p4,speed0,speed1,speed2,speed3,speed4,stop0,stop1,stop2,stop3,stop4,time,timeloss0,timeloss1,timeloss2,timeloss3,timeloss4,travel0,travel1,travel2,travel3,travel4,wait0,wait1,wait2,wait3,wait4,rrsslll_rrsll_rsssl_rrsslll_0,rrsslll_rrsll_rsssl_rrsslll_1,rrsslll_rrsll_rsssl_rrsslll_2,rrsslll_rrsll_rsssl_rrsslll_3,performance measure
0,7,3,2,2,5,2,2,1,5,1,1,3,7,3,2,2,rrsslll_rrsll_rsssl_rrsslll,194.0,711.0,248.0,457.0,105.0,357.0,1006.0,167.0,55.0,531.0,703.0,310.0,5.0,15.0,10.0,15.0,9.034698466670836,9.115988270090245,9.05695973124388,9.262930615791152,9.072916132572988,0.781559405940594,0.7620206938527084,0.7701492537313432,0.7283387622149837,0.7606837606837606,3.9846434593200684,23.99324876237624,22.769829580036518,23.470483582089564,21.544495114006523,23.19153235653238,68.72896039603961,67.53986609860011,68.22388059701493,66.27622149837134,67.94505494505495,15.860767326732674,14.810103469263542,15.358805970149254,13.950488599348533,15.216117216117215,5.0,15.0,10.0,15.0,15.039256516322244
