,1,1l,1r,1s,2,2l,2r,2s,3,3l,3r,3s,4,4l,4r,4s,id,1_2,1_3,1_4,2_1,2_3,2_4,3_1,3_2,3_4,4_1,4_2,4_3,p1,p2,p3,p4,speed0,speed1,speed2,speed3,speed4,stop0,stop1,stop2,stop3,stop4,time,timeloss0,timeloss1,timeloss2,timeloss3,timeloss4,travel0,travel1,travel2,travel3,travel4,wait0,wait1,wait2,wait3,wait4,rslll_rsl_rrslll_rsl_0,rslll_rsl_rrslll_rsl_1,rslll_rsl_rrslll_rsl_2,rslll_rsl_rrslll_rsl_3,performance measure
0,5,3,1,1,3,1,1,1,6,3,2,1,3,1,1,1,rslll_rsl_rrslll_rsl,111.0,259.0,251.0,226.0,165.0,174.0,237.0,560.0,678.0,253.0,285.0,322.0,10.0,10.0,10.0,10.0,8.968170619490671,8.787998744799406,8.473015273464236,8.96083374124933,8.79436812733,0.801779935275081,0.8991525423728813,1.0127490039840636,0.8038029386343993,0.8635990139687757,3.3906052112579346,24.91802588996763,27.267737288135564,33.031346613545765,24.096473638720827,27.13755135579293,69.66181229773463,72.06440677966101,77.80318725099602,68.8591184096802,71.88167625308135,16.45064724919094,18.24406779661017,22.71394422310757,15.78219533275713,18.068200493015613,10.0,10.0,10.0,10.0,18.251811018936284
