,1,1l,1r,1s,2,2l,2r,2s,3,3l,3r,3s,4,4l,4r,4s,id,1_2,1_3,1_4,2_1,2_3,2_4,3_1,3_2,3_4,4_1,4_2,4_3,p1,p2,p3,p4,speed0,speed1,speed2,speed3,speed4,stop0,stop1,stop2,stop3,stop4,time,timeloss0,timeloss1,timeloss2,timeloss3,timeloss4,travel0,travel1,travel2,travel3,travel4,wait0,wait1,wait2,wait3,wait4,rrsslll_rrsll_rsssl_rrsslll_0,rrsslll_rrsll_rsssl_rrsslll_1,rrsslll_rrsll_rsssl_rrsslll_2,rrsslll_rrsll_rsssl_rrsslll_3,performance measure
0,7,3,2,2,5,2,2,1,5,1,1,3,7,3,2,2,rrsslll_rrsll_rsssl_rrsslll,323.0,516.0,407.0,320.0,339.0,89.0,642.0,220.0,274.0,810.0,181.0,371.0,10.0,10.0,10.0,5.0,9.522693358919643,9.446400466156208,9.372664591702966,9.486312612433478,9.455965244336902,0.7455504284772577,0.7295556986477785,0.7649325626204239,0.7414030261348006,0.741106719367589,4.080007553100586,19.88442979564929,20.03958145524792,20.616750160565193,19.836533700137558,20.080895915678507,64.41924851680949,64.62459755312298,65.20102761721259,64.40577716643742,64.667325428195,12.306526038233356,12.534449452672247,12.922286448298008,12.330811554332875,12.621212121212121,10.0,10.0,10.0,5.0,12.543057122949723
