,1,1l,1r,1s,2,2l,2r,2s,3,3l,3r,3s,4,4l,4r,4s,id,1_2,1_3,1_4,2_1,2_3,2_4,3_1,3_2,3_4,4_1,4_2,4_3,p1,p2,p3,p4,speed0,speed1,speed2,speed3,speed4,stop0,stop1,stop2,stop3,stop4,time,timeloss0,timeloss1,timeloss2,timeloss3,timeloss4,travel0,travel1,travel2,travel3,travel4,wait0,wait1,wait2,wait3,wait4,rsl_rssslll_rrsssl_rsslll_0,rsl_rssslll_rrsssl_rsslll_1,rsl_rssslll_rrsssl_rsslll_2,rsl_rssslll_rrsssl_rsslll_3,performance measure
0,3,1,1,1,7,3,1,3,6,1,2,3,6,3,1,2,rsl_rssslll_rrsssl_rsslll,179.0,58.0,99.0,108.0,335.0,489.0,377.0,345.0,207.0,190.0,614.0,275.0,10.0,5.0,5.0,10.0,9.564693433605585,9.67160022091452,9.58378497109022,9.588579337842694,9.507731766216663,0.7429824561403509,0.7229357798165138,0.7475728155339806,0.7266729500471254,0.7540983606557377,3.0617763996124268,18.888596491228085,18.324458715596368,18.780150044130632,19.013760603204513,19.33520036429874,63.56140350877193,62.98623853211009,63.41218005295675,63.661639962299716,63.986338797814206,11.543859649122806,10.995412844036696,11.353045013239187,11.707822808671065,11.846994535519126,10.0,5.0,5.0,10.0,11.489426970117776
