,1,1l,1r,1s,2,2l,2r,2s,3,3l,3r,3s,4,4l,4r,4s,id,1_2,1_3,1_4,2_1,2_3,2_4,3_1,3_2,3_4,4_1,4_2,4_3,p1,p2,p3,p4,speed0,speed1,speed2,speed3,speed4,stop0,stop1,stop2,stop3,stop4,time,timeloss0,timeloss1,timeloss2,timeloss3,timeloss4,travel0,travel1,travel2,travel3,travel4,wait0,wait1,wait2,wait3,wait4,rrssl_rrssl_rrsslll_rrsslll_0,rrssl_rrssl_rrsslll_rrsslll_1,rrssl_rrssl_rrsslll_rrsslll_2,rrssl_rrssl_rrsslll_rrsslll_3,performance measure
0,5,1,2,2,5,1,2,2,7,3,2,2,7,3,2,2,rrssl_rrssl_rrsslll_rrsslll,77.0,444.0,642.0,215.0,299.0,400.0,150.0,140.0,303.0,295.0,673.0,305.0,5.0,10.0,10.0,10.0,9.465953595076078,9.393562080502901,9.033880588766403,9.388848509126959,9.347523069425655,0.7325925925925926,0.7550713749060857,0.8646288209606987,0.7879269261318507,0.7791134485349361,3.5060184001922607,19.98119259259258,20.7220060105184,24.80957059679766,21.929166004765676,21.503546205860285,64.51185185185186,65.2381667918858,69.37045123726347,66.42652899126291,66.03606311044328,12.524444444444445,13.118707738542449,16.292576419213972,14.068308181096109,13.70398196844478,5.0,10.0,10.0,10.0,13.94160375034835
