,1,1l,1r,1s,2,2l,2r,2s,3,3l,3r,3s,4,4l,4r,4s,id,1_2,1_3,1_4,2_1,2_3,2_4,3_1,3_2,3_4,4_1,4_2,4_3,p1,p2,p3,p4,speed0,speed1,speed2,speed3,speed4,stop0,stop1,stop2,stop3,stop4,time,timeloss0,timeloss1,timeloss2,timeloss3,timeloss4,travel0,travel1,travel2,travel3,travel4,wait0,wait1,wait2,wait3,wait4,rsl_rsl_rsl_rrssll_0,rsl_rsl_rsl_rrssll_1,rsl_rsl_rsl_rrssll_2,rsl_rsl_rsl_rrssll_3,performance measure
0,3,1,1,1,3,1,1,1,3,1,1,1,6,2,2,2,rsl_rsl_rsl_rrssll,159.0,56.0,215.0,244.0,248.0,310.0,296.0,272.0,162.0,219.0,673.0,497.0,10.0,15.0,10.0,15.0,8.695727372448765,8.750437998101479,8.496225548089296,8.820157566645674,8.72500988664135,0.8260504201680672,0.8094812164579607,0.9553571428571429,0.8810198300283286,0.804177545691906,3.2810301780700684,28.024067226890715,27.447763864042933,34.94330357142855,32.18188857412656,27.102776327241134,72.85126050420168,72.28533094812164,79.77410714285715,77.01133144475921,71.93124456048739,19.20672268907563,18.996422182468695,24.99642857142857,22.74126534466478,18.553524804177545,10.0,15.0,10.0,15.0,20.898872718363044
