,1,1l,1r,1s,2,2l,2r,2s,3,3l,3r,3s,4,4l,4r,4s,id,1_2,1_3,1_4,2_1,2_3,2_4,3_1,3_2,3_4,4_1,4_2,4_3,p1,p2,p3,p4,speed0,speed1,speed2,speed3,speed4,stop0,stop1,stop2,stop3,stop4,time,timeloss0,timeloss1,timeloss2,timeloss3,timeloss4,travel0,travel1,travel2,travel3,travel4,wait0,wait1,wait2,wait3,wait4,rsl_rsssssl_rsll_rrssl_0,rsl_rsssssl_rsll_rrssl_1,rsl_rsssssl_rsll_rrssl_2,rsl_rsssssl_rsll_rrssl_3,performance measure
0,3,1,1,1,7,1,1,5,4,2,1,1,5,1,2,2,rsl_rsssssl_rsll_rrssl,58.0,262.0,240.0,290.0,176.0,1044.0,57.0,118.0,104.0,93.0,152.0,163.0,5.0,10.0,10.0,10.0,9.604496177362037,9.593397042282897,9.307509498366482,9.55086163601665,9.602104465801164,0.7010869565217391,0.6981132075471698,0.7868852459016393,0.7378114842903575,0.7110633727175081,3.1052980422973633,18.653847826086945,18.79163152053274,21.42784836065577,19.247367280606724,18.69194414607949,63.405434782608694,63.53829078801332,66.15163934426229,63.988082340195014,63.40816326530612,11.272826086956522,11.55493895671476,13.529713114754099,11.783315276273022,11.277121374865736,5.0,10.0,10.0,10.0,11.883582961912827
