,1,1l,1r,1s,2,2l,2r,2s,3,3l,3r,3s,4,4l,4r,4s,id,1_2,1_3,1_4,2_1,2_3,2_4,3_1,3_2,3_4,4_1,4_2,4_3,p1,p2,p3,p4,speed0,speed1,speed2,speed3,speed4,stop0,stop1,stop2,stop3,stop4,time,timeloss0,timeloss1,timeloss2,timeloss3,timeloss4,travel0,travel1,travel2,travel3,travel4,wait0,wait1,wait2,wait3,wait4,rrsll_rssl_rsssll_rsl_0,rrsll_rssl_rsssll_rsl_1,rrsll_rssl_rsssll_rsl_2,rrsll_rssl_rsssll_rsl_3,performance measure
0,5,2,2,1,4,1,1,2,6,2,1,3,3,1,1,1,rrsll_rssl_rsssll_rsl,444.0,311.0,220.0,140.0,87.0,434.0,1019.0,237.0,279.0,111.0,194.0,263.0,10.0,15.0,5.0,10.0,9.239434821473736,9.21052860753526,9.136799867200747,9.261898338963224,9.097937283389633,0.7659409020217729,0.7803921568627451,0.792467332820907,0.7557377049180328,0.81328125,3.5502991676330566,22.065381026438573,22.2265254901961,23.412344350499616,21.955680327868873,24.0868046875,66.94401244167963,67.09725490196078,68.2782475019216,66.8188524590164,68.94375,14.230171073094867,14.366274509803922,15.216756341275941,14.169672131147541,15.83671875,10.0,15.0,5.0,10.0,14.763918561064454
