,1,1l,1r,1s,2,2l,2r,2s,3,3l,3r,3s,4,4l,4r,4s,id,1_2,1_3,1_4,2_1,2_3,2_4,3_1,3_2,3_4,4_1,4_2,4_3,p1,p2,p3,p4,speed0,speed1,speed2,speed3,speed4,stop0,stop1,stop2,stop3,stop4,time,timeloss0,timeloss1,timeloss2,timeloss3,timeloss4,travel0,travel1,travel2,travel3,travel4,wait0,wait1,wait2,wait3,wait4,rssll_rrsl_rsssl_rrsl_0,rssll_rrsl_rsssl_rrsl_1,rssll_rrsl_rsssl_rrsl_2,rssll_rrsl_rsssl_rrsl_3,performance measure
0,5,2,1,2,4,1,2,1,5,1,1,3,4,1,2,1,rssll_rrsl_rsssl_rrsl,396.0,468.0,195.0,429.0,178.0,192.0,627.0,151.0,284.0,293.0,355.0,603.0,15.0,15.0,15.0,15.0,8.558571419951841,8.375635470130712,8.428682934898717,8.708676516991476,8.399037882971925,0.7937931034482759,0.8454415954415955,0.8199581297976274,0.7640532544378699,0.8252707581227436,3.3672432899475098,28.948820689655193,33.640569800569764,30.630104675505944,27.978727810650902,31.498967509025245,73.7296551724138,78.48290598290598,75.46196789951152,72.69896449704142,76.27436823104694,20.497931034482757,24.562678062678064,22.004187020237264,19.894970414201183,22.817328519855597,15.0,15.0,15.0,15.0,21.955419010290974
