,1,1l,1r,1s,2,2l,2r,2s,3,3l,3r,3s,4,4l,4r,4s,id,1_2,1_3,1_4,2_1,2_3,2_4,3_1,3_2,3_4,4_1,4_2,4_3,p1,p2,p3,p4,speed0,speed1,speed2,speed3,speed4,stop0,stop1,stop2,stop3,stop4,time,timeloss0,timeloss1,timeloss2,timeloss3,timeloss4,travel0,travel1,travel2,travel3,travel4,wait0,wait1,wait2,wait3,wait4,rsl_rsssl_rssssl_rssll_0,rsl_rsssl_rssssl_rssll_1,rsl_rsssl_rssssl_rssll_2,rsl_rsssl_rssssl_rssll_3,performance measure
0,3,1,1,1,5,1,1,3,6,1,1,4,5,2,1,2,rsl_rsssl_rssssl_rssll,208.0,136.0,245.0,63.0,322.0,238.0,190.0,318.0,314.0,412.0,107.0,285.0,10.0,5.0,10.0,5.0,9.418936230062899,9.505369012576535,8.855247050574205,8.986303125183928,9.545615976777452,0.7778884462151394,0.7518324607329843,1.0120481927710843,0.9675324675324676,0.742798353909465,3.0663154125213623,20.06190239043825,19.31446073298426,28.328162650602394,27.073484848484835,19.212572016460893,64.80378486055777,64.12670157068062,73.11044176706827,71.81601731601732,63.92181069958848,12.118525896414342,11.506806282722513,18.45682730923695,17.221861471861473,11.51440329218107,10.0,5.0,10.0,5.0,14.16368485048327
