,1,1l,1r,1s,2,2l,2r,2s,3,3l,3r,3s,4,4l,4r,4s,id,1_2,1_3,1_4,2_1,2_3,2_4,3_1,3_2,3_4,4_1,4_2,4_3,p1,p2,p3,p4,speed0,speed1,speed2,speed3,speed4,stop0,stop1,stop2,stop3,stop4,time,timeloss0,timeloss1,timeloss2,timeloss3,timeloss4,travel0,travel1,travel2,travel3,travel4,wait0,wait1,wait2,wait3,wait4,rsl_rrsl_rssslll_rssssl_0,rsl_rrsl_rssslll_rssssl_1,rsl_rrsl_rssslll_rssssl_2,rsl_rrsl_rssslll_rssssl_3,performance measure
0,3,1,1,1,4,1,2,1,7,3,1,3,6,1,1,4,rsl_rrsl_rssslll_rssssl,276.0,243.0,209.0,402.0,289.0,122.0,1045.0,260.0,596.0,163.0,1061.0,150.0,10.0,15.0,10.0,10.0,8.408631136129175,8.52956479817755,8.269762648810532,8.600655499540727,8.601988838889511,0.996219281663516,0.9052369077306733,1.0035820895522387,0.9626288659793815,0.871525633106856,3.96152925491333,34.516988027725226,30.23769950124689,35.03427462686569,32.34583762886599,28.855626930203822,79.40453686200378,75.17768079800499,79.92477611940299,77.21262886597938,73.74181593576282,24.46313799621928,20.968827930174562,24.934925373134327,22.596649484536083,20.021000617665226,10.0,15.0,10.0,10.0,22.596908280345893
