,1,1l,1r,1s,2,2l,2r,2s,3,3l,3r,3s,4,4l,4r,4s,id,1_2,1_3,1_4,2_1,2_3,2_4,3_1,3_2,3_4,4_1,4_2,4_3,p1,p2,p3,p4,speed0,speed1,speed2,speed3,speed4,stop0,stop1,stop2,stop3,stop4,time,timeloss0,timeloss1,timeloss2,timeloss3,timeloss4,travel0,travel1,travel2,travel3,travel4,wait0,wait1,wait2,wait3,wait4,rssll_rrsl_rsssl_rrsl_0,rssll_rrsl_rsssl_rrsl_1,rssll_rrsl_rsssl_rrsl_2,rssll_rrsl_rsssl_rrsl_3,performance measure
0,5,2,1,2,4,1,2,1,5,1,1,3,4,1,2,1,rssll_rrsl_rsssl_rrsl,126.0,483.0,228.0,299.0,169.0,225.0,225.0,37.0,272.0,135.0,153.0,439.0,10.0,10.0,10.0,10.0,9.107921585232537,9.179090039773506,9.038660140824602,9.086774263183528,9.141686853302524,0.7932098765432098,0.7808930425752856,0.8059701492537313,0.8055555555555556,0.7766393442622951,3.140935182571411,24.47988683127574,22.582450674974062,24.878885572139293,25.127433333333336,22.941793032786872,69.19753086419753,67.30529595015577,69.62288557213931,69.79666666666667,67.66700819672131,16.296296296296298,14.724818276220144,16.77313432835821,16.941111111111113,15.02561475409836,10.0,10.0,10.0,10.0,15.952194953216823
