,1,1l,1r,1s,2,2l,2r,2s,3,3l,3r,3s,4,4l,4r,4s,id,1_2,1_3,1_4,2_1,2_3,2_4,3_1,3_2,3_4,4_1,4_2,4_3,p1,p2,p3,p4,speed0,speed1,speed2,speed3,speed4,stop0,stop1,stop2,stop3,stop4,time,timeloss0,timeloss1,timeloss2,timeloss3,timeloss4,travel0,travel1,travel2,travel3,travel4,wait0,wait1,wait2,wait3,wait4,rsll_rsl_rssslll_rrsssll_0,rsll_rsl_rssslll_rrsssll_1,rsll_rsl_rssslll_rrsssll_2,rsll_rsl_rssslll_rrsssll_3,performance measure
0,4,2,1,1,3,1,1,1,7,3,1,3,7,2,2,3,rsll_rsl_rssslll_rrsssll,489.0,314.0,228.0,179.0,291.0,104.0,751.0,160.0,280.0,543.0,653.0,194.0,15.0,15.0,15.0,10.0,8.720710152404713,8.446098451737413,8.44737139804561,8.676137059407212,8.519707573098474,0.7828282828282829,0.8290119131044149,0.8382252559726963,0.7997065297138665,0.8284278535534817,3.7149267196655273,27.077575757575765,29.389754730203276,29.86610921501701,27.98393250183417,29.962476669059544,71.96103896103897,74.32655921513665,74.76518771331058,72.81291269258988,74.8664752333094,19.05916305916306,20.939733707077785,21.422525597269626,19.74247982391783,21.421392677674085,15.0,15.0,15.0,10.0,20.517058973020475
