,1,1l,1r,1s,2,2l,2r,2s,3,3l,3r,3s,4,4l,4r,4s,id,1_2,1_3,1_4,2_1,2_3,2_4,3_1,3_2,3_4,4_1,4_2,4_3,p1,p2,p3,p4,speed0,speed1,speed2,speed3,speed4,stop0,stop1,stop2,stop3,stop4,time,timeloss0,timeloss1,timeloss2,timeloss3,timeloss4,travel0,travel1,travel2,travel3,travel4,wait0,wait1,wait2,wait3,wait4,rsl_rsl_rsssl_rsl_0,rsl_rsl_rsssl_rsl_1,rsl_rsl_rsssl_rsl_2,rsl_rsl_rsssl_rsl_3,performance measure
0,3,1,1,1,3,1,1,1,5,1,1,3,3,1,1,1,rsl_rsl_rsssl_rsl,171.0,130.0,208.0,102.0,322.0,202.0,706.0,64.0,96.0,298.0,178.0,309.0,10.0,10.0,15.0,10.0,8.649184084965428,8.765790047205854,8.802623541115171,8.923525112384201,8.88149582330011,0.860248447204969,0.7977059436913452,0.8068303094983992,0.7795275590551181,0.7936170212765957,3.0930638313293457,28.658364389233906,26.160448383733062,25.62498399146217,24.907131608548926,25.39343617021276,73.73706004140787,71.24921793534932,70.7129135538954,69.97750281214849,70.44680851063829,19.818840579710145,17.665276329509908,17.33297758804696,16.58042744656918,17.046808510638296,10.0,10.0,15.0,10.0,17.688866090894898
