,1,1l,1r,1s,2,2l,2r,2s,3,3l,3r,3s,4,4l,4r,4s,id,1_2,1_3,1_4,2_1,2_3,2_4,3_1,3_2,3_4,4_1,4_2,4_3,p1,p2,p3,p4,speed0,speed1,speed2,speed3,speed4,stop0,stop1,stop2,stop3,stop4,time,timeloss0,timeloss1,timeloss2,timeloss3,timeloss4,travel0,travel1,travel2,travel3,travel4,wait0,wait1,wait2,wait3,wait4,rsl_rssslll_rrsssl_rsslll_0,rsl_rssslll_rrsssl_rsslll_1,rsl_rssslll_rrsssl_rsslll_2,rsl_rssslll_rrsssl_rsslll_3,performance measure
0,3,1,1,1,7,3,1,3,6,1,2,3,6,3,1,2,rsl_rssslll_rrsssl_rsslll,77.0,67.0,76.0,134.0,389.0,674.0,400.0,345.0,224.0,227.0,208.0,205.0,10.0,5.0,10.0,10.0,9.311182849387826,9.429243352679219,9.400743486101254,9.332400774877472,9.571516800811061,0.7911571025399812,0.7428851815505397,0.7591522157996147,0.771964461994077,0.7263875365141188,3.2639119625091553,21.907177798682973,20.69979391560351,20.31937379576111,21.51811451135241,19.07058422590065,66.57290686735654,65.41511285574093,64.96724470134875,66.22803553800593,63.76046738072055,14.376293508936971,13.415112855740922,12.921965317919074,13.987166831194472,11.937682570593964,10.0,5.0,10.0,10.0,13.327644216877081
