,1,1l,1r,1s,2,2l,2r,2s,3,3l,3r,3s,4,4l,4r,4s,id,1_2,1_3,1_4,2_1,2_3,2_4,3_1,3_2,3_4,4_1,4_2,4_3,p1,p2,p3,p4,speed0,speed1,speed2,speed3,speed4,stop0,stop1,stop2,stop3,stop4,time,timeloss0,timeloss1,timeloss2,timeloss3,timeloss4,travel0,travel1,travel2,travel3,travel4,wait0,wait1,wait2,wait3,wait4,rsssssl_rsl_rrsslll_rsssll_0,rsssssl_rsl_rrsslll_rsssll_1,rsssssl_rsl_rrsslll_rsssll_2,rsssssl_rsl_rrsslll_rsssll_3,performance measure
0,7,1,1,5,3,1,1,1,7,3,2,2,6,2,1,3,rsssssl_rsl_rrsslll_rsssll,181.0,1245.0,113.0,137.0,293.0,51.0,297.0,529.0,491.0,400.0,964.0,302.0,10.0,10.0,10.0,10.0,8.904894670953146,8.289560965241904,8.383031968600845,8.786313994497101,8.474093934072544,0.8206489675516224,1.0628778718258767,1.0279429250891796,0.8906056860321384,0.9693877551020408,3.923550844192505,24.945746312684363,34.1992321644498,33.424738406658776,27.465210135970327,31.06335534213685,69.65722713864307,78.92140266021765,78.14982164090368,72.18294190358468,75.79651860744298,16.597050147492624,23.941958887545344,23.350178359096315,18.548825710754016,21.62424969987995,10.0,10.0,10.0,10.0,20.812452560953652
