,1,1l,1r,1s,2,2l,2r,2s,3,3l,3r,3s,4,4l,4r,4s,id,1_2,1_3,1_4,2_1,2_3,2_4,3_1,3_2,3_4,4_1,4_2,4_3,p1,p2,p3,p4,speed0,speed1,speed2,speed3,speed4,stop0,stop1,stop2,stop3,stop4,time,timeloss0,timeloss1,timeloss2,timeloss3,timeloss4,travel0,travel1,travel2,travel3,travel4,wait0,wait1,wait2,wait3,wait4,rssslll_rrsssl_rsssssl_rsl_0,rssslll_rrsssl_rsssssl_rsl_1,rssslll_rrsssl_rsssssl_rsl_2,rssslll_rrsssl_rsssssl_rsl_3,performance measure
0,7,3,1,3,6,1,2,3,7,1,1,5,3,1,1,1,rssslll_rrsssl_rsssssl_rsl,384.0,568.0,178.0,380.0,193.0,591.0,858.0,269.0,288.0,39.0,68.0,171.0,15.0,10.0,10.0,10.0,8.984153287602464,9.240654852229513,9.122295142334886,9.138823122169992,9.220963115110743,0.7766272189349113,0.7402694610778443,0.7531824611032532,0.7607361963190185,0.7349121466768526,3.5504536628723145,23.989201183431977,22.011526946107768,22.982404526166885,22.69174846625765,22.252154316271973,68.63757396449704,66.66392215568862,67.7036775106082,67.31748466257669,66.88922841864019,16.180473372781066,14.514221556886227,15.290664780763791,15.012269938650308,14.779220779220779,15.0,10.0,10.0,10.0,15.155370085660433
