,1,1l,1r,1s,2,2l,2r,2s,3,3l,3r,3s,4,4l,4r,4s,id,1_2,1_3,1_4,2_1,2_3,2_4,3_1,3_2,3_4,4_1,4_2,4_3,p1,p2,p3,p4,speed0,speed1,speed2,speed3,speed4,stop0,stop1,stop2,stop3,stop4,time,timeloss0,timeloss1,timeloss2,timeloss3,timeloss4,travel0,travel1,travel2,travel3,travel4,wait0,wait1,wait2,wait3,wait4,rsll_rsl_rssslll_rrsssll_0,rsll_rsl_rssslll_rrsssll_1,rsll_rsl_rssslll_rrsssll_2,rsll_rsl_rssslll_rrsssll_3,performance measure
0,4,2,1,1,3,1,1,1,7,3,1,3,7,2,2,3,rsll_rsl_rssslll_rrsssll,266.0,183.0,253.0,182.0,320.0,98.0,1008.0,298.0,410.0,182.0,1051.0,157.0,10.0,15.0,15.0,15.0,8.666080820973752,8.384017792499874,8.336201370535992,8.622247563806047,8.666841510613722,0.7832647462277091,0.8392737054472091,0.8556430446194225,0.795774647887324,0.782016348773842,3.6229753494262695,27.298148148148147,29.812488231338268,30.61313648293964,28.155711267605707,27.065558583106284,72.13305898491083,74.65299260255549,75.40419947506561,72.96830985915493,71.88692098092643,19.05281207133059,21.16476126429052,21.690944881889763,19.719718309859154,18.864441416893733,10.0,15.0,15.0,15.0,20.09853558885275
