,1,1l,1r,1s,2,2l,2r,2s,3,3l,3r,3s,4,4l,4r,4s,id,1_2,1_3,1_4,2_1,2_3,2_4,3_1,3_2,3_4,4_1,4_2,4_3,p1,p2,p3,p4,speed0,speed1,speed2,speed3,speed4,stop0,stop1,stop2,stop3,stop4,time,timeloss0,timeloss1,timeloss2,timeloss3,timeloss4,travel0,travel1,travel2,travel3,travel4,wait0,wait1,wait2,wait3,wait4,rsl_rsssl_rssssl_rssll_0,rsl_rsssl_rssssl_rssll_1,rsl_rsssl_rssssl_rssll_2,rsl_rsssl_rssssl_rssll_3,performance measure
0,3,1,1,1,5,1,1,3,6,1,1,4,5,2,1,2,rsl_rsssl_rssssl_rssll,121.0,153.0,248.0,123.0,189.0,356.0,934.0,294.0,170.0,442.0,302.0,231.0,10.0,10.0,10.0,5.0,9.058611140896613,9.077264133572234,9.16058218076465,9.33520104055432,9.171084728422423,0.8373590982286635,0.850040749796251,0.8294260307194826,0.764093668690373,0.8306922435362802,3.327087640762329,24.15781803542673,25.336226568867133,23.22919967663701,20.92462272333045,24.199741451209334,68.93639291465378,70.14751426242869,68.01374292643493,65.71899392888118,68.95663052543786,16.06924315619968,17.059494702526486,15.172999191592563,13.246313963573288,16.104253544620516,10.0,10.0,10.0,5.0,15.530460911702509
