,1,1l,1r,1s,2,2l,2r,2s,3,3l,3r,3s,4,4l,4r,4s,id,1_2,1_3,1_4,2_1,2_3,2_4,3_1,3_2,3_4,4_1,4_2,4_3,p1,p2,p3,p4,speed0,speed1,speed2,speed3,speed4,stop0,stop1,stop2,stop3,stop4,time,timeloss0,timeloss1,timeloss2,timeloss3,timeloss4,travel0,travel1,travel2,travel3,travel4,wait0,wait1,wait2,wait3,wait4,rrssl_rrssl_rrsslll_rrsslll_0,rrssl_rrssl_rrsslll_rrsslll_1,rrssl_rrssl_rrsslll_rrsslll_2,rrssl_rrssl_rrsslll_rrsslll_3,performance measure
0,5,1,2,2,5,1,2,2,7,3,2,2,7,3,2,2,rrssl_rrssl_rrsslll_rrsslll,136.0,685.0,492.0,156.0,112.0,571.0,146.0,93.0,183.0,761.0,623.0,315.0,5.0,10.0,10.0,10.0,9.008106601781419,9.006661704072625,8.936006016757084,9.36312397243471,8.620885059151387,0.9596100278551533,0.872863978127136,0.8847203274215553,0.7769571639586411,0.9895760945100764,3.547328472137451,29.20598885793869,24.75094326725904,25.57633697135063,21.148633677991132,29.57182070882561,73.9616991643454,69.52153110047847,70.37039563437926,65.89807976366322,74.35371785962474,19.94359331476323,16.299384825700614,16.995907230559347,13.450516986706056,20.015288394718553,5.0,10.0,10.0,10.0,17.34093815048956
