,1,1l,1r,1s,2,2l,2r,2s,3,3l,3r,3s,4,4l,4r,4s,id,1_2,1_3,1_4,2_1,2_3,2_4,3_1,3_2,3_4,4_1,4_2,4_3,p1,p2,p3,p4,speed0,speed1,speed2,speed3,speed4,stop0,stop1,stop2,stop3,stop4,time,timeloss0,timeloss1,timeloss2,timeloss3,timeloss4,travel0,travel1,travel2,travel3,travel4,wait0,wait1,wait2,wait3,wait4,rsl_rrsl_rssslll_rssssl_0,rsl_rrsl_rssslll_rssssl_1,rsl_rrsl_rssslll_rssssl_2,rsl_rrsl_rssslll_rssssl_3,performance measure
0,3,1,1,1,4,1,2,1,7,3,1,3,6,1,1,4,rsl_rrsl_rssslll_rssssl,119.0,111.0,258.0,182.0,323.0,276.0,471.0,241.0,898.0,300.0,735.0,250.0,15.0,10.0,15.0,15.0,8.583427276036648,8.542481699912486,8.695007186311654,8.609891116405304,8.65255067337867,0.8101529902642559,0.8189033189033189,0.7883263009845288,0.8007434944237918,0.7841379310344827,3.921874523162842,28.832573018080677,28.625425685425736,27.189746835443053,28.659754646840113,27.392868965517263,73.71557719054242,73.4992784992785,72.11181434599156,73.50631970260223,72.31793103448275,20.226703755215578,20.08730158730159,18.82559774964838,20.278810408921935,19.188965517241378,15.0,10.0,15.0,15.0,19.721475803665772
