,1,1l,1r,1s,2,2l,2r,2s,3,3l,3r,3s,4,4l,4r,4s,id,1_2,1_3,1_4,2_1,2_3,2_4,3_1,3_2,3_4,4_1,4_2,4_3,p1,p2,p3,p4,speed0,speed1,speed2,speed3,speed4,stop0,stop1,stop2,stop3,stop4,time,timeloss0,timeloss1,timeloss2,timeloss3,timeloss4,travel0,travel1,travel2,travel3,travel4,wait0,wait1,wait2,wait3,wait4,rrsssll_rsl_rsl_rrsll_0,rrsssll_rsl_rsl_rrsll_1,rrsssll_rsl_rsl_rrsll_2,rrsssll_rsl_rsl_rrsll_3,performance measure
0,7,2,2,3,3,1,1,1,3,1,1,1,5,2,2,1,rrsssll_rsl_rsl_rrsll,648.0,670.0,487.0,111.0,280.0,321.0,344.0,257.0,152.0,585.0,181.0,625.0,15.0,15.0,15.0,15.0,7.891229897453079,7.899617698244569,7.73938523314831,8.121131965541744,8.324727122550291,0.9956112852664577,0.9308214947498455,0.9962145110410094,0.8999337309476475,0.8374193548387097,3.869955539703369,41.188489028213176,38.33538604076591,41.534435331230306,36.028058316766064,32.25159354838709,85.95485893416928,83.13465101914763,86.38233438485804,80.81245858184228,77.05419354838709,30.596238244514108,28.46695491043854,30.81640378548896,26.38833664678595,23.283225806451615,15.0,15.0,15.0,15.0,27.910231878735836
