,1,1l,1r,1s,2,2l,2r,2s,3,3l,3r,3s,4,4l,4r,4s,id,1_2,1_3,1_4,2_1,2_3,2_4,3_1,3_2,3_4,4_1,4_2,4_3,p1,p2,p3,p4,speed0,speed1,speed2,speed3,speed4,stop0,stop1,stop2,stop3,stop4,time,timeloss0,timeloss1,timeloss2,timeloss3,timeloss4,travel0,travel1,travel2,travel3,travel4,wait0,wait1,wait2,wait3,wait4,rsssssl_rsl_rrsslll_rsssll_0,rsssssl_rsl_rrsslll_rsssll_1,rsssssl_rsl_rrsslll_rsssll_2,rsssssl_rsl_rrsslll_rsssll_3,performance measure
0,7,1,1,5,3,1,1,1,7,3,2,2,6,2,1,3,rsssssl_rsl_rrsslll_rsssll,161.0,756.0,201.0,144.0,41.0,80.0,138.0,467.0,679.0,118.0,150.0,144.0,15.0,10.0,5.0,5.0,9.758082578760334,9.7976262592477,9.797610929008407,9.844111690144274,9.740997347057306,0.6816015252621545,0.6564051638530288,0.681899641577061,0.656441717791411,0.684995340167754,3.099156618118286,17.98781696854147,17.34348560079444,17.27759856630824,16.915173824130875,17.738965517241386,62.54051477597712,61.91261171797418,61.770609318996414,61.42433537832311,62.241379310344826,10.952335557673976,10.43098311817279,10.25358422939068,10.044989775051125,10.649580615097857,15.0,10.0,5.0,5.0,10.466294659077287
