,1,1l,1r,1s,2,2l,2r,2s,3,3l,3r,3s,4,4l,4r,4s,id,1_2,1_3,1_4,2_1,2_3,2_4,3_1,3_2,3_4,4_1,4_2,4_3,p1,p2,p3,p4,speed0,speed1,speed2,speed3,speed4,stop0,stop1,stop2,stop3,stop4,time,timeloss0,timeloss1,timeloss2,timeloss3,timeloss4,travel0,travel1,travel2,travel3,travel4,wait0,wait1,wait2,wait3,wait4,rsssll_rssl_rsslll_rrsl_0,rsssll_rssl_rsslll_rrsl_1,rsssll_rssl_rsslll_rrsl_2,rsssll_rssl_rsslll_rrsl_3,performance measure
0,6,2,1,3,4,1,1,2,6,3,1,2,4,1,2,1,rsssll_rssl_rsslll_rrsl,197.0,291.0,161.0,189.0,322.0,357.0,418.0,123.0,575.0,133.0,80.0,416.0,10.0,10.0,15.0,10.0,9.09548208252932,9.265261809756957,8.997196503194921,9.07357927503346,9.148226896617578,0.7563098346388164,0.7216856892010536,0.7793223284100782,0.764760147601476,0.7491039426523297,3.181560516357422,23.11953002610961,21.83431957857772,23.995447437011265,23.405802583025828,22.621075268817222,67.80156657963447,66.50570676031607,68.72545612510861,68.13653136531366,67.29928315412187,15.499564838990427,14.290605794556628,16.20417028670721,15.694649446494465,15.204301075268818,10.0,10.0,15.0,10.0,15.37865828840351
