,1,1l,1r,1s,2,2l,2r,2s,3,3l,3r,3s,4,4l,4r,4s,id,1_2,1_3,1_4,2_1,2_3,2_4,3_1,3_2,3_4,4_1,4_2,4_3,p1,p2,p3,p4,speed0,speed1,speed2,speed3,speed4,stop0,stop1,stop2,stop3,stop4,time,timeloss0,timeloss1,timeloss2,timeloss3,timeloss4,travel0,travel1,travel2,travel3,travel4,wait0,wait1,wait2,wait3,wait4,rsl_rsl_rsssl_rsl_0,rsl_rsl_rsssl_rsl_1,rsl_rsl_rsssl_rsl_2,rsl_rsl_rsssl_rsl_3,performance measure
0,3,1,1,1,3,1,1,1,5,1,1,3,3,1,1,1,rsl_rsl_rsssl_rsl,128.0,226.0,113.0,77.0,303.0,195.0,437.0,289.0,49.0,69.0,185.0,249.0,5.0,10.0,10.0,10.0,8.903452070943754,9.183753126554027,8.92259747676165,8.901442213607512,9.335658153247868,0.9813200498132005,0.8150594451783355,0.9192546583850931,0.9280104712041884,0.7770780856423174,2.584996223449707,30.087235367372376,23.17804491413477,27.13878260869564,27.692892670157057,21.082267002518904,75.0348692403487,68.05680317040951,72.06583850931678,72.53010471204189,65.96599496221663,20.605230386052305,15.025099075297225,18.11801242236025,18.51178010471204,13.190176322418136,5.0,10.0,10.0,10.0,17.090059662167995
