,1,1l,1r,1s,2,2l,2r,2s,3,3l,3r,3s,4,4l,4r,4s,id,1_2,1_3,1_4,2_1,2_3,2_4,3_1,3_2,3_4,4_1,4_2,4_3,p1,p2,p3,p4,speed0,speed1,speed2,speed3,speed4,stop0,stop1,stop2,stop3,stop4,time,timeloss0,timeloss1,timeloss2,timeloss3,timeloss4,travel0,travel1,travel2,travel3,travel4,wait0,wait1,wait2,wait3,wait4,rsl_rsl_rsl_rrssll_0,rsl_rsl_rsl_rrssll_1,rsl_rsl_rsl_rrssll_2,rsl_rsl_rsl_rrssll_3,performance measure
0,3,1,1,1,3,1,1,1,3,1,1,1,6,2,2,2,rsl_rsl_rsl_rrssll,143.0,243.0,79.0,68.0,55.0,347.0,206.0,64.0,266.0,228.0,395.0,271.0,10.0,10.0,5.0,15.0,8.804185149202302,8.959990649361613,8.37159569604419,8.687742695174123,8.874260472694038,0.8726190476190476,0.8621118012422361,1.043123543123543,0.9442176870748299,0.8448275862068966,3.0461838245391846,27.01591666666669,26.052223602484457,35.99097902097903,30.196503401360484,26.224396551724144,72.025,71.0472049689441,80.96153846153847,75.15102040816326,71.21305418719211,18.308333333333334,17.6111801242236,25.622377622377623,21.085714285714285,17.679802955665025,10.0,10.0,5.0,15.0,20.061481664262775
