,1,1l,1r,1s,2,2l,2r,2s,3,3l,3r,3s,4,4l,4r,4s,id,1_2,1_3,1_4,2_1,2_3,2_4,3_1,3_2,3_4,4_1,4_2,4_3,p1,p2,p3,p4,speed0,speed1,speed2,speed3,speed4,stop0,stop1,stop2,stop3,stop4,time,timeloss0,timeloss1,timeloss2,timeloss3,timeloss4,travel0,travel1,travel2,travel3,travel4,wait0,wait1,wait2,wait3,wait4,rrssl_rrssl_rrsslll_rrsslll_0,rrssl_rrssl_rrsslll_rrsslll_1,rrssl_rrssl_rrsslll_rrsslll_2,rrssl_rrssl_rrsslll_rrsslll_3,performance measure
0,5,1,2,2,5,1,2,2,7,3,2,2,7,3,2,2,rrssl_rrssl_rrsslll_rrsslll,226.0,701.0,148.0,558.0,210.0,195.0,466.0,341.0,528.0,381.0,410.0,340.0,10.0,15.0,10.0,10.0,9.071642836572417,9.170794079519409,9.058228008326287,9.25979397105495,9.16525200413654,0.7941558441558442,0.7463768115942029,0.7709677419354839,0.7247075017205781,0.7441393168117884,3.9657742977142334,25.391259740259756,22.500447957839253,23.7427225806452,22.03256022023399,22.446711319490916,69.93701298701299,67.08234519104084,68.29870967741935,66.57673778389538,66.99866041527126,17.30064935064935,14.927536231884059,15.87483870967742,14.506538196834136,14.902880107166778,10.0,15.0,10.0,10.0,15.502488519242348
