,1,1l,1r,1s,2,2l,2r,2s,3,3l,3r,3s,4,4l,4r,4s,id,1_2,1_3,1_4,2_1,2_3,2_4,3_1,3_2,3_4,4_1,4_2,4_3,p1,p2,p3,p4,speed0,speed1,speed2,speed3,speed4,stop0,stop1,stop2,stop3,stop4,time,timeloss0,timeloss1,timeloss2,timeloss3,timeloss4,travel0,travel1,travel2,travel3,travel4,wait0,wait1,wait2,wait3,wait4,rrsslll_rrsll_rsssl_rrsslll_0,rrsslll_rrsll_rsssl_rrsslll_1,rrsslll_rrsll_rsssl_rrsslll_2,rrsslll_rrsll_rsssl_rrsslll_3,performance measure
0,7,3,2,2,5,2,2,1,5,1,1,3,7,3,2,2,rrsslll_rrsll_rsssl_rrsslll,656.0,608.0,458.0,314.0,99.0,300.0,816.0,257.0,309.0,543.0,282.0,543.0,15.0,15.0,10.0,15.0,8.876565846597858,8.683165662887328,8.761279951621956,8.868087692457397,8.818670233663566,0.7782189449801474,0.7885044642857143,0.7730575740637228,0.7612826603325415,0.768523836875359,4.336502313613892,27.39205899035736,27.407187499999985,26.977618781442132,26.509364608076,25.974928202182692,71.89903573454339,71.97098214285714,71.54443823365008,71.07600950118764,70.52958070074669,18.956891661939874,19.290736607142858,18.816098378982673,18.43527315914489,17.974727168294084,15.0,15.0,10.0,15.0,18.694745395100874
