,1,1l,1r,1s,2,2l,2r,2s,3,3l,3r,3s,4,4l,4r,4s,id,1_2,1_3,1_4,2_1,2_3,2_4,3_1,3_2,3_4,4_1,4_2,4_3,p1,p2,p3,p4,speed0,speed1,speed2,speed3,speed4,stop0,stop1,stop2,stop3,stop4,time,timeloss0,timeloss1,timeloss2,timeloss3,timeloss4,travel0,travel1,travel2,travel3,travel4,wait0,wait1,wait2,wait3,wait4,rslll_rsl_rrslll_rsl_0,rslll_rsl_rrslll_rsl_1,rslll_rsl_rrslll_rsl_2,rslll_rsl_rrslll_rsl_3,performance measure
0,5,3,1,1,3,1,1,1,6,3,2,1,3,1,1,1,rslll_rsl_rrslll_rsl,467.0,58.0,46.0,122.0,45.0,254.0,140.0,313.0,897.0,216.0,279.0,38.0,15.0,10.0,10.0,15.0,8.748459683175499,8.653323322100634,8.73284926834795,8.87983564150678,8.813497808711224,0.806483300589391,0.8481675392670157,0.8045862412761715,0.7816091954022989,0.7946884576098059,2.6703603267669678,26.806748526522604,29.014858638743448,26.44034895314058,25.142727272727278,26.088478038815097,71.91846758349705,74.09842931937173,71.56829511465604,70.20585161964472,71.1920326864147,18.423379174852652,20.436649214659685,18.17048853439681,17.154649947753395,17.926455566905005,15.0,10.0,10.0,15.0,18.42232448771351
