,1,1l,1r,1s,2,2l,2r,2s,3,3l,3r,3s,4,4l,4r,4s,id,1_2,1_3,1_4,2_1,2_3,2_4,3_1,3_2,3_4,4_1,4_2,4_3,p1,p2,p3,p4,speed0,speed1,speed2,speed3,speed4,stop0,stop1,stop2,stop3,stop4,time,timeloss0,timeloss1,timeloss2,timeloss3,timeloss4,travel0,travel1,travel2,travel3,travel4,wait0,wait1,wait2,wait3,wait4,rsl_rrsll_rsl_rslll_0,rsl_rrsll_rsl_rslll_1,rsl_rrsll_rsl_rslll_2,rsl_rrsll_rsl_rslll_3,performance measure
0,3,1,1,1,5,2,2,1,3,1,1,1,5,3,1,1,rsl_rrsll_rsl_rslll,113.0,158.0,169.0,74.0,400.0,185.0,92.0,64.0,43.0,935.0,245.0,48.0,5.0,10.0,15.0,10.0,9.064816904476631,9.408342144715231,9.10527756456557,9.21172139765309,9.1181085614504,0.8758620689655172,0.7286374133949192,0.7826589595375723,0.779976717112922,0.8074245939675174,2.7499940395355225,27.943195402298826,20.558868360277135,24.594497109826612,22.68729918509895,24.114477958236655,73.07701149425287,65.68706697459584,69.74450867052023,67.83934807916182,69.23317865429235,19.30574712643678,12.904157043879907,16.545664739884394,14.965075669383003,16.01276102088167,5.0,10.0,15.0,10.0,15.946681120093151
