,1,1l,1r,1s,2,2l,2r,2s,3,3l,3r,3s,4,4l,4r,4s,id,1_2,1_3,1_4,2_1,2_3,2_4,3_1,3_2,3_4,4_1,4_2,4_3,p1,p2,p3,p4,speed0,speed1,speed2,speed3,speed4,stop0,stop1,stop2,stop3,stop4,time,timeloss0,timeloss1,timeloss2,timeloss3,timeloss4,travel0,travel1,travel2,travel3,travel4,wait0,wait1,wait2,wait3,wait4,rrsll_rssl_rsssll_rsl_0,rrsll_rssl_rsssll_rsl_1,rrsll_rssl_rsssll_rsl_2,rrsll_rssl_rsssll_rsl_3,performance measure
0,5,2,2,1,4,1,1,2,6,2,1,3,3,1,1,1,rrsll_rssl_rsssll_rsl,325.0,57.0,415.0,159.0,149.0,554.0,665.0,195.0,96.0,166.0,42.0,270.0,10.0,10.0,10.0,10.0,8.83509390229645,9.158827812359986,9.199353137875093,9.334889158797937,9.090198207172541,0.8914233576642335,0.7806935332708529,0.7598870056497176,0.7187817258883249,0.788111217641419,3.151153802871704,27.90975364963502,22.618894095595156,22.351996233521664,20.945746192893388,23.412224352828368,72.61770072992701,67.34770384254921,67.0969868173258,65.70761421319797,68.13518696069032,19.072080291970803,14.83223992502343,14.619585687382298,13.443654822335025,15.488015340364333,10.0,10.0,10.0,10.0,15.49111521341518
