,1,1l,1r,1s,2,2l,2r,2s,3,3l,3r,3s,4,4l,4r,4s,id,1_2,1_3,1_4,2_1,2_3,2_4,3_1,3_2,3_4,4_1,4_2,4_3,p1,p2,p3,p4,speed0,speed1,speed2,speed3,speed4,stop0,stop1,stop2,stop3,stop4,time,timeloss0,timeloss1,timeloss2,timeloss3,timeloss4,travel0,travel1,travel2,travel3,travel4,wait0,wait1,wait2,wait3,wait4,rssl_rrsslll_rsl_rrsll_0,rssl_rrsslll_rsl_rrsll_1,rssl_rrsslll_rsl_rrsll_2,rssl_rrsslll_rsl_rrsll_3,performance measure
0,4,1,1,2,7,3,2,2,3,1,1,1,5,2,2,1,rssl_rrsslll_rsl_rrsll,246.0,295.0,145.0,333.0,419.0,330.0,70.0,166.0,76.0,366.0,71.0,133.0,10.0,10.0,10.0,10.0,9.264833899632471,9.353890678613837,9.180021528232212,9.426443431462381,9.378028122701089,0.789587852494577,0.7469204927211646,0.8014553014553014,0.7113163972286374,0.7301231802911534,2.7180771827697754,23.11237527114968,20.68563269876821,23.602411642411646,20.452621247113203,20.60811870100781,67.88720173535792,65.49720044792834,68.41164241164242,65.17782909930716,65.3952967525196,15.264642082429502,13.396416573348263,15.764033264033264,13.367205542725173,13.313549832026876,10.0,10.0,10.0,10.0,14.221169458912616
