,1,1l,1r,1s,2,2l,2r,2s,3,3l,3r,3s,4,4l,4r,4s,id,1_2,1_3,1_4,2_1,2_3,2_4,3_1,3_2,3_4,4_1,4_2,4_3,p1,p2,p3,p4,speed0,speed1,speed2,speed3,speed4,stop0,stop1,stop2,stop3,stop4,time,timeloss0,timeloss1,timeloss2,timeloss3,timeloss4,travel0,travel1,travel2,travel3,travel4,wait0,wait1,wait2,wait3,wait4,rsl_rsssssl_rsll_rrssl_0,rsl_rsssssl_rsll_rrssl_1,rsl_rsssssl_rsll_rrssl_2,rsl_rsssssl_rsll_rrssl_3,performance measure
0,3,1,1,1,7,1,1,5,4,2,1,1,5,1,2,2,rsl_rsssssl_rsll_rrssl,292.0,293.0,248.0,257.0,217.0,1020.0,60.0,202.0,156.0,291.0,348.0,505.0,15.0,15.0,15.0,10.0,8.832895580529,8.52862364281012,8.65139313213442,8.590909874032771,8.690225531128151,0.7615499254843517,0.8138825324180016,0.7984962406015037,0.7953846153846154,0.7805618830675778,3.209043502807617,26.011520119225004,28.835835240274605,27.935819548872207,28.651376923076928,27.43873196659076,70.70342771982116,73.54996186117468,72.68270676691729,73.37461538461538,72.13211845102505,17.915797317436663,20.391304347826086,19.58796992481203,20.33076923076923,19.23310554290053,15.0,15.0,15.0,10.0,19.49178927274891
