,1,1l,1r,1s,2,2l,2r,2s,3,3l,3r,3s,4,4l,4r,4s,id,1_2,1_3,1_4,2_1,2_3,2_4,3_1,3_2,3_4,4_1,4_2,4_3,p1,p2,p3,p4,speed0,speed1,speed2,speed3,speed4,stop0,stop1,stop2,stop3,stop4,time,timeloss0,timeloss1,timeloss2,timeloss3,timeloss4,travel0,travel1,travel2,travel3,travel4,wait0,wait1,wait2,wait3,wait4,rssslll_rssll_rsssl_rrssl_0,rssslll_rssll_rsssl_rrssl_1,rssslll_rssll_rsssl_rrssl_2,rssslll_rssll_rsssl_rrssl_3,performance measure
0,7,3,1,3,5,2,1,2,5,1,1,3,5,1,2,2,rssslll_rssll_rsssl_rrssl,661.0,491.0,64.0,148.0,447.0,589.0,450.0,156.0,195.0,164.0,371.0,564.0,10.0,10.0,10.0,15.0,9.100576465938415,9.07179644154434,8.963882472004313,9.162399585383579,9.080893308587108,0.7597840755735492,0.7659863945578231,0.7921195652173914,0.7487401007919366,0.7632850241545893,3.8481438159942627,23.074892037786736,23.62753741496603,24.428634510869575,22.963563714902776,23.303623188405755,67.86369770580296,68.42517006802721,69.27377717391305,67.74226061915047,68.09109730848861,15.335357624831309,15.882993197278912,16.546875,15.29445644348452,15.550034506556246,10.0,10.0,10.0,15.0,15.721943354430199
