,1,1l,1r,1s,2,2l,2r,2s,3,3l,3r,3s,4,4l,4r,4s,id,1_2,1_3,1_4,2_1,2_3,2_4,3_1,3_2,3_4,4_1,4_2,4_3,p1,p2,p3,p4,speed0,speed1,speed2,speed3,speed4,stop0,stop1,stop2,stop3,stop4,time,timeloss0,timeloss1,timeloss2,timeloss3,timeloss4,travel0,travel1,travel2,travel3,travel4,wait0,wait1,wait2,wait3,wait4,rssl_rrsslll_rsl_rrsll_0,rssl_rrsslll_rsl_rrsll_1,rssl_rrsslll_rsl_rrsll_2,rssl_rrsslll_rsl_rrsll_3,performance measure
0,4,1,1,2,7,3,2,2,3,1,1,1,5,2,2,1,rssl_rrsslll_rsl_rrsll,201.0,539.0,260.0,389.0,559.0,567.0,228.0,131.0,147.0,576.0,168.0,633.0,10.0,15.0,15.0,15.0,8.848682830995795,8.66922902038435,8.695299662083315,8.995938710725774,8.91473273244757,0.7691807542262679,0.7949568679495687,0.7884114583333334,0.7116864940517844,0.7410894418291862,4.000039100646973,26.713153446033765,27.84637027206375,27.68490234375001,24.525724282715203,25.018325487558847,71.46553966189857,72.61048440610485,72.45833333333333,69.28761371588523,69.7626092804304,18.39076723016905,19.556735235567352,19.357421875,16.902729181245626,17.04572965702757,10.0,15.0,15.0,15.0,18.25067663580192
