,1,1l,1r,1s,2,2l,2r,2s,3,3l,3r,3s,4,4l,4r,4s,id,1_2,1_3,1_4,2_1,2_3,2_4,3_1,3_2,3_4,4_1,4_2,4_3,p1,p2,p3,p4,speed0,speed1,speed2,speed3,speed4,stop0,stop1,stop2,stop3,stop4,time,timeloss0,timeloss1,timeloss2,timeloss3,timeloss4,travel0,travel1,travel2,travel3,travel4,wait0,wait1,wait2,wait3,wait4,rsssssl_rsl_rrsslll_rsssll_0,rsssssl_rsl_rrsslll_rsssll_1,rsssssl_rsl_rrsslll_rsssll_2,rsssssl_rsl_rrsslll_rsssll_3,performance measure
0,7,1,1,5,3,1,1,1,7,3,2,2,6,2,1,3,rsssssl_rsl_rrsslll_rsssll,208.0,1084.0,160.0,202.0,158.0,242.0,458.0,361.0,122.0,94.0,399.0,111.0,10.0,10.0,10.0,10.0,8.934813297905118,9.18894606022396,9.266159288270723,9.261732144204899,9.311906122472442,0.871440195280716,0.7793388429752066,0.7493897477624084,0.7502183406113537,0.7319672131147541,3.1717844009399414,27.34654190398698,22.185603305785126,21.928763222131835,21.76950218340613,21.314885245901635,72.02359641985353,66.87190082644628,66.54190398698128,66.42183406113537,65.96639344262294,18.73393002441009,14.364462809917356,14.314076484947112,14.22882096069869,13.78688524590164,10.0,10.0,10.0,10.0,15.085635105174976
