,1,1l,1r,1s,2,2l,2r,2s,3,3l,3r,3s,4,4l,4r,4s,id,1_2,1_3,1_4,2_1,2_3,2_4,3_1,3_2,3_4,4_1,4_2,4_3,p1,p2,p3,p4,speed0,speed1,speed2,speed3,speed4,stop0,stop1,stop2,stop3,stop4,time,timeloss0,timeloss1,timeloss2,timeloss3,timeloss4,travel0,travel1,travel2,travel3,travel4,wait0,wait1,wait2,wait3,wait4,rssll_rrssl_rssslll_rrssll_0,rssll_rrssl_rssslll_rrssll_1,rssll_rrssl_rssslll_rrssll_2,rssll_rrssl_rssslll_rrssll_3,performance measure
0,5,2,1,2,5,1,2,2,7,3,1,3,6,2,2,2,rssll_rrssl_rssslll_rrssll,536.0,294.0,55.0,256.0,160.0,486.0,389.0,248.0,124.0,459.0,98.0,608.0,10.0,10.0,10.0,10.0,9.187296799176307,8.974035670300484,8.931035213412502,9.192746697660057,9.354521875614825,0.7760968229954615,0.8354037267080745,0.8461538461538461,0.7573122529644268,0.7382875605815832,3.69010853767395,22.79155068078671,24.473423913043472,26.211089108910866,22.0310830039526,20.771163166397415,67.27836611195158,69.0054347826087,70.73876618431073,66.5399209486166,65.2730210016155,14.918305597579424,16.270186335403725,17.753998476770754,14.339920948616601,13.21486268174475,10.0,10.0,10.0,10.0,15.299454808023052
