,1,1l,1r,1s,2,2l,2r,2s,3,3l,3r,3s,4,4l,4r,4s,id,1_2,1_3,1_4,2_1,2_3,2_4,3_1,3_2,3_4,4_1,4_2,4_3,p1,p2,p3,p4,speed0,speed1,speed2,speed3,speed4,stop0,stop1,stop2,stop3,stop4,time,timeloss0,timeloss1,timeloss2,timeloss3,timeloss4,travel0,travel1,travel2,travel3,travel4,wait0,wait1,wait2,wait3,wait4,rrssl_rrssl_rrsslll_rrsslll_0,rrssl_rrssl_rrsslll_rrsslll_1,rrssl_rrssl_rrsslll_rrsslll_2,rrssl_rrssl_rrsslll_rrsslll_3,performance measure
0,5,1,2,2,5,1,2,2,7,3,2,2,7,3,2,2,rrssl_rrssl_rrsslll_rrsslll,226.0,435.0,312.0,167.0,91.0,256.0,606.0,124.0,339.0,435.0,414.0,222.0,10.0,15.0,10.0,10.0,9.006792195483538,9.159156276942555,9.167122336248086,9.342346252098153,9.292450482955223,0.82,0.7484126984126984,0.7733118971061094,0.7134146341463414,0.7256637168141593,3.542135000228882,26.470191999999976,22.776119047619048,23.530972668810314,21.38476480836236,21.74843925985518,71.1656,67.50873015873016,68.2435691318328,66.11062717770035,66.44489139179404,18.4128,15.28015873015873,15.913183279742766,14.155923344947736,14.556717618664521,10.0,15.0,10.0,10.0,15.66375659470275
