,1,1l,1r,1s,2,2l,2r,2s,3,3l,3r,3s,4,4l,4r,4s,id,1_2,1_3,1_4,2_1,2_3,2_4,3_1,3_2,3_4,4_1,4_2,4_3,p1,p2,p3,p4,speed0,speed1,speed2,speed3,speed4,stop0,stop1,stop2,stop3,stop4,time,timeloss0,timeloss1,timeloss2,timeloss3,timeloss4,travel0,travel1,travel2,travel3,travel4,wait0,wait1,wait2,wait3,wait4,rsl_rssslll_rrsssl_rsslll_0,rsl_rssslll_rrsssl_rsslll_1,rsl_rssslll_rrsssl_rsslll_2,rsl_rssslll_rrsssl_rsslll_3,performance measure
0,3,1,1,1,7,3,1,3,6,1,2,3,6,3,1,2,rsl_rssslll_rrsssl_rsslll,129.0,193.0,216.0,185.0,843.0,169.0,644.0,383.0,213.0,163.0,706.0,134.0,10.0,10.0,15.0,15.0,8.779666157674392,8.850109711358709,8.649402914119202,8.818937213305665,8.800382703187351,0.8094186902133922,0.793233082706767,0.8356164383561644,0.8037238169123352,0.8011611030478955,3.5024657249450684,26.628609271523228,25.443541353383456,28.266546503244367,26.857571761055084,26.192822931785212,71.30022075055187,70.12932330827067,72.99134823359769,71.52754072924748,70.83526850507982,18.50036791758646,17.414285714285715,19.749819754866618,18.69045771916214,17.936865021770682,10.0,10.0,15.0,15.0,18.458359225534323
