,1,1l,1r,1s,2,2l,2r,2s,3,3l,3r,3s,4,4l,4r,4s,id,1_2,1_3,1_4,2_1,2_3,2_4,3_1,3_2,3_4,4_1,4_2,4_3,p1,p2,p3,p4,speed0,speed1,speed2,speed3,speed4,stop0,stop1,stop2,stop3,stop4,time,timeloss0,timeloss1,timeloss2,timeloss3,timeloss4,travel0,travel1,travel2,travel3,travel4,wait0,wait1,wait2,wait3,wait4,rsl_rrsl_rssslll_rssssl_0,rsl_rrsl_rssslll_rssssl_1,rsl_rrsl_rssslll_rssssl_2,rsl_rrsl_rssslll_rssssl_3,performance measure
0,3,1,1,1,4,1,2,1,7,3,1,3,6,1,1,4,rsl_rrsl_rssslll_rssssl,153.0,342.0,278.0,491.0,168.0,191.0,282.0,76.0,337.0,314.0,1154.0,69.0,10.0,15.0,15.0,15.0,8.763130762584602,8.587962312416037,8.376718670073066,8.845192387952256,8.529740142988548,0.7681159420289855,0.8132205995388163,0.8719646799116998,0.7595846645367412,0.850381679389313,3.7383744716644287,26.837429443173107,28.802567255957,31.993980868285508,26.391932907348227,30.609534351145008,71.64302059496568,73.64181398923904,76.82487122884474,71.1908945686901,75.4206106870229,18.720823798627002,20.285165257494235,22.926416482707875,18.392172523961662,21.665648854961834,10.0,15.0,15.0,15.0,20.39804538355052
