,1,1l,1r,1s,2,2l,2r,2s,3,3l,3r,3s,4,4l,4r,4s,id,1_2,1_3,1_4,2_1,2_3,2_4,3_1,3_2,3_4,4_1,4_2,4_3,p1,p2,p3,p4,speed0,speed1,speed2,speed3,speed4,stop0,stop1,stop2,stop3,stop4,time,timeloss0,timeloss1,timeloss2,timeloss3,timeloss4,travel0,travel1,travel2,travel3,travel4,wait0,wait1,wait2,wait3,wait4,rsssl_rrsll_rsl_rsslll_0,rsssl_rrsll_rsl_rsslll_1,rsssl_rrsll_rsl_rsslll_2,rsssl_rrsll_rsl_rsslll_3,performance measure
0,5,1,1,3,5,2,2,1,3,1,1,1,6,3,1,2,rsssl_rrsll_rsl_rsslll,120.0,121.0,254.0,454.0,331.0,261.0,122.0,98.0,133.0,235.0,710.0,224.0,5.0,5.0,5.0,10.0,9.569738337879194,9.694430658621522,9.543452778024466,9.501848821450016,9.670809777016006,0.8240223463687151,0.7539370078740157,0.8201712654614652,0.8340040241448692,0.7700381679389313,3.11399245262146,19.972653631284896,18.031122047244054,20.167050428163662,20.64934607645875,18.04231870229007,64.67690875232775,62.79133858267716,64.87535680304472,65.37022132796781,62.716603053435115,11.874301675977653,10.359251968503937,12.211227402473835,12.740442655935613,10.385496183206106,5.0,5.0,5.0,10.0,11.51414397721943
