,1,1l,1r,1s,2,2l,2r,2s,3,3l,3r,3s,4,4l,4r,4s,id,1_2,1_3,1_4,2_1,2_3,2_4,3_1,3_2,3_4,4_1,4_2,4_3,p1,p2,p3,p4,speed0,speed1,speed2,speed3,speed4,stop0,stop1,stop2,stop3,stop4,time,timeloss0,timeloss1,timeloss2,timeloss3,timeloss4,travel0,travel1,travel2,travel3,travel4,wait0,wait1,wait2,wait3,wait4,rrsslll_rrsll_rsssl_rrsslll_0,rrsslll_rrsll_rsssl_rrsslll_1,rrsslll_rrsll_rsssl_rrsslll_2,rrsslll_rrsll_rsssl_rrsslll_3,performance measure
0,7,3,2,2,5,2,2,1,5,1,1,3,7,3,2,2,rrsslll_rrsll_rsssl_rrsslll,345.0,601.0,73.0,383.0,464.0,249.0,813.0,104.0,52.0,694.0,455.0,564.0,5.0,10.0,10.0,10.0,9.161520920023584,9.11412940553493,9.139916336515604,9.38616565917574,9.21627293987481,0.8207663782447466,0.8085626911314985,0.831426851294401,0.7537459283387622,0.7960981749528006,4.000491619110107,22.828003708281866,22.484452599388394,22.76671884406982,20.254039087947856,21.846456891126497,67.52101359703337,67.24525993883792,67.52197471402769,64.95114006514657,66.59282567652612,14.589616810877626,14.465443425076453,14.642986152919928,12.622801302931595,13.85525487728131,5.0,10.0,10.0,10.0,14.035220513817382
