,1,1l,1r,1s,2,2l,2r,2s,3,3l,3r,3s,4,4l,4r,4s,id,1_2,1_3,1_4,2_1,2_3,2_4,3_1,3_2,3_4,4_1,4_2,4_3,p1,p2,p3,p4,speed0,speed1,speed2,speed3,speed4,stop0,stop1,stop2,stop3,stop4,time,timeloss0,timeloss1,timeloss2,timeloss3,timeloss4,travel0,travel1,travel2,travel3,travel4,wait0,wait1,wait2,wait3,wait4,rssslll_rrsssl_rsssssl_rsl_0,rssslll_rrsssl_rsssssl_rsl_1,rssslll_rrsssl_rsssssl_rsl_2,rssslll_rrsssl_rsssssl_rsl_3,performance measure
0,7,3,1,3,6,1,2,3,7,1,1,5,3,1,1,1,rssslll_rrsssl_rsssssl_rsl,146.0,510.0,77.0,183.0,254.0,664.0,554.0,317.0,262.0,259.0,283.0,254.0,10.0,10.0,10.0,10.0,8.917207964200996,8.851872375557672,8.877603242724165,8.854818199953842,8.901971679463308,0.824782951854775,0.8773584905660378,0.8473926380368099,0.8887973640856672,0.8589540412044374,3.548032283782959,25.027916337805824,26.31011006289308,26.006342024539826,27.54754530477756,26.096822503961913,69.74191002367797,71.01415094339623,70.7239263803681,72.23064250411862,70.77258320126784,16.732438831886345,17.71383647798742,17.51457055214724,18.735584843492585,17.496038034865293,10.0,10.0,10.0,10.0,17.638493748075778
