,1,1l,1r,1s,2,2l,2r,2s,3,3l,3r,3s,4,4l,4r,4s,id,1_2,1_3,1_4,2_1,2_3,2_4,3_1,3_2,3_4,4_1,4_2,4_3,p1,p2,p3,p4,speed0,speed1,speed2,speed3,speed4,stop0,stop1,stop2,stop3,stop4,time,timeloss0,timeloss1,timeloss2,timeloss3,timeloss4,travel0,travel1,travel2,travel3,travel4,wait0,wait1,wait2,wait3,wait4,rsl_rsl_rsssl_rsl_0,rsl_rsl_rsssl_rsl_1,rsl_rsl_rsssl_rsl_2,rsl_rsl_rsssl_rsl_3,performance measure
0,3,1,1,1,3,1,1,1,5,1,1,3,3,1,1,1,rsl_rsl_rsssl_rsl,70.0,161.0,52.0,152.0,315.0,281.0,806.0,67.0,43.0,303.0,329.0,163.0,5.0,15.0,15.0,15.0,8.700267089439826,8.552631129479776,8.525682712385176,8.690880463635517,8.729255148857355,0.837108953613808,0.8389830508474576,0.8502673796791443,0.8175598631698974,0.8153005464480875,3.0937390327453613,27.725587918015115,27.948940677966096,29.2597219251337,27.373432155074127,26.629191256830616,72.85436893203884,73.09745762711864,74.40855614973262,72.460661345496,71.79234972677595,18.99460625674218,19.31779661016949,20.6,18.765108323831242,18.18469945355191,5.0,15.0,15.0,15.0,19.172442128858965
