,1,1l,1r,1s,2,2l,2r,2s,3,3l,3r,3s,4,4l,4r,4s,id,1_2,1_3,1_4,2_1,2_3,2_4,3_1,3_2,3_4,4_1,4_2,4_3,p1,p2,p3,p4,speed0,speed1,speed2,speed3,speed4,stop0,stop1,stop2,stop3,stop4,time,timeloss0,timeloss1,timeloss2,timeloss3,timeloss4,travel0,travel1,travel2,travel3,travel4,wait0,wait1,wait2,wait3,wait4,rsl_rsssl_rssssl_rssll_0,rsl_rsssl_rssssl_rssll_1,rsl_rsssl_rssssl_rssll_2,rsl_rsssl_rssssl_rssll_3,performance measure
0,3,1,1,1,5,1,1,3,6,1,1,4,5,2,1,2,rsl_rsssl_rssssl_rssll,292.0,279.0,61.0,222.0,210.0,905.0,889.0,37.0,202.0,367.0,300.0,98.0,15.0,15.0,10.0,15.0,8.680015142513748,8.351532029995077,8.401479378835292,8.44541488746381,8.666344383659702,0.7941869599371564,0.8686408504176157,0.8572490706319703,0.8593996840442338,0.7879499217527387,3.5412564277648926,27.579379418696018,31.264100227790482,30.864609665427523,32.345971563981074,27.49877151799687,72.57659073055774,76.24753227031131,75.84684014869889,77.35071090047393,72.46948356807512,19.42026708562451,22.64540622627183,22.190334572490706,23.561611374407583,19.35211267605634,15.0,15.0,10.0,15.0,21.43394638697019
