,1,1l,1r,1s,2,2l,2r,2s,3,3l,3r,3s,4,4l,4r,4s,id,1_2,1_3,1_4,2_1,2_3,2_4,3_1,3_2,3_4,4_1,4_2,4_3,p1,p2,p3,p4,speed0,speed1,speed2,speed3,speed4,stop0,stop1,stop2,stop3,stop4,time,timeloss0,timeloss1,timeloss2,timeloss3,timeloss4,travel0,travel1,travel2,travel3,travel4,wait0,wait1,wait2,wait3,wait4,rsl_rsssl_rssssl_rssll_0,rsl_rsssl_rssssl_rssll_1,rsl_rsssl_rssssl_rssll_2,rsl_rsssl_rssssl_rssll_3,performance measure
0,3,1,1,1,5,1,1,3,6,1,1,4,5,2,1,2,rsl_rsssl_rssssl_rssll,69.0,100.0,73.0,164.0,200.0,1052.0,191.0,100.0,47.0,489.0,441.0,110.0,5.0,5.0,10.0,15.0,9.594501325166966,9.480365055436774,9.556457713452598,9.541781036736555,9.614172878408903,0.713026444662096,0.7298076923076923,0.7292250233426704,0.7311089303238469,0.7133004926108374,3.0231258869171143,19.15228207639568,20.216855769230758,19.767245564892637,19.486594700686975,19.056571428571434,64.13907933398629,65.22403846153846,64.73202614379085,64.48086359175663,64.01773399014779,11.778648383937316,12.703846153846154,12.181139122315592,11.813542688910697,11.600985221674877,5.0,5.0,10.0,15.0,12.015632314136928
