,1,1l,1r,1s,2,2l,2r,2s,3,3l,3r,3s,4,4l,4r,4s,id,1_2,1_3,1_4,2_1,2_3,2_4,3_1,3_2,3_4,4_1,4_2,4_3,p1,p2,p3,p4,speed0,speed1,speed2,speed3,speed4,stop0,stop1,stop2,stop3,stop4,time,timeloss0,timeloss1,timeloss2,timeloss3,timeloss4,travel0,travel1,travel2,travel3,travel4,wait0,wait1,wait2,wait3,wait4,rrssl_rrssl_rrsslll_rrsslll_0,rrssl_rrssl_rrsslll_rrsslll_1,rrssl_rrssl_rrsslll_rrsslll_2,rrssl_rrssl_rrsslll_rrsslll_3,performance measure
0,5,1,2,2,5,1,2,2,7,3,2,2,7,3,2,2,rrssl_rrssl_rrsslll_rrsslll,206.0,131.0,177.0,282.0,255.0,656.0,444.0,269.0,200.0,580.0,474.0,505.0,10.0,10.0,15.0,15.0,8.871493520437395,8.922955529674912,8.886093093267036,8.904388931544942,9.105795649902065,0.813324080499653,0.7652050919377652,0.7997237569060773,0.7865412445730825,0.739568345323741,3.999080181121826,27.270444136016685,25.020834512022645,25.757803867403336,25.904044862518084,23.18446043165467,71.87022900763358,69.62871287128714,70.37914364640883,70.42981186685962,67.77985611510792,19.097154753643302,17.248231966053748,17.805939226519335,17.912445730824892,15.672661870503598,10.0,10.0,15.0,15.0,17.547286709508974
