,1,1l,1r,1s,2,2l,2r,2s,3,3l,3r,3s,4,4l,4r,4s,id,1_2,1_3,1_4,2_1,2_3,2_4,3_1,3_2,3_4,4_1,4_2,4_3,p1,p2,p3,p4,speed0,speed1,speed2,speed3,speed4,stop0,stop1,stop2,stop3,stop4,time,timeloss0,timeloss1,timeloss2,timeloss3,timeloss4,travel0,travel1,travel2,travel3,travel4,wait0,wait1,wait2,wait3,wait4,rsssll_rssl_rsslll_rrsl_0,rsssll_rssl_rsslll_rrsl_1,rsssll_rssl_rsslll_rrsl_2,rsssll_rssl_rsslll_rrsl_3,performance measure
0,6,2,1,3,4,1,1,2,6,3,1,2,4,1,2,1,rsssll_rssl_rsslll_rrsl,395.0,625.0,130.0,77.0,133.0,631.0,560.0,67.0,412.0,68.0,138.0,638.0,10.0,10.0,5.0,10.0,8.991596739688612,9.406427428244706,9.16363562101806,9.237123282437443,9.14481912935677,0.8732289336316182,0.747135217723453,0.8255382331106161,0.8511146496815286,0.8383838383838383,3.4660234451293945,25.475309470544392,20.6708861726509,23.138359317000763,24.22965764331212,23.895400155400132,70.24533929903058,65.42933537051184,67.93689680772086,68.98168789808918,68.66822066822067,16.819537658463833,13.089381207028266,14.932442464736452,15.987261146496815,15.575757575757576,10.0,10.0,5.0,10.0,15.280876010496588
