,1,1l,1r,1s,2,2l,2r,2s,3,3l,3r,3s,4,4l,4r,4s,id,1_2,1_3,1_4,2_1,2_3,2_4,3_1,3_2,3_4,4_1,4_2,4_3,p1,p2,p3,p4,speed0,speed1,speed2,speed3,speed4,stop0,stop1,stop2,stop3,stop4,time,timeloss0,timeloss1,timeloss2,timeloss3,timeloss4,travel0,travel1,travel2,travel3,travel4,wait0,wait1,wait2,wait3,wait4,rssll_rrsl_rsssl_rrsl_0,rssll_rrsl_rsssl_rrsl_1,rssll_rrsl_rsssl_rrsl_2,rssll_rrsl_rsssl_rrsl_3,performance measure
0,5,2,1,2,4,1,2,1,5,1,1,3,4,1,2,1,rssll_rrsl_rsssl_rrsl,228.0,696.0,202.0,447.0,105.0,108.0,259.0,59.0,135.0,179.0,262.0,590.0,10.0,15.0,10.0,10.0,9.117117726162169,9.18128801784145,9.236570695960205,9.314523112087134,9.09195064925886,0.7596830985915493,0.7381386861313869,0.75,0.7167630057803468,0.7928571428571428,2.9857964515686035,23.328107394366203,23.051468978102157,22.380473214285715,21.630250481695562,25.093473214285698,67.94366197183099,67.68704379562044,67.01696428571428,66.26685934489403,69.72678571428571,15.505281690140846,15.417883211678832,14.558035714285714,14.173410404624278,16.93125,10.0,15.0,10.0,10.0,15.317172204145933
