,1,1l,1r,1s,2,2l,2r,2s,3,3l,3r,3s,4,4l,4r,4s,id,1_2,1_3,1_4,2_1,2_3,2_4,3_1,3_2,3_4,4_1,4_2,4_3,p1,p2,p3,p4,speed0,speed1,speed2,speed3,speed4,stop0,stop1,stop2,stop3,stop4,time,timeloss0,timeloss1,timeloss2,timeloss3,timeloss4,travel0,travel1,travel2,travel3,travel4,wait0,wait1,wait2,wait3,wait4,rsl_rrsll_rsl_rslll_0,rsl_rrsll_rsl_rslll_1,rsl_rrsll_rsl_rslll_2,rsl_rrsll_rsl_rslll_3,performance measure
0,3,1,1,1,5,2,2,1,3,1,1,1,5,3,1,1,rsl_rrsll_rsl_rslll,160.0,358.0,214.0,239.0,192.0,157.0,95.0,99.0,243.0,533.0,249.0,145.0,10.0,15.0,10.0,10.0,8.850868187074216,8.851365654493463,8.656592286743026,8.806088270831586,8.75852068315343,0.8028477546549836,0.7943722943722944,0.8619599578503688,0.8599311136624569,0.8627027027027027,2.9836997985839844,25.700284775465462,25.7524134199134,28.10793466807163,28.224018369690047,28.560399999999998,70.70317634173055,70.80411255411255,73.13804004214963,73.20321469575201,73.50378378378379,17.582694414019716,17.555194805194805,19.410958904109588,19.53846153846154,19.74810810810811,10.0,15.0,10.0,10.0,18.76708355397875
