,1,1l,1r,1s,2,2l,2r,2s,3,3l,3r,3s,4,4l,4r,4s,id,1_2,1_3,1_4,2_1,2_3,2_4,3_1,3_2,3_4,4_1,4_2,4_3,p1,p2,p3,p4,speed0,speed1,speed2,speed3,speed4,stop0,stop1,stop2,stop3,stop4,time,timeloss0,timeloss1,timeloss2,timeloss3,timeloss4,travel0,travel1,travel2,travel3,travel4,wait0,wait1,wait2,wait3,wait4,rssl_rrsslll_rsl_rrsll_0,rssl_rrsslll_rsl_rrsll_1,rssl_rrsslll_rsl_rrsll_2,rssl_rrsslll_rsl_rrsll_3,performance measure
0,4,1,1,2,7,3,2,2,3,1,1,1,5,2,2,1,rssl_rrsslll_rsl_rrsll,135.0,140.0,178.0,287.0,516.0,415.0,257.0,316.0,48.0,467.0,299.0,181.0,5.0,10.0,10.0,10.0,8.998461799965307,9.174730864585863,9.226853905719455,9.361881757668934,9.287122724458879,0.983957219251337,0.8196573489630298,0.8302872062663186,0.768303985171455,0.8118279569892473,3.370281219482422,30.321818181818163,23.350171325518463,23.40345517841601,21.091890639480997,22.35882616487458,75.06773618538324,68.09107303877367,68.15926892950391,65.84800741427247,67.0725806451613,20.89483065953654,15.158701532912534,15.135770234986945,13.359592215013901,14.191756272401435,5.0,10.0,10.0,10.0,15.748130182970272
