,1,1l,1r,1s,2,2l,2r,2s,3,3l,3r,3s,4,4l,4r,4s,id,1_2,1_3,1_4,2_1,2_3,2_4,3_1,3_2,3_4,4_1,4_2,4_3,p1,p2,p3,p4,speed0,speed1,speed2,speed3,speed4,stop0,stop1,stop2,stop3,stop4,time,timeloss0,timeloss1,timeloss2,timeloss3,timeloss4,travel0,travel1,travel2,travel3,travel4,wait0,wait1,wait2,wait3,wait4,rssll_rrsl_rsssl_rrsl_0,rssll_rrsl_rsssl_rrsl_1,rssll_rrsl_rsssl_rrsl_2,rssll_rrsl_rsssl_rrsl_3,performance measure
0,5,2,1,2,4,1,2,1,5,1,1,3,4,1,2,1,rssll_rrsl_rsssl_rrsl,537.0,415.0,111.0,509.0,144.0,273.0,372.0,204.0,284.0,176.0,206.0,586.0,15.0,10.0,10.0,15.0,9.061657163829356,9.197780016888702,9.040284892830366,9.213654418077594,9.098762287661284,0.7411587659894657,0.706386292834891,0.7425515660809778,0.710236220472441,0.7303459119496856,3.6137325763702393,24.2877577125658,23.00126947040501,24.15653170359053,22.791480314960587,23.883836477987444,68.93002257336343,67.68380062305296,68.86325439266616,67.46456692913385,68.5495283018868,16.375470278404816,15.494548286604362,16.391138273491215,15.22992125984252,16.199685534591193,15.0,10.0,10.0,15.0,15.938152726586821
