,1,1l,1r,1s,2,2l,2r,2s,3,3l,3r,3s,4,4l,4r,4s,id,1_2,1_3,1_4,2_1,2_3,2_4,3_1,3_2,3_4,4_1,4_2,4_3,p1,p2,p3,p4,speed0,speed1,speed2,speed3,speed4,stop0,stop1,stop2,stop3,stop4,time,timeloss0,timeloss1,timeloss2,timeloss3,timeloss4,travel0,travel1,travel2,travel3,travel4,wait0,wait1,wait2,wait3,wait4,rsl_rsssl_rssssl_rssll_0,rsl_rsssl_rssssl_rssll_1,rsl_rsssl_rssssl_rssll_2,rsl_rsssl_rssssl_rssll_3,performance measure
0,3,1,1,1,5,1,1,3,6,1,1,4,5,2,1,2,rsl_rsssl_rssssl_rssll,64.0,303.0,250.0,270.0,299.0,807.0,1309.0,160.0,119.0,572.0,597.0,57.0,5.0,10.0,10.0,10.0,8.814597989094635,8.408876187160335,8.004769281630994,8.65412901731679,8.5676475558148,0.8966391883322765,1.0024449877750612,1.1430274135876044,0.9482428115015974,1.0036496350364963,4.343646287918091,25.92057070386814,30.336509779951104,34.866954707985684,27.815706070287625,29.553789537712873,70.92136968928345,75.37102689486552,79.86293206197854,72.8108626198083,74.5705596107056,17.0716550412175,20.466381418092908,24.03933253873659,18.47923322683706,19.624695863746958,5.0,10.0,10.0,10.0,19.9362596177262
