,1,1l,1r,1s,2,2l,2r,2s,3,3l,3r,3s,4,4l,4r,4s,id,1_2,1_3,1_4,2_1,2_3,2_4,3_1,3_2,3_4,4_1,4_2,4_3,p1,p2,p3,p4,speed0,speed1,speed2,speed3,speed4,stop0,stop1,stop2,stop3,stop4,time,timeloss0,timeloss1,timeloss2,timeloss3,timeloss4,travel0,travel1,travel2,travel3,travel4,wait0,wait1,wait2,wait3,wait4,rslll_rsl_rrslll_rsl_0,rslll_rsl_rrslll_rsl_1,rslll_rsl_rrslll_rsl_2,rslll_rsl_rrslll_rsl_3,performance measure
0,5,3,1,1,3,1,1,1,6,3,2,1,3,1,1,1,rslll_rsl_rrslll_rsl,834.0,82.0,283.0,204.0,76.0,66.0,259.0,292.0,382.0,241.0,272.0,256.0,10.0,10.0,10.0,10.0,8.840393911969969,8.396789562438103,8.749472439466103,8.904595959390264,8.888053215261342,0.8627622377622378,1.0071620411817368,0.8964285714285715,0.8134328358208955,0.8545941123996432,3.413947582244873,26.623977272727256,32.11599820948971,27.55004464285713,24.759710820895545,26.573050847457612,71.44493006993007,76.95344673231871,72.40267857142857,69.63432835820896,71.35057983942909,17.847902097902097,22.331244404655326,18.494642857142857,16.41231343283582,17.672613737734167,10.0,10.0,10.0,10.0,18.551743306054053
