,1,1l,1r,1s,2,2l,2r,2s,3,3l,3r,3s,4,4l,4r,4s,id,1_2,1_3,1_4,2_1,2_3,2_4,3_1,3_2,3_4,4_1,4_2,4_3,p1,p2,p3,p4,speed0,speed1,speed2,speed3,speed4,stop0,stop1,stop2,stop3,stop4,time,timeloss0,timeloss1,timeloss2,timeloss3,timeloss4,travel0,travel1,travel2,travel3,travel4,wait0,wait1,wait2,wait3,wait4,rssslll_rrsssl_rsssssl_rsl_0,rssslll_rrsssl_rsssssl_rsl_1,rssslll_rrsssl_rsssssl_rsl_2,rssslll_rrsssl_rsssssl_rsl_3,performance measure
0,7,3,1,3,6,1,2,3,7,1,1,5,3,1,1,1,rssslll_rrsssl_rsssssl_rsl,239.0,927.0,115.0,527.0,48.0,670.0,1430.0,182.0,76.0,96.0,245.0,79.0,5.0,15.0,5.0,10.0,9.662677223492224,9.688612836819654,9.742103608314402,9.692198325419156,9.607903224427655,0.7095300261096605,0.696186166774402,0.6891640866873066,0.7078052034689793,0.7279174725983236,4.093365430831909,18.377519582245444,18.28555268261149,17.796185758513953,18.232821881254146,19.168755641521596,63.19190600522193,63.14027149321267,62.62229102167183,63.0527018012008,64.00773694390716,10.987597911227153,10.92436974789916,10.458204334365325,10.873915943962642,11.57511283043198,5.0,15.0,5.0,10.0,10.963840153577252
