,1,1l,1r,1s,2,2l,2r,2s,3,3l,3r,3s,4,4l,4r,4s,id,1_2,1_3,1_4,2_1,2_3,2_4,3_1,3_2,3_4,4_1,4_2,4_3,p1,p2,p3,p4,speed0,speed1,speed2,speed3,speed4,stop0,stop1,stop2,stop3,stop4,time,timeloss0,timeloss1,timeloss2,timeloss3,timeloss4,travel0,travel1,travel2,travel3,travel4,wait0,wait1,wait2,wait3,wait4,rsssll_rssl_rsslll_rrsl_0,rsssll_rssl_rsslll_rrsl_1,rsssll_rssl_rsslll_rrsl_2,rsssll_rssl_rsslll_rrsl_3,performance measure
0,6,2,1,3,4,1,1,2,6,3,1,2,4,1,2,1,rsssll_rssl_rsslll_rrsl,499.0,932.0,103.0,261.0,274.0,135.0,316.0,49.0,885.0,294.0,160.0,462.0,10.0,10.0,10.0,5.0,8.873826280073315,8.733976085180378,8.532948343802317,8.859961045175327,8.822120563623423,0.8838622552329507,0.991198375084631,1.0516556291390728,0.8986534372785259,0.9362880886426593,3.695997714996338,25.082444294395696,30.505335138794827,31.899331125827807,25.827221828490433,27.33261080332414,69.95205941931128,75.39201083276913,76.78211920529802,70.68958185683913,72.19667590027701,16.39027683997299,21.02708192281652,21.93841059602649,16.902197023387668,18.309556786703602,10.0,10.0,10.0,5.0,18.913504633781457
