,1,1l,1r,1s,2,2l,2r,2s,3,3l,3r,3s,4,4l,4r,4s,id,1_2,1_3,1_4,2_1,2_3,2_4,3_1,3_2,3_4,4_1,4_2,4_3,p1,p2,p3,p4,speed0,speed1,speed2,speed3,speed4,stop0,stop1,stop2,stop3,stop4,time,timeloss0,timeloss1,timeloss2,timeloss3,timeloss4,travel0,travel1,travel2,travel3,travel4,wait0,wait1,wait2,wait3,wait4,rsl_rsl_rsssl_rsl_0,rsl_rsl_rsssl_rsl_1,rsl_rsl_rsssl_rsl_2,rsl_rsl_rsssl_rsl_3,performance measure
0,3,1,1,1,3,1,1,1,5,1,1,3,3,1,1,1,rsl_rsl_rsssl_rsl,64.0,223.0,300.0,307.0,251.0,285.0,146.0,200.0,71.0,260.0,112.0,69.0,5.0,10.0,10.0,10.0,8.97575863318557,8.989350739231854,9.096317368835278,9.158450485972738,9.160766826464313,0.9579617834394905,0.8361508452535761,0.844139650872818,0.8247282608695652,0.8348045397225725,2.689629077911377,28.54747770700635,24.074239271781543,23.58011221945133,23.521195652173926,23.753619167717535,73.43821656050956,68.93628088426527,68.42394014962593,68.3070652173913,68.58764186633039,18.587261146496814,15.555266579973992,15.053615960099751,14.857336956521738,15.023959646910466,5.0,10.0,10.0,10.0,15.81548805800055
