,1,1l,1r,1s,2,2l,2r,2s,3,3l,3r,3s,4,4l,4r,4s,id,1_2,1_3,1_4,2_1,2_3,2_4,3_1,3_2,3_4,4_1,4_2,4_3,p1,p2,p3,p4,speed0,speed1,speed2,speed3,speed4,stop0,stop1,stop2,stop3,stop4,time,timeloss0,timeloss1,timeloss2,timeloss3,timeloss4,travel0,travel1,travel2,travel3,travel4,wait0,wait1,wait2,wait3,wait4,rrsslll_rrsll_rsssl_rrsslll_0,rrsslll_rrsll_rsssl_rrsslll_1,rrsslll_rrsll_rsssl_rrsslll_2,rrsslll_rrsll_rsssl_rrsslll_3,performance measure
0,7,3,2,2,5,2,2,1,5,1,1,3,7,3,2,2,rrsslll_rrsll_rsssl_rrsslll,277.0,694.0,209.0,618.0,475.0,97.0,992.0,241.0,194.0,354.0,465.0,551.0,10.0,15.0,10.0,10.0,9.170561716622755,9.103783498952332,9.12643607892227,9.087807109877629,9.067099772993355,0.7307249712313003,0.7553747821034282,0.7484168105929764,0.7693704600484261,0.7636152954808807,4.073182821273804,22.337802071346406,22.834148750726364,22.617818077144506,23.450223970944283,23.402195828505203,66.87629459148447,67.41836141778036,67.19401266551526,67.98668280871671,67.93974507531865,14.50402761795167,14.960488088320744,14.724237190558433,15.433414043583536,15.549826187717265,10.0,15.0,10.0,10.0,15.034398625626329
