,1,1l,1r,1s,2,2l,2r,2s,3,3l,3r,3s,4,4l,4r,4s,id,1_2,1_3,1_4,2_1,2_3,2_4,3_1,3_2,3_4,4_1,4_2,4_3,p1,p2,p3,p4,speed0,speed1,speed2,speed3,speed4,stop0,stop1,stop2,stop3,stop4,time,timeloss0,timeloss1,timeloss2,timeloss3,timeloss4,travel0,travel1,travel2,travel3,travel4,wait0,wait1,wait2,wait3,wait4,rsssll_rssl_rsslll_rrsl_0,rsssll_rssl_rsslll_rrsl_1,rsssll_rssl_rsslll_rrsl_2,rsssll_rssl_rsslll_rrsl_3,performance measure
0,6,2,1,3,4,1,1,2,6,3,1,2,4,1,2,1,rsssll_rssl_rsslll_rrsl,133.0,337.0,248.0,48.0,172.0,483.0,495.0,102.0,232.0,123.0,76.0,637.0,5.0,10.0,10.0,10.0,9.33826828824474,9.488717939119113,9.553323808733754,9.605610985468617,9.574569716778527,0.7583774250440917,0.7172211350293543,0.7318435754189944,0.7101879327398615,0.7182425978987583,2.8437304496765137,20.85433862433865,19.549315068493144,19.00071694599628,18.546023738872425,18.730229226361033,65.45149911816578,64.21428571428571,63.66201117318436,63.24925816023739,63.35434574976122,13.106701940035274,12.21037181996086,11.638733705772811,11.189910979228486,11.362941738299904,5.0,10.0,10.0,10.0,11.901732036659466
