,1,1l,1r,1s,2,2l,2r,2s,3,3l,3r,3s,4,4l,4r,4s,id,1_2,1_3,1_4,2_1,2_3,2_4,3_1,3_2,3_4,4_1,4_2,4_3,p1,p2,p3,p4,speed0,speed1,speed2,speed3,speed4,stop0,stop1,stop2,stop3,stop4,time,timeloss0,timeloss1,timeloss2,timeloss3,timeloss4,travel0,travel1,travel2,travel3,travel4,wait0,wait1,wait2,wait3,wait4,rrsslll_rrsll_rsssl_rrsslll_0,rrsslll_rrsll_rsssl_rrsslll_1,rrsslll_rrsll_rsssl_rrsslll_2,rrsslll_rrsll_rsssl_rrsslll_3,performance measure
0,7,3,2,2,5,2,2,1,5,1,1,3,7,3,2,2,rrsslll_rrsll_rsssl_rrsslll,218.0,252.0,322.0,618.0,418.0,311.0,250.0,141.0,208.0,806.0,208.0,121.0,10.0,5.0,10.0,10.0,9.197140327076898,9.209751057712772,8.961277241745274,9.392485058308148,9.191489492174238,0.9307984790874525,0.8033282904689864,0.9559471365638766,0.7642023346303501,0.8493975903614458,3.6125552654266357,27.016296577946775,22.269568835098326,28.538494860499256,20.718793774319057,24.35652108433736,71.58250950570343,66.83434190620272,73.12701908957416,65.2715953307393,68.89909638554217,17.48745247148289,14.46142208774584,19.62922173274596,13.043579766536965,16.058734939759034,10.0,5.0,10.0,10.0,16.136082199654137
