,1,1l,1r,1s,2,2l,2r,2s,3,3l,3r,3s,4,4l,4r,4s,id,1_2,1_3,1_4,2_1,2_3,2_4,3_1,3_2,3_4,4_1,4_2,4_3,p1,p2,p3,p4,speed0,speed1,speed2,speed3,speed4,stop0,stop1,stop2,stop3,stop4,time,timeloss0,timeloss1,timeloss2,timeloss3,timeloss4,travel0,travel1,travel2,travel3,travel4,wait0,wait1,wait2,wait3,wait4,rrsssll_rsl_rsl_rrsll_0,rrsssll_rsl_rsl_rrsll_1,rrsssll_rsl_rsl_rrsll_2,rrsssll_rsl_rsl_rrsll_3,performance measure
0,7,2,2,3,3,1,1,1,3,1,1,1,5,2,2,1,rrsssll_rsl_rsl_rrsll,529.0,622.0,335.0,63.0,305.0,321.0,206.0,92.0,264.0,640.0,308.0,534.0,15.0,10.0,15.0,15.0,8.263950610446827,8.105609490623745,8.228357141995824,8.540763502576814,8.36694701229187,0.9322736696613684,0.8957182320441989,0.8972413793103449,0.8114874815905744,0.8562138728323699,3.7840311527252197,35.47727712508636,33.3564917127072,33.76403448275863,29.713276877761395,31.633287572254293,80.31444367657222,78.271408839779,78.6703448275862,74.51472754050074,76.47398843930635,25.79889426399447,24.089088397790054,24.45448275862069,21.02503681885125,22.68135838150289,15.0,10.0,15.0,15.0,23.609772124151867
