,1,1l,1r,1s,2,2l,2r,2s,3,3l,3r,3s,4,4l,4r,4s,id,1_2,1_3,1_4,2_1,2_3,2_4,3_1,3_2,3_4,4_1,4_2,4_3,p1,p2,p3,p4,speed0,speed1,speed2,speed3,speed4,stop0,stop1,stop2,stop3,stop4,time,timeloss0,timeloss1,timeloss2,timeloss3,timeloss4,travel0,travel1,travel2,travel3,travel4,wait0,wait1,wait2,wait3,wait4,rrsslll_rrsll_rsssl_rrsslll_0,rrsslll_rrsll_rsssl_rrsslll_1,rrsslll_rrsll_rsssl_rrsslll_2,rrsslll_rrsll_rsssl_rrsslll_3,performance measure
0,7,3,2,2,5,2,2,1,5,1,1,3,7,3,2,2,rrsslll_rrsll_rsssl_rrsslll,907.0,470.0,180.0,477.0,586.0,188.0,161.0,194.0,42.0,890.0,317.0,498.0,15.0,10.0,15.0,10.0,8.944991871288854,8.991492900995139,8.800699810650734,8.984544197373502,8.79984782863027,0.7774445110977805,0.7578502415458938,0.7869822485207101,0.7431693989071039,0.7929782082324455,4.031078338623047,25.149424115176902,24.08054951690829,26.033579881656784,24.2904189435337,26.392506053268768,69.79724055188962,68.76871980676329,70.72307692307692,68.95749848208865,71.046004842615,17.08218356328734,16.179347826086957,17.805325443786984,16.289010321797207,18.234866828087167,15.0,10.0,15.0,10.0,17.118146796609132
