,1,1l,1r,1s,2,2l,2r,2s,3,3l,3r,3s,4,4l,4r,4s,id,1_2,1_3,1_4,2_1,2_3,2_4,3_1,3_2,3_4,4_1,4_2,4_3,p1,p2,p3,p4,speed0,speed1,speed2,speed3,speed4,stop0,stop1,stop2,stop3,stop4,time,timeloss0,timeloss1,timeloss2,timeloss3,timeloss4,travel0,travel1,travel2,travel3,travel4,wait0,wait1,wait2,wait3,wait4,rrslll_rssll_rsl_rssssll_0,rrslll_rssll_rsl_rssssll_1,rrslll_rssll_rsl_rssssll_2,rrslll_rssll_rsl_rssssll_3,performance measure
0,6,3,2,1,5,2,1,2,3,1,1,1,7,2,1,4,rrslll_rssll_rsl_rssssll,493.0,131.0,225.0,217.0,134.0,323.0,314.0,96.0,300.0,175.0,419.0,297.0,10.0,10.0,5.0,10.0,9.180361657027369,9.325463949192105,9.136161267505974,8.92950039966084,9.193554070798271,0.8137164040778498,0.7912297426120114,0.8472222222222222,0.9408866995073891,0.8320610687022901,2.966733694076538,23.47676552363296,22.24299332697807,23.99797222222225,27.556995073891624,22.935896946564913,68.15940685820203,66.91801715919924,68.66018518518518,72.28374384236453,67.60687022900764,15.207599629286376,14.296472831267874,15.485185185185186,18.339901477832512,14.853053435114504,10.0,10.0,5.0,10.0,15.63644251173729
