,1,1l,1r,1s,2,2l,2r,2s,3,3l,3r,3s,4,4l,4r,4s,id,1_2,1_3,1_4,2_1,2_3,2_4,3_1,3_2,3_4,4_1,4_2,4_3,p1,p2,p3,p4,speed0,speed1,speed2,speed3,speed4,stop0,stop1,stop2,stop3,stop4,time,timeloss0,timeloss1,timeloss2,timeloss3,timeloss4,travel0,travel1,travel2,travel3,travel4,wait0,wait1,wait2,wait3,wait4,rsssll_rssl_rsslll_rrsl_0,rsssll_rssl_rsslll_rrsl_1,rsssll_rssl_rsslll_rrsl_2,rsssll_rssl_rsslll_rrsl_3,performance measure
0,6,2,1,3,4,1,1,2,6,3,1,2,4,1,2,1,rsssll_rssl_rsslll_rrsl,134.0,705.0,174.0,191.0,163.0,84.0,712.0,257.0,728.0,318.0,244.0,235.0,10.0,15.0,15.0,10.0,8.786534995461185,8.58287763690124,8.272123202577225,8.451560825046784,8.459045579490402,0.7916666666666666,0.8420652999240699,0.924219910846954,0.9024390243902439,0.8695652173913043,3.7320380210876465,26.452053030303063,28.526719817767695,33.24453194650815,32.17432520325208,30.178017686072174,71.225,73.28777524677297,78.09063893016345,76.9560975609756,74.95210022107591,18.263636363636362,19.995444191343964,24.10475482912333,23.196747967479673,21.436256448047164,10.0,15.0,15.0,10.0,21.3993679599261
