,1,1l,1r,1s,2,2l,2r,2s,3,3l,3r,3s,4,4l,4r,4s,id,1_2,1_3,1_4,2_1,2_3,2_4,3_1,3_2,3_4,4_1,4_2,4_3,p1,p2,p3,p4,speed0,speed1,speed2,speed3,speed4,stop0,stop1,stop2,stop3,stop4,time,timeloss0,timeloss1,timeloss2,timeloss3,timeloss4,travel0,travel1,travel2,travel3,travel4,wait0,wait1,wait2,wait3,wait4,rsl_rsssl_rssssl_rssll_0,rsl_rsssl_rssssl_rssll_1,rsl_rsssl_rssssl_rssll_2,rsl_rsssl_rssssl_rssll_3,performance measure
0,3,1,1,1,5,1,1,3,6,1,1,4,5,2,1,2,rsl_rsssl_rssssl_rssll,229.0,162.0,89.0,311.0,170.0,197.0,1376.0,133.0,94.0,570.0,141.0,315.0,10.0,15.0,15.0,5.0,8.724127023900046,8.875196399781597,8.759372904608925,9.063101744644943,9.049450191180926,0.8645262333594361,0.8130268199233717,0.8488284202569917,0.7722534081796311,0.7700320512820513,3.408080577850342,28.2827564604542,25.387670498084262,26.65852607709753,23.243336006415383,23.362179487179493,73.10728269381363,70.23141762452107,71.48299319727892,68.04651162790698,68.20753205128206,19.35708692247455,16.92873563218391,17.679516250944822,15.0,15.240384615384615,10.0,15.0,15.0,5.0,16.84114468419758
