,1,1l,1r,1s,2,2l,2r,2s,3,3l,3r,3s,4,4l,4r,4s,id,1_2,1_3,1_4,2_1,2_3,2_4,3_1,3_2,3_4,4_1,4_2,4_3,p1,p2,p3,p4,speed0,speed1,speed2,speed3,speed4,stop0,stop1,stop2,stop3,stop4,time,timeloss0,timeloss1,timeloss2,timeloss3,timeloss4,travel0,travel1,travel2,travel3,travel4,wait0,wait1,wait2,wait3,wait4,rsl_rsl_rsl_rrssssl_0,rsl_rsl_rsl_rrssssl_1,rsl_rsl_rsl_rrssssl_2,rsl_rsl_rsl_rrssssl_3,performance measure
0,3,1,1,1,3,1,1,1,3,1,1,1,7,1,2,4,rsl_rsl_rsl_rrssssl,276.0,331.0,49.0,177.0,212.0,221.0,315.0,159.0,202.0,219.0,779.0,619.0,15.0,15.0,10.0,10.0,8.49815733253389,8.43343259470964,8.389245862465172,8.58205105847169,8.50044201406603,0.9225122349102773,0.8808933002481389,0.8824013157894737,0.8777292576419214,0.8436213991769548,3.520794153213501,33.454926590538356,30.816104218362337,31.247253289473676,31.211021834061093,29.063366255144025,78.2969004893964,75.64019851116625,76.11348684210526,75.97467248908296,73.87078189300412,23.715334420880914,21.946236559139784,22.28125,22.092576419213973,20.34567901234568,15.0,15.0,10.0,10.0,22.07621528231607
