,1,1l,1r,1s,2,2l,2r,2s,3,3l,3r,3s,4,4l,4r,4s,id,1_2,1_3,1_4,2_1,2_3,2_4,3_1,3_2,3_4,4_1,4_2,4_3,p1,p2,p3,p4,speed0,speed1,speed2,speed3,speed4,stop0,stop1,stop2,stop3,stop4,time,timeloss0,timeloss1,timeloss2,timeloss3,timeloss4,travel0,travel1,travel2,travel3,travel4,wait0,wait1,wait2,wait3,wait4,rssslll_rssll_rsssl_rrssl_0,rssslll_rssll_rsssl_rrssl_1,rssslll_rssll_rsssl_rrssl_2,rssslll_rssll_rsssl_rrssl_3,performance measure
0,7,3,1,3,5,2,1,2,5,1,1,3,5,1,2,2,rssslll_rssll_rsssl_rrssl,719.0,323.0,156.0,127.0,290.0,144.0,803.0,111.0,248.0,220.0,234.0,625.0,10.0,10.0,10.0,5.0,9.307197259137247,9.370483443802435,9.298974409656111,9.398191308429064,9.386518325602536,0.7654320987654321,0.7533333333333333,0.7964601769911505,0.751145038167939,0.78419452887538,3.702249526977539,21.038220769789405,20.98179259259262,21.23264749262538,20.448511450381698,20.897651975683893,65.68482207697895,65.6525925925926,65.96165191740413,65.08854961832061,65.53951367781156,13.314451706608569,13.34074074074074,13.293510324483776,12.784732824427481,13.195288753799392,10.0,10.0,10.0,5.0,13.185744870011991
