,1,1l,1r,1s,2,2l,2r,2s,3,3l,3r,3s,4,4l,4r,4s,id,1_2,1_3,1_4,2_1,2_3,2_4,3_1,3_2,3_4,4_1,4_2,4_3,p1,p2,p3,p4,speed0,speed1,speed2,speed3,speed4,stop0,stop1,stop2,stop3,stop4,time,timeloss0,timeloss1,timeloss2,timeloss3,timeloss4,travel0,travel1,travel2,travel3,travel4,wait0,wait1,wait2,wait3,wait4,rsssssl_rsl_rrsslll_rsssll_0,rsssssl_rsl_rrsslll_rsssll_1,rsssssl_rsl_rrsslll_rsssll_2,rsssssl_rsl_rrsslll_rsssll_3,performance measure
0,7,1,1,5,3,1,1,1,7,3,2,2,6,2,1,3,rsssssl_rsl_rrsslll_rsssll,303.0,536.0,140.0,191.0,255.0,151.0,332.0,589.0,438.0,307.0,915.0,103.0,10.0,5.0,10.0,10.0,8.715151505375198,8.623681673154499,8.636685129381606,8.857658945359969,8.906472205344867,1.089943342776204,1.0161516853932584,1.0308310991957104,0.9829503335804299,0.9069767441860465,3.9196321964263916,33.79958923512748,31.25589887640449,31.408599195710444,30.409065974796153,26.761268498942925,78.45892351274787,75.95014044943821,76.10522788203754,75.07487027427725,71.45031712473573,23.738668555240793,21.84199438202247,21.65013404825737,21.22164566345441,18.14658210007047,10.0,5.0,10.0,10.0,21.319804949809104
