,1,1l,1r,1s,2,2l,2r,2s,3,3l,3r,3s,4,4l,4r,4s,id,1_2,1_3,1_4,2_1,2_3,2_4,3_1,3_2,3_4,4_1,4_2,4_3,p1,p2,p3,p4,speed0,speed1,speed2,speed3,speed4,stop0,stop1,stop2,stop3,stop4,time,timeloss0,timeloss1,timeloss2,timeloss3,timeloss4,travel0,travel1,travel2,travel3,travel4,wait0,wait1,wait2,wait3,wait4,rrsslll_rrsll_rsssl_rrsslll_0,rrsslll_rrsll_rsssl_rrsslll_1,rrsslll_rrsll_rsssl_rrsslll_2,rrsslll_rrsll_rsssl_rrsslll_3,performance measure
0,7,3,2,2,5,2,2,1,5,1,1,3,7,3,2,2,rrsslll_rrsll_rsssl_rrsslll,850.0,585.0,483.0,536.0,455.0,264.0,437.0,99.0,271.0,327.0,374.0,643.0,10.0,10.0,10.0,10.0,8.916673647920405,8.627259182458683,8.576674269651098,9.049466333299627,8.833440989488581,0.8887052341597796,0.933993399339934,0.9430309734513275,0.8100399315459212,0.8662528216704289,4.499501466751099,28.126347107438015,29.156380638063823,30.389878318583996,24.144911580148317,26.617031602708813,72.57355371900826,73.67161716171617,74.93473451327434,68.64232743867656,71.10948081264108,18.988980716253444,20.026402640264028,21.037610619469028,15.996006845407873,18.02708803611738,10.0,10.0,10.0,10.0,18.81521777150235
