,1,1l,1r,1s,2,2l,2r,2s,3,3l,3r,3s,4,4l,4r,4s,id,1_2,1_3,1_4,2_1,2_3,2_4,3_1,3_2,3_4,4_1,4_2,4_3,p1,p2,p3,p4,speed0,speed1,speed2,speed3,speed4,stop0,stop1,stop2,stop3,stop4,time,timeloss0,timeloss1,timeloss2,timeloss3,timeloss4,travel0,travel1,travel2,travel3,travel4,wait0,wait1,wait2,wait3,wait4,rsl_rsssl_rssssl_rssll_0,rsl_rsssl_rssssl_rssll_1,rsl_rsssl_rssssl_rssll_2,rsl_rsssl_rssssl_rssll_3,performance measure
0,3,1,1,1,5,1,1,3,6,1,1,4,5,2,1,2,rsl_rsssl_rssssl_rssll,62.0,310.0,124.0,50.0,185.0,362.0,1079.0,83.0,193.0,646.0,110.0,46.0,10.0,15.0,15.0,10.0,8.900434760649603,8.700122686115266,8.664020920908182,8.718724565041889,8.805419631037898,0.7841011743450768,0.820353982300885,0.8272251308900523,0.8200562324273665,0.7920148560817084,3.236125946044922,25.138644986449858,26.77032743362834,27.37735602094239,27.153955014058102,25.99006499535747,70.19421860885275,71.81681415929204,72.46771378708551,72.2427366447985,71.06870937790158,17.14363143631436,18.364601769911506,19.047993019197207,18.824742268041238,17.855153203342617,10.0,15.0,15.0,10.0,18.247224339361384
