,1,1l,1r,1s,2,2l,2r,2s,3,3l,3r,3s,4,4l,4r,4s,id,1_2,1_3,1_4,2_1,2_3,2_4,3_1,3_2,3_4,4_1,4_2,4_3,p1,p2,p3,p4,speed0,speed1,speed2,speed3,speed4,stop0,stop1,stop2,stop3,stop4,time,timeloss0,timeloss1,timeloss2,timeloss3,timeloss4,travel0,travel1,travel2,travel3,travel4,wait0,wait1,wait2,wait3,wait4,rsl_rssslll_rrsssl_rsslll_0,rsl_rssslll_rrsssl_rsslll_1,rsl_rssslll_rrsssl_rsslll_2,rsl_rssslll_rrsssl_rsslll_3,performance measure
0,3,1,1,1,7,3,1,3,6,1,2,3,6,3,1,2,rsl_rssslll_rrsssl_rsslll,98.0,126.0,118.0,134.0,860.0,485.0,205.0,175.0,157.0,222.0,694.0,312.0,5.0,5.0,10.0,10.0,9.256199125390513,9.529554375997442,9.217161106865133,9.418366236446191,9.440977679711471,0.8798727128082736,0.775290215588723,0.8889789303079416,0.8549874266554903,0.7965686274509803,3.179521083831787,24.335672235481294,19.81514096185741,23.7564748784441,23.37854987426655,20.72465686274509,69.05887032617343,64.5240464344942,68.46677471636953,68.07627829002514,65.46078431372548,15.840095465393794,12.035655058043117,15.30064829821718,15.06035205364627,12.819444444444445,5.0,5.0,10.0,10.0,14.21123906394896
