,1,1l,1r,1s,2,2l,2r,2s,3,3l,3r,3s,4,4l,4r,4s,id,1_2,1_3,1_4,2_1,2_3,2_4,3_1,3_2,3_4,4_1,4_2,4_3,p1,p2,p3,p4,speed0,speed1,speed2,speed3,speed4,stop0,stop1,stop2,stop3,stop4,time,timeloss0,timeloss1,timeloss2,timeloss3,timeloss4,travel0,travel1,travel2,travel3,travel4,wait0,wait1,wait2,wait3,wait4,rsssssl_rssssll_rsl_rssll_0,rsssssl_rssssll_rsl_rssll_1,rsssssl_rssssll_rsl_rssll_2,rsssssl_rssssll_rsl_rssll_3,performance measure
0,7,1,1,5,7,2,1,4,3,1,1,1,5,2,1,2,rsssssl_rssssll_rsl_rssll,256.0,1073.0,66.0,80.0,254.0,1367.0,325.0,39.0,323.0,186.0,407.0,114.0,15.0,15.0,10.0,15.0,8.483916801479294,8.511027498366518,8.298491249891951,8.314644114484649,8.507025100423768,0.8377104377104377,0.8256578947368421,0.883183568677792,0.8933697881066303,0.8228454172366622,3.923410654067993,29.579454545454507,28.968888157894714,31.7669640564827,32.44302118933695,28.782291381668944,74.66734006734006,74.03815789473684,76.801026957638,77.50649350649351,73.84952120383036,20.924579124579125,20.425,22.64698331193838,23.260423786739576,20.305061559507525,15.0,15.0,10.0,15.0,21.51240955655292
