,1,1l,1r,1s,2,2l,2r,2s,3,3l,3r,3s,4,4l,4r,4s,id,1_2,1_3,1_4,2_1,2_3,2_4,3_1,3_2,3_4,4_1,4_2,4_3,p1,p2,p3,p4,speed0,speed1,speed2,speed3,speed4,stop0,stop1,stop2,stop3,stop4,time,timeloss0,timeloss1,timeloss2,timeloss3,timeloss4,travel0,travel1,travel2,travel3,travel4,wait0,wait1,wait2,wait3,wait4,rsl_rsssssl_rsll_rrssl_0,rsl_rsssssl_rsll_rrssl_1,rsl_rsssssl_rsll_rrssl_2,rsl_rsssssl_rsll_rrssl_3,performance measure
0,3,1,1,1,7,1,1,5,4,2,1,1,5,1,2,2,rsl_rsssssl_rsll_rrssl,187.0,251.0,166.0,128.0,194.0,1491.0,287.0,196.0,80.0,170.0,525.0,467.0,10.0,15.0,10.0,15.0,8.891509670626645,8.84533671690248,8.936781085480016,8.981976396489651,8.96507668466425,0.7987243090007087,0.7936962750716332,0.7723749119097957,0.7728285077951003,0.7616654702081838,3.859720468521118,26.145683912119033,26.310042979942693,25.278555320648305,25.43414253897551,24.21508255563532,71.06024096385542,71.17191977077364,70.20648343904158,70.28285077951003,69.1292175161522,17.80226789510985,18.070916905444125,17.095137420718817,17.35040831477357,16.216798277099784,10.0,15.0,10.0,15.0,17.307105762629227
