,1,1l,1r,1s,2,2l,2r,2s,3,3l,3r,3s,4,4l,4r,4s,id,1_2,1_3,1_4,2_1,2_3,2_4,3_1,3_2,3_4,4_1,4_2,4_3,p1,p2,p3,p4,speed0,speed1,speed2,speed3,speed4,stop0,stop1,stop2,stop3,stop4,time,timeloss0,timeloss1,timeloss2,timeloss3,timeloss4,travel0,travel1,travel2,travel3,travel4,wait0,wait1,wait2,wait3,wait4,rsl_rsssssl_rsll_rrssl_0,rsl_rsssssl_rsll_rrssl_1,rsl_rsssssl_rsll_rrssl_2,rsl_rsssssl_rsll_rrssl_3,performance measure
0,3,1,1,1,7,1,1,5,4,2,1,1,5,1,2,2,rsl_rsssssl_rsll_rrssl,196.0,302.0,106.0,105.0,251.0,1106.0,253.0,201.0,238.0,140.0,649.0,263.0,10.0,15.0,10.0,15.0,8.860448989043654,8.609473454132235,8.549406454501518,8.755957127688635,8.834077593359325,0.8073038073038074,0.8689818468823993,0.8987246811702926,0.9120967741935484,0.7945525291828793,3.2033231258392334,26.844009324009296,29.425240726124674,31.598537134283585,32.50797580645166,26.347042801556448,71.73659673659674,74.35753749013418,76.5026256564141,77.43225806451613,71.23735408560312,18.692307692307693,20.90370955011839,22.523630907726933,23.204032258064515,18.075486381322957,10.0,15.0,10.0,15.0,20.6798333579081
