,1,1l,1r,1s,2,2l,2r,2s,3,3l,3r,3s,4,4l,4r,4s,id,1_2,1_3,1_4,2_1,2_3,2_4,3_1,3_2,3_4,4_1,4_2,4_3,p1,p2,p3,p4,speed0,speed1,speed2,speed3,speed4,stop0,stop1,stop2,stop3,stop4,time,timeloss0,timeloss1,timeloss2,timeloss3,timeloss4,travel0,travel1,travel2,travel3,travel4,wait0,wait1,wait2,wait3,wait4,rsl_rsl_rsssl_rsl_0,rsl_rsl_rsssl_rsl_1,rsl_rsl_rsssl_rsl_2,rsl_rsl_rsssl_rsl_3,performance measure
0,3,1,1,1,3,1,1,1,5,1,1,3,3,1,1,1,rsl_rsl_rsssl_rsl,211.0,278.0,118.0,222.0,60.0,320.0,274.0,273.0,242.0,38.0,40.0,112.0,15.0,15.0,5.0,15.0,8.729988701146656,9.118659506310976,8.982739043718361,9.0338370179175,8.95654134591632,0.8350515463917526,0.7236662106703147,0.7628607277289837,0.7350069735006973,0.7392996108949417,2.719120740890503,28.598234536082465,23.321477428180575,24.54397741530739,24.342412831241322,24.917496757457855,73.49742268041237,68.14227086183311,69.4504391468005,69.1255230125523,69.75486381322958,19.673969072164947,15.678522571819425,16.34504391468005,16.573221757322177,16.801556420233464,15.0,15.0,5.0,15.0,17.014462747244014
