,1,1l,1r,1s,2,2l,2r,2s,3,3l,3r,3s,4,4l,4r,4s,id,1_2,1_3,1_4,2_1,2_3,2_4,3_1,3_2,3_4,4_1,4_2,4_3,p1,p2,p3,p4,speed0,speed1,speed2,speed3,speed4,stop0,stop1,stop2,stop3,stop4,time,timeloss0,timeloss1,timeloss2,timeloss3,timeloss4,travel0,travel1,travel2,travel3,travel4,wait0,wait1,wait2,wait3,wait4,rrsll_rssl_rsssll_rsl_0,rrsll_rssl_rsssll_rsl_1,rrsll_rssl_rsssll_rsl_2,rrsll_rssl_rsssll_rsl_3,performance measure
0,5,2,2,1,4,1,1,2,6,2,1,3,3,1,1,1,rrsll_rssl_rsssll_rsl,232.0,282.0,309.0,108.0,233.0,401.0,884.0,277.0,583.0,131.0,244.0,200.0,15.0,15.0,10.0,10.0,8.792230580705793,8.624365698076826,8.55285438886812,8.616820808502307,8.73408926913283,0.8004518072289156,0.8504958047292144,0.8542899408284024,0.9268680445151033,0.8226415094339623,3.7254796028137207,26.868012048192767,29.238291380625434,29.86082100591715,32.76389507154213,28.31230188679245,71.75677710843374,74.11136536994661,74.78032544378698,77.66931637519873,73.1833962264151,18.577560240963855,20.696414950419527,21.206360946745562,23.345786963434023,19.913962264150943,15.0,15.0,10.0,10.0,20.748017073142783
