,1,1l,1r,1s,2,2l,2r,2s,3,3l,3r,3s,4,4l,4r,4s,id,1_2,1_3,1_4,2_1,2_3,2_4,3_1,3_2,3_4,4_1,4_2,4_3,p1,p2,p3,p4,speed0,speed1,speed2,speed3,speed4,stop0,stop1,stop2,stop3,stop4,time,timeloss0,timeloss1,timeloss2,timeloss3,timeloss4,travel0,travel1,travel2,travel3,travel4,wait0,wait1,wait2,wait3,wait4,rssl_rrsslll_rsl_rrsll_0,rssl_rrsslll_rsl_rrsll_1,rssl_rrsslll_rsl_rrsll_2,rssl_rrsslll_rsl_rrsll_3,performance measure
0,4,1,1,2,7,3,2,2,3,1,1,1,5,2,2,1,rssl_rrsslll_rsl_rrsll,176.0,584.0,302.0,276.0,886.0,598.0,50.0,273.0,265.0,233.0,133.0,596.0,15.0,15.0,15.0,15.0,8.534503621005435,8.626800217897667,8.494862006885922,8.656686146605809,8.515323940092797,0.781310837118754,0.7612551159618008,0.7907133243606999,0.7609929078014185,0.770875083500334,3.9374101161956787,28.796904607397778,28.03372442019097,29.27041722745625,27.673921985815568,29.028977955911753,73.56327060350422,72.84106412005457,74.08950201884252,72.45886524822696,73.82832331329325,20.38157040882544,19.789222373806275,20.860026917900402,19.43049645390071,20.685370741482966,15.0,15.0,15.0,15.0,20.22933737918316
