,1,1l,1r,1s,2,2l,2r,2s,3,3l,3r,3s,4,4l,4r,4s,id,1_2,1_3,1_4,2_1,2_3,2_4,3_1,3_2,3_4,4_1,4_2,4_3,p1,p2,p3,p4,speed0,speed1,speed2,speed3,speed4,stop0,stop1,stop2,stop3,stop4,time,timeloss0,timeloss1,timeloss2,timeloss3,timeloss4,travel0,travel1,travel2,travel3,travel4,wait0,wait1,wait2,wait3,wait4,rrsssll_rsl_rsl_rrsll_0,rrsssll_rsl_rsl_rrsll_1,rrsssll_rsl_rsl_rrsll_2,rrsssll_rsl_rsl_rrsll_3,performance measure
0,7,2,2,3,3,1,1,1,3,1,1,1,5,2,2,1,rrsssll_rsl_rsl_rrsll,277.0,369.0,536.0,88.0,319.0,242.0,272.0,203.0,127.0,545.0,250.0,442.0,5.0,10.0,10.0,10.0,8.637679685446363,8.608754223070624,8.678719843916234,8.838388228835647,9.076787754141495,0.9921691464369616,0.9721362229102167,1.00625488663018,0.9901071723000825,0.8497991967871485,3.5827362537384033,31.027314017227923,29.735518575851387,30.52955433932759,29.974113767518567,23.939598393574265,75.66953797963978,74.41486068111455,75.20406567630961,74.62242374278648,68.60160642570281,21.529365700861394,20.397058823529413,20.912431587177483,20.215993404781532,15.538152610441767,5.0,10.0,10.0,10.0,19.718600425358318
