,1,1l,1r,1s,2,2l,2r,2s,3,3l,3r,3s,4,4l,4r,4s,id,1_2,1_3,1_4,2_1,2_3,2_4,3_1,3_2,3_4,4_1,4_2,4_3,p1,p2,p3,p4,speed0,speed1,speed2,speed3,speed4,stop0,stop1,stop2,stop3,stop4,time,timeloss0,timeloss1,timeloss2,timeloss3,timeloss4,travel0,travel1,travel2,travel3,travel4,wait0,wait1,wait2,wait3,wait4,rssslll_rrsssl_rsssssl_rsl_0,rssslll_rrsssl_rsssssl_rsl_1,rssslll_rrsssl_rsssssl_rsl_2,rssslll_rrsssl_rsssssl_rsl_3,performance measure
0,7,3,1,3,6,1,2,3,7,1,1,5,3,1,1,1,rssslll_rrsssl_rsssssl_rsl,797.0,872.0,179.0,355.0,272.0,651.0,1677.0,138.0,52.0,61.0,351.0,41.0,15.0,15.0,10.0,15.0,8.528024248752237,8.263927904675253,8.379302476462318,8.531723575503996,8.327072953353962,0.8447794528196538,0.9292763157894737,0.9569482288828338,0.8861414606095457,0.9188293760353395,4.733283996582031,29.799927414852004,34.53064144736841,36.387160762942756,33.0510120759057,34.36097183876309,74.68620882188722,79.40186403508773,81.23215258855586,77.93329499712479,79.21038100496963,21.15466219988833,24.96984649122807,26.44141689373297,23.714203565267397,24.893981225842076,15.0,15.0,10.0,15.0,24.234822075191765
