,1,1l,1r,1s,2,2l,2r,2s,3,3l,3r,3s,4,4l,4r,4s,id,1_2,1_3,1_4,2_1,2_3,2_4,3_1,3_2,3_4,4_1,4_2,4_3,p1,p2,p3,p4,speed0,speed1,speed2,speed3,speed4,stop0,stop1,stop2,stop3,stop4,time,timeloss0,timeloss1,timeloss2,timeloss3,timeloss4,travel0,travel1,travel2,travel3,travel4,wait0,wait1,wait2,wait3,wait4,rsl_rsl_rsl_rrssll_0,rsl_rsl_rsl_rrssll_1,rsl_rsl_rsl_rrssll_2,rsl_rsl_rsl_rrssll_3,performance measure
0,3,1,1,1,3,1,1,1,3,1,1,1,6,2,2,2,rsl_rsl_rsl_rrssll,78.0,138.0,250.0,249.0,276.0,68.0,253.0,167.0,76.0,75.0,146.0,354.0,5.0,10.0,10.0,5.0,9.670141721814222,9.754254106940712,9.283691831184193,9.710730669942967,9.669217888880727,0.7217043941411452,0.6773743016759777,0.839095744680851,0.7090395480225988,0.7241379310344828,2.4053235054016113,18.407523302263638,17.530349162011177,22.005864361702162,19.018319209039515,18.067089655172403,63.03861517976032,62.13268156424581,66.66622340425532,63.61581920903955,62.72137931034483,10.838881491344873,10.13268156424581,13.625,11.26271186440678,10.237241379310344,5.0,10.0,10.0,5.0,11.219303259861562
