,1,1l,1r,1s,2,2l,2r,2s,3,3l,3r,3s,4,4l,4r,4s,id,1_2,1_3,1_4,2_1,2_3,2_4,3_1,3_2,3_4,4_1,4_2,4_3,p1,p2,p3,p4,speed0,speed1,speed2,speed3,speed4,stop0,stop1,stop2,stop3,stop4,time,timeloss0,timeloss1,timeloss2,timeloss3,timeloss4,travel0,travel1,travel2,travel3,travel4,wait0,wait1,wait2,wait3,wait4,rssll_rrssl_rssslll_rrssll_0,rssll_rrssl_rssslll_rrssll_1,rssll_rrssl_rssslll_rrssll_2,rssll_rrssl_rssslll_rrssll_3,performance measure
0,5,2,1,2,5,1,2,2,7,3,1,3,6,2,2,2,rssll_rrssl_rssslll_rrssll,246.0,517.0,294.0,322.0,192.0,270.0,534.0,61.0,769.0,152.0,126.0,157.0,10.0,10.0,10.0,5.0,9.19442508695611,9.342923341603388,9.219789158784945,9.337698284439199,9.352447572794363,0.9078303425774877,0.7758620689655172,0.8092259577795152,0.773972602739726,0.796,3.4322152137756348,27.289094616639467,21.248431855500794,22.165433932759967,20.95521404109588,21.775519999999986,71.97716150081565,65.97208538587849,66.8608287724785,65.65325342465754,66.4712,18.724306688417617,13.70279146141215,14.318217357310399,13.399828767123287,14.012,10.0,10.0,10.0,5.0,14.831428854852692
