,1,1l,1r,1s,2,2l,2r,2s,3,3l,3r,3s,4,4l,4r,4s,id,1_2,1_3,1_4,2_1,2_3,2_4,3_1,3_2,3_4,4_1,4_2,4_3,p1,p2,p3,p4,speed0,speed1,speed2,speed3,speed4,stop0,stop1,stop2,stop3,stop4,time,timeloss0,timeloss1,timeloss2,timeloss3,timeloss4,travel0,travel1,travel2,travel3,travel4,wait0,wait1,wait2,wait3,wait4,rrsssll_rsl_rsl_rrsll_0,rrsssll_rsl_rsl_rrsll_1,rrsssll_rsl_rsl_rrsll_2,rrsssll_rsl_rsl_rrsll_3,performance measure
0,7,2,2,3,3,1,1,1,3,1,1,1,5,2,2,1,rrsssll_rsl_rsl_rrsll,582.0,543.0,241.0,310.0,303.0,173.0,241.0,135.0,87.0,351.0,348.0,125.0,15.0,15.0,15.0,15.0,8.279422154651135,8.105572925694544,8.054520326857157,8.300440962320366,8.363242132969075,0.8318965517241379,0.91458153580673,0.8981101068200493,0.854262144821265,0.8288444830582102,3.5148239135742188,31.681801724137912,37.31728213977566,35.21074774034512,32.70571952337306,31.57651607297999,76.61810344827586,82.30198446937014,80.18159408381266,77.64802933088909,76.52823631624675,22.997413793103448,27.62381363244176,25.819227608874282,23.887259395050414,22.96437880104257,15.0,15.0,15.0,15.0,24.658418646102493
