,1,1l,1r,1s,2,2l,2r,2s,3,3l,3r,3s,4,4l,4r,4s,id,1_2,1_3,1_4,2_1,2_3,2_4,3_1,3_2,3_4,4_1,4_2,4_3,p1,p2,p3,p4,speed0,speed1,speed2,speed3,speed4,stop0,stop1,stop2,stop3,stop4,time,timeloss0,timeloss1,timeloss2,timeloss3,timeloss4,travel0,travel1,travel2,travel3,travel4,wait0,wait1,wait2,wait3,wait4,rsl_rsl_rsl_rrssll_0,rsl_rsl_rsl_rrssll_1,rsl_rsl_rsl_rrssll_2,rsl_rsl_rsl_rrssll_3,performance measure
0,3,1,1,1,3,1,1,1,3,1,1,1,6,2,2,2,rsl_rsl_rsl_rrssll,53.0,267.0,252.0,103.0,71.0,256.0,248.0,306.0,260.0,328.0,356.0,493.0,15.0,15.0,10.0,15.0,8.963165976417594,8.857251259526421,8.867713258074298,9.076176490518863,8.970388904413191,0.7441643323996265,0.7526673132880698,0.75,0.6923076923076923,0.7223282442748091,2.9836978912353516,25.639439775910365,25.77540252182344,25.818941176470577,24.055887179487204,24.5462213740458,70.45191409897292,70.65761396702231,70.66960784313726,68.88102564102564,69.36068702290076,17.435107376283845,17.773035887487875,17.7,16.445128205128206,16.568702290076335,15.0,15.0,10.0,15.0,17.18439475179525
