,1,1l,1r,1s,2,2l,2r,2s,3,3l,3r,3s,4,4l,4r,4s,id,1_2,1_3,1_4,2_1,2_3,2_4,3_1,3_2,3_4,4_1,4_2,4_3,p1,p2,p3,p4,speed0,speed1,speed2,speed3,speed4,stop0,stop1,stop2,stop3,stop4,time,timeloss0,timeloss1,timeloss2,timeloss3,timeloss4,travel0,travel1,travel2,travel3,travel4,wait0,wait1,wait2,wait3,wait4,rssslll_rrsssl_rsssssl_rsl_0,rssslll_rrsssl_rsssssl_rsl_1,rssslll_rrsssl_rsssssl_rsl_2,rssslll_rrsssl_rsssssl_rsl_3,performance measure
0,7,3,1,3,6,1,2,3,7,1,1,5,3,1,1,1,rssslll_rrsssl_rsssssl_rsl,347.0,799.0,60.0,423.0,85.0,325.0,830.0,69.0,154.0,113.0,200.0,272.0,10.0,10.0,5.0,10.0,9.591077241819262,9.638204889134947,9.445911336909633,9.57515947753696,9.480848275862728,0.7099841521394612,0.7075320512820513,0.7681713848508034,0.7186147186147186,0.7579721995094031,3.2188053131103516,19.159191759112502,18.953749999999975,20.379219586840083,19.147722943722933,20.546598528209348,63.86925515055467,63.67147435897436,65.02295332823259,63.81558441558442,65.2493867538839,11.938193343898574,11.758814102564102,12.769701606732976,11.922943722943723,13.082583810302534,10.0,10.0,5.0,10.0,12.294447317288382
