,1,1l,1r,1s,2,2l,2r,2s,3,3l,3r,3s,4,4l,4r,4s,id,1_2,1_3,1_4,2_1,2_3,2_4,3_1,3_2,3_4,4_1,4_2,4_3,p1,p2,p3,p4,speed0,speed1,speed2,speed3,speed4,stop0,stop1,stop2,stop3,stop4,time,timeloss0,timeloss1,timeloss2,timeloss3,timeloss4,travel0,travel1,travel2,travel3,travel4,wait0,wait1,wait2,wait3,wait4,rssslll_rrsssl_rsssssl_rsl_0,rssslll_rrsssl_rsssssl_rsl_1,rssslll_rrsssl_rsssssl_rsl_2,rssslll_rrsssl_rsssssl_rsl_3,performance measure
0,7,3,1,3,6,1,2,3,7,1,1,5,3,1,1,1,rssslll_rrsssl_rsssssl_rsl,581.0,318.0,234.0,258.0,256.0,219.0,629.0,38.0,181.0,210.0,70.0,173.0,10.0,5.0,10.0,5.0,9.533581627281091,9.51638259063343,9.46434713988071,9.591546435563064,9.537537893663597,0.7563499529633114,0.7527881040892194,0.7589928057553957,0.7473583093179635,0.758325404376784,3.05964994430542,19.473396048918147,19.43958178438663,19.843255395683485,18.965677233429425,19.25121788772597,64.12888052681092,64.06970260223048,64.46942446043165,63.653218059558114,63.871550903901046,12.156161806208843,12.00557620817844,12.372302158273381,11.494716618635927,11.846812559467175,10.0,5.0,10.0,5.0,11.975113870152754
