,1,1l,1r,1s,2,2l,2r,2s,3,3l,3r,3s,4,4l,4r,4s,id,1_2,1_3,1_4,2_1,2_3,2_4,3_1,3_2,3_4,4_1,4_2,4_3,p1,p2,p3,p4,speed0,speed1,speed2,speed3,speed4,stop0,stop1,stop2,stop3,stop4,time,timeloss0,timeloss1,timeloss2,timeloss3,timeloss4,travel0,travel1,travel2,travel3,travel4,wait0,wait1,wait2,wait3,wait4,rsll_rsl_rssslll_rrsssll_0,rsll_rsl_rssslll_rrsssll_1,rsll_rsl_rssslll_rrsssll_2,rsll_rsl_rssslll_rrsssll_3,performance measure
0,4,2,1,1,3,1,1,1,7,3,1,3,7,2,2,3,rsll_rsl_rssslll_rrsssll,236.0,96.0,107.0,236.0,243.0,106.0,137.0,160.0,898.0,378.0,716.0,348.0,10.0,5.0,10.0,10.0,9.361559619752805,9.472017577660504,9.172299984877588,9.269819432094426,9.225252641259011,0.7573051948051948,0.7306122448979592,0.8116169544740973,0.7792642140468228,0.7987169206094628,3.3381640911102295,20.50876623376625,19.642310204081618,22.173014128728394,21.586964882943146,21.640048115477153,65.16558441558442,64.36979591836734,66.87205651491365,66.25334448160535,66.34161988773056,12.854707792207792,12.11265306122449,14.08320251177394,13.64046822742475,13.69206094627105,10.0,5.0,10.0,10.0,13.276618507780404
