,1,1l,1r,1s,2,2l,2r,2s,3,3l,3r,3s,4,4l,4r,4s,id,1_2,1_3,1_4,2_1,2_3,2_4,3_1,3_2,3_4,4_1,4_2,4_3,p1,p2,p3,p4,speed0,speed1,speed2,speed3,speed4,stop0,stop1,stop2,stop3,stop4,time,timeloss0,timeloss1,timeloss2,timeloss3,timeloss4,travel0,travel1,travel2,travel3,travel4,wait0,wait1,wait2,wait3,wait4,rrssl_rrssl_rrsslll_rrsslll_0,rrssl_rrssl_rrsslll_rrsslll_1,rrssl_rrssl_rrsslll_rrsslll_2,rrssl_rrssl_rrsslll_rrsslll_3,performance measure
0,5,1,2,2,5,1,2,2,7,3,2,2,7,3,2,2,rrssl_rrssl_rrsslll_rrsslll,99.0,244.0,328.0,160.0,312.0,368.0,577.0,264.0,138.0,420.0,349.0,421.0,5.0,10.0,10.0,10.0,9.403418760744314,9.401154646261126,9.43112564909421,9.411306550636949,9.575296669247127,0.7690494893951296,0.7622759158222915,0.7729083665338645,0.801673640167364,0.7244408945686901,3.56247615814209,21.33817753338572,20.98183164458297,21.119808764940238,22.277832635983295,19.225599041533563,65.79732914375491,65.47622759158223,65.65737051792829,66.74058577405857,63.691693290734825,13.695208169677926,13.44037412314887,13.452589641434264,14.301255230125523,12.075079872204473,5.0,10.0,10.0,10.0,13.392901407318211
