,1,1l,1r,1s,2,2l,2r,2s,3,3l,3r,3s,4,4l,4r,4s,id,1_2,1_3,1_4,2_1,2_3,2_4,3_1,3_2,3_4,4_1,4_2,4_3,p1,p2,p3,p4,speed0,speed1,speed2,speed3,speed4,stop0,stop1,stop2,stop3,stop4,time,timeloss0,timeloss1,timeloss2,timeloss3,timeloss4,travel0,travel1,travel2,travel3,travel4,wait0,wait1,wait2,wait3,wait4,rssl_rrsslll_rsl_rrsll_0,rssl_rrsslll_rsl_rrsll_1,rssl_rrsslll_rsl_rrsll_2,rssl_rrsslll_rsl_rrsll_3,performance measure
0,4,1,1,2,7,3,2,2,3,1,1,1,5,2,2,1,rssl_rrsslll_rsl_rrsll,45.0,271.0,168.0,91.0,190.0,607.0,42.0,324.0,324.0,305.0,289.0,397.0,10.0,5.0,5.0,10.0,9.083645617017424,9.128230064832902,8.830366387958087,9.1545822652963,8.616343063037139,0.8580889309366131,0.866923818707811,1.0047755491881567,0.9118511263467189,1.0259615384615384,3.1454708576202393,22.975061494796588,23.591311475409878,28.241690544412602,25.30470127326151,28.977461538461547,67.70671712393566,68.3288331726133,72.94555873925502,70.04211557296767,73.67403846153846,14.586565752128665,15.259402121504339,18.506208213944603,16.083251714005875,19.351923076923075,10.0,5.0,5.0,10.0,16.757470175701307
