,1,1l,1r,1s,2,2l,2r,2s,3,3l,3r,3s,4,4l,4r,4s,id,1_2,1_3,1_4,2_1,2_3,2_4,3_1,3_2,3_4,4_1,4_2,4_3,p1,p2,p3,p4,speed0,speed1,speed2,speed3,speed4,stop0,stop1,stop2,stop3,stop4,time,timeloss0,timeloss1,timeloss2,timeloss3,timeloss4,travel0,travel1,travel2,travel3,travel4,wait0,wait1,wait2,wait3,wait4,rssll_rrsl_rsssl_rrsl_0,rssll_rrsl_rsssl_rrsl_1,rssll_rrsl_rsssl_rrsl_2,rssll_rrsl_rsssl_rrsl_3,performance measure
0,5,2,1,2,4,1,2,1,5,1,1,3,4,1,2,1,rssll_rrsl_rsssl_rrsl,282.0,643.0,210.0,380.0,63.0,187.0,605.0,292.0,239.0,301.0,116.0,364.0,10.0,15.0,15.0,10.0,8.896951003270123,8.94572883344961,8.723208899768958,8.986625175270941,8.791036231110134,0.7872841444270016,0.7680577849117175,0.8229813664596274,0.7812765957446809,0.8076311605723371,3.6107754707336426,26.378304552590308,25.122897271268087,28.0863742236025,26.354085106382968,26.999268680445187,71.10125588697018,69.8314606741573,72.80046583850931,71.0672340425532,71.72098569157393,18.267660910518053,17.20545746388443,19.71195652173913,18.20340425531915,18.7241653418124,10.0,15.0,15.0,10.0,18.422528898654633
