,1,1l,1r,1s,2,2l,2r,2s,3,3l,3r,3s,4,4l,4r,4s,id,1_2,1_3,1_4,2_1,2_3,2_4,3_1,3_2,3_4,4_1,4_2,4_3,p1,p2,p3,p4,speed0,speed1,speed2,speed3,speed4,stop0,stop1,stop2,stop3,stop4,time,timeloss0,timeloss1,timeloss2,timeloss3,timeloss4,travel0,travel1,travel2,travel3,travel4,wait0,wait1,wait2,wait3,wait4,rssslll_rrsssl_rsssssl_rsl_0,rssslll_rrsssl_rsssssl_rsl_1,rssslll_rrsssl_rsssssl_rsl_2,rssslll_rrsssl_rsssssl_rsl_3,performance measure
0,7,3,1,3,6,1,2,3,7,1,1,5,3,1,1,1,rssslll_rrsssl_rsssssl_rsl,839.0,1045.0,261.0,153.0,201.0,436.0,365.0,49.0,269.0,229.0,67.0,128.0,15.0,15.0,10.0,10.0,8.827814583256826,8.631508733330353,8.742207086832487,8.619305885128036,8.874479127195414,0.7928571428571428,0.8539244186046512,0.8067287043664997,0.8388804841149773,0.7736411020104245,3.8663065433502197,25.90652857142858,28.908241279069756,26.897967072297785,28.981316187594544,25.383745346239742,70.73857142857143,73.75872093023256,71.77952755905511,73.79878971255673,70.18242740134028,17.785714285714285,20.271075581395348,18.717251252684324,20.436459909228443,17.33879374534624,15.0,15.0,10.0,10.0,18.909858954873727
