,1,1l,1r,1s,2,2l,2r,2s,3,3l,3r,3s,4,4l,4r,4s,id,1_2,1_3,1_4,2_1,2_3,2_4,3_1,3_2,3_4,4_1,4_2,4_3,p1,p2,p3,p4,speed0,speed1,speed2,speed3,speed4,stop0,stop1,stop2,stop3,stop4,time,timeloss0,timeloss1,timeloss2,timeloss3,timeloss4,travel0,travel1,travel2,travel3,travel4,wait0,wait1,wait2,wait3,wait4,rsll_rsl_rssslll_rrsssll_0,rsll_rsl_rssslll_rrsssll_1,rsll_rsl_rssslll_rrsssll_2,rsll_rsl_rssslll_rrsssll_3,performance measure
0,4,2,1,1,3,1,1,1,7,3,1,3,7,2,2,3,rsll_rsl_rssslll_rrsssll,248.0,131.0,254.0,209.0,292.0,152.0,312.0,220.0,566.0,501.0,985.0,302.0,10.0,5.0,10.0,10.0,9.307184129131368,8.816920889590111,8.726227033195856,9.147554727866082,8.983427268266123,0.779842744817727,0.8879492600422833,0.9834824501032347,0.8357771260997068,0.8397480755773268,3.6721818447113037,21.118255897069332,25.28310077519382,29.44551961459051,23.494552785923783,23.955703289013268,65.86776268763403,70.07751937984496,74.26152787336545,68.22507331378299,68.74947515745276,13.308077197998571,16.683579985905567,19.951135581555402,15.197947214076246,15.58852344296711,10.0,5.0,10.0,10.0,16.145852684500582
