,1,1l,1r,1s,2,2l,2r,2s,3,3l,3r,3s,4,4l,4r,4s,id,1_2,1_3,1_4,2_1,2_3,2_4,3_1,3_2,3_4,4_1,4_2,4_3,p1,p2,p3,p4,speed0,speed1,speed2,speed3,speed4,stop0,stop1,stop2,stop3,stop4,time,timeloss0,timeloss1,timeloss2,timeloss3,timeloss4,travel0,travel1,travel2,travel3,travel4,wait0,wait1,wait2,wait3,wait4,rsl_rsssssl_rsll_rrssl_0,rsl_rsssssl_rsll_rrssl_1,rsl_rsssssl_rsll_rrssl_2,rsl_rsssssl_rsll_rrssl_3,performance measure
0,3,1,1,1,7,1,1,5,4,2,1,1,5,1,2,2,rsl_rsssssl_rsll_rrssl,262.0,290.0,305.0,140.0,104.0,1526.0,313.0,71.0,389.0,78.0,664.0,318.0,10.0,15.0,5.0,15.0,8.786876286689651,9.007770128303573,8.818453395395515,9.041379657997345,9.012683287660305,0.9160608063450099,0.7927807486631016,0.8487394957983193,0.7897610921501707,0.7881578947368421,3.468863010406494,30.385657633840008,24.8898729946524,27.131441499676825,24.767399317406152,24.677131578947414,75.33972240581626,69.85828877005348,72.13186813186813,69.74675767918089,69.60526315789474,21.107072042300064,16.43716577540107,18.407239819004523,16.604778156996588,16.481578947368423,10.0,15.0,5.0,15.0,17.80756694821413
