,1,1l,1r,1s,2,2l,2r,2s,3,3l,3r,3s,4,4l,4r,4s,id,1_2,1_3,1_4,2_1,2_3,2_4,3_1,3_2,3_4,4_1,4_2,4_3,p1,p2,p3,p4,speed0,speed1,speed2,speed3,speed4,stop0,stop1,stop2,stop3,stop4,time,timeloss0,timeloss1,timeloss2,timeloss3,timeloss4,travel0,travel1,travel2,travel3,travel4,wait0,wait1,wait2,wait3,wait4,rsssssl_rsl_rrsslll_rsssll_0,rsssssl_rsl_rrsslll_rsssll_1,rsssssl_rsl_rrsslll_rsssll_2,rsssssl_rsl_rrsslll_rsssll_3,performance measure
0,7,1,1,5,3,1,1,1,7,3,2,2,6,2,1,3,rsssssl_rsl_rrsslll_rsssll,251.0,1670.0,148.0,237.0,302.0,341.0,299.0,109.0,341.0,440.0,539.0,45.0,10.0,15.0,15.0,15.0,8.070579248895836,8.384121554639336,8.20588401262132,8.387141748686897,8.458106106096357,1.0875634517766497,0.8849502487562189,0.924317617866005,0.861639344262295,0.8328035600762873,4.194824457168579,43.347239847715706,32.37842661691543,34.60191687344908,31.871022950819675,29.779574062301403,88.32296954314721,77.38930348258707,79.61414392059554,76.84262295081967,74.7558804831532,32.015228426395936,23.282960199004975,25.10049627791563,22.931803278688523,21.103623649078195,10.0,15.0,15.0,15.0,24.88682236621665
