,1,1l,1r,1s,2,2l,2r,2s,3,3l,3r,3s,4,4l,4r,4s,id,1_2,1_3,1_4,2_1,2_3,2_4,3_1,3_2,3_4,4_1,4_2,4_3,p1,p2,p3,p4,speed0,speed1,speed2,speed3,speed4,stop0,stop1,stop2,stop3,stop4,time,timeloss0,timeloss1,timeloss2,timeloss3,timeloss4,travel0,travel1,travel2,travel3,travel4,wait0,wait1,wait2,wait3,wait4,rsl_rrsll_rsl_rslll_0,rsl_rrsll_rsl_rslll_1,rsl_rrsll_rsl_rslll_2,rsl_rrsll_rsl_rslll_3,performance measure
0,3,1,1,1,5,2,2,1,3,1,1,1,5,3,1,1,rsl_rrsll_rsl_rslll,295.0,114.0,166.0,311.0,615.0,308.0,122.0,270.0,78.0,929.0,186.0,280.0,10.0,5.0,10.0,10.0,8.33815061978953,8.499905146754044,8.158754633514228,8.611734169558089,8.412786188417536,1.1503937007874017,0.9672,1.1591614906832297,0.9448946515397083,1.052755905511811,3.505091667175293,35.62856692913389,29.02609600000001,36.46995341614905,27.90243922204214,31.96817322834644,80.56299212598425,73.9968,81.40760869565217,72.83306320907617,76.91574803149607,24.111023622047245,19.492,25.28804347826087,18.57617504051864,21.60787401574803,10.0,5.0,10.0,10.0,21.815023231314957
