,1,1l,1r,1s,2,2l,2r,2s,3,3l,3r,3s,4,4l,4r,4s,id,1_2,1_3,1_4,2_1,2_3,2_4,3_1,3_2,3_4,4_1,4_2,4_3,p1,p2,p3,p4,speed0,speed1,speed2,speed3,speed4,stop0,stop1,stop2,stop3,stop4,time,timeloss0,timeloss1,timeloss2,timeloss3,timeloss4,travel0,travel1,travel2,travel3,travel4,wait0,wait1,wait2,wait3,wait4,rsl_rsl_rsl_rrssll_0,rsl_rsl_rsl_rrssll_1,rsl_rsl_rsl_rrssll_2,rsl_rsl_rsl_rrssll_3,performance measure
0,3,1,1,1,3,1,1,1,3,1,1,1,6,2,2,2,rsl_rsl_rsl_rrssll,107.0,223.0,297.0,163.0,168.0,329.0,272.0,302.0,160.0,175.0,289.0,595.0,10.0,15.0,10.0,15.0,9.01734704733848,9.165555087825785,8.927279900269271,9.095767567328368,9.081199698382598,0.7594254937163375,0.7117202268431002,0.771780303030303,0.7101879327398615,0.7376744186046512,3.148142099380493,25.241696588868944,22.522022684310013,25.618664772727282,23.27330365974287,23.358065116279093,69.94883303411132,67.28733459357278,70.3721590909091,68.0544015825915,68.07720930232558,16.734290843806104,14.737240075614366,17.302083333333332,15.386745796241346,15.318139534883722,10.0,15.0,10.0,15.0,15.895699916775774
