,1,1l,1r,1s,2,2l,2r,2s,3,3l,3r,3s,4,4l,4r,4s,id,1_2,1_3,1_4,2_1,2_3,2_4,3_1,3_2,3_4,4_1,4_2,4_3,p1,p2,p3,p4,speed0,speed1,speed2,speed3,speed4,stop0,stop1,stop2,stop3,stop4,time,timeloss0,timeloss1,timeloss2,timeloss3,timeloss4,travel0,travel1,travel2,travel3,travel4,wait0,wait1,wait2,wait3,wait4,rssslll_rssll_rsssl_rrssl_0,rssslll_rssll_rsssl_rrssl_1,rssslll_rssll_rsssl_rrssl_2,rssslll_rssll_rsssl_rrssl_3,performance measure
0,7,3,1,3,5,2,1,2,5,1,1,3,5,1,2,2,rssslll_rssll_rsssl_rrssl,149.0,889.0,220.0,125.0,568.0,213.0,1024.0,149.0,52.0,66.0,106.0,283.0,5.0,15.0,10.0,5.0,9.393538708836038,9.654805022553656,9.645291881918794,9.520091987242157,9.636213215116298,0.7867867867867868,0.6929555895865237,0.716793893129771,0.7350776778413737,0.7113003095975232,3.6061129570007324,21.745195195195226,18.691056661562012,18.69983969465651,19.805224856909224,18.59482972136228,66.50750750750751,63.44946401225115,63.46793893129771,64.58626328699918,63.339783281733745,13.875375375375375,11.39739663093415,11.277099236641222,12.269010629599347,11.202786377708978,5.0,15.0,10.0,5.0,12.004333650051814
