,1,1l,1r,1s,2,2l,2r,2s,3,3l,3r,3s,4,4l,4r,4s,id,1_2,1_3,1_4,2_1,2_3,2_4,3_1,3_2,3_4,4_1,4_2,4_3,p1,p2,p3,p4,speed0,speed1,speed2,speed3,speed4,stop0,stop1,stop2,stop3,stop4,time,timeloss0,timeloss1,timeloss2,timeloss3,timeloss4,travel0,travel1,travel2,travel3,travel4,wait0,wait1,wait2,wait3,wait4,rssslll_rssll_rsssl_rrssl_0,rssslll_rssll_rsssl_rrssl_1,rssslll_rssll_rsssl_rrssl_2,rssslll_rssll_rsssl_rrssl_3,performance measure
0,7,3,1,3,5,2,1,2,5,1,1,3,5,1,2,2,rssslll_rssll_rsssl_rrssl,249.0,599.0,259.0,181.0,474.0,362.0,1077.0,303.0,185.0,184.0,613.0,104.0,10.0,15.0,10.0,15.0,8.747367075949311,8.70152580833372,8.630300680181906,8.54442381935617,8.71305516791206,0.8031189083820662,0.8199233716475096,0.824223602484472,0.8680939226519337,0.8147208121827412,4.08759880065918,26.73837556855097,27.071985951468697,27.380217391304353,29.93893646408839,27.35266497461938,71.58219623131905,71.93358876117497,72.29006211180125,74.77348066298343,72.19098984771574,18.453541260558804,18.66347381864623,19.03105590062112,21.287292817679557,19.0501269035533,10.0,15.0,10.0,15.0,19.2970981402118
