,1,1l,1r,1s,2,2l,2r,2s,3,3l,3r,3s,4,4l,4r,4s,id,1_2,1_3,1_4,2_1,2_3,2_4,3_1,3_2,3_4,4_1,4_2,4_3,p1,p2,p3,p4,speed0,speed1,speed2,speed3,speed4,stop0,stop1,stop2,stop3,stop4,time,timeloss0,timeloss1,timeloss2,timeloss3,timeloss4,travel0,travel1,travel2,travel3,travel4,wait0,wait1,wait2,wait3,wait4,rsl_rsssll_rrssl_rrsslll_0,rsl_rsssll_rrssl_rrsslll_1,rsl_rsssll_rrssl_rrsslll_2,rsl_rsssll_rrssl_rrsslll_3,performance measure
0,3,1,1,1,6,2,1,3,5,1,2,2,7,3,2,2,rsl_rsssll_rrssl_rrsslll,175.0,198.0,266.0,224.0,631.0,160.0,503.0,291.0,103.0,602.0,718.0,166.0,10.0,15.0,15.0,15.0,8.672482822830355,8.598036893167135,8.586524002315025,8.862558594855246,8.596073854778936,0.8053935860058309,0.8025147928994083,0.8061002178649237,0.7476993865030674,0.8061448427212875,3.750253677368164,28.790051020408146,28.079119822485204,28.05015976761069,25.738297546012273,28.29552304316021,73.48250728862973,72.78476331360947,72.8162672476398,70.40337423312883,73.03072421360643,20.41399416909621,19.730029585798817,19.696441539578796,17.841257668711656,19.87637161667886,10.0,15.0,15.0,15.0,19.511618915972868
