,1,1l,1r,1s,2,2l,2r,2s,3,3l,3r,3s,4,4l,4r,4s,id,1_2,1_3,1_4,2_1,2_3,2_4,3_1,3_2,3_4,4_1,4_2,4_3,p1,p2,p3,p4,speed0,speed1,speed2,speed3,speed4,stop0,stop1,stop2,stop3,stop4,time,timeloss0,timeloss1,timeloss2,timeloss3,timeloss4,travel0,travel1,travel2,travel3,travel4,wait0,wait1,wait2,wait3,wait4,rrsssll_rsl_rsl_rrsll_0,rrsssll_rsl_rsl_rrsll_1,rrsssll_rsl_rsl_rrsll_2,rrsssll_rsl_rsl_rrsll_3,performance measure
0,7,2,2,3,3,1,1,1,3,1,1,1,5,2,2,1,rrsssll_rsl_rsl_rrsll,624.0,469.0,200.0,87.0,104.0,62.0,100.0,71.0,161.0,83.0,282.0,319.0,10.0,5.0,5.0,10.0,9.346494923298794,9.102443078883942,8.556492796598178,9.452929714933271,8.789848440280666,0.7900232018561485,0.8529411764705882,1.0331858407079646,0.7627737226277372,0.9721577726218097,2.6517393589019775,21.06616009280742,23.5212823529412,29.630542035398257,20.282639902676394,27.82670533642688,65.86542923433875,68.34588235294117,74.53871681415929,65.12287104622871,72.67053364269141,13.345707656612529,15.390588235294118,20.143805309734514,12.695863746958638,18.84570765661253,10.0,5.0,5.0,10.0,16.084334521042464
