,1,1l,1r,1s,2,2l,2r,2s,3,3l,3r,3s,4,4l,4r,4s,id,1_2,1_3,1_4,2_1,2_3,2_4,3_1,3_2,3_4,4_1,4_2,4_3,p1,p2,p3,p4,speed0,speed1,speed2,speed3,speed4,stop0,stop1,stop2,stop3,stop4,time,timeloss0,timeloss1,timeloss2,timeloss3,timeloss4,travel0,travel1,travel2,travel3,travel4,wait0,wait1,wait2,wait3,wait4,rssll_rrssl_rssslll_rrssll_0,rssll_rrssl_rssslll_rrssll_1,rssll_rrssl_rssslll_rrssll_2,rssll_rrssl_rssslll_rrssll_3,performance measure
0,5,2,1,2,5,1,2,2,7,3,1,3,6,2,2,2,rssll_rrssl_rssslll_rrssll,249.0,152.0,159.0,122.0,318.0,698.0,471.0,88.0,606.0,625.0,697.0,314.0,10.0,10.0,15.0,15.0,8.69784230217522,8.649843254294266,8.564331639249229,8.636912912510825,8.765361513097826,0.8054268696227663,0.818241469816273,0.8387925497752088,0.8386012104909213,0.7933110367892977,3.8908538818359375,26.656512243547333,26.789901574803164,27.905003211303754,27.527579018157354,25.767230769230743,71.5704831237591,71.69422572178478,72.8073217726397,72.43779421654338,70.6943143812709,18.41098610191926,18.608267716535433,19.50417469492614,19.071956960322797,17.551839464882942,10.0,10.0,15.0,15.0,18.629444987717314
