,1,1l,1r,1s,2,2l,2r,2s,3,3l,3r,3s,4,4l,4r,4s,id,1_2,1_3,1_4,2_1,2_3,2_4,3_1,3_2,3_4,4_1,4_2,4_3,p1,p2,p3,p4,speed0,speed1,speed2,speed3,speed4,stop0,stop1,stop2,stop3,stop4,time,timeloss0,timeloss1,timeloss2,timeloss3,timeloss4,travel0,travel1,travel2,travel3,travel4,wait0,wait1,wait2,wait3,wait4,rsl_rsl_rsssl_rsl_0,rsl_rsl_rsssl_rsl_1,rsl_rsl_rsssl_rsl_2,rsl_rsl_rsssl_rsl_3,performance measure
0,3,1,1,1,3,1,1,1,5,1,1,3,3,1,1,1,rsl_rsl_rsssl_rsl,107.0,211.0,217.0,234.0,50.0,59.0,131.0,200.0,152.0,145.0,142.0,309.0,10.0,10.0,10.0,10.0,9.488292562404833,9.523074898182902,9.424727648101292,9.51032579836148,9.578749700104364,0.6902017291066282,0.6925418569254186,0.7168758716875872,0.6806201550387597,0.673352435530086,2.597780466079712,19.62641210374642,19.34162861491627,20.638507670850775,19.609581395348847,18.809126074498543,64.3256484149856,64.03957382039574,65.36401673640168,64.27906976744185,63.449856733524356,12.089337175792506,11.859969558599696,12.849372384937238,12.244961240310078,11.19054441260745,10.0,10.0,10.0,10.0,12.046836954449393
