,1,1l,1r,1s,2,2l,2r,2s,3,3l,3r,3s,4,4l,4r,4s,id,1_2,1_3,1_4,2_1,2_3,2_4,3_1,3_2,3_4,4_1,4_2,4_3,p1,p2,p3,p4,speed0,speed1,speed2,speed3,speed4,stop0,stop1,stop2,stop3,stop4,time,timeloss0,timeloss1,timeloss2,timeloss3,timeloss4,travel0,travel1,travel2,travel3,travel4,wait0,wait1,wait2,wait3,wait4,rsssssl_rsl_rrsslll_rsssll_0,rsssssl_rsl_rrsslll_rsssll_1,rsssssl_rsl_rrsslll_rsssll_2,rsssssl_rsl_rrsslll_rsssll_3,performance measure
0,7,1,1,5,3,1,1,1,7,3,2,2,6,2,1,3,rsssssl_rsl_rrsslll_rsssll,276.0,230.0,243.0,294.0,246.0,43.0,288.0,382.0,216.0,135.0,455.0,174.0,10.0,5.0,10.0,5.0,9.36109562785685,9.551249939495426,9.176216770062446,9.6191070790904,9.18147339222972,0.7926587301587301,0.729145211122554,0.8646125116713352,0.7087179487179487,0.85,3.3429579734802246,21.363363095238096,19.120113285272932,23.09563958916901,18.759702564102557,23.054274509803925,65.81150793650794,63.61277033985582,67.48926237161531,63.1774358974359,67.46764705882353,13.637896825396826,11.694129763130793,14.711484593837534,11.36,14.899019607843137,10.0,5.0,10.0,5.0,13.26050615804166
