,1,1l,1r,1s,2,2l,2r,2s,3,3l,3r,3s,4,4l,4r,4s,id,1_2,1_3,1_4,2_1,2_3,2_4,3_1,3_2,3_4,4_1,4_2,4_3,p1,p2,p3,p4,speed0,speed1,speed2,speed3,speed4,stop0,stop1,stop2,stop3,stop4,time,timeloss0,timeloss1,timeloss2,timeloss3,timeloss4,travel0,travel1,travel2,travel3,travel4,wait0,wait1,wait2,wait3,wait4,rrsll_rssl_rsssll_rsl_0,rrsll_rssl_rsssll_rsl_1,rrsll_rssl_rsssll_rsl_2,rrsll_rssl_rsssll_rsl_3,performance measure
0,5,2,2,1,4,1,1,2,6,2,1,3,3,1,1,1,rrsll_rssl_rsssll_rsl,146.0,98.0,561.0,73.0,207.0,612.0,720.0,286.0,153.0,300.0,46.0,143.0,5.0,10.0,10.0,10.0,8.943929164879663,9.145100246208933,9.375273118232156,9.401488458564119,9.323378326454353,0.9006968641114983,0.8242049469964664,0.7750439367311072,0.757026291931097,0.7788719785138765,3.16566801071167,25.96878048780491,23.622208480565384,20.662416520210893,20.674542157751592,21.70383169203219,70.73606271777004,68.34805653710248,65.41124780316345,65.38621940163192,66.47000895255148,17.092334494773517,15.279151943462898,12.788224956063269,12.875793291024479,13.704565801253358,5.0,10.0,10.0,10.0,14.348014097315504
