,1,1l,1r,1s,2,2l,2r,2s,3,3l,3r,3s,4,4l,4r,4s,id,1_2,1_3,1_4,2_1,2_3,2_4,3_1,3_2,3_4,4_1,4_2,4_3,p1,p2,p3,p4,speed0,speed1,speed2,speed3,speed4,stop0,stop1,stop2,stop3,stop4,time,timeloss0,timeloss1,timeloss2,timeloss3,timeloss4,travel0,travel1,travel2,travel3,travel4,wait0,wait1,wait2,wait3,wait4,rssll_rrssl_rssslll_rrssll_0,rssll_rrssl_rssslll_rrssll_1,rssll_rrssl_rssslll_rrssll_2,rssll_rrssl_rssslll_rrssll_3,performance measure
0,5,2,1,2,5,1,2,2,7,3,1,3,6,2,2,2,rssll_rrssl_rssslll_rrssll,174.0,330.0,226.0,261.0,297.0,263.0,970.0,166.0,577.0,616.0,599.0,271.0,10.0,15.0,15.0,15.0,8.768671416382084,8.46010125587249,8.59829793297343,8.586928802118406,8.709182346087292,0.7692307692307693,0.8348680171884592,0.8078313253012048,0.8118876551273677,0.7890137328339576,4.220795631408691,26.638593947036558,29.39653161448744,28.19348795180716,28.83118223383419,27.0687515605493,71.45712484237075,74.25414364640883,73.03975903614457,73.64402351404311,71.90074906367042,18.644388398486758,20.837937384898712,19.952409638554215,20.4578706727629,19.026841448189764,10.0,15.0,15.0,15.0,19.783889508578472
