,1,1l,1r,1s,2,2l,2r,2s,3,3l,3r,3s,4,4l,4r,4s,id,1_2,1_3,1_4,2_1,2_3,2_4,3_1,3_2,3_4,4_1,4_2,4_3,p1,p2,p3,p4,speed0,speed1,speed2,speed3,speed4,stop0,stop1,stop2,stop3,stop4,time,timeloss0,timeloss1,timeloss2,timeloss3,timeloss4,travel0,travel1,travel2,travel3,travel4,wait0,wait1,wait2,wait3,wait4,rsl_rsl_rsl_rrssll_0,rsl_rsl_rsl_rrssll_1,rsl_rsl_rsl_rrssll_2,rsl_rsl_rsl_rrssll_3,performance measure
0,3,1,1,1,3,1,1,1,3,1,1,1,6,2,2,2,rsl_rsl_rsl_rrssll,216.0,108.0,112.0,287.0,265.0,130.0,158.0,201.0,282.0,374.0,243.0,541.0,10.0,5.0,10.0,5.0,9.016276698279379,9.454411007191224,8.99007675482135,9.361860037455642,9.309949813455434,1.0428015564202335,0.7650663942798774,0.972,0.7901740020470829,0.8491335372069317,2.827922821044922,30.255836575875474,20.071828396322758,27.153389999999995,21.515905834186313,22.932232415902128,75.12645914396887,64.99693564862105,72.042,66.37666325486182,67.81345565749236,20.382295719844358,12.283963227783453,17.938,13.451381780962128,14.72986748216106,10.0,5.0,10.0,5.0,15.757101642150198
