,1,1l,1r,1s,2,2l,2r,2s,3,3l,3r,3s,4,4l,4r,4s,id,1_2,1_3,1_4,2_1,2_3,2_4,3_1,3_2,3_4,4_1,4_2,4_3,p1,p2,p3,p4,speed0,speed1,speed2,speed3,speed4,stop0,stop1,stop2,stop3,stop4,time,timeloss0,timeloss1,timeloss2,timeloss3,timeloss4,travel0,travel1,travel2,travel3,travel4,wait0,wait1,wait2,wait3,wait4,rrssl_rrssl_rrsslll_rrsslll_0,rrssl_rrssl_rrsslll_rrsslll_1,rrssl_rrssl_rrsslll_rrsslll_2,rrssl_rrssl_rrsslll_rrsslll_3,performance measure
0,5,1,2,2,5,1,2,2,7,3,2,2,7,3,2,2,rrssl_rrssl_rrsslll_rrsslll,65.0,402.0,421.0,123.0,133.0,309.0,400.0,332.0,696.0,919.0,168.0,206.0,10.0,10.0,15.0,10.0,9.201148946466573,9.226207387503385,8.952797596795998,9.165229017890036,9.181080869298318,0.7304469273743017,0.7352112676056338,0.7798611111111111,0.7478323699421965,0.7350720658888126,3.655585765838623,22.22531424581008,22.02800704225353,24.656694444444483,22.728764450867047,22.695559368565505,66.95460893854748,66.7549295774648,69.3875,67.40751445086705,67.40356897735072,14.82122905027933,14.483098591549295,16.8375,15.119942196531792,15.14550446122169,10.0,10.0,15.0,10.0,15.281454859916423
