,1,1l,1r,1s,2,2l,2r,2s,3,3l,3r,3s,4,4l,4r,4s,id,1_2,1_3,1_4,2_1,2_3,2_4,3_1,3_2,3_4,4_1,4_2,4_3,p1,p2,p3,p4,speed0,speed1,speed2,speed3,speed4,stop0,stop1,stop2,stop3,stop4,time,timeloss0,timeloss1,timeloss2,timeloss3,timeloss4,travel0,travel1,travel2,travel3,travel4,wait0,wait1,wait2,wait3,wait4,rsssssl_rsl_rrsslll_rsssll_0,rsssssl_rsl_rrsslll_rsssll_1,rsssssl_rsl_rrsslll_rsssll_2,rsssssl_rsl_rrsslll_rsssll_3,performance measure
0,7,1,1,5,3,1,1,1,7,3,2,2,6,2,1,3,rsssssl_rsl_rrsslll_rsssll,145.0,286.0,263.0,113.0,261.0,132.0,482.0,648.0,430.0,548.0,1058.0,241.0,10.0,10.0,15.0,15.0,8.742788693176319,8.762331583915127,8.627649745227348,8.969829148743814,8.860739184490246,0.8107416879795396,0.7952196382428941,0.8259803921568627,0.7619363395225465,0.7787958115183246,3.824322462081909,27.635396419437402,25.74727390180879,27.546237745098047,24.42493368700265,25.113586387434584,72.22953964194373,70.38888888888889,72.2218137254902,69.03912466843501,69.7369109947644,19.132992327365727,17.458656330749353,19.060049019607842,16.385278514588858,17.013089005235603,10.0,10.0,15.0,15.0,17.810013039509478
