,1,1l,1r,1s,2,2l,2r,2s,3,3l,3r,3s,4,4l,4r,4s,id,1_2,1_3,1_4,2_1,2_3,2_4,3_1,3_2,3_4,4_1,4_2,4_3,p1,p2,p3,p4,speed0,speed1,speed2,speed3,speed4,stop0,stop1,stop2,stop3,stop4,time,timeloss0,timeloss1,timeloss2,timeloss3,timeloss4,travel0,travel1,travel2,travel3,travel4,wait0,wait1,wait2,wait3,wait4,rsl_rrsll_rsl_rslll_0,rsl_rrsll_rsl_rslll_1,rsl_rrsll_rsl_rslll_2,rsl_rrsll_rsl_rslll_3,performance measure
0,3,1,1,1,5,2,2,1,3,1,1,1,5,3,1,1,rsl_rrsll_rsl_rslll,303.0,173.0,200.0,423.0,524.0,295.0,59.0,257.0,77.0,641.0,221.0,124.0,15.0,10.0,15.0,15.0,8.638656148278217,8.794338545424623,8.722197582912788,8.992158459199624,8.755412213444446,0.8159564823209429,0.7628205128205128,0.797588285960379,0.7261904761904762,0.7722772277227723,3.3326470851898193,29.951586582048957,26.275677655677644,27.91559862187773,24.445695970695965,26.653258325832603,74.8739800543971,71.20787545787546,72.84151593453919,69.37362637362638,71.56165616561657,21.103354487760654,18.13736263736264,19.44702842377261,16.595238095238095,18.423942394239425,15.0,10.0,15.0,15.0,18.741385207674682
