,1,1l,1r,1s,2,2l,2r,2s,3,3l,3r,3s,4,4l,4r,4s,id,1_2,1_3,1_4,2_1,2_3,2_4,3_1,3_2,3_4,4_1,4_2,4_3,p1,p2,p3,p4,speed0,speed1,speed2,speed3,speed4,stop0,stop1,stop2,stop3,stop4,time,timeloss0,timeloss1,timeloss2,timeloss3,timeloss4,travel0,travel1,travel2,travel3,travel4,wait0,wait1,wait2,wait3,wait4,rsl_rsssssl_rsll_rrssl_0,rsl_rsssssl_rsll_rrssl_1,rsl_rsssssl_rsll_rrssl_2,rsl_rsssssl_rsll_rrssl_3,performance measure
0,3,1,1,1,7,1,1,5,4,2,1,1,5,1,2,2,rsl_rsssssl_rsll_rrssl,72.0,320.0,174.0,165.0,136.0,369.0,304.0,304.0,414.0,61.0,249.0,383.0,10.0,15.0,10.0,5.0,9.28441060201334,9.225019160762216,9.1589428928935,9.199939156643104,9.07676052150371,0.7275362318840579,0.7798804780876494,0.7746883988494727,0.7446808510638298,0.8132820019249278,3.0099780559539795,21.371690821256017,22.31599601593628,22.932531160115076,22.10220871327255,24.426082771896024,66.11690821256039,67.06972111553785,67.68744007670182,66.84599797365755,69.13955726660251,13.76231884057971,14.554780876494023,14.973154362416107,14.385005065856129,16.256977863330125,10.0,15.0,10.0,5.0,14.78644740173522
