,1,1l,1r,1s,2,2l,2r,2s,3,3l,3r,3s,4,4l,4r,4s,id,1_2,1_3,1_4,2_1,2_3,2_4,3_1,3_2,3_4,4_1,4_2,4_3,p1,p2,p3,p4,speed0,speed1,speed2,speed3,speed4,stop0,stop1,stop2,stop3,stop4,time,timeloss0,timeloss1,timeloss2,timeloss3,timeloss4,travel0,travel1,travel2,travel3,travel4,wait0,wait1,wait2,wait3,wait4,rsl_rrsll_rsl_rslll_0,rsl_rrsll_rsl_rslll_1,rsl_rrsll_rsl_rslll_2,rsl_rrsll_rsl_rslll_3,performance measure
0,3,1,1,1,5,2,2,1,3,1,1,1,5,3,1,1,rsl_rrsll_rsl_rslll,88.0,314.0,160.0,346.0,269.0,310.0,147.0,320.0,280.0,537.0,73.0,263.0,15.0,15.0,10.0,15.0,8.72489099120362,8.526002778410302,8.560467082276158,8.868278305873021,8.361306279539006,0.7924528301886793,0.8109125117591721,0.8161634103019538,0.7378640776699029,0.8963878326996197,3.3298134803771973,28.65816981132071,29.250677328316076,29.00840142095916,25.748864077669914,33.329287072243375,73.54245283018868,74.12982126058326,73.87921847246892,70.6621359223301,78.17395437262357,19.89245283018868,20.79868297271872,20.29928952042629,17.657281553398057,23.797528517110266,15.0,15.0,10.0,15.0,20.4890470787684
