,1,1l,1r,1s,2,2l,2r,2s,3,3l,3r,3s,4,4l,4r,4s,id,1_2,1_3,1_4,2_1,2_3,2_4,3_1,3_2,3_4,4_1,4_2,4_3,p1,p2,p3,p4,speed0,speed1,speed2,speed3,speed4,stop0,stop1,stop2,stop3,stop4,time,timeloss0,timeloss1,timeloss2,timeloss3,timeloss4,travel0,travel1,travel2,travel3,travel4,wait0,wait1,wait2,wait3,wait4,rsl_rrsl_rssslll_rssssl_0,rsl_rrsl_rssslll_rssssl_1,rsl_rrsl_rssslll_rssssl_2,rsl_rrsl_rssslll_rssssl_3,performance measure
0,3,1,1,1,4,1,2,1,7,3,1,3,6,1,1,4,rsl_rrsl_rssslll_rssssl,204.0,275.0,55.0,356.0,161.0,54.0,857.0,96.0,923.0,241.0,1381.0,217.0,15.0,15.0,10.0,15.0,8.432276770637237,8.204189768692354,8.249036142544936,8.51589636980531,8.35320009039052,0.8745294855708908,0.9349593495934959,0.8700696055684455,0.8156389065479974,0.8626237623762376,4.054231882095337,32.434121706399,35.416729205753654,31.844512761020862,29.114036872218648,31.438929455445596,77.4560853199498,80.45653533458412,76.82482598607889,74.13286713286713,76.49876237623762,23.29171894604768,25.745465916197624,22.735498839907194,20.49841068022886,22.452970297029704,15.0,15.0,10.0,15.0,22.944812935882215
