,1,1l,1r,1s,2,2l,2r,2s,3,3l,3r,3s,4,4l,4r,4s,id,1_2,1_3,1_4,2_1,2_3,2_4,3_1,3_2,3_4,4_1,4_2,4_3,p1,p2,p3,p4,speed0,speed1,speed2,speed3,speed4,stop0,stop1,stop2,stop3,stop4,time,timeloss0,timeloss1,timeloss2,timeloss3,timeloss4,travel0,travel1,travel2,travel3,travel4,wait0,wait1,wait2,wait3,wait4,rsssssl_rsl_rrsslll_rsssll_0,rsssssl_rsl_rrsslll_rsssll_1,rsssssl_rsl_rrsslll_rsssll_2,rsssssl_rsl_rrsslll_rsssll_3,performance measure
0,7,1,1,5,3,1,1,1,7,3,2,2,6,2,1,3,rsssssl_rsl_rrsslll_rsssll,217.0,890.0,104.0,89.0,209.0,354.0,491.0,306.0,544.0,465.0,1074.0,145.0,10.0,10.0,10.0,15.0,8.511178701304589,8.506378875711777,8.555395711539436,8.74450197740191,8.71036907784178,0.8918429003021148,0.8942942942942943,0.8676122931442081,0.8273657289002557,0.8340477648499693,4.09091329574585,29.447027190332335,29.589759759759776,28.243711583924355,26.679494884910508,26.268646662584235,74.38126888217522,74.55015015015015,73.15130023640661,71.57864450127877,71.18922229026332,20.48700906344411,20.63903903903904,19.55673758865248,18.296675191815858,17.935088793631355,10.0,10.0,10.0,15.0,19.38290993531657
