,1,1l,1r,1s,2,2l,2r,2s,3,3l,3r,3s,4,4l,4r,4s,id,1_2,1_3,1_4,2_1,2_3,2_4,3_1,3_2,3_4,4_1,4_2,4_3,p1,p2,p3,p4,speed0,speed1,speed2,speed3,speed4,stop0,stop1,stop2,stop3,stop4,time,timeloss0,timeloss1,timeloss2,timeloss3,timeloss4,travel0,travel1,travel2,travel3,travel4,wait0,wait1,wait2,wait3,wait4,rsl_rrsl_rssslll_rssssl_0,rsl_rrsl_rssslll_rssssl_1,rsl_rrsl_rssslll_rssssl_2,rsl_rrsl_rssslll_rssssl_3,performance measure
0,3,1,1,1,4,1,2,1,7,3,1,3,6,1,1,4,rsl_rrsl_rssslll_rssssl,209.0,176.0,179.0,421.0,58.0,195.0,811.0,225.0,294.0,160.0,371.0,320.0,10.0,10.0,10.0,10.0,9.049132925483715,9.117709035304673,9.245433513182824,9.280504668572823,9.27551302407762,0.8060453400503779,0.7838541666666666,0.7472803347280335,0.7436594202898551,0.73557278208441,3.3498995304107666,24.49677581863978,22.823541666666667,22.091246861924674,21.278795289855086,21.410895779500404,69.13014273719564,67.47829861111111,66.72050209205021,65.8840579710145,66.03875968992249,16.232577665827037,14.889756944444445,14.266945606694561,13.62590579710145,13.67786391042205,10.0,10.0,10.0,10.0,14.538609984897908
