,1,1l,1r,1s,2,2l,2r,2s,3,3l,3r,3s,4,4l,4r,4s,id,1_2,1_3,1_4,2_1,2_3,2_4,3_1,3_2,3_4,4_1,4_2,4_3,p1,p2,p3,p4,speed0,speed1,speed2,speed3,speed4,stop0,stop1,stop2,stop3,stop4,time,timeloss0,timeloss1,timeloss2,timeloss3,timeloss4,travel0,travel1,travel2,travel3,travel4,wait0,wait1,wait2,wait3,wait4,rslll_rsl_rrslll_rsl_0,rslll_rsl_rrslll_rsl_1,rslll_rsl_rrslll_rsl_2,rslll_rsl_rrslll_rsl_3,performance measure
0,5,3,1,1,3,1,1,1,6,3,2,1,3,1,1,1,rslll_rsl_rrslll_rsl,270.0,135.0,293.0,125.0,197.0,265.0,139.0,498.0,208.0,169.0,232.0,74.0,5.0,10.0,10.0,10.0,9.196510230748297,9.462812120797203,9.399605855851524,9.681186256286969,9.31926244023793,0.8675352877307275,0.7374562427071178,0.7595505617977528,0.6944770857814336,0.7905405405405406,2.9647717475891113,25.169359391965266,20.01306884480748,20.488955056179762,18.324089306698024,22.42320945945943,69.96308360477741,64.74912485414235,65.32022471910112,63.051703877790835,67.17229729729729,16.237785016286644,12.395565927654609,12.807865168539326,11.09048178613396,14.155405405405405,5.0,10.0,10.0,10.0,13.33742066080399
