,1,1l,1r,1s,2,2l,2r,2s,3,3l,3r,3s,4,4l,4r,4s,id,1_2,1_3,1_4,2_1,2_3,2_4,3_1,3_2,3_4,4_1,4_2,4_3,p1,p2,p3,p4,speed0,speed1,speed2,speed3,speed4,stop0,stop1,stop2,stop3,stop4,time,timeloss0,timeloss1,timeloss2,timeloss3,timeloss4,travel0,travel1,travel2,travel3,travel4,wait0,wait1,wait2,wait3,wait4,rrsssll_rsl_rsl_rrsll_0,rrsssll_rsl_rsl_rrsll_1,rrsssll_rsl_rsl_rrsll_2,rrsssll_rsl_rsl_rrsll_3,performance measure
0,7,2,2,3,3,1,1,1,3,1,1,1,5,2,2,1,rrsssll_rsl_rsl_rrsll,430.0,447.0,314.0,119.0,247.0,63.0,197.0,77.0,186.0,445.0,360.0,100.0,10.0,10.0,10.0,15.0,8.760365923418718,8.155534316192407,8.204350226967328,8.521361824991684,8.87999208509536,0.8323293172690763,0.9779270633397313,0.9799043062200957,0.9516806722689075,0.8020100502512563,3.354423761367798,26.77511044176708,34.45724568138198,33.89615311004784,33.02241596638657,25.426713567839162,71.74096385542168,79.45969289827255,78.87272727272727,78.03886554621849,70.38994974874372,18.59538152610442,24.923224568138195,24.510047846889954,23.525210084033613,17.394974874371858,10.0,10.0,10.0,15.0,21.78976777990761
