,1,1l,1r,1s,2,2l,2r,2s,3,3l,3r,3s,4,4l,4r,4s,id,1_2,1_3,1_4,2_1,2_3,2_4,3_1,3_2,3_4,4_1,4_2,4_3,p1,p2,p3,p4,speed0,speed1,speed2,speed3,speed4,stop0,stop1,stop2,stop3,stop4,time,timeloss0,timeloss1,timeloss2,timeloss3,timeloss4,travel0,travel1,travel2,travel3,travel4,wait0,wait1,wait2,wait3,wait4,rrssl_rrssl_rrsslll_rrsslll_0,rrssl_rrssl_rrsslll_rrsslll_1,rrssl_rrssl_rrsslll_rrsslll_2,rrssl_rrssl_rrsslll_rrsslll_3,performance measure
0,5,1,2,2,5,1,2,2,7,3,2,2,7,3,2,2,rrssl_rrssl_rrsslll_rrsslll,220.0,527.0,306.0,303.0,71.0,546.0,459.0,383.0,767.0,139.0,456.0,639.0,10.0,10.0,5.0,10.0,9.455823580450872,9.574118947419914,9.37530596859164,9.5648761576737,9.562333598242033,0.7350119904076738,0.7058823529411765,0.7605717689100655,0.7258167841127482,0.7036592681463707,3.7983591556549072,19.80437050359715,18.953967459324165,20.618147706968436,18.744926329276105,18.80263347330532,64.30875299760191,63.49311639549437,65.131625967838,63.23830877642537,63.32273545290942,12.18285371702638,11.632040050062578,12.827873734365694,11.440743113388853,11.308338332333534,10.0,10.0,5.0,10.0,11.878369789435407
