,1,1l,1r,1s,2,2l,2r,2s,3,3l,3r,3s,4,4l,4r,4s,id,1_2,1_3,1_4,2_1,2_3,2_4,3_1,3_2,3_4,4_1,4_2,4_3,p1,p2,p3,p4,speed0,speed1,speed2,speed3,speed4,stop0,stop1,stop2,stop3,stop4,time,timeloss0,timeloss1,timeloss2,timeloss3,timeloss4,travel0,travel1,travel2,travel3,travel4,wait0,wait1,wait2,wait3,wait4,rsl_rsl_rsl_rrssll_0,rsl_rsl_rsl_rrssll_1,rsl_rsl_rsl_rrssll_2,rsl_rsl_rsl_rrssll_3,performance measure
0,3,1,1,1,3,1,1,1,3,1,1,1,6,2,2,2,rsl_rsl_rsl_rrssll,189.0,194.0,49.0,142.0,129.0,347.0,169.0,67.0,115.0,338.0,669.0,251.0,10.0,10.0,10.0,15.0,8.744832719737555,9.105290081043275,8.8423425612467,9.151912043017616,9.031979925524759,0.8632478632478633,0.7585825027685493,0.8099787685774947,0.7437722419928826,0.7676438653637351,2.9442098140716553,28.225160256410284,23.313277962347737,25.418789808917193,23.030794780545676,23.665895765472307,73.29166666666667,68.38205980066445,70.49150743099787,68.04389086595492,68.75895765472313,19.443376068376068,15.498338870431894,17.185774946921445,15.448398576512455,15.79913137893594,10.0,10.0,10.0,15.0,16.67500396823556
