,1,1l,1r,1s,2,2l,2r,2s,3,3l,3r,3s,4,4l,4r,4s,id,1_2,1_3,1_4,2_1,2_3,2_4,3_1,3_2,3_4,4_1,4_2,4_3,p1,p2,p3,p4,speed0,speed1,speed2,speed3,speed4,stop0,stop1,stop2,stop3,stop4,time,timeloss0,timeloss1,timeloss2,timeloss3,timeloss4,travel0,travel1,travel2,travel3,travel4,wait0,wait1,wait2,wait3,wait4,rssslll_rrsssl_rsssssl_rsl_0,rssslll_rrsssl_rsssssl_rsl_1,rssslll_rrsssl_rsssssl_rsl_2,rssslll_rrsssl_rsssssl_rsl_3,performance measure
0,7,3,1,3,6,1,2,3,7,1,1,5,3,1,1,1,rssslll_rrsssl_rsssssl_rsl,172.0,514.0,261.0,202.0,136.0,436.0,1598.0,199.0,169.0,268.0,327.0,290.0,10.0,15.0,15.0,15.0,8.836503026244461,8.62847424488861,8.771951965570208,8.885537804911495,8.639601132888549,0.7601572739187418,0.8016795865633075,0.77897403419886,0.7396694214876033,0.810828025477707,3.795215129852295,25.640432503276564,27.915219638242895,26.610063331222285,25.698436639118476,28.24031847133756,70.40301441677589,72.69315245478036,71.43825205826472,70.47382920110194,72.99745222929937,17.568152031454783,19.537467700258397,18.388853704876503,17.81129476584022,19.701273885350318,10.0,15.0,15.0,15.0,18.601408417556044
