,1,1l,1r,1s,2,2l,2r,2s,3,3l,3r,3s,4,4l,4r,4s,id,1_2,1_3,1_4,2_1,2_3,2_4,3_1,3_2,3_4,4_1,4_2,4_3,p1,p2,p3,p4,speed0,speed1,speed2,speed3,speed4,stop0,stop1,stop2,stop3,stop4,time,timeloss0,timeloss1,timeloss2,timeloss3,timeloss4,travel0,travel1,travel2,travel3,travel4,wait0,wait1,wait2,wait3,wait4,rssslll_rssll_rsssl_rrssl_0,rssslll_rssll_rsssl_rrssl_1,rssslll_rssll_rsssl_rrssl_2,rssslll_rssll_rsssl_rrssl_3,performance measure
0,7,3,1,3,5,2,1,2,5,1,1,3,5,1,2,2,rssslll_rssll_rsssl_rrssl,469.0,743.0,263.0,153.0,314.0,715.0,263.0,96.0,310.0,274.0,454.0,389.0,15.0,10.0,10.0,15.0,8.593090874191152,8.269904337768784,8.28277128335127,8.648474985420549,8.385322327353801,0.8547854785478548,1.04614370468029,0.9644736842105263,0.8304011259676284,0.909952606635071,4.107437610626221,29.172699669966956,39.64277521423861,35.778519736842114,27.987494722026714,32.27679079214623,73.95907590759076,84.41727092946606,80.60986842105264,72.80647431386348,77.06228842247799,20.657425742574258,28.982860909690178,26.178947368421053,19.596762843068262,23.218686526743397,15.0,10.0,10.0,15.0,23.726936678099428
