,1,1l,1r,1s,2,2l,2r,2s,3,3l,3r,3s,4,4l,4r,4s,id,1_2,1_3,1_4,2_1,2_3,2_4,3_1,3_2,3_4,4_1,4_2,4_3,p1,p2,p3,p4,speed0,speed1,speed2,speed3,speed4,stop0,stop1,stop2,stop3,stop4,time,timeloss0,timeloss1,timeloss2,timeloss3,timeloss4,travel0,travel1,travel2,travel3,travel4,wait0,wait1,wait2,wait3,wait4,rsssssl_rsl_rrsslll_rsssll_0,rsssssl_rsl_rrsslll_rsssll_1,rsssssl_rsl_rrsslll_rsssll_2,rsssssl_rsl_rrsslll_rsssll_3,performance measure
0,7,1,1,5,3,1,1,1,7,3,2,2,6,2,1,3,rsssssl_rsl_rrsslll_rsssll,290.0,1268.0,183.0,96.0,171.0,54.0,136.0,542.0,159.0,345.0,942.0,61.0,15.0,15.0,10.0,15.0,8.764074029079733,8.734032682829568,8.660570924758355,8.714906270723908,8.714613781271936,0.7803508771929825,0.7907801418439716,0.7959889349930843,0.7811348563006633,0.7854647099930119,3.7246601581573486,26.263852631578967,26.96285815602839,27.344017980636206,27.444222549742104,26.66960167714887,71.01894736842105,71.78156028368794,72.10788381742739,72.19528371407516,71.43815513626835,18.25964912280702,18.829078014184397,19.14453665283541,19.40383198231393,18.53738644304682,15.0,15.0,10.0,15.0,18.834896443037515
