,1,1l,1r,1s,2,2l,2r,2s,3,3l,3r,3s,4,4l,4r,4s,id,1_2,1_3,1_4,2_1,2_3,2_4,3_1,3_2,3_4,4_1,4_2,4_3,p1,p2,p3,p4,speed0,speed1,speed2,speed3,speed4,stop0,stop1,stop2,stop3,stop4,time,timeloss0,timeloss1,timeloss2,timeloss3,timeloss4,travel0,travel1,travel2,travel3,travel4,wait0,wait1,wait2,wait3,wait4,rrsll_rssl_rsssll_rsl_0,rrsll_rssl_rsssll_rsl_1,rrsll_rssl_rsssll_rsl_2,rrsll_rssl_rsssll_rsl_3,performance measure
0,5,2,2,1,4,1,1,2,6,2,1,3,3,1,1,1,rrsll_rssl_rsssll_rsl,103.0,90.0,306.0,201.0,163.0,601.0,885.0,88.0,249.0,76.0,327.0,40.0,5.0,10.0,5.0,10.0,9.191795286496845,9.478821671179196,9.049445919259703,9.200658249015135,9.066094660021925,0.8571428571428571,0.78060263653484,0.9485714285714286,0.927663734115347,0.9174573055028463,3.421064615249634,22.730541549953333,20.257561205273074,26.14282857142856,25.683313782991178,24.262277039848215,67.6311858076564,65.12241054613936,71.04571428571428,70.60899315738025,69.1470588235294,14.53688141923436,12.413370998116761,17.252380952380953,16.87878787878788,15.478178368121442,5.0,10.0,5.0,10.0,15.311919923328281
