,1,1l,1r,1s,2,2l,2r,2s,3,3l,3r,3s,4,4l,4r,4s,id,1_2,1_3,1_4,2_1,2_3,2_4,3_1,3_2,3_4,4_1,4_2,4_3,p1,p2,p3,p4,speed0,speed1,speed2,speed3,speed4,stop0,stop1,stop2,stop3,stop4,time,timeloss0,timeloss1,timeloss2,timeloss3,timeloss4,travel0,travel1,travel2,travel3,travel4,wait0,wait1,wait2,wait3,wait4,rsl_rssslll_rrsssl_rsslll_0,rsl_rssslll_rrsssl_rsslll_1,rsl_rssslll_rrsssl_rsslll_2,rsl_rssslll_rrsssl_rsslll_3,performance measure
0,3,1,1,1,7,3,1,3,6,1,2,3,6,3,1,2,rsl_rssslll_rrsssl_rsslll,110.0,214.0,112.0,275.0,188.0,1001.0,692.0,564.0,89.0,273.0,685.0,165.0,5.0,10.0,5.0,10.0,9.464123393433931,9.549827173860209,9.460381997247472,9.50241300560204,9.482275056170302,0.7815699658703071,0.7560975609756098,0.7889847378898474,0.7676837725381415,0.7558459422283357,3.669281005859375,20.193201365187726,18.953149825783974,19.58495023224948,19.3436061026352,19.387826685006893,64.90034129692833,63.68432055749129,64.2601194426012,64.02981969486824,64.06946354883081,12.316040955631399,11.30452961672474,11.61579296615793,11.604715672676837,11.552957359009628,5.0,10.0,5.0,10.0,11.678807314040109
