,1,1l,1r,1s,2,2l,2r,2s,3,3l,3r,3s,4,4l,4r,4s,id,1_2,1_3,1_4,2_1,2_3,2_4,3_1,3_2,3_4,4_1,4_2,4_3,p1,p2,p3,p4,speed0,speed1,speed2,speed3,speed4,stop0,stop1,stop2,stop3,stop4,time,timeloss0,timeloss1,timeloss2,timeloss3,timeloss4,travel0,travel1,travel2,travel3,travel4,wait0,wait1,wait2,wait3,wait4,rssll_rrsl_rsssl_rrsl_0,rssll_rrsl_rsssl_rrsl_1,rssll_rrsl_rsssl_rrsl_2,rssll_rrsl_rsssl_rrsl_3,performance measure
0,5,2,1,2,4,1,2,1,5,1,1,3,4,1,2,1,rssll_rrsl_rsssl_rrsl,490.0,675.0,284.0,525.0,292.0,259.0,964.0,96.0,83.0,295.0,338.0,96.0,15.0,15.0,15.0,15.0,8.015337053863517,7.744116298753922,7.951105666329239,8.29490291075632,7.887271782517033,0.9047619047619048,0.9481132075471698,0.9052069425901201,0.845771144278607,0.9208683473389355,3.7499358654022217,35.775632653061194,39.37885444743941,35.44883177570088,31.6597512437811,36.80626050420169,80.68775510204081,84.31064690026955,80.39319092122831,76.5998578535892,81.74789915966386,26.270068027210883,29.413072776280323,25.884512683578105,22.781094527363184,27.234593837535012,15.0,15.0,15.0,15.0,26.3166683703935
