,1,1l,1r,1s,2,2l,2r,2s,3,3l,3r,3s,4,4l,4r,4s,id,1_2,1_3,1_4,2_1,2_3,2_4,3_1,3_2,3_4,4_1,4_2,4_3,p1,p2,p3,p4,speed0,speed1,speed2,speed3,speed4,stop0,stop1,stop2,stop3,stop4,time,timeloss0,timeloss1,timeloss2,timeloss3,timeloss4,travel0,travel1,travel2,travel3,travel4,wait0,wait1,wait2,wait3,wait4,rsssssl_rsl_rrsslll_rsssll_0,rsssssl_rsl_rrsslll_rsssll_1,rsssssl_rsl_rrsslll_rsssll_2,rsssssl_rsl_rrsslll_rsssll_3,performance measure
0,7,1,1,5,3,1,1,1,7,3,2,2,6,2,1,3,rsssssl_rsl_rrsslll_rsssll,114.0,1017.0,174.0,269.0,202.0,238.0,146.0,175.0,784.0,504.0,947.0,102.0,15.0,10.0,15.0,15.0,8.573892492534084,8.56541796661477,8.627975001399923,8.652671629050175,8.578148411295969,0.8088803088803089,0.8099747474747475,0.7944038929440389,0.7876758204956463,0.8022598870056498,3.996365785598755,28.25785070785077,28.079299242424234,27.570936739659377,27.394748827863364,28.002347771500343,73.15894465894466,73.00063131313131,72.47019464720195,72.29872739450771,72.92529817953547,19.837194337194337,19.807449494949495,19.224452554744527,19.261888814467515,19.698053986189578,15.0,10.0,15.0,15.0,19.56580783750909
