,1,1l,1r,1s,2,2l,2r,2s,3,3l,3r,3s,4,4l,4r,4s,id,1_2,1_3,1_4,2_1,2_3,2_4,3_1,3_2,3_4,4_1,4_2,4_3,p1,p2,p3,p4,speed0,speed1,speed2,speed3,speed4,stop0,stop1,stop2,stop3,stop4,time,timeloss0,timeloss1,timeloss2,timeloss3,timeloss4,travel0,travel1,travel2,travel3,travel4,wait0,wait1,wait2,wait3,wait4,rsl_rsl_rsssl_rsl_0,rsl_rsl_rsssl_rsl_1,rsl_rsl_rsssl_rsl_2,rsl_rsl_rsssl_rsl_3,performance measure
0,3,1,1,1,3,1,1,1,5,1,1,3,3,1,1,1,rsl_rsl_rsssl_rsl,301.0,270.0,304.0,222.0,106.0,52.0,367.0,108.0,191.0,265.0,225.0,102.0,15.0,15.0,15.0,10.0,8.88788343397482,8.546887092378931,8.477535735015445,8.788992176644324,8.460299256139551,0.752927400468384,0.8229043683589138,0.8405963302752294,0.7564575645756457,0.9300699300699301,2.8870644569396973,26.26024590163937,29.907438016528875,30.75934633027527,26.657244772447697,36.353205128205126,71.22599531615926,74.86894923258559,75.77408256880734,71.64452644526445,81.31351981351982,18.2096018735363,21.279811097992916,21.940366972477065,18.627306273062732,26.762237762237763,15.0,15.0,15.0,10.0,21.363864795861353
