,1,1l,1r,1s,2,2l,2r,2s,3,3l,3r,3s,4,4l,4r,4s,id,1_2,1_3,1_4,2_1,2_3,2_4,3_1,3_2,3_4,4_1,4_2,4_3,p1,p2,p3,p4,speed0,speed1,speed2,speed3,speed4,stop0,stop1,stop2,stop3,stop4,time,timeloss0,timeloss1,timeloss2,timeloss3,timeloss4,travel0,travel1,travel2,travel3,travel4,wait0,wait1,wait2,wait3,wait4,rsl_rsssl_rssssl_rssll_0,rsl_rsssl_rssssl_rssll_1,rsl_rsssl_rssssl_rssll_2,rsl_rsssl_rssssl_rssll_3,performance measure
0,3,1,1,1,5,1,1,3,6,1,1,4,5,2,1,2,rsl_rsssl_rssssl_rssll,66.0,309.0,108.0,183.0,285.0,521.0,253.0,139.0,69.0,436.0,554.0,301.0,5.0,10.0,10.0,10.0,9.248524962671258,9.126913890474816,8.786251319296877,9.15269524146206,8.774015037355142,0.7897623400365631,0.8074866310160428,0.9494773519163763,0.8423076923076923,1.0072793448589628,3.374831438064575,21.5147349177331,22.59729946524064,27.800818815331006,23.66180769230772,29.846760691537817,66.35009140767825,67.39572192513369,72.60365853658537,68.47692307692307,74.67424931756142,13.553016453382083,14.593582887700535,18.230836236933797,15.191346153846155,19.916287534121928,5.0,10.0,10.0,10.0,16.297013853196898
