,1,1l,1r,1s,2,2l,2r,2s,3,3l,3r,3s,4,4l,4r,4s,id,1_2,1_3,1_4,2_1,2_3,2_4,3_1,3_2,3_4,4_1,4_2,4_3,p1,p2,p3,p4,speed0,speed1,speed2,speed3,speed4,stop0,stop1,stop2,stop3,stop4,time,timeloss0,timeloss1,timeloss2,timeloss3,timeloss4,travel0,travel1,travel2,travel3,travel4,wait0,wait1,wait2,wait3,wait4,rsssssl_rssssll_rsl_rssll_0,rsssssl_rssssll_rsl_rssll_1,rsssssl_rssssll_rsl_rssll_2,rsssssl_rssssll_rsl_rssll_3,performance measure
0,7,1,1,5,7,2,1,4,3,1,1,1,5,2,1,2,rsssssl_rssssll_rsl_rssll,75.0,206.0,112.0,206.0,203.0,1124.0,349.0,175.0,284.0,483.0,443.0,249.0,15.0,15.0,15.0,15.0,8.101786210920189,8.402498838320419,8.271513638510596,8.164317115619745,8.401652865348987,0.9058641975308642,0.8159695817490494,0.8636026686434396,0.8868217054263566,0.8129829984544049,3.5772786140441895,35.99159722222224,30.56061596958177,33.16426241660489,35.121550387596905,30.60573415765076,80.74151234567901,75.30570342205323,77.94959229058561,79.87209302325581,75.32843894899537,26.520833333333332,22.022053231939164,24.126019273535952,25.878294573643412,22.2032457496136,15.0,15.0,15.0,15.0,24.150089232413094
