,1,1l,1r,1s,2,2l,2r,2s,3,3l,3r,3s,4,4l,4r,4s,id,1_2,1_3,1_4,2_1,2_3,2_4,3_1,3_2,3_4,4_1,4_2,4_3,p1,p2,p3,p4,speed0,speed1,speed2,speed3,speed4,stop0,stop1,stop2,stop3,stop4,time,timeloss0,timeloss1,timeloss2,timeloss3,timeloss4,travel0,travel1,travel2,travel3,travel4,wait0,wait1,wait2,wait3,wait4,rslll_rsl_rrslll_rsl_0,rslll_rsl_rrslll_rsl_1,rslll_rsl_rrslll_rsl_2,rslll_rsl_rrslll_rsl_3,performance measure
0,5,3,1,1,3,1,1,1,6,3,2,1,3,1,1,1,rslll_rsl_rrslll_rsl,348.0,103.0,183.0,187.0,259.0,338.0,47.0,208.0,503.0,131.0,259.0,274.0,10.0,5.0,10.0,15.0,9.158762662036006,9.289104345976908,9.204442897960535,9.077197628667658,9.33139180084347,0.7727272727272727,0.7590861889927311,0.7774509803921569,0.797180043383948,0.7310838445807771,2.6647205352783203,23.047181818181855,21.505358255451707,23.90619607843141,24.553427331887207,21.334243353783236,67.95454545454545,66.4226375908619,68.8313725490196,69.46637744034707,66.23415132924336,14.942424242424243,13.723779854620975,15.731372549019607,16.356832971800433,13.558282208588958,10.0,5.0,10.0,15.0,14.862538365290842
