,1,1l,1r,1s,2,2l,2r,2s,3,3l,3r,3s,4,4l,4r,4s,id,1_2,1_3,1_4,2_1,2_3,2_4,3_1,3_2,3_4,4_1,4_2,4_3,p1,p2,p3,p4,speed0,speed1,speed2,speed3,speed4,stop0,stop1,stop2,stop3,stop4,time,timeloss0,timeloss1,timeloss2,timeloss3,timeloss4,travel0,travel1,travel2,travel3,travel4,wait0,wait1,wait2,wait3,wait4,rsl_rrsl_rssslll_rssssl_0,rsl_rrsl_rssslll_rssssl_1,rsl_rrsl_rssslll_rssssl_2,rsl_rrsl_rssslll_rssssl_3,performance measure
0,3,1,1,1,4,1,2,1,7,3,1,3,6,1,1,4,rsl_rrsl_rssslll_rssssl,299.0,227.0,193.0,208.0,159.0,199.0,905.0,54.0,648.0,324.0,479.0,191.0,15.0,15.0,15.0,10.0,8.500925354247133,8.460272737502908,8.48805193649595,8.608355044875232,8.571642633003812,0.8823993685872139,0.8387585162755489,0.8353879622915156,0.8042959427207638,0.8239277652370203,3.8396596908569336,33.14064719810572,29.75728236184711,29.644024655547515,28.50090692124107,29.104793077501924,78.10023677979478,74.70704012112036,74.67222625090645,73.45346062052506,74.06395786305492,24.068666140489345,21.255866767600303,21.002900652646847,20.26491646778043,20.693754702784048,15.0,15.0,15.0,10.0,21.457220946260197
