,1,1l,1r,1s,2,2l,2r,2s,3,3l,3r,3s,4,4l,4r,4s,id,1_2,1_3,1_4,2_1,2_3,2_4,3_1,3_2,3_4,4_1,4_2,4_3,p1,p2,p3,p4,speed0,speed1,speed2,speed3,speed4,stop0,stop1,stop2,stop3,stop4,time,timeloss0,timeloss1,timeloss2,timeloss3,timeloss4,travel0,travel1,travel2,travel3,travel4,wait0,wait1,wait2,wait3,wait4,rssll_rrssl_rssslll_rrssll_0,rssll_rrssl_rssslll_rrssll_1,rssll_rrssl_rssslll_rrssll_2,rssll_rrssl_rssslll_rrssll_3,performance measure
0,5,2,1,2,5,1,2,2,7,3,1,3,6,2,2,2,rssll_rrssl_rssslll_rrssll,452.0,181.0,134.0,306.0,77.0,267.0,648.0,106.0,305.0,333.0,646.0,289.0,10.0,10.0,10.0,15.0,9.075946392616624,9.213399200516589,8.989802211703994,9.304065389224174,9.078056571915651,0.7744418783679754,0.7386091127098321,0.7908745247148289,0.7203319502074689,0.7597454256165473,3.4782447814941406,23.529107005388777,22.591382893685072,24.959216730038047,21.732755186721995,23.35097852028642,68.23325635103926,67.29416466826538,69.6532319391635,66.41576763485477,68.07080350039777,15.962278675904543,15.148681055155876,17.073764258555133,14.448132780082988,15.86953062848051,10.0,10.0,10.0,15.0,15.700477479635808
