,1,1l,1r,1s,2,2l,2r,2s,3,3l,3r,3s,4,4l,4r,4s,id,1_2,1_3,1_4,2_1,2_3,2_4,3_1,3_2,3_4,4_1,4_2,4_3,p1,p2,p3,p4,speed0,speed1,speed2,speed3,speed4,stop0,stop1,stop2,stop3,stop4,time,timeloss0,timeloss1,timeloss2,timeloss3,timeloss4,travel0,travel1,travel2,travel3,travel4,wait0,wait1,wait2,wait3,wait4,rsssssl_rssssll_rsl_rssll_0,rsssssl_rssssll_rsl_rssll_1,rsssssl_rssssll_rsl_rssll_2,rsssssl_rssssll_rsl_rssll_3,performance measure
0,7,1,1,5,7,2,1,4,3,1,1,1,5,2,1,2,rsssssl_rssssll_rsl_rssll,207.0,205.0,76.0,262.0,597.0,1275.0,256.0,174.0,282.0,533.0,404.0,57.0,15.0,15.0,15.0,15.0,8.11561086442518,8.032576933062163,7.927467326821201,8.202006845767666,8.170658185204054,0.8751724137931034,0.8580246913580247,0.9092105263157895,0.8458274398868458,0.8556485355648535,3.7395718097686768,32.6238482758621,33.53631687242795,35.54047368421056,32.035099009900996,32.38037656903769,77.58413793103448,78.50411522633745,80.50263157894737,76.9964639321075,77.3326359832636,23.682068965517242,24.48971193415638,26.05328947368421,23.194483734087694,23.552301255230127,15.0,15.0,15.0,15.0,24.19437107253513
