,1,1l,1r,1s,2,2l,2r,2s,3,3l,3r,3s,4,4l,4r,4s,id,1_2,1_3,1_4,2_1,2_3,2_4,3_1,3_2,3_4,4_1,4_2,4_3,p1,p2,p3,p4,speed0,speed1,speed2,speed3,speed4,stop0,stop1,stop2,stop3,stop4,time,timeloss0,timeloss1,timeloss2,timeloss3,timeloss4,travel0,travel1,travel2,travel3,travel4,wait0,wait1,wait2,wait3,wait4,rsssssl_rssssll_rsl_rssll_0,rsssssl_rssssll_rsl_rssll_1,rsssssl_rssssll_rsl_rssll_2,rsssssl_rssssll_rsl_rssll_3,performance measure
0,7,1,1,5,7,2,1,4,3,1,1,1,5,2,1,2,rsssssl_rssssll_rsl_rssll,42.0,1210.0,212.0,292.0,102.0,1375.0,124.0,108.0,248.0,138.0,372.0,109.0,10.0,10.0,5.0,15.0,9.210677706563533,9.242885675651385,9.261978260291336,9.237290146007728,9.3335706547435,0.7539737387698687,0.7777013076393668,0.7479729729729729,0.782078853046595,0.7486376021798365,3.7491111755371094,22.016931582584647,21.490798348245026,22.064810810810815,22.292358422939067,21.14901907356948,66.91499654457498,66.39779766001377,66.94459459459459,67.19569892473119,66.02384196185287,14.16309606081548,13.470750172057812,14.152027027027026,14.33978494623656,13.380790190735695,10.0,10.0,5.0,15.0,13.901289679374514
