,1,1l,1r,1s,2,2l,2r,2s,3,3l,3r,3s,4,4l,4r,4s,id,1_2,1_3,1_4,2_1,2_3,2_4,3_1,3_2,3_4,4_1,4_2,4_3,p1,p2,p3,p4,speed0,speed1,speed2,speed3,speed4,stop0,stop1,stop2,stop3,stop4,time,timeloss0,timeloss1,timeloss2,timeloss3,timeloss4,travel0,travel1,travel2,travel3,travel4,wait0,wait1,wait2,wait3,wait4,rsl_rsssll_rrssl_rrsslll_0,rsl_rsssll_rrssl_rrsslll_1,rsl_rsssll_rrssl_rrsslll_2,rsl_rsssll_rrssl_rrsslll_3,performance measure
0,3,1,1,1,6,2,1,3,5,1,2,2,7,3,2,2,rsl_rsssll_rrssl_rrsslll,195.0,56.0,110.0,100.0,544.0,510.0,485.0,564.0,67.0,669.0,414.0,85.0,10.0,10.0,15.0,10.0,9.016576984762523,9.208208070482923,9.147872136406262,9.19989887644471,9.229483982871352,0.7852807283763278,0.7431048069345941,0.754803996925442,0.7374301675977654,0.7373417721518988,3.7022488117218018,24.563125948406665,22.505768321512992,22.783458877786344,22.319481245011954,22.270134493670888,69.25341426403642,67.23404255319149,67.46656418139892,67.02394253790902,66.9493670886076,16.641881638846737,14.89598108747045,15.202920830130669,14.691141260973664,14.801424050632912,10.0,10.0,15.0,10.0,15.246669773610886
