,1,1l,1r,1s,2,2l,2r,2s,3,3l,3r,3s,4,4l,4r,4s,id,1_2,1_3,1_4,2_1,2_3,2_4,3_1,3_2,3_4,4_1,4_2,4_3,p1,p2,p3,p4,speed0,speed1,speed2,speed3,speed4,stop0,stop1,stop2,stop3,stop4,time,timeloss0,timeloss1,timeloss2,timeloss3,timeloss4,travel0,travel1,travel2,travel3,travel4,wait0,wait1,wait2,wait3,wait4,rsl_rsl_rsl_rrssssl_0,rsl_rsl_rsl_rrssssl_1,rsl_rsl_rsl_rrssssl_2,rsl_rsl_rsl_rrssssl_3,performance measure
0,3,1,1,1,3,1,1,1,3,1,1,1,7,1,2,4,rsl_rsl_rsl_rrssssl,135.0,192.0,283.0,208.0,220.0,220.0,187.0,294.0,195.0,277.0,815.0,613.0,10.0,10.0,10.0,10.0,9.085245363094828,8.912735052612609,9.019240712770953,9.00214816818815,9.156406555242897,0.8,0.8594507269789984,0.7939493049877351,0.8185689948892675,0.7675889328063241,3.343893527984619,24.426687499999982,26.262802907915994,24.456958299264134,24.96512776831345,22.472339920948603,69.1109375,71.00242326332796,69.19133278822568,69.64906303236798,67.18577075098814,16.01484375,17.420840064620357,16.09157808667212,16.58006814310051,14.397628458498025,10.0,10.0,10.0,10.0,16.100991700578202
