,1,1l,1r,1s,2,2l,2r,2s,3,3l,3r,3s,4,4l,4r,4s,id,1_2,1_3,1_4,2_1,2_3,2_4,3_1,3_2,3_4,4_1,4_2,4_3,p1,p2,p3,p4,speed0,speed1,speed2,speed3,speed4,stop0,stop1,stop2,stop3,stop4,time,timeloss0,timeloss1,timeloss2,timeloss3,timeloss4,travel0,travel1,travel2,travel3,travel4,wait0,wait1,wait2,wait3,wait4,rsl_rssslll_rrsssl_rsslll_0,rsl_rssslll_rrsssl_rsslll_1,rsl_rssslll_rrsssl_rsslll_2,rsl_rssslll_rrsssl_rsslll_3,performance measure
0,3,1,1,1,7,3,1,3,6,1,2,3,6,3,1,2,rsl_rssslll_rrsssl_rsslll,62.0,140.0,156.0,194.0,169.0,1053.0,682.0,102.0,314.0,760.0,168.0,322.0,15.0,10.0,10.0,15.0,8.433594711636871,7.841621586018506,7.881793741819795,8.213506989994187,8.60463330356022,0.8599137931034483,1.1580071174377224,1.0688685874912158,0.9230769230769231,0.828158844765343,3.6836771965026855,29.74919540229886,45.241153024911014,40.578566408995115,32.36741654571843,27.543718411552334,74.60560344827586,90.10818505338078,85.44483485593815,77.19158200290276,72.40938628158845,21.004310344827587,33.95373665480427,30.134223471539002,23.20101596516691,19.098194945848377,15.0,10.0,10.0,15.0,25.478296276437227
