,1,1l,1r,1s,2,2l,2r,2s,3,3l,3r,3s,4,4l,4r,4s,id,1_2,1_3,1_4,2_1,2_3,2_4,3_1,3_2,3_4,4_1,4_2,4_3,p1,p2,p3,p4,speed0,speed1,speed2,speed3,speed4,stop0,stop1,stop2,stop3,stop4,time,timeloss0,timeloss1,timeloss2,timeloss3,timeloss4,travel0,travel1,travel2,travel3,travel4,wait0,wait1,wait2,wait3,wait4,rrssl_rrssl_rrsslll_rrsslll_0,rrssl_rrssl_rrsslll_rrsslll_1,rrssl_rrssl_rrsslll_rrsslll_2,rrssl_rrssl_rrsslll_rrsslll_3,performance measure
0,5,1,2,2,5,1,2,2,7,3,2,2,7,3,2,2,rrssl_rrssl_rrsslll_rrsslll,230.0,141.0,334.0,231.0,221.0,396.0,148.0,347.0,952.0,562.0,634.0,279.0,15.0,5.0,10.0,15.0,9.158669336143413,9.253084531572378,9.096824318597148,9.098185493637711,9.180321228166633,0.7493438320209974,0.7385837193911317,0.7689417658108955,0.7761194029850746,0.7449967721110394,3.759049892425537,22.83479002624671,22.133037723362033,23.178566061365068,24.01105156037992,22.360200129115515,67.50196850393701,66.78160158835209,67.85347526612398,68.6797829036635,67.00903808908974,15.182414698162729,14.629384513567175,15.418284283030683,16.24762550881954,14.79083279535184,15.0,5.0,10.0,15.0,15.253708359786396
