,1,1l,1r,1s,2,2l,2r,2s,3,3l,3r,3s,4,4l,4r,4s,id,1_2,1_3,1_4,2_1,2_3,2_4,3_1,3_2,3_4,4_1,4_2,4_3,p1,p2,p3,p4,speed0,speed1,speed2,speed3,speed4,stop0,stop1,stop2,stop3,stop4,time,timeloss0,timeloss1,timeloss2,timeloss3,timeloss4,travel0,travel1,travel2,travel3,travel4,wait0,wait1,wait2,wait3,wait4,rssslll_rssll_rsssl_rrssl_0,rssslll_rssll_rsssl_rrssl_1,rssslll_rssll_rsssl_rrssl_2,rssslll_rssll_rsssl_rrssl_3,performance measure
0,7,3,1,3,5,2,1,2,5,1,1,3,5,1,2,2,rssslll_rssll_rsssl_rrssl,659.0,502.0,138.0,260.0,525.0,310.0,665.0,322.0,95.0,144.0,136.0,580.0,10.0,10.0,10.0,10.0,9.282746223295064,9.198976222719677,9.241120121255008,9.28739151945306,9.202219644619053,0.7285429141716567,0.7625850340136054,0.7420875420875421,0.7264895908111989,0.7646657571623465,3.723703145980835,21.391031270791725,21.82343537414967,21.636875420875405,21.208973438621673,22.150068212823992,66.05056553559548,66.51360544217687,66.33131313131314,65.82555635319454,66.81787175989086,13.637391882900864,14.020408163265307,13.965656565656566,13.513998564249821,14.247612551159618,10.0,10.0,10.0,10.0,13.877013545446436
