,1,1l,1r,1s,2,2l,2r,2s,3,3l,3r,3s,4,4l,4r,4s,id,1_2,1_3,1_4,2_1,2_3,2_4,3_1,3_2,3_4,4_1,4_2,4_3,p1,p2,p3,p4,speed0,speed1,speed2,speed3,speed4,stop0,stop1,stop2,stop3,stop4,time,timeloss0,timeloss1,timeloss2,timeloss3,timeloss4,travel0,travel1,travel2,travel3,travel4,wait0,wait1,wait2,wait3,wait4,rsssl_rrsll_rsl_rsslll_0,rsssl_rrsll_rsl_rsslll_1,rsssl_rrsll_rsl_rsslll_2,rsssl_rrsll_rsl_rsslll_3,performance measure
0,5,1,1,3,5,2,2,1,3,1,1,1,6,3,1,2,rsssl_rrsll_rsl_rsslll,179.0,146.0,234.0,648.0,367.0,64.0,53.0,249.0,238.0,960.0,220.0,274.0,10.0,5.0,15.0,10.0,9.53025081592836,9.555112853389208,9.47838930525202,9.45796754122653,9.536414332539044,0.6808,0.6886477462437396,0.7066772655007949,0.7047697368421053,0.6769731489015459,3.4188077449798584,19.219520000000003,19.075926544240385,19.803823529411762,19.95941611842106,19.08363710333607,63.8488,63.69699499165275,64.41017488076312,64.58963815789474,63.72823433685924,11.6408,11.499165275459099,12.06597774244833,12.18421052631579,11.672091131000814,10.0,5.0,15.0,10.0,11.812448935044806
