,1,1l,1r,1s,2,2l,2r,2s,3,3l,3r,3s,4,4l,4r,4s,id,1_2,1_3,1_4,2_1,2_3,2_4,3_1,3_2,3_4,4_1,4_2,4_3,p1,p2,p3,p4,speed0,speed1,speed2,speed3,speed4,stop0,stop1,stop2,stop3,stop4,time,timeloss0,timeloss1,timeloss2,timeloss3,timeloss4,travel0,travel1,travel2,travel3,travel4,wait0,wait1,wait2,wait3,wait4,rsssl_rrsll_rsl_rsslll_0,rsssl_rrsll_rsl_rsslll_1,rsssl_rrsll_rsl_rsslll_2,rsssl_rrsll_rsl_rsslll_3,performance measure
0,5,1,1,3,5,2,2,1,3,1,1,1,6,3,1,2,rsssl_rrsll_rsl_rsslll,299.0,354.0,188.0,265.0,268.0,346.0,218.0,315.0,113.0,860.0,468.0,65.0,15.0,10.0,15.0,15.0,8.276250698447546,8.543843358171783,8.29083649109864,8.627450370880016,8.543280821246336,0.946271050521251,0.8205329153605015,0.9201520912547528,0.8144833197721725,0.8375594294770206,3.313249349594116,36.41473135525261,29.18501567398125,34.58414448669202,28.82769731489014,29.848050713153746,81.28628708901363,74.06739811912226,79.45931558935361,73.65012205044752,74.67115689381933,26.506816359262228,20.68103448275862,24.99847908745247,20.360455655004067,21.087955625990492,15.0,10.0,15.0,15.0,22.726948242093577
