,1,1l,1r,1s,2,2l,2r,2s,3,3l,3r,3s,4,4l,4r,4s,id,1_2,1_3,1_4,2_1,2_3,2_4,3_1,3_2,3_4,4_1,4_2,4_3,p1,p2,p3,p4,speed0,speed1,speed2,speed3,speed4,stop0,stop1,stop2,stop3,stop4,time,timeloss0,timeloss1,timeloss2,timeloss3,timeloss4,travel0,travel1,travel2,travel3,travel4,wait0,wait1,wait2,wait3,wait4,rssll_rrsl_rsssl_rrsl_0,rssll_rrsl_rsssl_rrsl_1,rssll_rrsl_rsssl_rrsl_2,rssll_rrsl_rsssl_rrsl_3,performance measure
0,5,2,1,2,4,1,2,1,5,1,1,3,4,1,2,1,rssll_rrsl_rsssl_rrsl,588.0,368.0,149.0,216.0,182.0,84.0,143.0,323.0,71.0,249.0,294.0,508.0,15.0,10.0,15.0,15.0,9.12844382963188,8.851882108287159,8.87443306017954,9.094305330928387,8.938853847370776,0.697282099343955,0.7632805219012115,0.7493112947658402,0.6942857142857143,0.7441424554826617,3.1481807231903076,23.342755388940944,26.12462255358808,25.9713406795225,23.78856190476193,25.72543580131207,67.9925023430178,70.79310344827586,70.63269054178146,68.45619047619047,70.36457357075913,15.7572633552015,18.17148182665424,17.801652892561982,16.2,17.658856607310216,15.0,10.0,15.0,15.0,17.117850936345587
