,1,1l,1r,1s,2,2l,2r,2s,3,3l,3r,3s,4,4l,4r,4s,id,1_2,1_3,1_4,2_1,2_3,2_4,3_1,3_2,3_4,4_1,4_2,4_3,p1,p2,p3,p4,speed0,speed1,speed2,speed3,speed4,stop0,stop1,stop2,stop3,stop4,time,timeloss0,timeloss1,timeloss2,timeloss3,timeloss4,travel0,travel1,travel2,travel3,travel4,wait0,wait1,wait2,wait3,wait4,rrslll_rssll_rsl_rssssll_0,rrslll_rssll_rsl_rssssll_1,rrslll_rssll_rsl_rssssll_2,rrslll_rssll_rsl_rssssll_3,performance measure
0,6,3,2,1,5,2,1,2,3,1,1,1,7,2,1,4,rrslll_rssll_rsl_rssssll,929.0,118.0,81.0,295.0,416.0,212.0,335.0,124.0,243.0,297.0,380.0,276.0,15.0,15.0,10.0,5.0,8.68187400219054,8.848716089757934,8.802530173866822,8.915458778234981,8.872871465818607,0.8958168902920284,0.8019017432646592,0.8057498057498057,0.7936117936117936,0.8061889250814332,3.4820523262023926,29.88846882399366,25.272472266244044,25.63104895104897,24.685773955773954,25.564902280130283,74.72375690607734,70.12519809825673,70.47163947163948,69.57657657657657,70.44951140065146,21.085240726124702,17.034072900158478,17.111888111888113,16.48157248157248,17.53827361563518,15.0,15.0,10.0,5.0,17.85020956707579
