,1,1l,1r,1s,2,2l,2r,2s,3,3l,3r,3s,4,4l,4r,4s,id,1_2,1_3,1_4,2_1,2_3,2_4,3_1,3_2,3_4,4_1,4_2,4_3,p1,p2,p3,p4,speed0,speed1,speed2,speed3,speed4,stop0,stop1,stop2,stop3,stop4,time,timeloss0,timeloss1,timeloss2,timeloss3,timeloss4,travel0,travel1,travel2,travel3,travel4,wait0,wait1,wait2,wait3,wait4,rsl_rsl_rsl_rrssssl_0,rsl_rsl_rsl_rrssssl_1,rsl_rsl_rsl_rrssssl_2,rsl_rsl_rsl_rrssssl_3,performance measure
0,3,1,1,1,3,1,1,1,3,1,1,1,7,1,2,4,rsl_rsl_rsl_rrssssl,193.0,118.0,41.0,82.0,124.0,360.0,66.0,168.0,211.0,258.0,366.0,262.0,10.0,5.0,10.0,15.0,8.889115249361813,9.031254814725054,8.752519834814267,8.945047437224787,9.117781299506316,0.8434782608695652,0.8445322793148881,1.0643939393939394,0.84593837535014,0.7950391644908616,2.708360195159912,26.06515527950309,25.070289855072453,37.84404040404042,26.09743697478992,23.900639686684066,70.93167701863354,69.91699604743083,82.75,70.8921568627451,68.71932114882506,17.428571428571427,16.652173913043477,27.690656565656564,18.023809523809526,15.8733681462141,10.0,5.0,10.0,15.0,19.133715915459018
