,1,1l,1r,1s,2,2l,2r,2s,3,3l,3r,3s,4,4l,4r,4s,id,1_2,1_3,1_4,2_1,2_3,2_4,3_1,3_2,3_4,4_1,4_2,4_3,p1,p2,p3,p4,speed0,speed1,speed2,speed3,speed4,stop0,stop1,stop2,stop3,stop4,time,timeloss0,timeloss1,timeloss2,timeloss3,timeloss4,travel0,travel1,travel2,travel3,travel4,wait0,wait1,wait2,wait3,wait4,rrsssll_rsl_rsl_rrsll_0,rrsssll_rsl_rsl_rrsll_1,rrsssll_rsl_rsl_rrsll_2,rrsssll_rsl_rsl_rrsll_3,performance measure
0,7,2,2,3,3,1,1,1,3,1,1,1,5,2,2,1,rrsssll_rsl_rsl_rrsll,190.0,144.0,320.0,156.0,99.0,69.0,170.0,141.0,182.0,231.0,221.0,270.0,10.0,10.0,10.0,10.0,9.533063546364724,9.567069226336484,9.628066974956715,9.428990073108658,9.32605452538857,0.7010443864229765,0.7036535859269283,0.6675603217158177,0.7083926031294452,0.7509677419354839,2.452544927597046,19.935208877284605,19.244100135318018,19.205469168900773,20.48745376955905,22.008348387096742,64.44908616187989,63.775372124492556,63.75335120643432,64.96728307254622,66.60774193548387,12.75065274151436,12.163734776725304,12.194369973190348,13.298719772403983,14.48516129032258,10.0,10.0,10.0,10.0,12.978527710831315
