,1,1l,1r,1s,2,2l,2r,2s,3,3l,3r,3s,4,4l,4r,4s,id,1_2,1_3,1_4,2_1,2_3,2_4,3_1,3_2,3_4,4_1,4_2,4_3,p1,p2,p3,p4,speed0,speed1,speed2,speed3,speed4,stop0,stop1,stop2,stop3,stop4,time,timeloss0,timeloss1,timeloss2,timeloss3,timeloss4,travel0,travel1,travel2,travel3,travel4,wait0,wait1,wait2,wait3,wait4,rsssssl_rssssll_rsl_rssll_0,rsssssl_rssssll_rsl_rssll_1,rsssssl_rssssll_rsl_rssll_2,rsssssl_rssssll_rsl_rssll_3,performance measure
0,7,1,1,5,7,2,1,4,3,1,1,1,5,2,1,2,rsssssl_rssssll_rsl_rssll,198.0,800.0,223.0,187.0,527.0,457.0,207.0,87.0,181.0,532.0,523.0,41.0,10.0,10.0,15.0,10.0,8.831893710023259,9.035504622956012,8.570314019565329,9.055042604363189,8.87732382861884,0.8390889052167524,0.753880266075388,0.8888081395348837,0.7601918465227818,0.8052044609665427,3.3989102840423584,26.55053637031595,23.788396156688847,29.145654069767463,23.586067146282957,25.628312267658,71.37986774430566,68.61566888396156,74.0625,68.42605915267785,70.47583643122677,18.37252020573108,16.052475979305246,20.49636627906977,15.884892086330936,17.59628252788104,10.0,10.0,15.0,10.0,17.680507415663616
