,1,1l,1r,1s,2,2l,2r,2s,3,3l,3r,3s,4,4l,4r,4s,id,1_2,1_3,1_4,2_1,2_3,2_4,3_1,3_2,3_4,4_1,4_2,4_3,p1,p2,p3,p4,speed0,speed1,speed2,speed3,speed4,stop0,stop1,stop2,stop3,stop4,time,timeloss0,timeloss1,timeloss2,timeloss3,timeloss4,travel0,travel1,travel2,travel3,travel4,wait0,wait1,wait2,wait3,wait4,rssslll_rssll_rsssl_rrssl_0,rssslll_rssll_rsssl_rrssl_1,rssslll_rssll_rsssl_rrssl_2,rssslll_rssll_rsssl_rrssl_3,performance measure
0,7,3,1,3,5,2,1,2,5,1,1,3,5,1,2,2,rssslll_rssll_rsssl_rrssl,384.0,425.0,166.0,300.0,309.0,579.0,885.0,146.0,273.0,182.0,499.0,345.0,15.0,15.0,10.0,15.0,8.897100969432561,8.79281979247886,8.806584283183527,8.891518131175763,8.866406091357796,0.7466755319148937,0.7821909032671365,0.771884984025559,0.7427385892116183,0.7576167907921463,3.95367169380188,25.61833776595744,26.938500960922454,26.33129712460065,25.562897648686093,25.57496276235613,70.43617021276596,71.72709801409353,71.16357827476038,70.35615491009682,70.37034529451591,17.664893617021278,18.91031390134529,18.41150159744409,17.80774550484094,17.698036560595803,15.0,15.0,10.0,15.0,18.09849823624948
