,1,1l,1r,1s,2,2l,2r,2s,3,3l,3r,3s,4,4l,4r,4s,id,1_2,1_3,1_4,2_1,2_3,2_4,3_1,3_2,3_4,4_1,4_2,4_3,p1,p2,p3,p4,speed0,speed1,speed2,speed3,speed4,stop0,stop1,stop2,stop3,stop4,time,timeloss0,timeloss1,timeloss2,timeloss3,timeloss4,travel0,travel1,travel2,travel3,travel4,wait0,wait1,wait2,wait3,wait4,rssll_rrssl_rssslll_rrssll_0,rssll_rrssl_rssslll_rrssll_1,rssll_rrssl_rssslll_rrssll_2,rssll_rrssl_rssslll_rrssll_3,performance measure
0,5,2,1,2,5,1,2,2,7,3,1,3,6,2,2,2,rssll_rrssl_rssslll_rrssll,597.0,214.0,177.0,582.0,100.0,291.0,307.0,260.0,629.0,526.0,412.0,517.0,10.0,5.0,10.0,10.0,9.401101179016914,9.182505457584087,9.088265639530137,9.443927238664163,9.474797021753556,0.7408111533586819,0.8075689544579859,0.8438661710037175,0.743455497382199,0.7243839169909209,4.0262837409973145,20.48145754119138,22.724098781270037,23.847713754646858,19.886590314136136,19.47610894941635,65.03041825095058,67.28608082103912,68.45724907063197,64.43193717277487,64.05252918287938,12.721799746514575,14.579858883899936,15.446716232961586,12.283376963350785,12.00064850843061,10.0,5.0,10.0,10.0,13.406480067031499
