,1,1l,1r,1s,2,2l,2r,2s,3,3l,3r,3s,4,4l,4r,4s,id,1_2,1_3,1_4,2_1,2_3,2_4,3_1,3_2,3_4,4_1,4_2,4_3,p1,p2,p3,p4,speed0,speed1,speed2,speed3,speed4,stop0,stop1,stop2,stop3,stop4,time,timeloss0,timeloss1,timeloss2,timeloss3,timeloss4,travel0,travel1,travel2,travel3,travel4,wait0,wait1,wait2,wait3,wait4,rsll_rsl_rssslll_rrsssll_0,rsll_rsl_rssslll_rrsssll_1,rsll_rsl_rssslll_rrsssll_2,rsll_rsl_rssslll_rrsssll_3,performance measure
0,4,2,1,1,3,1,1,1,7,3,1,3,7,2,2,3,rsll_rsl_rssslll_rrsssll,190.0,165.0,262.0,251.0,74.0,72.0,386.0,296.0,889.0,113.0,286.0,586.0,15.0,10.0,5.0,5.0,9.74400578550616,9.825580000275721,9.71504929225267,9.869246045329428,9.66901112745576,0.6637726913970008,0.6374367622259697,0.6800656275635767,0.6477174849267873,0.6898481215027977,3.4366588592529297,17.750307813733265,16.964814502529528,17.656292042657928,16.695529715762266,18.06353317346124,62.15548539857932,61.41821247892074,62.10828547990156,61.10508182601206,62.4828137490008,10.48145224940805,9.888701517706577,10.433962264150944,9.609819121447028,10.558752997601918,15.0,10.0,5.0,5.0,10.194537630062902
