,1,1l,1r,1s,2,2l,2r,2s,3,3l,3r,3s,4,4l,4r,4s,id,1_2,1_3,1_4,2_1,2_3,2_4,3_1,3_2,3_4,4_1,4_2,4_3,p1,p2,p3,p4,speed0,speed1,speed2,speed3,speed4,stop0,stop1,stop2,stop3,stop4,time,timeloss0,timeloss1,timeloss2,timeloss3,timeloss4,travel0,travel1,travel2,travel3,travel4,wait0,wait1,wait2,wait3,wait4,rslll_rsl_rrslll_rsl_0,rslll_rsl_rrslll_rsl_1,rslll_rsl_rrslll_rsl_2,rslll_rsl_rrslll_rsl_3,performance measure
0,5,3,1,1,3,1,1,1,6,3,2,1,3,1,1,1,rslll_rsl_rrslll_rsl,941.0,199.0,41.0,273.0,213.0,252.0,169.0,461.0,276.0,211.0,325.0,71.0,15.0,10.0,10.0,15.0,8.652171778140698,8.451627477195128,8.317284835548282,8.623352248364286,8.67689896171558,0.8285229202037352,0.8826125330979699,0.9406430338004946,0.848990342405619,0.8095659875996457,3.186779260635376,28.314855687606126,30.823212709620403,33.66087386644681,30.28120280948203,27.722878653675778,73.2258064516129,75.7396293027361,78.54492992580379,75.18876207199298,72.60496014171834,19.561969439728355,21.803177405119154,24.105523495465786,21.280070237050044,19.189548272807794,15.0,10.0,10.0,15.0,21.188057770034227
