,1,1l,1r,1s,2,2l,2r,2s,3,3l,3r,3s,4,4l,4r,4s,id,1_2,1_3,1_4,2_1,2_3,2_4,3_1,3_2,3_4,4_1,4_2,4_3,p1,p2,p3,p4,speed0,speed1,speed2,speed3,speed4,stop0,stop1,stop2,stop3,stop4,time,timeloss0,timeloss1,timeloss2,timeloss3,timeloss4,travel0,travel1,travel2,travel3,travel4,wait0,wait1,wait2,wait3,wait4,rsl_rrsl_rssslll_rssssl_0,rsl_rrsl_rssslll_rssssl_1,rsl_rrsl_rssslll_rssssl_2,rsl_rrsl_rssslll_rssssl_3,performance measure
0,3,1,1,1,4,1,2,1,7,3,1,3,6,1,1,4,rsl_rrsl_rssslll_rssssl,95.0,289.0,208.0,536.0,301.0,98.0,318.0,295.0,921.0,130.0,1164.0,235.0,15.0,15.0,15.0,15.0,8.627224458981363,8.599122245546088,8.314841512298948,8.241131431638223,8.294360156584977,0.7734877734877735,0.760498687664042,0.8338499690018599,0.8503674014696059,0.8345230369889682,4.031870603561401,27.662393822393838,27.95819553805773,31.144135151890858,32.16056780227124,31.541401687216137,72.44723294723295,72.7755905511811,75.94420334779913,76.92451569806279,76.36469824789098,19.39060489060489,19.64501312335958,22.16615003099814,23.225784903139612,22.686567164179106,15.0,15.0,15.0,15.0,21.422824022456265
