,1,1l,1r,1s,2,2l,2r,2s,3,3l,3r,3s,4,4l,4r,4s,id,1_2,1_3,1_4,2_1,2_3,2_4,3_1,3_2,3_4,4_1,4_2,4_3,p1,p2,p3,p4,speed0,speed1,speed2,speed3,speed4,stop0,stop1,stop2,stop3,stop4,time,timeloss0,timeloss1,timeloss2,timeloss3,timeloss4,travel0,travel1,travel2,travel3,travel4,wait0,wait1,wait2,wait3,wait4,rsl_rsl_rsl_rrssssl_0,rsl_rsl_rsl_rrssssl_1,rsl_rsl_rsl_rrssssl_2,rsl_rsl_rsl_rrssssl_3,performance measure
0,3,1,1,1,3,1,1,1,3,1,1,1,7,1,2,4,rsl_rsl_rsl_rrssssl,81.0,86.0,96.0,243.0,294.0,328.0,293.0,178.0,241.0,129.0,1166.0,503.0,15.0,15.0,15.0,21.0,8.484678796017407,8.469061712229255,8.323941987556044,8.385849413349833,8.557220217129029,0.7924823805794832,0.7913961038961039,0.8088818398096749,0.8256013745704467,0.7748987854251013,3.2654032707214355,30.596350822239597,30.7272483766234,32.91439333862012,33.584140893470774,29.429562753036432,75.41973375097885,75.55762987012987,77.75654242664552,78.37886597938144,74.2251012145749,21.85121378230227,22.271915584415584,24.144329896907216,24.6872852233677,21.049392712550606,15.0,15.0,15.0,21.0,22.800827439908677
