,1,1l,1r,1s,2,2l,2r,2s,3,3l,3r,3s,4,4l,4r,4s,id,1_2,1_3,1_4,2_1,2_3,2_4,3_1,3_2,3_4,4_1,4_2,4_3,p1,p2,p3,p4,speed0,speed1,speed2,speed3,speed4,stop0,stop1,stop2,stop3,stop4,time,timeloss0,timeloss1,timeloss2,timeloss3,timeloss4,travel0,travel1,travel2,travel3,travel4,wait0,wait1,wait2,wait3,wait4,rsssll_rssl_rsslll_rrsl_0,rsssll_rssl_rsslll_rrsl_1,rsssll_rssl_rsslll_rrsl_2,rsssll_rssl_rsslll_rrsl_3,performance measure
0,6,2,1,3,4,1,1,2,6,3,1,2,4,1,2,1,rsssll_rssl_rsslll_rrsl,287.0,466.0,249.0,312.0,74.0,696.0,435.0,270.0,281.0,301.0,174.0,265.0,10.0,10.0,15.0,15.0,8.771615833478302,8.79531352568967,8.91115872578918,8.85650224001957,8.92690868855006,0.7875095201827875,0.7842679127725857,0.7770320656226697,0.7739837398373983,0.7669753086419753,3.500126600265503,26.663145468392997,25.842500000000026,24.826607009694253,25.772471544715426,24.604320987654305,71.32825590251333,70.51479750778816,69.51752423564504,70.43008130081301,69.26620370370371,18.456207159177456,17.7904984423676,16.846383296047726,17.6869918699187,16.59722222222222,10.0,10.0,15.0,15.0,17.475460597946743
