,1,1l,1r,1s,2,2l,2r,2s,3,3l,3r,3s,4,4l,4r,4s,id,1_2,1_3,1_4,2_1,2_3,2_4,3_1,3_2,3_4,4_1,4_2,4_3,p1,p2,p3,p4,speed0,speed1,speed2,speed3,speed4,stop0,stop1,stop2,stop3,stop4,time,timeloss0,timeloss1,timeloss2,timeloss3,timeloss4,travel0,travel1,travel2,travel3,travel4,wait0,wait1,wait2,wait3,wait4,rrsll_rssl_rsssll_rsl_0,rrsll_rssl_rsssll_rsl_1,rrsll_rssl_rsssll_rsl_2,rrsll_rssl_rsssll_rsl_3,performance measure
0,5,2,2,1,4,1,1,2,6,2,1,3,3,1,1,1,rrsll_rssl_rsssll_rsl,296.0,91.0,73.0,68.0,112.0,177.0,894.0,175.0,294.0,294.0,215.0,288.0,10.0,15.0,15.0,10.0,8.85416000037574,8.675261395371994,8.641270127778396,8.990619884637034,8.721489927444823,0.7882579403272377,0.8175403225806451,0.814922480620155,0.7651282051282051,0.8237082066869301,3.2524707317352295,25.369432146294557,27.32659274193543,27.147063953488352,24.146225641025648,27.46369807497467,70.334937439846,72.35987903225806,72.11627906976744,69.12717948717949,72.45086119554205,17.32242540904716,19.114919354838708,18.910852713178294,16.311794871794874,19.195542046605876,10.0,15.0,15.0,10.0,18.17110687909298
