,1,1l,1r,1s,2,2l,2r,2s,3,3l,3r,3s,4,4l,4r,4s,id,1_2,1_3,1_4,2_1,2_3,2_4,3_1,3_2,3_4,4_1,4_2,4_3,p1,p2,p3,p4,speed0,speed1,speed2,speed3,speed4,stop0,stop1,stop2,stop3,stop4,time,timeloss0,timeloss1,timeloss2,timeloss3,timeloss4,travel0,travel1,travel2,travel3,travel4,wait0,wait1,wait2,wait3,wait4,rsll_rsl_rssslll_rrsssll_0,rsll_rsl_rssslll_rrsssll_1,rsll_rsl_rssslll_rrsssll_2,rsll_rsl_rssslll_rrsssll_3,performance measure
0,4,2,1,1,3,1,1,1,7,3,1,3,7,2,2,3,rsll_rsl_rssslll_rrsssll,475.0,73.0,132.0,122.0,265.0,343.0,726.0,195.0,478.0,516.0,1063.0,184.0,10.0,10.0,15.0,15.0,8.196337952078444,8.209473545848542,7.962355269897191,8.618935646054059,8.421212347738795,0.9550195567144719,0.9281129653401797,1.0137585991244529,0.8352542372881356,0.8724523339907956,4.0072922706604,34.23700130378105,32.708793324775336,37.01871794871794,27.549511864406792,29.647961867192652,79.17209908735333,77.67458279845957,82.03189493433396,72.49084745762711,74.58185404339251,24.614732724902215,23.410141206675224,27.141338336460286,19.100338983050847,20.845496383957922,10.0,10.0,15.0,15.0,23.022409527009298
