,1,1l,1r,1s,2,2l,2r,2s,3,3l,3r,3s,4,4l,4r,4s,id,1_2,1_3,1_4,2_1,2_3,2_4,3_1,3_2,3_4,4_1,4_2,4_3,p1,p2,p3,p4,speed0,speed1,speed2,speed3,speed4,stop0,stop1,stop2,stop3,stop4,time,timeloss0,timeloss1,timeloss2,timeloss3,timeloss4,travel0,travel1,travel2,travel3,travel4,wait0,wait1,wait2,wait3,wait4,rsl_rsl_rsl_rrssll_0,rsl_rsl_rsl_rrssll_1,rsl_rsl_rsl_rrssll_2,rsl_rsl_rsl_rrssll_3,performance measure
0,3,1,1,1,3,1,1,1,3,1,1,1,6,2,2,2,rsl_rsl_rsl_rrssll,106.0,215.0,76.0,111.0,49.0,352.0,173.0,230.0,95.0,247.0,675.0,378.0,5.0,10.0,5.0,15.0,9.305236764785404,9.421007393995302,9.364686335760213,9.507077184554827,9.378186404838004,0.7926701570680629,0.7652838427947598,0.7636554621848739,0.734321550741163,0.7507987220447284,2.8208091259002686,22.357308900523588,21.265578602620106,21.576228991596658,20.0755644241733,20.998615548455795,67.27225130890052,66.16048034934498,66.52626050420169,64.9418472063854,65.91906283280085,14.292146596858638,13.578602620087336,13.6859243697479,12.60661345496009,13.170394036208732,5.0,10.0,5.0,15.0,13.466736215572539
