,1,1l,1r,1s,2,2l,2r,2s,3,3l,3r,3s,4,4l,4r,4s,id,1_2,1_3,1_4,2_1,2_3,2_4,3_1,3_2,3_4,4_1,4_2,4_3,p1,p2,p3,p4,speed0,speed1,speed2,speed3,speed4,stop0,stop1,stop2,stop3,stop4,time,timeloss0,timeloss1,timeloss2,timeloss3,timeloss4,travel0,travel1,travel2,travel3,travel4,wait0,wait1,wait2,wait3,wait4,rssslll_rssll_rsssl_rrssl_0,rssslll_rssll_rsssl_rrssl_1,rssslll_rssll_rsssl_rrssl_2,rssslll_rssll_rsssl_rrssl_3,performance measure
0,7,3,1,3,5,2,1,2,5,1,1,3,5,1,2,2,rssslll_rssll_rsssl_rrssl,754.0,530.0,295.0,292.0,116.0,100.0,409.0,205.0,83.0,38.0,685.0,492.0,10.0,10.0,5.0,15.0,9.527383145216998,9.388612423404272,9.389308703904806,9.457699598022849,9.541690228155996,0.6902848794740687,0.7325227963525835,0.719208211143695,0.7148347425057648,0.6932067202337473,3.5979537963867188,19.466523009495976,20.413396656534985,20.810131964809372,19.944019984627218,19.150730460189962,64.0,64.9726443768997,65.41862170087977,64.48808608762491,63.72242512783053,12.1672753834916,12.7629179331307,13.195014662756599,12.486548808608763,11.696128560993426,10.0,10.0,5.0,15.0,12.461577069796217
