,1,1l,1r,1s,2,2l,2r,2s,3,3l,3r,3s,4,4l,4r,4s,id,1_2,1_3,1_4,2_1,2_3,2_4,3_1,3_2,3_4,4_1,4_2,4_3,p1,p2,p3,p4,speed0,speed1,speed2,speed3,speed4,stop0,stop1,stop2,stop3,stop4,time,timeloss0,timeloss1,timeloss2,timeloss3,timeloss4,travel0,travel1,travel2,travel3,travel4,wait0,wait1,wait2,wait3,wait4,rsl_rsssll_rrssl_rrsslll_0,rsl_rsssll_rrssl_rrsslll_1,rsl_rsssll_rrssl_rrsslll_2,rsl_rsssll_rrssl_rrsslll_3,performance measure
0,3,1,1,1,6,2,1,3,5,1,2,2,7,3,2,2,rsl_rsssll_rrssl_rrsslll,167.0,97.0,142.0,142.0,177.0,986.0,627.0,307.0,181.0,835.0,205.0,513.0,10.0,15.0,15.0,15.0,8.70098454059304,8.492977603125615,8.752597086669857,8.726669907276387,8.790822507862515,0.781974817760106,0.8215962441314554,0.7799862919808088,0.7795807978363759,0.7590443686006826,3.629335880279541,27.46005301524187,29.05663983903421,26.685633995887606,27.496200135226438,26.079720136518723,72.22929092113982,73.86116700201207,71.52981494174092,72.28870858688303,70.87918088737202,19.25844930417495,20.658618376928235,18.54215215901302,19.354293441514535,18.1098976109215,10.0,15.0,15.0,15.0,19.18468217851045
