,1,1l,1r,1s,2,2l,2r,2s,3,3l,3r,3s,4,4l,4r,4s,id,1_2,1_3,1_4,2_1,2_3,2_4,3_1,3_2,3_4,4_1,4_2,4_3,p1,p2,p3,p4,speed0,speed1,speed2,speed3,speed4,stop0,stop1,stop2,stop3,stop4,time,timeloss0,timeloss1,timeloss2,timeloss3,timeloss4,travel0,travel1,travel2,travel3,travel4,wait0,wait1,wait2,wait3,wait4,rrsslll_rrsll_rsssl_rrsslll_0,rrsslll_rrsll_rsssl_rrsslll_1,rrsslll_rrsll_rsssl_rrsslll_2,rrsslll_rrsll_rsssl_rrsslll_3,performance measure
0,7,3,2,2,5,2,2,1,5,1,1,3,7,3,2,2,rrsslll_rrsll_rsssl_rrsslll,759.0,312.0,346.0,628.0,439.0,303.0,785.0,94.0,186.0,667.0,202.0,93.0,10.0,10.0,10.0,10.0,8.797739531512363,8.911442740475167,8.846948043750997,8.95286571903278,9.043698429330572,1.0018856065367694,0.8569682151589242,0.8554502369668247,0.8310301507537688,0.8395217117684078,4.205124616622925,32.06849151477062,25.491644254278736,26.25867890995264,25.00517587939703,25.611806167400868,76.86360779384036,70.30378973105134,71.03258293838863,69.78831658291458,70.40843297671492,21.74921433060968,17.063569682151588,17.672985781990523,16.670226130653266,17.149150409062305,10.0,10.0,10.0,10.0,18.06102926689347
