,1,1l,1r,1s,2,2l,2r,2s,3,3l,3r,3s,4,4l,4r,4s,id,1_2,1_3,1_4,2_1,2_3,2_4,3_1,3_2,3_4,4_1,4_2,4_3,p1,p2,p3,p4,speed0,speed1,speed2,speed3,speed4,stop0,stop1,stop2,stop3,stop4,time,timeloss0,timeloss1,timeloss2,timeloss3,timeloss4,travel0,travel1,travel2,travel3,travel4,wait0,wait1,wait2,wait3,wait4,rrslll_rssll_rsl_rssssll_0,rrslll_rssll_rsl_rssssll_1,rrslll_rssll_rsl_rssssll_2,rrslll_rssll_rsl_rssssll_3,performance measure
0,6,3,2,1,5,2,1,2,3,1,1,1,7,2,1,4,rrslll_rssll_rsl_rssssll,478.0,221.0,319.0,290.0,382.0,413.0,196.0,132.0,66.0,313.0,228.0,304.0,10.0,10.0,10.0,10.0,9.395713929680463,9.328861040570503,9.125124409941135,9.275889669070303,9.289727996493918,0.7217915590008613,0.7495590828924162,0.7799163179916317,0.7424657534246575,0.7431111111111111,2.986940860748291,20.716993970714903,20.84116402116401,23.253439330543888,21.527515981735146,21.387537777777755,65.3479758828596,65.48148148148148,67.94476987447699,66.17534246575343,66.02577777777778,13.189491817398794,13.322751322751323,15.180753138075314,13.96255707762557,13.738666666666667,10.0,10.0,10.0,10.0,13.878844004503534
