,1,1l,1r,1s,2,2l,2r,2s,3,3l,3r,3s,4,4l,4r,4s,id,1_2,1_3,1_4,2_1,2_3,2_4,3_1,3_2,3_4,4_1,4_2,4_3,p1,p2,p3,p4,speed0,speed1,speed2,speed3,speed4,stop0,stop1,stop2,stop3,stop4,time,timeloss0,timeloss1,timeloss2,timeloss3,timeloss4,travel0,travel1,travel2,travel3,travel4,wait0,wait1,wait2,wait3,wait4,rsssssl_rssssll_rsl_rssll_0,rsssssl_rssssll_rsl_rssll_1,rsssssl_rssssll_rsl_rssll_2,rsssssl_rssssll_rsl_rssll_3,performance measure
0,7,1,1,5,7,2,1,4,3,1,1,1,5,2,1,2,rsssssl_rssssll_rsl_rssll,188.0,323.0,300.0,314.0,599.0,1380.0,283.0,193.0,235.0,427.0,646.0,164.0,10.0,15.0,15.0,15.0,8.318323405416372,8.363071472418472,8.212544023736259,8.37369583404965,8.445217459904217,0.8985765124555161,0.8621509209744503,0.9283683911313246,0.8648648648648649,0.8494186046511628,4.062453985214233,33.965670225385495,31.730237670825908,34.97603183627062,31.796390390390403,29.988412790697637,78.80486358244366,76.56981580510993,79.80443433769187,76.65285285285286,74.82151162790697,24.488730723606167,22.732620320855617,25.357021034678795,22.73153153153153,21.233720930232558,10.0,15.0,15.0,15.0,23.30872490818093
