,1,1l,1r,1s,2,2l,2r,2s,3,3l,3r,3s,4,4l,4r,4s,id,1_2,1_3,1_4,2_1,2_3,2_4,3_1,3_2,3_4,4_1,4_2,4_3,p1,p2,p3,p4,speed0,speed1,speed2,speed3,speed4,stop0,stop1,stop2,stop3,stop4,time,timeloss0,timeloss1,timeloss2,timeloss3,timeloss4,travel0,travel1,travel2,travel3,travel4,wait0,wait1,wait2,wait3,wait4,rrsll_rssl_rsssll_rsl_0,rrsll_rssl_rsssll_rsl_1,rrsll_rssl_rsssll_rsl_2,rrsll_rssl_rsssll_rsl_3,performance measure
0,5,2,2,1,4,1,1,2,6,2,1,3,3,1,1,1,rrsll_rssl_rsssll_rsl,439.0,68.0,572.0,201.0,163.0,333.0,595.0,96.0,103.0,211.0,267.0,229.0,10.0,10.0,10.0,10.0,9.275059780984357,9.13548313382224,9.253057228661977,9.28669927296608,9.262378302912115,0.7443478260869565,0.7984014209591475,0.7404444444444445,0.7298311444652908,0.7607699358386801,3.234236478805542,21.647252173913017,23.325879218472437,21.938888888888883,21.522664165103144,22.327030247479367,66.40347826086956,68.04795737122558,66.64977777777777,66.22326454033771,67.02383134738771,13.96695652173913,15.357904085257548,14.059555555555555,13.922138836772984,14.408799266727772,10.0,10.0,10.0,10.0,14.343070853210596
