,1,1l,1r,1s,2,2l,2r,2s,3,3l,3r,3s,4,4l,4r,4s,id,1_2,1_3,1_4,2_1,2_3,2_4,3_1,3_2,3_4,4_1,4_2,4_3,p1,p2,p3,p4,speed0,speed1,speed2,speed3,speed4,stop0,stop1,stop2,stop3,stop4,time,timeloss0,timeloss1,timeloss2,timeloss3,timeloss4,travel0,travel1,travel2,travel3,travel4,wait0,wait1,wait2,wait3,wait4,rsl_rrsl_rssslll_rssssl_0,rsl_rrsl_rssslll_rssssl_1,rsl_rrsl_rssslll_rssssl_2,rsl_rrsl_rssslll_rssssl_3,performance measure
0,3,1,1,1,4,1,2,1,7,3,1,3,6,1,1,4,rsl_rrsl_rssslll_rssssl,198.0,125.0,150.0,577.0,257.0,262.0,875.0,263.0,822.0,134.0,1339.0,320.0,15.0,15.0,10.0,15.0,8.54976612853217,8.555237150507727,8.449620994298991,8.736067366280452,8.611351665549021,0.8462819089900111,0.8290067720090294,0.9070016034206306,0.8261120739456961,0.8171140939597316,4.358383893966675,30.740799112097726,29.23084650112864,33.9603206841261,30.190392836510654,28.6379586129754,75.54439511653717,74.07505643340858,78.76162479957242,74.99711149624494,73.43847874720358,21.613762486126525,20.580135440180587,24.219134152859432,21.269208549971115,19.986577181208055,15.0,15.0,10.0,15.0,21.533763562069147
