,1,1l,1r,1s,2,2l,2r,2s,3,3l,3r,3s,4,4l,4r,4s,id,1_2,1_3,1_4,2_1,2_3,2_4,3_1,3_2,3_4,4_1,4_2,4_3,p1,p2,p3,p4,speed0,speed1,speed2,speed3,speed4,stop0,stop1,stop2,stop3,stop4,time,timeloss0,timeloss1,timeloss2,timeloss3,timeloss4,travel0,travel1,travel2,travel3,travel4,wait0,wait1,wait2,wait3,wait4,rsl_rsl_rsl_rrssssl_0,rsl_rsl_rsl_rrssssl_1,rsl_rsl_rsl_rrssssl_2,rsl_rsl_rsl_rrssssl_3,performance measure
0,3,1,1,1,3,1,1,1,3,1,1,1,7,1,2,4,rsl_rsl_rsl_rrssssl,43.0,81.0,272.0,186.0,81.0,220.0,337.0,189.0,282.0,49.0,1115.0,107.0,15.0,15.0,5.0,15.0,8.866902243970852,8.895603781794518,8.770395354784018,8.979818644191864,8.918215350429127,0.7821011673151751,0.768920282542886,0.8107317073170732,0.7616525423728814,0.7595785440613027,3.0768210887908936,25.842996108949396,25.402452068617556,27.03165853658538,24.58427966101696,24.73988505747124,70.79377431906615,70.36427850655903,71.94341463414634,69.51377118644068,69.65996168582376,17.476653696498055,17.15539858728557,18.48780487804878,16.591101694915253,16.53065134099617,15.0,15.0,5.0,15.0,17.248322039548764
