,1,1l,1r,1s,2,2l,2r,2s,3,3l,3r,3s,4,4l,4r,4s,id,1_2,1_3,1_4,2_1,2_3,2_4,3_1,3_2,3_4,4_1,4_2,4_3,p1,p2,p3,p4,speed0,speed1,speed2,speed3,speed4,stop0,stop1,stop2,stop3,stop4,time,timeloss0,timeloss1,timeloss2,timeloss3,timeloss4,travel0,travel1,travel2,travel3,travel4,wait0,wait1,wait2,wait3,wait4,rssslll_rrsssl_rsssssl_rsl_0,rssslll_rrsssl_rsssssl_rsl_1,rssslll_rrsssl_rsssssl_rsl_2,rssslll_rrsssl_rsssssl_rsl_3,performance measure
0,7,3,1,3,6,1,2,3,7,1,1,5,3,1,1,1,rssslll_rrsssl_rsssssl_rsl,736.0,742.0,69.0,134.0,151.0,650.0,1001.0,89.0,322.0,96.0,282.0,40.0,10.0,10.0,5.0,10.0,9.120620172093641,9.091285492490853,8.654042407196405,8.819879413779919,8.923428581570374,0.8295932678821879,0.8406593406593407,1.064232589587559,1.0520231213872833,0.9195729537366548,3.9618210792541504,23.505799438990195,24.05688186813184,32.44006085192693,32.057348265895946,26.75185765124556,68.52594670406732,69.1043956043956,77.46112237998648,77.10043352601156,71.80427046263345,15.433380084151473,15.712912087912088,22.228532792427316,21.877167630057805,18.040569395017794,10.0,10.0,5.0,10.0,18.658512397913295
