,1,1l,1r,1s,2,2l,2r,2s,3,3l,3r,3s,4,4l,4r,4s,id,1_2,1_3,1_4,2_1,2_3,2_4,3_1,3_2,3_4,4_1,4_2,4_3,p1,p2,p3,p4,speed0,speed1,speed2,speed3,speed4,stop0,stop1,stop2,stop3,stop4,time,timeloss0,timeloss1,timeloss2,timeloss3,timeloss4,travel0,travel1,travel2,travel3,travel4,wait0,wait1,wait2,wait3,wait4,rrssl_rrssl_rrsslll_rrsslll_0,rrssl_rrssl_rrsslll_rrsslll_1,rrssl_rrssl_rrsslll_rrsslll_2,rrssl_rrssl_rrsslll_rrsslll_3,performance measure
0,5,1,2,2,5,1,2,2,7,3,2,2,7,3,2,2,rrssl_rrssl_rrsslll_rrsslll,262.0,109.0,451.0,280.0,108.0,451.0,687.0,136.0,195.0,647.0,471.0,495.0,10.0,15.0,10.0,10.0,8.788839196493122,8.973894971350651,8.810205349132511,9.166669258731764,9.086950121314425,0.8620457604306864,0.7774744027303754,0.8553803975325566,0.7614942528735632,0.763448275862069,4.02064847946167,28.14360026917903,24.74537883959045,27.797765592871812,23.416113505747113,23.60979310344827,72.72005383580081,69.36996587030717,72.44619602467444,68.01436781609195,68.21793103448276,19.55921938088829,16.707849829351535,19.361206305688828,15.77155172413793,15.892413793103449,10.0,15.0,10.0,10.0,17.458448206634007
