,1,1l,1r,1s,2,2l,2r,2s,3,3l,3r,3s,4,4l,4r,4s,id,1_2,1_3,1_4,2_1,2_3,2_4,3_1,3_2,3_4,4_1,4_2,4_3,p1,p2,p3,p4,speed0,speed1,speed2,speed3,speed4,stop0,stop1,stop2,stop3,stop4,time,timeloss0,timeloss1,timeloss2,timeloss3,timeloss4,travel0,travel1,travel2,travel3,travel4,wait0,wait1,wait2,wait3,wait4,rssll_rrsl_rsssl_rrsl_0,rssll_rrsl_rsssl_rrsl_1,rssll_rrsl_rsssl_rrsl_2,rssll_rrsl_rsssl_rrsl_3,performance measure
0,5,2,1,2,4,1,2,1,5,1,1,3,4,1,2,1,rssll_rrsl_rsssl_rrsl,176.0,198.0,323.0,361.0,171.0,185.0,412.0,129.0,61.0,119.0,117.0,127.0,5.0,10.0,10.0,10.0,9.619750931657903,9.68435838991602,9.686983690269454,9.76764904150067,9.773018973178575,0.7013142174432497,0.6890012642225032,0.710093896713615,0.6830530401034929,0.6791044776119403,2.6003646850585938,19.04602150537636,18.126207332490505,18.0855633802817,17.680866752910724,17.426940298507464,63.68817204301075,62.77623261694058,62.744131455399064,62.23544631306598,62.02860696517413,11.765830346475507,11.102402022756005,11.0,10.667529107373868,10.33955223880597,5.0,10.0,10.0,10.0,10.97506274308227
