,1,1l,1r,1s,2,2l,2r,2s,3,3l,3r,3s,4,4l,4r,4s,id,1_2,1_3,1_4,2_1,2_3,2_4,3_1,3_2,3_4,4_1,4_2,4_3,p1,p2,p3,p4,speed0,speed1,speed2,speed3,speed4,stop0,stop1,stop2,stop3,stop4,time,timeloss0,timeloss1,timeloss2,timeloss3,timeloss4,travel0,travel1,travel2,travel3,travel4,wait0,wait1,wait2,wait3,wait4,rrssl_rrssl_rrsslll_rrsslll_0,rrssl_rrssl_rrsslll_rrsslll_1,rrssl_rrssl_rrsslll_rrsslll_2,rrssl_rrssl_rrsslll_rrsslll_3,performance measure
0,5,1,2,2,5,1,2,2,7,3,2,2,7,3,2,2,rrssl_rrssl_rrsslll_rrsslll,110.0,296.0,176.0,362.0,262.0,253.0,591.0,382.0,710.0,470.0,198.0,627.0,10.0,10.0,10.0,5.0,9.140532448988969,9.33054126580874,9.363498397356144,9.318385447849082,9.387496760472663,0.8726912928759895,0.7541750167000668,0.7648562300319489,0.7792823290453622,0.7629139072847683,3.8303394317626953,25.337671503957832,21.15945223780897,20.62524600638979,21.591442112390034,20.930662251655654,69.78825857519789,65.66666666666667,65.10543130990415,66.05822613405552,65.41523178807947,16.91820580474934,13.529726118904476,12.911182108626198,13.775220040622884,13.254966887417218,10.0,10.0,10.0,5.0,14.077860192064026
