,1,1l,1r,1s,2,2l,2r,2s,3,3l,3r,3s,4,4l,4r,4s,id,1_2,1_3,1_4,2_1,2_3,2_4,3_1,3_2,3_4,4_1,4_2,4_3,p1,p2,p3,p4,speed0,speed1,speed2,speed3,speed4,stop0,stop1,stop2,stop3,stop4,time,timeloss0,timeloss1,timeloss2,timeloss3,timeloss4,travel0,travel1,travel2,travel3,travel4,wait0,wait1,wait2,wait3,wait4,rssslll_rssll_rsssl_rrssl_0,rssslll_rssll_rsssl_rrssl_1,rssslll_rssll_rsssl_rrssl_2,rssslll_rssll_rsssl_rrssl_3,performance measure
0,7,3,1,3,5,2,1,2,5,1,1,3,5,1,2,2,rssslll_rssll_rsssl_rrssl,236.0,851.0,90.0,120.0,210.0,174.0,157.0,302.0,127.0,140.0,371.0,106.0,10.0,15.0,10.0,10.0,9.272473681780147,9.218906309130784,9.222135432998037,9.393921874136215,9.339426771549496,0.7260825780463243,0.7477017364657814,0.7368421052631579,0.6916299559471366,0.7229166666666667,2.9836697578430176,21.803162134944625,22.304719101123595,22.048451417004046,20.951398678414073,21.473593749999985,66.62537764350454,67.12563840653728,66.85931174089069,65.73568281938326,66.25104166666667,14.33534743202417,14.89785495403473,14.736842105263158,13.799559471365638,14.190625,10.0,15.0,10.0,10.0,14.39204579253754
