,1,1l,1r,1s,2,2l,2r,2s,3,3l,3r,3s,4,4l,4r,4s,id,1_2,1_3,1_4,2_1,2_3,2_4,3_1,3_2,3_4,4_1,4_2,4_3,p1,p2,p3,p4,speed0,speed1,speed2,speed3,speed4,stop0,stop1,stop2,stop3,stop4,time,timeloss0,timeloss1,timeloss2,timeloss3,timeloss4,travel0,travel1,travel2,travel3,travel4,wait0,wait1,wait2,wait3,wait4,rsl_rssslll_rrsssl_rsslll_0,rsl_rssslll_rrsssl_rsslll_1,rsl_rssslll_rrsssl_rsslll_2,rsl_rssslll_rrsssl_rsslll_3,performance measure
0,3,1,1,1,7,3,1,3,6,1,2,3,6,3,1,2,rsl_rssslll_rrsssl_rsslll,114.0,312.0,208.0,90.0,697.0,448.0,814.0,515.0,192.0,598.0,714.0,120.0,10.0,15.0,15.0,15.0,8.781905793514234,8.669439018242448,8.58421159406139,8.82018719675183,8.45686415261065,0.7650340979541228,0.800369685767098,0.8199395770392749,0.7667304015296367,0.8558338423946243,4.248994588851929,26.43186608803471,27.464060382008594,28.813613293051365,26.71771829190569,31.04332315210747,71.28394296342219,72.34504004929144,73.62839879154079,71.53346080305927,75.89126450824679,18.3812771233726,19.202711028958717,20.3202416918429,18.601657106437223,22.235186316432497,10.0,15.0,15.0,15.0,19.748214653408787
