,1,1l,1r,1s,2,2l,2r,2s,3,3l,3r,3s,4,4l,4r,4s,id,1_2,1_3,1_4,2_1,2_3,2_4,3_1,3_2,3_4,4_1,4_2,4_3,p1,p2,p3,p4,speed0,speed1,speed2,speed3,speed4,stop0,stop1,stop2,stop3,stop4,time,timeloss0,timeloss1,timeloss2,timeloss3,timeloss4,travel0,travel1,travel2,travel3,travel4,wait0,wait1,wait2,wait3,wait4,rsl_rsl_rsl_rrssll_0,rsl_rsl_rsl_rrssll_1,rsl_rsl_rsl_rrssll_2,rsl_rsl_rsl_rrssll_3,performance measure
0,3,1,1,1,3,1,1,1,3,1,1,1,6,2,2,2,rsl_rsl_rsl_rrssll,295.0,291.0,188.0,36.0,78.0,164.0,345.0,286.0,210.0,539.0,182.0,197.0,15.0,15.0,15.0,10.0,8.353800452743807,8.292650406264777,8.248068034023227,8.541209462441731,8.5868156207473,0.8787255909558068,0.857736240913811,0.8855116514690983,0.803030303030303,0.790625,3.0991580486297607,32.76991778006167,30.86192107995845,32.86454913880444,29.451222943723,28.716708333333354,77.80472764645427,75.99584631360332,77.95947315096251,74.50757575757575,73.746875,23.39054470709147,21.994807892004154,23.572441742654508,20.76298701298701,20.198958333333334,15.0,15.0,15.0,10.0,21.983947937614097
