,1,1l,1r,1s,2,2l,2r,2s,3,3l,3r,3s,4,4l,4r,4s,id,1_2,1_3,1_4,2_1,2_3,2_4,3_1,3_2,3_4,4_1,4_2,4_3,p1,p2,p3,p4,speed0,speed1,speed2,speed3,speed4,stop0,stop1,stop2,stop3,stop4,time,timeloss0,timeloss1,timeloss2,timeloss3,timeloss4,travel0,travel1,travel2,travel3,travel4,wait0,wait1,wait2,wait3,wait4,rrsslll_rrsll_rsssl_rrsslll_0,rrsslll_rrsll_rsssl_rrsslll_1,rrsslll_rrsll_rsssl_rrsslll_2,rrsslll_rrsll_rsssl_rrsslll_3,performance measure
0,7,3,2,2,5,2,2,1,5,1,1,3,7,3,2,2,rrsslll_rrsll_rsssl_rrsslll,463.0,638.0,409.0,591.0,540.0,193.0,746.0,60.0,148.0,209.0,539.0,124.0,10.0,10.0,10.0,10.0,8.98178262408946,8.34404195270989,8.679785089106067,8.975197046047644,8.184535285982985,0.8159076330981399,1.0789980732177264,0.9205753595997499,0.8235694822888283,1.136629798308393,4.288070440292358,24.630346375881953,35.20381502890178,29.279893683552228,24.49763623978202,38.84078724788542,69.38101347017319,79.97430956968529,74.02313946216385,69.23705722070845,83.56994144437215,16.38935214881334,24.847141939627488,20.17823639774859,16.38623978201635,27.70982433311646,10.0,10.0,10.0,10.0,21.102158920264447
