,1,1l,1r,1s,2,2l,2r,2s,3,3l,3r,3s,4,4l,4r,4s,id,1_2,1_3,1_4,2_1,2_3,2_4,3_1,3_2,3_4,4_1,4_2,4_3,p1,p2,p3,p4,speed0,speed1,speed2,speed3,speed4,stop0,stop1,stop2,stop3,stop4,time,timeloss0,timeloss1,timeloss2,timeloss3,timeloss4,travel0,travel1,travel2,travel3,travel4,wait0,wait1,wait2,wait3,wait4,rsl_rrsl_rssslll_rssssl_0,rsl_rrsl_rssslll_rssssl_1,rsl_rrsl_rssslll_rssssl_2,rsl_rrsl_rssslll_rssssl_3,performance measure
0,3,1,1,1,4,1,2,1,7,3,1,3,6,1,1,4,rsl_rrsl_rssslll_rssssl,89.0,266.0,43.0,126.0,182.0,256.0,539.0,262.0,286.0,274.0,1335.0,228.0,5.0,10.0,10.0,10.0,8.785517462344027,8.586846987949311,8.467323001167767,9.0873429916535,8.581208874590573,0.9334341906202723,0.954369682907966,1.015683345780433,0.8211120064464141,0.9596651445966514,3.5762174129486084,26.928245083207223,28.236063418406786,30.01997759522032,22.958211120064465,28.31247336377471,71.76853252647504,73.07965970610982,74.91859596713965,67.80257856567285,73.14992389649925,17.65658093797277,19.068832173240526,20.164301717699775,14.666398066075745,19.036529680365298,5.0,10.0,10.0,10.0,18.118528515070825
