,1,1l,1r,1s,2,2l,2r,2s,3,3l,3r,3s,4,4l,4r,4s,id,1_2,1_3,1_4,2_1,2_3,2_4,3_1,3_2,3_4,4_1,4_2,4_3,p1,p2,p3,p4,speed0,speed1,speed2,speed3,speed4,stop0,stop1,stop2,stop3,stop4,time,timeloss0,timeloss1,timeloss2,timeloss3,timeloss4,travel0,travel1,travel2,travel3,travel4,wait0,wait1,wait2,wait3,wait4,rsl_rsl_rsl_rrssssl_0,rsl_rsl_rsl_rrssssl_1,rsl_rsl_rsl_rrssssl_2,rsl_rsl_rsl_rrssssl_3,performance measure
0,3,1,1,1,3,1,1,1,3,1,1,1,7,1,2,4,rsl_rsl_rsl_rrssssl,271.0,357.0,63.0,277.0,157.0,207.0,249.0,266.0,195.0,196.0,684.0,227.0,15.0,15.0,10.0,10.0,8.658717619567389,8.644345471131414,8.363771731181977,8.813422005944668,8.537630473777366,0.8226555246053854,0.8223938223938224,0.8792792792792793,0.7958374628344896,0.8523676880222841,3.328033208847046,29.268328690807778,27.806496138996152,30.889612612612556,26.358949454905872,29.43556174558959,74.15041782729806,72.72200772200772,75.77927927927928,71.25668979187314,74.32033426183844,20.511606313834726,19.295366795366796,21.705405405405404,18.089197224975223,20.619312906220983,15.0,15.0,10.0,10.0,20.044177729160626
