,1,1l,1r,1s,2,2l,2r,2s,3,3l,3r,3s,4,4l,4r,4s,id,1_2,1_3,1_4,2_1,2_3,2_4,3_1,3_2,3_4,4_1,4_2,4_3,p1,p2,p3,p4,speed0,speed1,speed2,speed3,speed4,stop0,stop1,stop2,stop3,stop4,time,timeloss0,timeloss1,timeloss2,timeloss3,timeloss4,travel0,travel1,travel2,travel3,travel4,wait0,wait1,wait2,wait3,wait4,rrslll_rssll_rsl_rssssll_0,rrslll_rssll_rsl_rssssll_1,rrslll_rssll_rsl_rssssll_2,rrslll_rssll_rsl_rssssll_3,performance measure
0,6,3,2,1,5,2,1,2,3,1,1,1,7,2,1,4,rrslll_rssll_rsl_rssssll,971.0,214.0,151.0,125.0,571.0,595.0,57.0,46.0,299.0,98.0,1181.0,138.0,15.0,10.0,15.0,15.0,8.547634190309116,8.262560591077598,8.069603920626758,8.498726083559973,8.397885706818506,0.8165997322623829,0.8854655056932351,1.0006443298969072,0.8211103495544894,0.8546433378196501,4.010950803756714,28.405555555555534,32.10703951774956,38.5067461340206,29.20169979437973,30.376144010767174,73.5281124497992,77.22304085733423,83.59536082474227,74.32008224811514,75.46433378196501,19.87081659973226,23.06630944407234,28.239690721649485,20.638793694311172,21.596904441453567,15.0,10.0,15.0,15.0,22.682502980243765
