,1,1l,1r,1s,2,2l,2r,2s,3,3l,3r,3s,4,4l,4r,4s,id,1_2,1_3,1_4,2_1,2_3,2_4,3_1,3_2,3_4,4_1,4_2,4_3,p1,p2,p3,p4,speed0,speed1,speed2,speed3,speed4,stop0,stop1,stop2,stop3,stop4,time,timeloss0,timeloss1,timeloss2,timeloss3,timeloss4,travel0,travel1,travel2,travel3,travel4,wait0,wait1,wait2,wait3,wait4,rsl_rsssl_rssssl_rssll_0,rsl_rsssl_rssssl_rssll_1,rsl_rsssl_rssssl_rssll_2,rsl_rsssl_rssssl_rssll_3,performance measure
0,3,1,1,1,5,1,1,3,6,1,1,4,5,2,1,2,rsl_rsssl_rssssl_rssll,133.0,331.0,95.0,221.0,292.0,303.0,824.0,289.0,218.0,370.0,234.0,202.0,10.0,15.0,10.0,5.0,8.913024848433283,9.01425036220764,8.976553120582494,8.82233952752216,8.972731505282376,0.8329156223893066,0.8161016949152542,0.8403010033444817,0.8987676056338029,0.8388185654008439,3.3322155475616455,25.85079365079363,24.30589830508474,25.353185618729093,28.22146126760561,25.410531645569666,70.66165413533835,69.13220338983051,70.15133779264214,72.9894366197183,70.1915611814346,17.62406015037594,16.181355932203388,16.979096989966557,19.226232394366196,17.190717299578058,10.0,15.0,10.0,5.0,17.44029255329803
