,1,1l,1r,1s,2,2l,2r,2s,3,3l,3r,3s,4,4l,4r,4s,id,1_2,1_3,1_4,2_1,2_3,2_4,3_1,3_2,3_4,4_1,4_2,4_3,p1,p2,p3,p4,speed0,speed1,speed2,speed3,speed4,stop0,stop1,stop2,stop3,stop4,time,timeloss0,timeloss1,timeloss2,timeloss3,timeloss4,travel0,travel1,travel2,travel3,travel4,wait0,wait1,wait2,wait3,wait4,rsssl_rrsll_rsl_rsslll_0,rsssl_rrsll_rsl_rsslll_1,rsssl_rrsll_rsl_rsslll_2,rsssl_rrsll_rsl_rsslll_3,performance measure
0,5,1,1,3,5,2,2,1,3,1,1,1,6,3,1,2,rsssl_rrsll_rsl_rsslll,48.0,348.0,247.0,318.0,113.0,243.0,281.0,184.0,295.0,489.0,204.0,212.0,15.0,15.0,10.0,15.0,8.891357462486912,8.870571333846451,8.860693366324439,8.904730872719584,8.844937364252361,0.7562862669245648,0.7656702025072324,0.753514526710403,0.7489837398373984,0.7590822179732314,3.08945894241333,26.015096711798847,25.928543876566984,26.556963448922204,26.287215447154477,25.986443594646293,70.7311411992263,70.64995178399228,71.24929709465792,71.01626016260163,70.65009560229446,17.954545454545453,18.073288331726133,18.522024367385193,18.36890243902439,18.02868068833652,15.0,15.0,10.0,15.0,18.18948825620354
