,1,1l,1r,1s,2,2l,2r,2s,3,3l,3r,3s,4,4l,4r,4s,id,1_2,1_3,1_4,2_1,2_3,2_4,3_1,3_2,3_4,4_1,4_2,4_3,p1,p2,p3,p4,speed0,speed1,speed2,speed3,speed4,stop0,stop1,stop2,stop3,stop4,time,timeloss0,timeloss1,timeloss2,timeloss3,timeloss4,travel0,travel1,travel2,travel3,travel4,wait0,wait1,wait2,wait3,wait4,rsssl_rrsll_rsl_rsslll_0,rsssl_rrsll_rsl_rsslll_1,rsssl_rrsll_rsl_rsslll_2,rsssl_rrsll_rsl_rsslll_3,performance measure
0,5,1,1,3,5,2,2,1,3,1,1,1,6,3,1,2,rsssl_rrsll_rsl_rsslll,113.0,842.0,78.0,87.0,202.0,255.0,55.0,152.0,108.0,669.0,633.0,252.0,5.0,10.0,10.0,10.0,8.838497440582383,9.135899954704657,8.858729400296387,9.175499137323373,9.038317470065694,0.9558198810535259,0.803082191780822,0.896234309623431,0.8045662100456621,0.8372911169744943,3.4368088245391846,28.562642310960072,22.674178082191744,25.81039330543932,22.679050228310484,23.677563764292007,73.40951571792694,67.57106164383562,70.6836820083682,67.54885844748858,68.55584872471417,19.4035683942226,14.61472602739726,16.97573221757322,14.684931506849315,15.433597185576078,5.0,10.0,10.0,10.0,16.222511066323694
