,1,1l,1r,1s,2,2l,2r,2s,3,3l,3r,3s,4,4l,4r,4s,id,1_2,1_3,1_4,2_1,2_3,2_4,3_1,3_2,3_4,4_1,4_2,4_3,p1,p2,p3,p4,speed0,speed1,speed2,speed3,speed4,stop0,stop1,stop2,stop3,stop4,time,timeloss0,timeloss1,timeloss2,timeloss3,timeloss4,travel0,travel1,travel2,travel3,travel4,wait0,wait1,wait2,wait3,wait4,rsl_rsl_rsssl_rsl_0,rsl_rsl_rsssl_rsl_1,rsl_rsl_rsssl_rsl_2,rsl_rsl_rsssl_rsl_3,performance measure
0,3,1,1,1,3,1,1,1,5,1,1,3,3,1,1,1,rsl_rsl_rsssl_rsl,181.0,138.0,243.0,313.0,42.0,303.0,234.0,231.0,66.0,100.0,126.0,61.0,10.0,5.0,5.0,10.0,8.765778914715426,9.516961083364375,9.21033767918369,9.610086735704574,9.267413486866682,1.0768175582990398,0.735820895522388,0.8948824343015215,0.7285067873303167,0.8240997229916898,2.7944560050964355,31.016927297668044,20.001462686567162,24.378962655601686,19.082760180995475,22.224155124653752,75.78875171467764,64.71492537313434,69.11756569847856,63.73906485671191,66.92936288088643,20.127572016460906,12.244776119402985,15.561549100968188,11.502262443438914,13.742382271468143,10.0,5.0,5.0,10.0,14.635708390347826
