,1,1l,1r,1s,2,2l,2r,2s,3,3l,3r,3s,4,4l,4r,4s,id,1_2,1_3,1_4,2_1,2_3,2_4,3_1,3_2,3_4,4_1,4_2,4_3,p1,p2,p3,p4,speed0,speed1,speed2,speed3,speed4,stop0,stop1,stop2,stop3,stop4,time,timeloss0,timeloss1,timeloss2,timeloss3,timeloss4,travel0,travel1,travel2,travel3,travel4,wait0,wait1,wait2,wait3,wait4,rsl_rsl_rsssl_rsl_0,rsl_rsl_rsssl_rsl_1,rsl_rsl_rsssl_rsl_2,rsl_rsl_rsssl_rsl_3,performance measure
0,3,1,1,1,3,1,1,1,5,1,1,3,3,1,1,1,rsl_rsl_rsssl_rsl,161.0,292.0,143.0,149.0,275.0,54.0,362.0,83.0,270.0,110.0,322.0,260.0,15.0,15.0,15.0,15.0,8.447786469593991,8.412044306340258,8.086139620167001,8.107945118945947,8.016386944966472,0.8165887850467289,0.8047337278106509,0.8862068965517241,0.8927680798004988,0.9252450980392157,2.672091245651245,29.849053738317725,30.364461538461526,34.35875862068963,35.68153366583541,37.014080882352935,74.88084112149532,75.35384615384615,79.4080459770115,80.714463840399,81.99019607843137,21.492990654205606,21.913609467455622,25.103448275862068,26.35785536159601,27.520833333333332,15.0,15.0,15.0,15.0,24.477747418490527
