,1,1l,1r,1s,2,2l,2r,2s,3,3l,3r,3s,4,4l,4r,4s,id,1_2,1_3,1_4,2_1,2_3,2_4,3_1,3_2,3_4,4_1,4_2,4_3,p1,p2,p3,p4,speed0,speed1,speed2,speed3,speed4,stop0,stop1,stop2,stop3,stop4,time,timeloss0,timeloss1,timeloss2,timeloss3,timeloss4,travel0,travel1,travel2,travel3,travel4,wait0,wait1,wait2,wait3,wait4,rsssssl_rssssll_rsl_rssll_0,rsssssl_rssssll_rsl_rssll_1,rsssssl_rssssll_rsl_rssll_2,rsssssl_rssssll_rsl_rssll_3,performance measure
0,7,1,1,5,7,2,1,4,3,1,1,1,5,2,1,2,rsssssl_rssssll_rsl_rssll,139.0,390.0,252.0,206.0,86.0,918.0,53.0,311.0,107.0,284.0,267.0,36.0,5.0,5.0,10.0,10.0,9.39941885008763,9.793181345576262,9.592153805554265,9.680223598347556,9.726666531595558,0.8428571428571429,0.696165191740413,0.7698945349952061,0.7124248496993988,0.7136150234741784,3.0467777252197266,22.961723809523797,17.868643067846612,19.610134228187896,18.275851703406833,17.736582159624405,67.61047619047619,62.538839724680436,64.29242569511025,62.98897795591182,62.35399061032864,14.806666666666667,10.68141592920354,12.02301054650048,10.939879759519037,10.482629107981221,5.0,5.0,10.0,10.0,11.786720401974188
