,1,1l,1r,1s,2,2l,2r,2s,3,3l,3r,3s,4,4l,4r,4s,id,1_2,1_3,1_4,2_1,2_3,2_4,3_1,3_2,3_4,4_1,4_2,4_3,p1,p2,p3,p4,speed0,speed1,speed2,speed3,speed4,stop0,stop1,stop2,stop3,stop4,time,timeloss0,timeloss1,timeloss2,timeloss3,timeloss4,travel0,travel1,travel2,travel3,travel4,wait0,wait1,wait2,wait3,wait4,rsssssl_rsl_rrsslll_rsssll_0,rsssssl_rsl_rrsslll_rsssll_1,rsssssl_rsl_rrsslll_rsssll_2,rsssssl_rsl_rrsslll_rsssll_3,performance measure
0,7,1,1,5,3,1,1,1,7,3,2,2,6,2,1,3,rsssssl_rsl_rrsslll_rsssll,68.0,1262.0,92.0,227.0,269.0,325.0,488.0,73.0,759.0,467.0,944.0,246.0,10.0,10.0,10.0,15.0,8.41549170756056,8.50702973545623,8.205039124113432,8.398972008530821,8.4117789063066,0.8867497168742922,0.8985835694050992,0.957375210319686,0.957907396271798,0.8932806324110671,4.362104654312134,29.46274631936578,29.07937110481589,32.67457094784068,32.55235117257966,29.582241671372135,74.39750849377124,74.02719546742209,77.59955131800336,77.51773902585688,74.53642010163749,20.4881087202718,20.11671388101983,23.200224340998318,23.044497895369812,20.591756070016938,10.0,10.0,10.0,15.0,21.488260181535342
