,1,1l,1r,1s,2,2l,2r,2s,3,3l,3r,3s,4,4l,4r,4s,id,1_2,1_3,1_4,2_1,2_3,2_4,3_1,3_2,3_4,4_1,4_2,4_3,p1,p2,p3,p4,speed0,speed1,speed2,speed3,speed4,stop0,stop1,stop2,stop3,stop4,time,timeloss0,timeloss1,timeloss2,timeloss3,timeloss4,travel0,travel1,travel2,travel3,travel4,wait0,wait1,wait2,wait3,wait4,rrsll_rssl_rsssll_rsl_0,rrsll_rssl_rsssll_rsl_1,rrsll_rssl_rsssll_rsl_2,rrsll_rssl_rsssll_rsl_3,performance measure
0,5,2,2,1,4,1,1,2,6,2,1,3,3,1,1,1,rrsll_rssl_rsssll_rsl,571.0,183.0,425.0,279.0,209.0,689.0,893.0,240.0,256.0,302.0,332.0,186.0,15.0,15.0,15.0,21.0,8.14946863856008,7.895488349974619,7.968198929963022,8.190342067782243,8.281855357483888,0.8439119170984456,0.9140065146579804,0.8716645489199492,0.8232118758434548,0.8251001335113485,4.233406066894531,33.951418393782355,38.615433224755755,36.12749682337993,33.29983130904184,31.957369826435194,78.85427461139896,83.53550488599349,81.04637865311308,78.22132253711202,76.8411214953271,24.94300518134715,28.968078175895766,26.812579415501904,24.553981106612685,23.156208277703605,15.0,15.0,15.0,21.0,25.68677043141222
