,1,1l,1r,1s,2,2l,2r,2s,3,3l,3r,3s,4,4l,4r,4s,id,1_2,1_3,1_4,2_1,2_3,2_4,3_1,3_2,3_4,4_1,4_2,4_3,p1,p2,p3,p4,speed0,speed1,speed2,speed3,speed4,stop0,stop1,stop2,stop3,stop4,time,timeloss0,timeloss1,timeloss2,timeloss3,timeloss4,travel0,travel1,travel2,travel3,travel4,wait0,wait1,wait2,wait3,wait4,rsl_rsl_rsl_rrssssl_0,rsl_rsl_rsl_rrssssl_1,rsl_rsl_rsl_rrssssl_2,rsl_rsl_rsl_rrssssl_3,performance measure
0,3,1,1,1,3,1,1,1,3,1,1,1,7,1,2,4,rsl_rsl_rsl_rrssssl,302.0,257.0,254.0,58.0,118.0,251.0,215.0,186.0,242.0,212.0,1405.0,143.0,15.0,15.0,10.0,15.0,8.396165717482601,8.070263435955626,7.997413497170974,8.490771045902928,8.277088158974886,0.847808764940239,0.9942339373970346,0.9418070444104135,0.8152542372881356,0.8718152866242038,3.5971548557281494,31.024055776892403,38.777561779242134,35.28579632465546,29.046847457627088,31.26125000000001,76.02549800796812,83.77512355848435,80.29938744257274,74.05338983050848,76.23646496815287,21.9601593625498,28.562602965403624,25.610260336906585,20.378813559322033,22.214171974522294,15.0,15.0,10.0,15.0,23.745201639740866
