,1,1l,1r,1s,2,2l,2r,2s,3,3l,3r,3s,4,4l,4r,4s,id,1_2,1_3,1_4,2_1,2_3,2_4,3_1,3_2,3_4,4_1,4_2,4_3,p1,p2,p3,p4,speed0,speed1,speed2,speed3,speed4,stop0,stop1,stop2,stop3,stop4,time,timeloss0,timeloss1,timeloss2,timeloss3,timeloss4,travel0,travel1,travel2,travel3,travel4,wait0,wait1,wait2,wait3,wait4,rsl_rsssl_rssssl_rssll_0,rsl_rsssl_rssssl_rssll_1,rsl_rsssl_rssssl_rssll_2,rsl_rsssl_rssssl_rssll_3,performance measure
0,3,1,1,1,5,1,1,3,6,1,1,4,5,2,1,2,rsl_rsssl_rssssl_rssll,227.0,343.0,268.0,249.0,253.0,684.0,596.0,312.0,175.0,268.0,176.0,47.0,10.0,15.0,10.0,10.0,8.698114218179585,8.980937142874128,8.677063464939094,8.83729731966766,8.869698503408507,0.8755052546483427,0.7680327868852459,0.8867155664221679,0.8690783807062877,0.8133116883116883,3.468884229660034,28.66913500404207,24.785532786885284,28.91634881825591,28.877519379844944,25.45013798701303,73.410670978173,69.55901639344262,73.6919315403423,73.60809646856158,70.2159090909091,19.894098625707358,16.78360655737705,20.024449877750612,19.96726959517657,17.166396103896105,10.0,15.0,10.0,10.0,18.76716415198154
