,1,1l,1r,1s,2,2l,2r,2s,3,3l,3r,3s,4,4l,4r,4s,id,1_2,1_3,1_4,2_1,2_3,2_4,3_1,3_2,3_4,4_1,4_2,4_3,p1,p2,p3,p4,speed0,speed1,speed2,speed3,speed4,stop0,stop1,stop2,stop3,stop4,time,timeloss0,timeloss1,timeloss2,timeloss3,timeloss4,travel0,travel1,travel2,travel3,travel4,wait0,wait1,wait2,wait3,wait4,rsl_rsssssl_rsll_rrssl_0,rsl_rsssssl_rsll_rrssl_1,rsl_rsssssl_rsll_rrssl_2,rsl_rsssssl_rsll_rrssl_3,performance measure
0,3,1,1,1,7,1,1,5,4,2,1,1,5,1,2,2,rsl_rsssssl_rsll_rrssl,216.0,68.0,40.0,324.0,138.0,396.0,147.0,287.0,582.0,89.0,628.0,144.0,10.0,5.0,5.0,10.0,9.132361395479197,9.590038715154066,9.31340240432438,9.3679648765943,9.28900041763537,0.940952380952381,0.7408906882591093,0.8415199258572753,0.8355196770938446,0.8292682926829268,3.2299582958221436,26.560409523809522,19.25345141700405,22.217247451343837,22.615721493440983,22.870891181988732,71.37428571428572,64.1255060728745,67.00370713623725,67.42179616548941,67.64446529080675,17.634285714285713,11.734817813765183,13.96663577386469,14.456104944500504,14.543151969981238,10.0,5.0,5.0,10.0,14.466999243279465
