,1,1l,1r,1s,2,2l,2r,2s,3,3l,3r,3s,4,4l,4r,4s,id,1_2,1_3,1_4,2_1,2_3,2_4,3_1,3_2,3_4,4_1,4_2,4_3,p1,p2,p3,p4,speed0,speed1,speed2,speed3,speed4,stop0,stop1,stop2,stop3,stop4,time,timeloss0,timeloss1,timeloss2,timeloss3,timeloss4,travel0,travel1,travel2,travel3,travel4,wait0,wait1,wait2,wait3,wait4,rsll_rsl_rssslll_rrsssll_0,rsll_rsl_rssslll_rrsssll_1,rsll_rsl_rssslll_rrsssll_2,rsll_rsl_rssslll_rrsssll_3,performance measure
0,4,2,1,1,3,1,1,1,7,3,1,3,7,2,2,3,rsll_rsl_rssslll_rrsssll,441.0,342.0,277.0,216.0,112.0,200.0,1037.0,235.0,237.0,397.0,624.0,336.0,10.0,15.0,10.0,10.0,8.967342491442604,8.938461954883751,8.872561832457066,9.090138873521479,9.005471724563112,0.7808764940239044,0.7810026385224275,0.8090255068672335,0.7619377162629758,0.771674387822634,3.7997331619262695,24.39102257636121,24.505534300791524,25.29880967952908,23.200816608996526,23.894890800794172,69.18857901726427,69.3311345646438,70.1190320470896,68.00207612456748,68.68762409000662,16.296148738379813,16.360158311345646,17.071942446043167,15.276124567474048,15.793514228987426,10.0,15.0,10.0,10.0,16.15957765844602
