,1,1l,1r,1s,2,2l,2r,2s,3,3l,3r,3s,4,4l,4r,4s,id,1_2,1_3,1_4,2_1,2_3,2_4,3_1,3_2,3_4,4_1,4_2,4_3,p1,p2,p3,p4,speed0,speed1,speed2,speed3,speed4,stop0,stop1,stop2,stop3,stop4,time,timeloss0,timeloss1,timeloss2,timeloss3,timeloss4,travel0,travel1,travel2,travel3,travel4,wait0,wait1,wait2,wait3,wait4,rsll_rsl_rssslll_rrsssll_0,rsll_rsl_rssslll_rrsssll_1,rsll_rsl_rssslll_rrsssll_2,rsll_rsl_rssslll_rrsssll_3,performance measure
0,4,2,1,1,3,1,1,1,7,3,1,3,7,2,2,3,rsll_rsl_rssslll_rrsssll,378.0,323.0,89.0,221.0,184.0,128.0,659.0,307.0,451.0,461.0,1035.0,635.0,10.0,15.0,10.0,15.0,8.902669597607229,8.521781097358499,8.462990215952583,8.79180433555163,8.740674184235571,0.7574107683000605,0.8937462052216151,0.8604376108811355,0.8058561425843411,0.8022181146025879,3.930663585662842,24.886636418632776,31.380977534911974,29.7488704908338,26.49931253978354,26.391478743068397,69.60677555958863,76.1451123254402,74.53341218214075,71.21323997453851,71.12569316081331,16.832425892316998,22.24590163934426,20.97338852749852,18.13749204328453,18.068391866913124,10.0,15.0,10.0,15.0,19.25151999387149
