,1,1l,1r,1s,2,2l,2r,2s,3,3l,3r,3s,4,4l,4r,4s,id,1_2,1_3,1_4,2_1,2_3,2_4,3_1,3_2,3_4,4_1,4_2,4_3,p1,p2,p3,p4,speed0,speed1,speed2,speed3,speed4,stop0,stop1,stop2,stop3,stop4,time,timeloss0,timeloss1,timeloss2,timeloss3,timeloss4,travel0,travel1,travel2,travel3,travel4,wait0,wait1,wait2,wait3,wait4,rsl_rsl_rsssl_rsl_0,rsl_rsl_rsssl_rsl_1,rsl_rsl_rsssl_rsl_2,rsl_rsl_rsssl_rsl_3,performance measure
0,3,1,1,1,3,1,1,1,5,1,1,3,3,1,1,1,rsl_rsl_rsssl_rsl,37.0,86.0,107.0,280.0,248.0,77.0,518.0,137.0,290.0,46.0,194.0,41.0,15.0,10.0,10.0,10.0,8.949474388459624,9.026755850185237,8.527060916619144,8.664264541209013,8.900137042945154,0.7958041958041958,0.7797356828193832,0.9357142857142857,0.9518072289156626,0.814388489208633,2.296746253967285,24.60574825174825,24.117606461086627,31.976271428571426,32.4557078313253,25.916892086330957,69.4951048951049,68.9618208516887,76.87428571428572,77.28614457831326,70.77410071942447,16.523076923076925,16.09985315712188,22.577142857142857,22.90210843373494,17.723741007194246,15.0,10.0,10.0,10.0,19.16518447565417
