,1,1l,1r,1s,2,2l,2r,2s,3,3l,3r,3s,4,4l,4r,4s,id,1_2,1_3,1_4,2_1,2_3,2_4,3_1,3_2,3_4,4_1,4_2,4_3,p1,p2,p3,p4,speed0,speed1,speed2,speed3,speed4,stop0,stop1,stop2,stop3,stop4,time,timeloss0,timeloss1,timeloss2,timeloss3,timeloss4,travel0,travel1,travel2,travel3,travel4,wait0,wait1,wait2,wait3,wait4,rsssssl_rssssll_rsl_rssll_0,rsssssl_rssssll_rsl_rssll_1,rsssssl_rssssll_rsl_rssll_2,rsssssl_rssssll_rsl_rssll_3,performance measure
0,7,1,1,5,7,2,1,4,3,1,1,1,5,2,1,2,rsssssl_rssssll_rsl_rssll,48.0,1431.0,227.0,242.0,503.0,587.0,210.0,103.0,252.0,158.0,122.0,215.0,10.0,10.0,10.0,5.0,8.494515500038709,9.016260829033872,8.880550174963506,8.883614362146615,8.87346627594704,1.078762306610408,0.8228120516499282,0.8881069669247009,0.8805970149253731,0.8877769835596855,3.7423505783081055,34.36579465541491,23.659182209469133,25.198909218859963,25.77373134328358,25.48215868477482,79.19338959212376,68.48350071736012,70.02181562280084,70.57462686567165,70.31379556826305,24.568917018284107,15.540889526542324,16.600985221674875,17.280597014925373,16.942816297355254,10.0,10.0,10.0,5.0,18.186841015756386
