,1,1l,1r,1s,2,2l,2r,2s,3,3l,3r,3s,4,4l,4r,4s,id,1_2,1_3,1_4,2_1,2_3,2_4,3_1,3_2,3_4,4_1,4_2,4_3,p1,p2,p3,p4,speed0,speed1,speed2,speed3,speed4,stop0,stop1,stop2,stop3,stop4,time,timeloss0,timeloss1,timeloss2,timeloss3,timeloss4,travel0,travel1,travel2,travel3,travel4,wait0,wait1,wait2,wait3,wait4,rssll_rrsl_rsssl_rrsl_0,rssll_rrsl_rsssl_rrsl_1,rssll_rrsl_rsssl_rrsl_2,rssll_rrsl_rsssl_rrsl_3,performance measure
0,5,2,1,2,4,1,2,1,5,1,1,3,4,1,2,1,rssll_rrsl_rsssl_rrsl,595.0,421.0,260.0,353.0,209.0,124.0,954.0,226.0,98.0,164.0,291.0,123.0,15.0,15.0,10.0,15.0,8.844161795362375,8.564243977509872,8.635678710753295,8.699799039673989,8.746213601741768,0.7630744849445324,0.8295894655305964,0.8041002277904328,0.8314606741573034,0.7928286852589641,3.6559865474700928,26.37496038034868,29.46756777691711,28.351586940015224,30.337495987158928,27.640039840637414,71.17908082408874,74.29124709527498,73.14654517843584,75.1701444622793,72.43027888446215,18.27337559429477,21.004647560030985,19.93090356871678,21.70465489566613,19.29402390438247,15.0,15.0,10.0,15.0,20.041521104618226
