,1,1l,1r,1s,2,2l,2r,2s,3,3l,3r,3s,4,4l,4r,4s,id,1_2,1_3,1_4,2_1,2_3,2_4,3_1,3_2,3_4,4_1,4_2,4_3,p1,p2,p3,p4,speed0,speed1,speed2,speed3,speed4,stop0,stop1,stop2,stop3,stop4,time,timeloss0,timeloss1,timeloss2,timeloss3,timeloss4,travel0,travel1,travel2,travel3,travel4,wait0,wait1,wait2,wait3,wait4,rrslll_rssll_rsl_rssssll_0,rrslll_rssll_rsl_rssssll_1,rrslll_rssll_rsl_rssssll_2,rrslll_rssll_rsl_rssssll_3,performance measure
0,6,3,2,1,5,2,1,2,3,1,1,1,7,2,1,4,rrslll_rssll_rsl_rssssll,543.0,282.0,390.0,98.0,314.0,411.0,173.0,76.0,165.0,218.0,523.0,319.0,10.0,15.0,10.0,10.0,9.102228170130168,9.162454614710171,8.895045766092029,9.170213454678729,9.186532599031,0.7572254335260116,0.7333887043189369,0.7977617905675459,0.7360861759425493,0.7375215146299484,3.4605517387390137,23.204582989265102,22.597068106312317,24.757058353317355,22.667675044883275,22.288803786574885,67.91164327002477,67.30647840531562,69.50359712230215,67.3850987432675,67.00602409638554,15.466556564822461,15.044850498338871,16.69464428457234,15.211849192100539,14.802925989672978,10.0,15.0,10.0,10.0,15.44416530590144
