,1,1l,1r,1s,2,2l,2r,2s,3,3l,3r,3s,4,4l,4r,4s,id,1_2,1_3,1_4,2_1,2_3,2_4,3_1,3_2,3_4,4_1,4_2,4_3,p1,p2,p3,p4,speed0,speed1,speed2,speed3,speed4,stop0,stop1,stop2,stop3,stop4,time,timeloss0,timeloss1,timeloss2,timeloss3,timeloss4,travel0,travel1,travel2,travel3,travel4,wait0,wait1,wait2,wait3,wait4,rssslll_rrsssl_rsssssl_rsl_0,rssslll_rrsssl_rsssssl_rsl_1,rssslll_rrsssl_rsssssl_rsl_2,rssslll_rrsssl_rsssssl_rsl_3,performance measure
0,7,3,1,3,6,1,2,3,7,1,1,5,3,1,1,1,rssslll_rrsssl_rsssssl_rsl,507.0,211.0,70.0,307.0,160.0,359.0,287.0,98.0,317.0,156.0,228.0,302.0,10.0,5.0,10.0,10.0,9.433447504415856,9.347464839046342,8.94966961721981,9.154905129340644,9.19956285248364,0.7424975798644724,0.7647647647647647,0.9889400921658986,0.9143145161290323,0.8284263959390863,3.2283949851989746,20.357850919651515,21.53775775775773,29.653944700460826,25.99336693548387,22.961045685279167,65.027105517909,66.1941941941942,74.26820276497696,70.68850806451613,67.63857868020304,12.749273959341723,13.815815815815816,19.456221198156683,16.978830645161292,14.879187817258883,10.0,5.0,10.0,10.0,15.575865887146879
