,1,1l,1r,1s,2,2l,2r,2s,3,3l,3r,3s,4,4l,4r,4s,id,1_2,1_3,1_4,2_1,2_3,2_4,3_1,3_2,3_4,4_1,4_2,4_3,p1,p2,p3,p4,speed0,speed1,speed2,speed3,speed4,stop0,stop1,stop2,stop3,stop4,time,timeloss0,timeloss1,timeloss2,timeloss3,timeloss4,travel0,travel1,travel2,travel3,travel4,wait0,wait1,wait2,wait3,wait4,rssl_rrsslll_rsl_rrsll_0,rssl_rrsslll_rsl_rrsll_1,rssl_rrsslll_rsl_rrsll_2,rssl_rrsslll_rsl_rrsll_3,performance measure
0,4,1,1,2,7,3,2,2,3,1,1,1,5,2,2,1,rssl_rrsslll_rsl_rrsll,162.0,282.0,154.0,76.0,633.0,353.0,71.0,84.0,157.0,418.0,281.0,631.0,10.0,5.0,10.0,10.0,9.395643597491603,9.097345270948697,8.923360638695751,9.478262173711364,8.996029228011988,0.7436548223350253,0.8716814159292036,1.0554577464788732,0.7357075913776945,0.9369527145359019,3.3347225189208984,20.62950930626057,25.845274336283147,33.26652288732395,20.066354264292407,28.135621716287268,65.40862944162437,70.57610619469027,78.10299295774648,64.83880037488285,72.91330998248687,12.925549915397632,17.500884955752213,23.595950704225352,12.716026241799439,19.221541155866902,10.0,5.0,10.0,10.0,17.191990594608306
