,1,1l,1r,1s,2,2l,2r,2s,3,3l,3r,3s,4,4l,4r,4s,id,1_2,1_3,1_4,2_1,2_3,2_4,3_1,3_2,3_4,4_1,4_2,4_3,p1,p2,p3,p4,speed0,speed1,speed2,speed3,speed4,stop0,stop1,stop2,stop3,stop4,time,timeloss0,timeloss1,timeloss2,timeloss3,timeloss4,travel0,travel1,travel2,travel3,travel4,wait0,wait1,wait2,wait3,wait4,rrsll_rssl_rsssll_rsl_0,rrsll_rssl_rsssll_rsl_1,rrsll_rssl_rsssll_rsl_2,rrsll_rssl_rsssll_rsl_3,performance measure
0,5,2,2,1,4,1,1,2,6,2,1,3,3,1,1,1,rrsll_rssl_rsssll_rsl,168.0,251.0,573.0,284.0,218.0,478.0,272.0,192.0,143.0,74.0,217.0,191.0,5.0,10.0,10.0,10.0,9.49722985613438,9.527140373250113,9.4506751591963,9.609403855339178,9.487271559482084,0.7203791469194313,0.7123287671232876,0.7392889699179581,0.7074626865671642,0.7378455672068637,3.395881175994873,19.638834123222733,19.382896281800424,19.91033728350047,18.641024875621895,19.986796949475707,64.32511848341233,64.07729941291585,64.52233363719235,63.281592039801,64.59771210676836,12.10521327014218,11.909980430528377,12.150410209662716,11.238805970149254,12.34604385128694,5.0,10.0,10.0,10.0,11.950090746353894
