,1,1l,1r,1s,2,2l,2r,2s,3,3l,3r,3s,4,4l,4r,4s,id,1_2,1_3,1_4,2_1,2_3,2_4,3_1,3_2,3_4,4_1,4_2,4_3,p1,p2,p3,p4,speed0,speed1,speed2,speed3,speed4,stop0,stop1,stop2,stop3,stop4,time,timeloss0,timeloss1,timeloss2,timeloss3,timeloss4,travel0,travel1,travel2,travel3,travel4,wait0,wait1,wait2,wait3,wait4,rsl_rrsll_rsl_rslll_0,rsl_rrsll_rsl_rslll_1,rsl_rrsll_rsl_rslll_2,rsl_rrsll_rsl_rslll_3,performance measure
0,3,1,1,1,5,2,2,1,3,1,1,1,5,3,1,1,rsl_rrsll_rsl_rslll,142.0,223.0,205.0,106.0,86.0,127.0,187.0,119.0,229.0,857.0,236.0,295.0,10.0,10.0,15.0,10.0,8.871479076074102,8.947467993986304,8.566421148459764,8.872530116037618,8.670462722648562,0.8091286307053942,0.7755741127348643,0.9022403258655805,0.8191489361702128,0.8757700205338809,3.0455801486968994,25.881670124481293,24.992891440501023,30.761731160896193,26.653680851063847,29.77312114989731,70.87448132780084,70.02505219206681,75.84826883910387,71.66170212765958,74.78747433264887,17.563278008298756,16.747390396659707,21.526476578411405,18.148936170212767,20.80082135523614,10.0,10.0,15.0,10.0,18.957380501763755
