,1,1l,1r,1s,2,2l,2r,2s,3,3l,3r,3s,4,4l,4r,4s,id,1_2,1_3,1_4,2_1,2_3,2_4,3_1,3_2,3_4,4_1,4_2,4_3,p1,p2,p3,p4,speed0,speed1,speed2,speed3,speed4,stop0,stop1,stop2,stop3,stop4,time,timeloss0,timeloss1,timeloss2,timeloss3,timeloss4,travel0,travel1,travel2,travel3,travel4,wait0,wait1,wait2,wait3,wait4,rrsll_rssl_rsssll_rsl_0,rrsll_rssl_rsssll_rsl_1,rrsll_rssl_rsssll_rsl_2,rrsll_rssl_rsssll_rsl_3,performance measure
0,5,2,2,1,4,1,1,2,6,2,1,3,3,1,1,1,rrsll_rssl_rsssll_rsl,273.0,78.0,553.0,48.0,293.0,165.0,927.0,47.0,73.0,101.0,261.0,132.0,5.0,10.0,10.0,10.0,9.035044160669234,8.666214897835179,8.81257514563187,8.960189740623779,9.274416249743537,0.8628230616302187,0.9498464687819856,0.9529872673849168,0.8803329864724245,0.798984771573604,3.0200421810150146,25.17420477137175,28.354083930399206,28.452086190009833,25.274869927159248,22.181065989847685,70.09542743538768,73.27123848515865,73.3437806072478,70.18314255983351,67.09340101522842,16.90854870775348,19.2906857727738,19.386875612144955,16.723204994797086,14.156345177664974,5.0,10.0,10.0,10.0,17.29313205302686
