,1,1l,1r,1s,2,2l,2r,2s,3,3l,3r,3s,4,4l,4r,4s,id,1_2,1_3,1_4,2_1,2_3,2_4,3_1,3_2,3_4,4_1,4_2,4_3,p1,p2,p3,p4,speed0,speed1,speed2,speed3,speed4,stop0,stop1,stop2,stop3,stop4,time,timeloss0,timeloss1,timeloss2,timeloss3,timeloss4,travel0,travel1,travel2,travel3,travel4,wait0,wait1,wait2,wait3,wait4,rrsll_rssl_rsssll_rsl_0,rrsll_rssl_rsssll_rsl_1,rrsll_rssl_rsssll_rsl_2,rrsll_rssl_rsssll_rsl_3,performance measure
0,5,2,2,1,4,1,1,2,6,2,1,3,3,1,1,1,rrsll_rssl_rsssll_rsl,516.0,272.0,180.0,219.0,136.0,511.0,1014.0,144.0,576.0,139.0,174.0,200.0,15.0,15.0,10.0,15.0,8.775509887563373,8.596556826189632,8.589409139698624,8.577825854537796,8.700539969617749,0.7702999268471105,0.8107142857142857,0.801255230125523,0.8014814814814815,0.7829570284049526,3.622804641723633,26.343942940746178,27.97389999999999,27.858828451882875,28.18292592592597,26.821616897305184,71.30797366495976,72.98,72.8786610878661,73.11703703703704,71.83466860888565,18.221653255303586,19.572142857142858,19.39539748953975,19.846666666666668,18.642388929351785,15.0,15.0,10.0,15.0,19.135649839600926
