,1,1l,1r,1s,2,2l,2r,2s,3,3l,3r,3s,4,4l,4r,4s,id,1_2,1_3,1_4,2_1,2_3,2_4,3_1,3_2,3_4,4_1,4_2,4_3,p1,p2,p3,p4,speed0,speed1,speed2,speed3,speed4,stop0,stop1,stop2,stop3,stop4,time,timeloss0,timeloss1,timeloss2,timeloss3,timeloss4,travel0,travel1,travel2,travel3,travel4,wait0,wait1,wait2,wait3,wait4,rsll_rsl_rssslll_rrsssll_0,rsll_rsl_rssslll_rrsssll_1,rsll_rsl_rssslll_rrsssll_2,rsll_rsl_rssslll_rrsssll_3,performance measure
0,4,2,1,1,3,1,1,1,7,3,1,3,7,2,2,3,rsll_rsl_rssslll_rrsssll,605.0,264.0,97.0,320.0,130.0,330.0,451.0,156.0,329.0,319.0,240.0,74.0,15.0,15.0,10.0,15.0,8.642774819684147,8.458141618158615,8.383577209349953,8.726596380777975,8.690980516994763,0.8444846292947559,0.8327338129496403,0.8472573839662447,0.7576301615798923,0.7954545454545454,3.1457369327545166,30.799783001808343,29.883821942446062,31.1408523206751,27.263868940753984,28.080236363636363,75.57594936708861,74.70953237410072,75.92911392405064,72.05116696588868,72.84,21.811934900542497,21.446942446043167,22.223628691983123,19.274685816876122,19.835454545454546,15.0,15.0,10.0,15.0,20.918529280179893
