,1,1l,1r,1s,2,2l,2r,2s,3,3l,3r,3s,4,4l,4r,4s,id,1_2,1_3,1_4,2_1,2_3,2_4,3_1,3_2,3_4,4_1,4_2,4_3,p1,p2,p3,p4,speed0,speed1,speed2,speed3,speed4,stop0,stop1,stop2,stop3,stop4,time,timeloss0,timeloss1,timeloss2,timeloss3,timeloss4,travel0,travel1,travel2,travel3,travel4,wait0,wait1,wait2,wait3,wait4,rsssssl_rssssll_rsl_rssll_0,rsssssl_rssssll_rsl_rssll_1,rsssssl_rssssll_rsl_rssll_2,rsssssl_rssssll_rsl_rssll_3,performance measure
0,7,1,1,5,7,2,1,4,3,1,1,1,5,2,1,2,rsssssl_rssssll_rsl_rssll,99.0,1044.0,242.0,167.0,140.0,249.0,358.0,85.0,162.0,356.0,665.0,51.0,10.0,15.0,10.0,15.0,8.82916603354957,8.826427652845284,8.748786586238685,8.78347526419007,8.883537686471474,0.7862289831865492,0.8026208026208026,0.8227124183006536,0.8048568950563747,0.7828525641025641,3.220113515853882,26.17668534827861,25.976609336609314,27.064452614379103,26.799037294015562,25.19297275641024,70.97437950360288,70.75757575757575,71.87990196078431,71.6357328707719,69.97996794871794,18.030424339471576,17.867321867321866,18.879901960784313,18.69731136166522,17.141826923076923,10.0,15.0,10.0,15.0,18.12335729046398
