,1,1l,1r,1s,2,2l,2r,2s,3,3l,3r,3s,4,4l,4r,4s,id,1_2,1_3,1_4,2_1,2_3,2_4,3_1,3_2,3_4,4_1,4_2,4_3,p1,p2,p3,p4,speed0,speed1,speed2,speed3,speed4,stop0,stop1,stop2,stop3,stop4,time,timeloss0,timeloss1,timeloss2,timeloss3,timeloss4,travel0,travel1,travel2,travel3,travel4,wait0,wait1,wait2,wait3,wait4,rssll_rrsl_rsssl_rrsl_0,rssll_rrsl_rsssl_rrsl_1,rssll_rrsl_rsssl_rrsl_2,rssll_rrsl_rsssl_rrsl_3,performance measure
0,5,2,1,2,4,1,2,1,5,1,1,3,4,1,2,1,rssll_rrsl_rsssl_rrsl,358.0,709.0,131.0,204.0,272.0,215.0,547.0,267.0,82.0,185.0,203.0,361.0,10.0,15.0,10.0,10.0,8.856152830299886,9.005443203397336,8.868369727865986,9.027059494608434,8.991082545735917,0.841534612176814,0.7839866555462885,0.8348856900931414,0.8604860486048604,0.8042194092827004,3.406144380569458,27.554086738949152,24.521592994161775,26.887002540220145,28.305535553555323,25.433468354430378,72.35946622185155,69.31442869057548,71.67485182049111,73.05940594059406,70.24135021097047,18.94495412844037,16.58298582151793,18.492802709568164,19.56975697569757,17.22616033755274,10.0,15.0,10.0,10.0,18.163331994555357
