,1,1l,1r,1s,2,2l,2r,2s,3,3l,3r,3s,4,4l,4r,4s,id,1_2,1_3,1_4,2_1,2_3,2_4,3_1,3_2,3_4,4_1,4_2,4_3,p1,p2,p3,p4,speed0,speed1,speed2,speed3,speed4,stop0,stop1,stop2,stop3,stop4,time,timeloss0,timeloss1,timeloss2,timeloss3,timeloss4,travel0,travel1,travel2,travel3,travel4,wait0,wait1,wait2,wait3,wait4,rrssl_rrssl_rrsslll_rrsslll_0,rrssl_rrssl_rrsslll_rrsslll_1,rrssl_rrssl_rrsslll_rrsslll_2,rrssl_rrssl_rrsslll_rrsslll_3,performance measure
0,5,1,2,2,5,1,2,2,7,3,2,2,7,3,2,2,rrssl_rrssl_rrsslll_rrsslll,281.0,292.0,223.0,473.0,302.0,96.0,531.0,247.0,231.0,299.0,600.0,489.0,10.0,10.0,10.0,10.0,8.978541685954902,8.834082221953945,8.632420103361165,8.8706190490228,9.037315724504095,0.8458274398868458,0.8899628252788104,0.9618488628026413,0.8870481927710844,0.8076358296622613,3.7699084281921387,26.374080622347936,27.30481784386624,30.93518708730744,27.562228915662654,24.35491923641705,70.78783592644979,71.72193308550186,75.42333088774761,71.93975903614458,68.80469897209986,18.015558698727016,18.65724907063197,21.387380777696258,18.89382530120482,16.265785609397945,10.0,10.0,10.0,10.0,18.6439598915316
