,1,1l,1r,1s,2,2l,2r,2s,3,3l,3r,3s,4,4l,4r,4s,id,1_2,1_3,1_4,2_1,2_3,2_4,3_1,3_2,3_4,4_1,4_2,4_3,p1,p2,p3,p4,speed0,speed1,speed2,speed3,speed4,stop0,stop1,stop2,stop3,stop4,time,timeloss0,timeloss1,timeloss2,timeloss3,timeloss4,travel0,travel1,travel2,travel3,travel4,wait0,wait1,wait2,wait3,wait4,rsl_rsssll_rrssl_rrsslll_0,rsl_rsssll_rrssl_rrsslll_1,rsl_rsssll_rrssl_rrsslll_2,rsl_rsssll_rrssl_rrsslll_3,performance measure
0,3,1,1,1,6,2,1,3,5,1,2,2,7,3,2,2,rsl_rsssll_rrssl_rrsslll,178.0,311.0,126.0,39.0,121.0,649.0,198.0,309.0,271.0,305.0,700.0,303.0,15.0,15.0,5.0,15.0,8.889071030104633,8.758171049070413,8.89032157182239,8.920871331434629,8.738836758553624,0.7694214876033058,0.8087105038428694,0.7839155158407799,0.7738825591586328,0.8200663349917081,3.688748359680176,25.317958677685965,27.003928266438976,25.61632818846467,25.565521472392625,27.202321724709783,70.06363636363636,71.77113578138344,70.35743298131601,70.27957931638913,71.98839137645108,17.545454545454547,19.0734415029889,17.744922826969944,17.76424189307625,19.01077943615257,15.0,15.0,5.0,15.0,18.227768040928442
