,1,1l,1r,1s,2,2l,2r,2s,3,3l,3r,3s,4,4l,4r,4s,id,1_2,1_3,1_4,2_1,2_3,2_4,3_1,3_2,3_4,4_1,4_2,4_3,p1,p2,p3,p4,speed0,speed1,speed2,speed3,speed4,stop0,stop1,stop2,stop3,stop4,time,timeloss0,timeloss1,timeloss2,timeloss3,timeloss4,travel0,travel1,travel2,travel3,travel4,wait0,wait1,wait2,wait3,wait4,rsl_rsl_rsl_rrssll_0,rsl_rsl_rsl_rrssll_1,rsl_rsl_rsl_rrssll_2,rsl_rsl_rsl_rrssll_3,performance measure
0,3,1,1,1,3,1,1,1,3,1,1,1,6,2,2,2,rsl_rsl_rsl_rrssll,93.0,337.0,167.0,125.0,53.0,140.0,41.0,286.0,149.0,251.0,413.0,347.0,10.0,15.0,10.0,10.0,9.305933297387448,9.340098618698724,9.253805477259856,9.377288946487155,9.198709249853248,0.72294887039239,0.6943765281173594,0.7420537897310513,0.6815203145478375,0.7403846153846154,2.8406975269317627,21.618977407847815,21.157530562347183,21.842591687041594,20.92475753604193,22.635600961538476,66.39714625445897,65.9364303178484,66.62224938875306,65.68938401048493,67.41346153846153,14.041617122473246,13.89242053789731,14.254278728606357,13.608125819134994,14.774038461538462,10.0,15.0,10.0,10.0,14.114096133930076
