,1,1l,1r,1s,2,2l,2r,2s,3,3l,3r,3s,4,4l,4r,4s,id,1_2,1_3,1_4,2_1,2_3,2_4,3_1,3_2,3_4,4_1,4_2,4_3,p1,p2,p3,p4,speed0,speed1,speed2,speed3,speed4,stop0,stop1,stop2,stop3,stop4,time,timeloss0,timeloss1,timeloss2,timeloss3,timeloss4,travel0,travel1,travel2,travel3,travel4,wait0,wait1,wait2,wait3,wait4,rsssll_rssl_rsslll_rrsl_0,rsssll_rssl_rsslll_rrsl_1,rsssll_rssl_rsslll_rrsl_2,rsssll_rssl_rsslll_rrsl_3,performance measure
0,6,2,1,3,4,1,1,2,6,3,1,2,4,1,2,1,rsssll_rssl_rsslll_rrsl,350.0,142.0,196.0,71.0,193.0,340.0,568.0,198.0,232.0,271.0,112.0,319.0,10.0,15.0,15.0,10.0,8.969099240047607,8.932032462655108,8.902792586638746,9.15565728865081,9.081484376810186,0.7542213883677298,0.7611056268509379,0.7678227360308285,0.7223382045929019,0.7298105682951147,3.0361328125,24.62648217636022,24.875982230997074,25.09579961464359,22.781377870563674,23.3460817547358,69.37617260787992,69.67423494570582,69.86416184971098,67.53027139874739,68.08474576271186,16.889305816135085,17.13524185587364,17.467244701348747,15.37160751565762,15.784646061814556,10.0,15.0,15.0,10.0,16.529609190165928
