,1,1l,1r,1s,2,2l,2r,2s,3,3l,3r,3s,4,4l,4r,4s,id,1_2,1_3,1_4,2_1,2_3,2_4,3_1,3_2,3_4,4_1,4_2,4_3,p1,p2,p3,p4,speed0,speed1,speed2,speed3,speed4,stop0,stop1,stop2,stop3,stop4,time,timeloss0,timeloss1,timeloss2,timeloss3,timeloss4,travel0,travel1,travel2,travel3,travel4,wait0,wait1,wait2,wait3,wait4,rsssssl_rssssll_rsl_rssll_0,rsssssl_rssssll_rsl_rssll_1,rsssssl_rssssll_rsl_rssll_2,rsssssl_rssssll_rsl_rssll_3,performance measure
0,7,1,1,5,7,2,1,4,3,1,1,1,5,2,1,2,rsssssl_rssssll_rsl_rssll,62.0,1200.0,297.0,78.0,281.0,731.0,234.0,144.0,204.0,384.0,117.0,161.0,10.0,10.0,10.0,10.0,9.158225228149018,9.137846324540506,9.066476674129024,8.995506080366134,9.150486806178108,0.7755406413124534,0.7965465465465466,0.8072474942174248,0.8118657298985168,0.7901140684410647,3.3753530979156494,22.764295302013448,22.446659159159168,24.501141094834267,23.88181108508976,22.571482889733865,67.51826994780015,67.19594594594595,69.27910562837317,68.64871194379391,67.30494296577947,14.918717375093214,14.598348348348349,16.40400925212028,15.899297423887587,14.736882129277566,10.0,10.0,10.0,10.0,15.311450905745398
