,1,1l,1r,1s,2,2l,2r,2s,3,3l,3r,3s,4,4l,4r,4s,id,1_2,1_3,1_4,2_1,2_3,2_4,3_1,3_2,3_4,4_1,4_2,4_3,p1,p2,p3,p4,speed0,speed1,speed2,speed3,speed4,stop0,stop1,stop2,stop3,stop4,time,timeloss0,timeloss1,timeloss2,timeloss3,timeloss4,travel0,travel1,travel2,travel3,travel4,wait0,wait1,wait2,wait3,wait4,rsssll_rssl_rsslll_rrsl_0,rsssll_rssl_rsslll_rrsl_1,rsssll_rssl_rsslll_rrsl_2,rsssll_rssl_rsslll_rrsl_3,performance measure
0,6,2,1,3,4,1,1,2,6,3,1,2,4,1,2,1,rsssll_rssl_rsslll_rrsl,621.0,809.0,66.0,296.0,212.0,433.0,709.0,227.0,791.0,288.0,246.0,468.0,15.0,15.0,10.0,10.0,8.414278106301413,8.26989826283959,8.289086353453955,8.574011071254317,8.527925382092432,0.9352806414662085,1.02880658436214,0.9833055091819699,0.8851674641148325,0.897196261682243,4.324461221694946,33.53640893470787,38.42671369782481,36.04515303283249,31.1125717703349,31.689883177570085,78.3659793814433,83.29864785420341,80.9137451307735,75.95514354066985,76.55081775700934,23.97422680412371,27.718988830099942,25.9432387312187,22.052033492822968,22.563668224299064,15.0,15.0,10.0,10.0,24.450431216512875
