,1,1l,1r,1s,2,2l,2r,2s,3,3l,3r,3s,4,4l,4r,4s,id,1_2,1_3,1_4,2_1,2_3,2_4,3_1,3_2,3_4,4_1,4_2,4_3,p1,p2,p3,p4,speed0,speed1,speed2,speed3,speed4,stop0,stop1,stop2,stop3,stop4,time,timeloss0,timeloss1,timeloss2,timeloss3,timeloss4,travel0,travel1,travel2,travel3,travel4,wait0,wait1,wait2,wait3,wait4,rsl_rrsll_rsl_rslll_0,rsl_rrsll_rsl_rslll_1,rsl_rrsll_rsl_rslll_2,rsl_rrsll_rsl_rslll_3,performance measure
0,3,1,1,1,5,2,2,1,3,1,1,1,5,3,1,1,rsl_rrsll_rsl_rslll,292.0,326.0,145.0,78.0,198.0,265.0,59.0,161.0,211.0,946.0,206.0,160.0,15.0,15.0,15.0,15.0,7.910088727694055,7.675233421958373,7.417222971501197,7.860234283487667,7.875173684607413,0.9274809160305344,0.9450337512054002,1.11534795042898,0.9245837414299706,0.9855072463768116,3.3734612464904785,37.10242366412216,39.35300867888137,47.18352716873215,37.31378060724784,41.106985507246364,82.24713740458016,84.47733847637416,92.25357483317445,82.45445641527914,86.20289855072464,27.299618320610687,29.528447444551592,35.605338417540516,27.66601371204701,30.57487922705314,15.0,15.0,15.0,15.0,30.134859424360588
