,1,1l,1r,1s,2,2l,2r,2s,3,3l,3r,3s,4,4l,4r,4s,id,1_2,1_3,1_4,2_1,2_3,2_4,3_1,3_2,3_4,4_1,4_2,4_3,p1,p2,p3,p4,speed0,speed1,speed2,speed3,speed4,stop0,stop1,stop2,stop3,stop4,time,timeloss0,timeloss1,timeloss2,timeloss3,timeloss4,travel0,travel1,travel2,travel3,travel4,wait0,wait1,wait2,wait3,wait4,rrslll_rssll_rsl_rssssll_0,rrslll_rssll_rsl_rssssll_1,rrslll_rssll_rsl_rssssll_2,rrslll_rssll_rsl_rssssll_3,performance measure
0,6,3,2,1,5,2,1,2,3,1,1,1,7,2,1,4,rrslll_rssll_rsl_rssssll,242.0,112.0,158.0,73.0,592.0,257.0,188.0,305.0,247.0,250.0,1245.0,58.0,10.0,10.0,15.0,15.0,8.690166812985101,8.86424072849452,8.503758097607047,8.762554703244218,8.893810702315182,0.8333333333333334,0.7874396135265701,0.8881987577639752,0.8416666666666667,0.7881889763779527,3.6621463298797607,28.799930232558125,25.744017713365526,31.464285714285662,28.538249999999994,25.501480314960624,73.68139534883721,70.61674718196457,76.35326086956522,73.41333333333333,70.36299212598425,20.244961240310076,17.71900161030596,22.437888198757765,19.966666666666665,17.435433070866143,10.0,10.0,15.0,15.0,19.560790157381323
