,1,1l,1r,1s,2,2l,2r,2s,3,3l,3r,3s,4,4l,4r,4s,id,1_2,1_3,1_4,2_1,2_3,2_4,3_1,3_2,3_4,4_1,4_2,4_3,p1,p2,p3,p4,speed0,speed1,speed2,speed3,speed4,stop0,stop1,stop2,stop3,stop4,time,timeloss0,timeloss1,timeloss2,timeloss3,timeloss4,travel0,travel1,travel2,travel3,travel4,wait0,wait1,wait2,wait3,wait4,rsl_rrsl_rssslll_rssssl_0,rsl_rrsl_rssslll_rssssl_1,rsl_rrsl_rssslll_rssssl_2,rsl_rrsl_rssslll_rssssl_3,performance measure
0,3,1,1,1,4,1,2,1,7,3,1,3,6,1,1,4,rsl_rrsl_rssslll_rssssl,309.0,329.0,304.0,138.0,74.0,115.0,558.0,148.0,786.0,302.0,1258.0,198.0,15.0,15.0,15.0,15.0,8.368685589983246,8.133036731475016,7.6673208727805084,8.277217678718104,7.916026208161928,0.8317025440313112,0.859776168531929,1.0342598577892697,0.841522491349481,0.9630110317975341,4.061564922332764,30.723939986953624,33.306787360105304,43.370555914673545,31.968103806228378,38.47369240752759,75.73124592302675,78.33772218564846,88.42727860374919,76.98546712802768,83.48864373783258,21.94781474233529,24.269256089532586,32.35617323852618,23.15778546712803,28.38351719662557,15.0,15.0,15.0,15.0,26.022909346829532
