,1,1l,1r,1s,2,2l,2r,2s,3,3l,3r,3s,4,4l,4r,4s,id,1_2,1_3,1_4,2_1,2_3,2_4,3_1,3_2,3_4,4_1,4_2,4_3,p1,p2,p3,p4,speed0,speed1,speed2,speed3,speed4,stop0,stop1,stop2,stop3,stop4,time,timeloss0,timeloss1,timeloss2,timeloss3,timeloss4,travel0,travel1,travel2,travel3,travel4,wait0,wait1,wait2,wait3,wait4,rsssssl_rssssll_rsl_rssll_0,rsssssl_rssssll_rsl_rssll_1,rsssssl_rssssll_rsl_rssll_2,rsssssl_rssssll_rsl_rssll_3,performance measure
0,7,1,1,5,7,2,1,4,3,1,1,1,5,2,1,2,rsssssl_rssssll_rsl_rssll,132.0,253.0,129.0,123.0,207.0,841.0,163.0,94.0,215.0,610.0,283.0,274.0,10.0,10.0,15.0,10.0,8.872005200042963,9.095675708116897,9.00038249174398,9.021077145193178,9.082576654098174,0.8099467140319716,0.7510766580534023,0.7906779661016949,0.7889492753623188,0.7641165755919854,3.0160233974456787,25.863880994671398,23.254444444444452,23.925838983050877,24.4888224637681,23.45010018214934,70.57460035523978,67.9603789836348,68.6771186440678,69.22735507246377,68.15209471766849,17.69715808170515,15.592592592592593,15.954237288135593,16.519021739130434,15.70856102003643,10.0,10.0,15.0,10.0,16.29431414432004
