,1,1l,1r,1s,2,2l,2r,2s,3,3l,3r,3s,4,4l,4r,4s,id,1_2,1_3,1_4,2_1,2_3,2_4,3_1,3_2,3_4,4_1,4_2,4_3,p1,p2,p3,p4,speed0,speed1,speed2,speed3,speed4,stop0,stop1,stop2,stop3,stop4,time,timeloss0,timeloss1,timeloss2,timeloss3,timeloss4,travel0,travel1,travel2,travel3,travel4,wait0,wait1,wait2,wait3,wait4,rrsslll_rrsll_rsssl_rrsslll_0,rrsslll_rrsll_rsssl_rrsslll_1,rrsslll_rrsll_rsssl_rrsslll_2,rrsslll_rrsll_rsssl_rrsslll_3,performance measure
0,7,3,2,2,5,2,2,1,5,1,1,3,7,3,2,2,rrsslll_rrsll_rsssl_rrsslll,562.0,537.0,81.0,602.0,423.0,330.0,500.0,298.0,250.0,708.0,681.0,586.0,10.0,10.0,10.0,15.0,8.85349467652572,8.682372852424963,8.533740833307082,9.057749932785534,8.565481659487721,0.8152461619904712,0.850562399571505,0.91,0.7783278327832783,0.9105603448275862,4.234309911727905,25.99861302276336,27.802597750401663,30.820610526315757,23.911628162816285,30.43280172413787,70.54579142403388,72.38725227637921,75.44684210526316,68.47084708470847,75.0021551724138,17.609317098994175,19.139260846277452,21.616842105263157,15.853685368536853,21.26885775862069,10.0,10.0,10.0,15.0,19.09759263553847
