,1,1l,1r,1s,2,2l,2r,2s,3,3l,3r,3s,4,4l,4r,4s,id,1_2,1_3,1_4,2_1,2_3,2_4,3_1,3_2,3_4,4_1,4_2,4_3,p1,p2,p3,p4,speed0,speed1,speed2,speed3,speed4,stop0,stop1,stop2,stop3,stop4,time,timeloss0,timeloss1,timeloss2,timeloss3,timeloss4,travel0,travel1,travel2,travel3,travel4,wait0,wait1,wait2,wait3,wait4,rsssssl_rssssll_rsl_rssll_0,rsssssl_rssssll_rsl_rssll_1,rsssssl_rssssll_rsl_rssll_2,rsssssl_rssssll_rsl_rssll_3,performance measure
0,7,1,1,5,7,2,1,4,3,1,1,1,5,2,1,2,rsssssl_rssssll_rsl_rssll,226.0,1329.0,196.0,122.0,485.0,1017.0,82.0,187.0,156.0,213.0,439.0,74.0,12.0,12.0,12.0,12.0,8.78737288676949,8.920483707676253,8.835114090962845,8.84466483167752,8.972238555306054,0.8072368421052631,0.7712944332662642,0.8072368421052631,0.8079514824797843,0.7611548556430446,4.406283140182495,25.775677631578926,24.77107981220657,25.093763157894735,25.188605121293843,24.22784120734905,70.74802631578947,69.77934272300469,70.08355263157895,70.18598382749326,69.16141732283465,17.62236842105263,16.896042924211937,17.023684210526316,17.070080862533693,16.349737532808398,12.0,12.0,12.0,12.0,16.992382790226593
