,1,1l,1r,1s,2,2l,2r,2s,3,3l,3r,3s,4,4l,4r,4s,id,1_2,1_3,1_4,2_1,2_3,2_4,3_1,3_2,3_4,4_1,4_2,4_3,p1,p2,p3,p4,speed0,speed1,speed2,speed3,speed4,stop0,stop1,stop2,stop3,stop4,time,timeloss0,timeloss1,timeloss2,timeloss3,timeloss4,travel0,travel1,travel2,travel3,travel4,wait0,wait1,wait2,wait3,wait4,rrslll_rssll_rsl_rssssll_0,rrslll_rssll_rsl_rssssll_1,rrslll_rssll_rsl_rssssll_2,rrslll_rssll_rsl_rssssll_3,performance measure
0,6,3,2,1,5,2,1,2,3,1,1,1,7,2,1,4,rrslll_rssll_rsl_rssssll,378.0,50.0,168.0,321.0,252.0,506.0,275.0,310.0,45.0,374.0,600.0,313.0,5.0,12.0,12.0,12.0,8.653423917755841,8.851799993539203,8.825065315928926,9.125768353901451,9.326762070169446,0.9596448748991122,0.866885784716516,0.8797770700636943,0.7776831345826235,0.7289562289562289,3.656259059906006,33.025577078288904,28.14382908792113,28.060175159235676,23.163781942078376,21.354814814814823,77.67958030669895,72.83894823336072,72.72691082802548,67.83986371379898,65.97811447811448,23.78046811945117,19.716516023007394,19.396496815286625,15.30664395229983,13.762626262626263,5.0,12.0,12.0,12.0,18.39255023453426
