,1,1l,1r,1s,2,2l,2r,2s,3,3l,3r,3s,4,4l,4r,4s,id,1_2,1_3,1_4,2_1,2_3,2_4,3_1,3_2,3_4,4_1,4_2,4_3,p1,p2,p3,p4,speed0,speed1,speed2,speed3,speed4,stop0,stop1,stop2,stop3,stop4,time,timeloss0,timeloss1,timeloss2,timeloss3,timeloss4,travel0,travel1,travel2,travel3,travel4,wait0,wait1,wait2,wait3,wait4,rsl_rsl_rsssl_rsl_0,rsl_rsl_rsssl_rsl_1,rsl_rsl_rsssl_rsl_2,rsl_rsl_rsssl_rsl_3,performance measure
0,3,1,1,1,3,1,1,1,5,1,1,3,3,1,1,1,rsl_rsl_rsssl_rsl,195.0,115.0,176.0,313.0,317.0,277.0,545.0,217.0,315.0,36.0,179.0,47.0,20.0,12.0,20.0,20.0,8.09198917357002,8.2574703331068,8.248066289057487,8.154836690492669,8.152293140781905,0.7963944856839873,0.7649667405764967,0.7991498405951116,0.8295964125560538,0.796976241900648,3.234376907348633,34.39923647932133,32.28743902439026,33.13433581296493,35.039327354260124,33.18823974082075,79.41463414634147,77.31152993348115,78.12964930924548,80.00560538116592,78.207343412527,25.535524920466596,23.954545454545453,24.20085015940489,26.154708520179373,24.68682505399568,20.0,12.0,20.0,20.0,24.9064908217184
