,1,1l,1r,1s,2,2l,2r,2s,3,3l,3r,3s,4,4l,4r,4s,id,1_2,1_3,1_4,2_1,2_3,2_4,3_1,3_2,3_4,4_1,4_2,4_3,p1,p2,p3,p4,speed0,speed1,speed2,speed3,speed4,stop0,stop1,stop2,stop3,stop4,time,timeloss0,timeloss1,timeloss2,timeloss3,timeloss4,travel0,travel1,travel2,travel3,travel4,wait0,wait1,wait2,wait3,wait4,rsssll_rssl_rsslll_rrsl_0,rsssll_rssl_rsslll_rrsl_1,rsssll_rssl_rsslll_rrsl_2,rsssll_rssl_rsslll_rrsl_3,performance measure
0,6,2,1,3,4,1,1,2,6,3,1,2,4,1,2,1,rsssll_rssl_rsslll_rrsl,447.0,1069.0,152.0,285.0,76.0,260.0,100.0,100.0,814.0,142.0,249.0,327.0,12.0,12.0,5.0,12.0,8.87143385292537,8.673680752943854,8.84645725197608,9.179835387164262,8.802564772560963,0.8763557483731019,1.0341246290801187,0.8747300215982722,0.7651109410864575,0.8720760233918129,3.890840768814087,28.034822848879266,34.557885756676555,27.193707703383698,22.357628156082598,27.80555555555554,72.84309472161966,79.36721068249258,72.01079913606911,67.13389441469013,72.61988304093568,19.369486623282718,24.570474777448073,18.441324694024477,14.558530986993114,19.133040935672515,12.0,12.0,5.0,12.0,19.21457160348418
