,1,1l,1r,1s,2,2l,2r,2s,3,3l,3r,3s,4,4l,4r,4s,id,1_2,1_3,1_4,2_1,2_3,2_4,3_1,3_2,3_4,4_1,4_2,4_3,p1,p2,p3,p4,speed0,speed1,speed2,speed3,speed4,stop0,stop1,stop2,stop3,stop4,time,timeloss0,timeloss1,timeloss2,timeloss3,timeloss4,travel0,travel1,travel2,travel3,travel4,wait0,wait1,wait2,wait3,wait4,rrsslll_rrsll_rsssl_rrsslll_0,rrsslll_rrsll_rsssl_rrsslll_1,rrsslll_rrsll_rsssl_rrsslll_2,rrsslll_rrsll_rsssl_rrsslll_3,performance measure
0,7,3,2,2,5,2,2,1,5,1,1,3,7,3,2,2,rrsslll_rrsll_rsssl_rrsslll,757.0,443.0,621.0,646.0,305.0,162.0,922.0,290.0,149.0,363.0,306.0,141.0,12.0,12.0,12.0,12.0,9.049676271684449,8.968248932945118,9.053761361163511,9.029335153512356,9.148779297135778,0.7413081909251621,0.7580174927113703,0.7366647950589557,0.7544696066746126,0.7194758784991067,4.640594959259033,23.666870948733017,24.93574344023328,23.407737226277387,23.369648390941627,22.802263251935667,68.2569239835003,69.54402332361516,67.99550814149354,67.95828367103695,67.38415723645026,15.742486741308191,16.93002915451895,15.537900056148231,15.446960667461264,15.134603930911256,12.0,12.0,12.0,12.0,15.75839611006958
