,1,1l,1r,1s,2,2l,2r,2s,3,3l,3r,3s,4,4l,4r,4s,id,1_2,1_3,1_4,2_1,2_3,2_4,3_1,3_2,3_4,4_1,4_2,4_3,p1,p2,p3,p4,speed0,speed1,speed2,speed3,speed4,stop0,stop1,stop2,stop3,stop4,time,timeloss0,timeloss1,timeloss2,timeloss3,timeloss4,travel0,travel1,travel2,travel3,travel4,wait0,wait1,wait2,wait3,wait4,rrslll_rssll_rsl_rssssll_0,rrslll_rssll_rsl_rssssll_1,rrslll_rssll_rsl_rssssll_2,rrslll_rssll_rsl_rssssll_3,performance measure
0,6,3,2,1,5,2,1,2,3,1,1,1,7,2,1,4,rrslll_rssll_rsl_rssssll,493.0,131.0,225.0,217.0,134.0,323.0,314.0,96.0,300.0,175.0,419.0,297.0,12.0,12.0,5.0,12.0,9.176571610089617,9.122126151291571,9.021367034933728,9.171954688318719,9.29734241239993,0.7700091996320148,0.7668246445497631,0.8175985334555453,0.7776699029126214,0.7179732313575525,3.2912282943725586,22.969006439742436,23.31874881516593,24.487791017415176,23.04560194174755,21.71642447418738,67.66697332106716,68.02085308056873,69.1833180568286,67.79611650485437,66.40248565965584,15.102115915363385,15.621800947867298,16.231897341888175,15.059223300970874,14.295411089866157,12.0,12.0,5.0,12.0,15.262089719191176
