,1,1l,1r,1s,2,2l,2r,2s,3,3l,3r,3s,4,4l,4r,4s,id,1_2,1_3,1_4,2_1,2_3,2_4,3_1,3_2,3_4,4_1,4_2,4_3,p1,p2,p3,p4,speed0,speed1,speed2,speed3,speed4,stop0,stop1,stop2,stop3,stop4,time,timeloss0,timeloss1,timeloss2,timeloss3,timeloss4,travel0,travel1,travel2,travel3,travel4,wait0,wait1,wait2,wait3,wait4,rsssll_rssl_rsslll_rrsl_0,rsssll_rssl_rsslll_rrsl_1,rsssll_rssl_rsslll_rrsl_2,rsssll_rssl_rsslll_rrsl_3,performance measure
0,6,2,1,3,4,1,1,2,6,3,1,2,4,1,2,1,rsssll_rssl_rsslll_rrsl,323.0,445.0,107.0,230.0,258.0,286.0,162.0,213.0,865.0,295.0,203.0,470.0,12.0,12.0,12.0,12.0,8.845873362995182,8.825561670297887,8.78913990236529,8.75839021941802,8.90022357417241,0.7739776951672862,0.7853323147440795,0.8174427198817442,0.8289578361177407,0.776425855513308,3.718839645385742,25.528550185873634,27.061375095492757,26.582993348115284,26.888822593476515,25.567688212927763,70.22899628252789,71.75477463712758,71.3229859571323,71.59984089101034,70.2615969581749,17.61933085501859,18.944232238349887,18.2039911308204,18.58472553699284,17.522433460076044,12.0,12.0,12.0,12.0,18.17494264425155
