,1,1l,1r,1s,2,2l,2r,2s,3,3l,3r,3s,4,4l,4r,4s,id,1_2,1_3,1_4,2_1,2_3,2_4,3_1,3_2,3_4,4_1,4_2,4_3,p1,p2,p3,p4,speed0,speed1,speed2,speed3,speed4,stop0,stop1,stop2,stop3,stop4,time,timeloss0,timeloss1,timeloss2,timeloss3,timeloss4,travel0,travel1,travel2,travel3,travel4,wait0,wait1,wait2,wait3,wait4,rrsslll_rrsll_rsssl_rrsslll_0,rrsslll_rrsll_rsssl_rrsslll_1,rrsslll_rrsll_rsssl_rrsslll_2,rrsslll_rrsll_rsssl_rrsslll_3,performance measure
0,7,3,2,2,5,2,2,1,5,1,1,3,7,3,2,2,rrsslll_rrsll_rsssl_rrsslll,220.0,403.0,567.0,111.0,475.0,231.0,429.0,83.0,198.0,561.0,615.0,188.0,12.0,12.0,12.0,12.0,9.019900807258104,9.07334134637672,8.88429403692015,9.03142904870873,8.959105397760975,0.7532846715328467,0.7293610911701364,0.7815126050420168,0.7553191489361702,0.7742878013148283,3.95232892036438,24.333445255474462,23.892878679109838,25.29162464985995,23.891618541033413,24.645252008765542,68.98686131386862,68.53194544149318,69.99439775910363,68.52051671732522,69.32286340394448,16.676642335766424,16.306532663316585,17.345238095238095,16.3290273556231,16.903579254930605,12.0,12.0,12.0,12.0,16.712203940974963
