,1,1l,1r,1s,2,2l,2r,2s,3,3l,3r,3s,4,4l,4r,4s,id,1_2,1_3,1_4,2_1,2_3,2_4,3_1,3_2,3_4,4_1,4_2,4_3,p1,p2,p3,p4,speed0,speed1,speed2,speed3,speed4,stop0,stop1,stop2,stop3,stop4,time,timeloss0,timeloss1,timeloss2,timeloss3,timeloss4,travel0,travel1,travel2,travel3,travel4,wait0,wait1,wait2,wait3,wait4,rsl_rsssll_rrssl_rrsslll_0,rsl_rsssll_rrssl_rrsslll_1,rsl_rsssll_rrssl_rrsslll_2,rsl_rsssll_rrssl_rrsslll_3,performance measure
0,3,1,1,1,6,2,1,3,5,1,2,2,7,3,2,2,rsl_rsssll_rrssl_rrsslll,219.0,325.0,100.0,158.0,139.0,418.0,370.0,204.0,164.0,929.0,406.0,334.0,12.0,20.0,20.0,12.0,8.552331726485825,8.485018812068612,8.460158516020025,8.692463489419168,8.509709816050577,0.7758224942616679,0.7919254658385093,0.8098918083462133,0.7486252945797329,0.7703125,3.5784761905670166,30.884361132364194,29.742492236024813,30.648987635239518,28.300031421838174,29.439703124999973,75.68477429227238,74.55978260869566,75.46136012364761,73.10683424980361,74.23828125,22.6610558530987,21.641304347826086,22.31143740340031,20.384131971720347,21.40390625,12.0,20.0,20.0,12.0,21.680367165209088
