,1,1l,1r,1s,2,2l,2r,2s,3,3l,3r,3s,4,4l,4r,4s,id,1_2,1_3,1_4,2_1,2_3,2_4,3_1,3_2,3_4,4_1,4_2,4_3,p1,p2,p3,p4,speed0,speed1,speed2,speed3,speed4,stop0,stop1,stop2,stop3,stop4,time,timeloss0,timeloss1,timeloss2,timeloss3,timeloss4,travel0,travel1,travel2,travel3,travel4,wait0,wait1,wait2,wait3,wait4,rrsll_rssl_rsssll_rsl_0,rrsll_rssl_rsssll_rsl_1,rrsll_rssl_rsssll_rsl_2,rrsll_rssl_rsssll_rsl_3,performance measure
0,5,2,2,1,4,1,1,2,6,2,1,3,3,1,1,1,rrsll_rssl_rsssll_rsl,547.0,354.0,161.0,178.0,110.0,86.0,453.0,184.0,277.0,124.0,218.0,97.0,20.0,20.0,12.0,12.0,8.833070235108476,8.662899727881502,8.705086345996579,8.705561026641387,8.623054809374127,0.7176220806794055,0.7613882863340564,0.7479508196721312,0.7380434782608696,0.7816826411075612,3.1557815074920654,26.91801486199576,28.987331887201766,27.703268442622953,27.754326086956507,29.938232161874307,71.88322717622081,73.86550976138828,72.61065573770492,72.67608695652174,74.82960596379127,19.305732484076433,21.039045553145336,19.68032786885246,19.94782608695652,21.837060702875398,20.0,20.0,12.0,12.0,20.36199853918123
