,1,1l,1r,1s,2,2l,2r,2s,3,3l,3r,3s,4,4l,4r,4s,id,1_2,1_3,1_4,2_1,2_3,2_4,3_1,3_2,3_4,4_1,4_2,4_3,p1,p2,p3,p4,speed0,speed1,speed2,speed3,speed4,stop0,stop1,stop2,stop3,stop4,time,timeloss0,timeloss1,timeloss2,timeloss3,timeloss4,travel0,travel1,travel2,travel3,travel4,wait0,wait1,wait2,wait3,wait4,rsl_rsssssl_rsll_rrssl_0,rsl_rsssssl_rsll_rrssl_1,rsl_rsssssl_rsll_rrssl_2,rsl_rsssssl_rsll_rrssl_3,performance measure
0,3,1,1,1,7,1,1,5,4,2,1,1,5,1,2,2,rsl_rsssssl_rsll_rrssl,194.0,218.0,46.0,282.0,173.0,900.0,159.0,185.0,357.0,178.0,214.0,543.0,12.0,12.0,12.0,12.0,9.14743027068959,9.158222738400292,9.063217965042876,9.186250542430134,9.227853007532328,0.7261410788381742,0.70926243567753,0.7646573080099092,0.7474226804123711,0.7027729636048526,4.218633651733398,22.675385892116168,23.150042881646655,23.550553261767124,22.483582474226843,22.185467937608305,67.4448132780083,67.92710120068611,68.31048720066062,67.22852233676976,66.93414211438476,15.037344398340249,15.596912521440823,15.728323699421965,14.852233676975946,14.799826689774697,12.0,12.0,12.0,12.0,15.202928197190738
