,1,1l,1r,1s,2,2l,2r,2s,3,3l,3r,3s,4,4l,4r,4s,id,1_2,1_3,1_4,2_1,2_3,2_4,3_1,3_2,3_4,4_1,4_2,4_3,p1,p2,p3,p4,speed0,speed1,speed2,speed3,speed4,stop0,stop1,stop2,stop3,stop4,time,timeloss0,timeloss1,timeloss2,timeloss3,timeloss4,travel0,travel1,travel2,travel3,travel4,wait0,wait1,wait2,wait3,wait4,rssslll_rssll_rsssl_rrssl_0,rssslll_rssll_rsssl_rrssl_1,rssslll_rssll_rsssl_rrssl_2,rssslll_rssll_rsssl_rrssl_3,performance measure
0,7,3,1,3,5,2,1,2,5,1,1,3,5,1,2,2,rssslll_rssll_rsssl_rrssl,741.0,882.0,122.0,256.0,254.0,359.0,357.0,307.0,317.0,305.0,717.0,503.0,12.0,12.0,12.0,12.0,8.49181701391029,8.386640864343924,7.9802215312791915,8.509970590042405,8.240151097907866,0.8536306460834763,0.9042303172737955,1.1139896373056994,0.9199514857489387,0.9749552772808586,4.531290769577026,29.176346483704982,31.92490011750885,41.29801381692575,31.47610066707096,34.59558735837805,73.9073756432247,76.70622796709753,86.04778353483017,76.25955124317768,79.36076326774001,20.472269868496284,22.71092831962397,29.860679332181924,22.137659187386294,24.819916517590936,12.0,12.0,12.0,12.0,24.00029064505588
