,1,1l,1r,1s,2,2l,2r,2s,3,3l,3r,3s,4,4l,4r,4s,id,1_2,1_3,1_4,2_1,2_3,2_4,3_1,3_2,3_4,4_1,4_2,4_3,p1,p2,p3,p4,speed0,speed1,speed2,speed3,speed4,stop0,stop1,stop2,stop3,stop4,time,timeloss0,timeloss1,timeloss2,timeloss3,timeloss4,travel0,travel1,travel2,travel3,travel4,wait0,wait1,wait2,wait3,wait4,rsl_rsssssl_rsll_rrssl_0,rsl_rsssssl_rsll_rrssl_1,rsl_rsssssl_rsll_rrssl_2,rsl_rsssssl_rsll_rrssl_3,performance measure
0,3,1,1,1,7,1,1,5,4,2,1,1,5,1,2,2,rsl_rsssssl_rsll_rrssl,90.0,59.0,274.0,302.0,50.0,217.0,279.0,138.0,190.0,81.0,217.0,576.0,5.0,12.0,5.0,5.0,9.59878921743299,9.747821651664937,9.575774621248552,9.829654960141346,9.70275780811667,0.7636165577342048,0.7199046483909416,0.7473053892215569,0.6898656898656899,0.7191392978482446,2.8124589920043945,18.10907407407406,17.04675804529201,18.497568862275436,16.358424908424908,17.76945639864101,62.59912854030501,61.479141835518476,62.954491017964074,60.78266178266178,62.217440543601356,10.323529411764707,9.610250297973778,10.683832335329342,9.102564102564102,10.272933182332956,5.0,12.0,5.0,5.0,9.998621865992977
