,1,1l,1r,1s,2,2l,2r,2s,3,3l,3r,3s,4,4l,4r,4s,id,1_2,1_3,1_4,2_1,2_3,2_4,3_1,3_2,3_4,4_1,4_2,4_3,p1,p2,p3,p4,speed0,speed1,speed2,speed3,speed4,stop0,stop1,stop2,stop3,stop4,time,timeloss0,timeloss1,timeloss2,timeloss3,timeloss4,travel0,travel1,travel2,travel3,travel4,wait0,wait1,wait2,wait3,wait4,rsl_rsssll_rrssl_rrsslll_0,rsl_rsssll_rrssl_rrsslll_1,rsl_rsssll_rrssl_rrsslll_2,rsl_rsssll_rrssl_rrsslll_3,performance measure
0,3,1,1,1,6,2,1,3,5,1,2,2,7,3,2,2,rsl_rsssll_rrssl_rrsslll,136.0,150.0,97.0,190.0,587.0,493.0,607.0,583.0,295.0,966.0,599.0,205.0,12.0,12.0,12.0,12.0,8.378224898000038,8.079730905308354,8.280684374849589,8.156141389013843,8.563883053941549,0.8749259039715471,0.9907063197026023,0.9559341950646298,0.9725856697819315,0.8387096774193549,4.499834775924683,30.1383461766449,36.892199504337015,32.773219741480624,35.036467289719596,28.279190505173492,74.91819798458802,81.72304832713755,77.56521739130434,79.8404984423676,73.08216676810711,21.246591582691167,26.722428748451055,23.199177438307874,25.17071651090343,19.755325623858795,12.0,12.0,12.0,12.0,23.21884798084246
