,1,1l,1r,1s,2,2l,2r,2s,3,3l,3r,3s,4,4l,4r,4s,id,1_2,1_3,1_4,2_1,2_3,2_4,3_1,3_2,3_4,4_1,4_2,4_3,p1,p2,p3,p4,speed0,speed1,speed2,speed3,speed4,stop0,stop1,stop2,stop3,stop4,time,timeloss0,timeloss1,timeloss2,timeloss3,timeloss4,travel0,travel1,travel2,travel3,travel4,wait0,wait1,wait2,wait3,wait4,rsssl_rrsll_rsl_rsslll_0,rsssl_rrsll_rsl_rsslll_1,rsssl_rrsll_rsl_rsslll_2,rsssl_rrsll_rsl_rsslll_3,performance measure
0,5,1,1,3,5,2,2,1,3,1,1,1,6,3,1,2,rsssl_rrsll_rsl_rsslll,223.0,483.0,84.0,619.0,138.0,148.0,232.0,99.0,103.0,690.0,457.0,105.0,12.0,12.0,12.0,12.0,9.0433529346628,9.075941680101181,8.88080832290686,9.041026398441444,9.09118790923423,0.7463898916967509,0.7309377738825592,0.7971854304635762,0.7617295308187673,0.7304582210242587,3.3438913822174072,24.23695848375453,23.742120946538126,25.329668874172174,23.66519779208832,23.53260557053008,69.05054151624549,68.59333917616127,70.15976821192054,68.4848206071757,68.35849056603773,16.478339350180505,16.092900964066608,17.25496688741722,16.010119595216192,15.936208445642407,12.0,12.0,12.0,12.0,16.354507048504587
