,1,1l,1r,1s,2,2l,2r,2s,3,3l,3r,3s,4,4l,4r,4s,id,1_2,1_3,1_4,2_1,2_3,2_4,3_1,3_2,3_4,4_1,4_2,4_3,p1,p2,p3,p4,speed0,speed1,speed2,speed3,speed4,stop0,stop1,stop2,stop3,stop4,time,timeloss0,timeloss1,timeloss2,timeloss3,timeloss4,travel0,travel1,travel2,travel3,travel4,wait0,wait1,wait2,wait3,wait4,rsl_rsssl_rssssl_rssll_0,rsl_rsssl_rssssl_rssll_1,rsl_rsssl_rssssl_rssll_2,rsl_rsssl_rssssl_rssll_3,performance measure
0,3,1,1,1,5,1,1,3,6,1,1,4,5,2,1,2,rsl_rsssl_rssssl_rssll,156.0,318.0,204.0,181.0,273.0,419.0,1248.0,191.0,114.0,490.0,663.0,247.0,5.0,12.0,12.0,12.0,8.7638955236897,8.633934727755301,8.662929386249601,8.832492121374493,8.709514669190906,1.0907868190988568,0.953715775749674,0.9376205787781351,0.905608755129959,0.8948399738732854,4.14272403717041,38.05450571620704,31.286923076923095,30.271485530546627,29.103255813953556,28.13418680600917,83.01075991930061,76.23663624511082,75.27909967845659,74.05335157318741,73.10058785107773,27.32481506388702,21.97653194263364,21.030868167202573,20.145690834473324,19.12018288700196,5.0,12.0,12.0,12.0,21.919617779039704
