,1,1l,1r,1s,2,2l,2r,2s,3,3l,3r,3s,4,4l,4r,4s,id,1_2,1_3,1_4,2_1,2_3,2_4,3_1,3_2,3_4,4_1,4_2,4_3,p1,p2,p3,p4,speed0,speed1,speed2,speed3,speed4,stop0,stop1,stop2,stop3,stop4,time,timeloss0,timeloss1,timeloss2,timeloss3,timeloss4,travel0,travel1,travel2,travel3,travel4,wait0,wait1,wait2,wait3,wait4,rrslll_rssll_rsl_rssssll_0,rrslll_rssll_rsl_rssssll_1,rrslll_rssll_rsl_rssssll_2,rrslll_rssll_rsl_rssssll_3,performance measure
0,6,3,2,1,5,2,1,2,3,1,1,1,7,2,1,4,rrslll_rssll_rsl_rssssll,543.0,282.0,390.0,98.0,314.0,411.0,173.0,76.0,165.0,218.0,523.0,319.0,12.0,12.0,12.0,12.0,9.082566151726935,9.090654262045009,8.86218292441629,9.073113495790963,9.050298596401928,0.7366220735785953,0.7265948632974316,0.8237179487179487,0.7603231597845601,0.7696289905090595,3.8436009883880615,23.622424749163883,23.96492129246063,27.329879807692315,23.75552064631955,24.947178602243312,68.31521739130434,68.65451532725767,72.05929487179488,68.47845601436266,69.64020707506471,15.971571906354516,16.396023198011598,18.849358974358974,16.0475763016158,17.047454702329595,12.0,12.0,12.0,12.0,16.862397016534096
