,1,1l,1r,1s,2,2l,2r,2s,3,3l,3r,3s,4,4l,4r,4s,id,1_2,1_3,1_4,2_1,2_3,2_4,3_1,3_2,3_4,4_1,4_2,4_3,p1,p2,p3,p4,speed0,speed1,speed2,speed3,speed4,stop0,stop1,stop2,stop3,stop4,time,timeloss0,timeloss1,timeloss2,timeloss3,timeloss4,travel0,travel1,travel2,travel3,travel4,wait0,wait1,wait2,wait3,wait4,rsl_rrsl_rssslll_rssssl_0,rsl_rrsl_rssslll_rssssl_1,rsl_rrsl_rssslll_rssssl_2,rsl_rrsl_rssslll_rssssl_3,performance measure
0,3,1,1,1,4,1,2,1,7,3,1,3,6,1,1,4,rsl_rrsl_rssslll_rssssl,300.0,131.0,246.0,299.0,253.0,120.0,1072.0,183.0,151.0,170.0,928.0,171.0,12.0,20.0,12.0,12.0,8.438978175740267,8.444389705868264,8.449085899086308,8.529219006921146,8.782632098033778,0.9249812453113279,0.8720238095238095,0.8884839650145773,0.8580294802172227,0.7694029850746269,3.7379472255706787,35.4006376594149,32.47409226190481,34.09427113702626,31.436912335143532,26.682179104477616,80.19954988747187,77.2983630952381,78.96282798833819,76.20015515903802,71.47985074626865,25.810952738184547,23.377232142857142,24.737609329446062,22.56943366951125,18.588805970149252,12.0,20.0,12.0,12.0,23.01680677002965
