,1,1l,1r,1s,2,2l,2r,2s,3,3l,3r,3s,4,4l,4r,4s,id,1_2,1_3,1_4,2_1,2_3,2_4,3_1,3_2,3_4,4_1,4_2,4_3,p1,p2,p3,p4,speed0,speed1,speed2,speed3,speed4,stop0,stop1,stop2,stop3,stop4,time,timeloss0,timeloss1,timeloss2,timeloss3,timeloss4,travel0,travel1,travel2,travel3,travel4,wait0,wait1,wait2,wait3,wait4,rslll_rsl_rrslll_rsl_0,rslll_rsl_rrslll_rsl_1,rslll_rsl_rrslll_rsl_2,rslll_rsl_rrslll_rsl_3,performance measure
0,5,3,1,1,3,1,1,1,6,3,2,1,3,1,1,1,rslll_rsl_rrslll_rsl,331.0,240.0,82.0,164.0,297.0,263.0,52.0,157.0,810.0,121.0,79.0,292.0,12.0,12.0,12.0,12.0,8.490858635945532,8.974920594114147,8.616503849280978,8.525686463070752,8.864288840940738,0.8846539618856569,0.7306889352818372,0.8518518518518519,0.8598524762908325,0.7633973710819009,3.1714818477630615,31.080150451354076,24.541336116910248,28.476552706552702,29.04873551106429,25.608331648129433,76.12136409227683,69.51983298538622,73.46628679962014,74.05900948366701,70.61375126390293,21.87763289869609,16.793319415448853,19.566951566951566,20.322444678609063,17.472194135490394,12.0,12.0,12.0,12.0,19.206508539039195
