,1,1l,1r,1s,2,2l,2r,2s,3,3l,3r,3s,4,4l,4r,4s,id,1_2,1_3,1_4,2_1,2_3,2_4,3_1,3_2,3_4,4_1,4_2,4_3,p1,p2,p3,p4,speed0,speed1,speed2,speed3,speed4,stop0,stop1,stop2,stop3,stop4,time,timeloss0,timeloss1,timeloss2,timeloss3,timeloss4,travel0,travel1,travel2,travel3,travel4,wait0,wait1,wait2,wait3,wait4,rsl_rrsl_rssslll_rssssl_0,rsl_rrsl_rssslll_rssssl_1,rsl_rrsl_rssslll_rssssl_2,rsl_rrsl_rssslll_rssssl_3,performance measure
0,3,1,1,1,4,1,2,1,7,3,1,3,6,1,1,4,rsl_rrsl_rssslll_rssssl,183.0,112.0,131.0,345.0,180.0,85.0,317.0,131.0,301.0,117.0,1241.0,82.0,12.0,5.0,12.0,12.0,9.120869627419626,9.039029220445865,8.956206814946771,9.212792333874473,9.139067449622575,0.7784867821330902,0.7877094972067039,0.900355871886121,0.75,0.7778801843317973,3.390571117401123,23.53268915223335,23.731964618249545,29.552313167259776,22.298980769230777,23.262110599078362,68.34913400182316,68.5707635009311,74.34608540925267,67.10096153846153,68.04608294930875,15.749316317228805,15.921787709497206,20.752669039145907,14.79326923076923,15.52626728110599,12.0,5.0,12.0,12.0,16.548661915549427
