,1,1l,1r,1s,2,2l,2r,2s,3,3l,3r,3s,4,4l,4r,4s,id,1_2,1_3,1_4,2_1,2_3,2_4,3_1,3_2,3_4,4_1,4_2,4_3,p1,p2,p3,p4,speed0,speed1,speed2,speed3,speed4,stop0,stop1,stop2,stop3,stop4,time,timeloss0,timeloss1,timeloss2,timeloss3,timeloss4,travel0,travel1,travel2,travel3,travel4,wait0,wait1,wait2,wait3,wait4,rsssl_rrsll_rsl_rsslll_0,rsssl_rrsll_rsl_rsslll_1,rsssl_rrsll_rsl_rsslll_2,rsssl_rrsll_rsl_rsslll_3,performance measure
0,5,1,1,3,5,2,2,1,3,1,1,1,6,3,1,2,rsssl_rrsll_rsl_rsslll,46.0,476.0,193.0,139.0,617.0,232.0,306.0,182.0,42.0,932.0,269.0,262.0,5.0,12.0,12.0,12.0,9.027326816437803,8.928436502828271,8.995267537983604,9.069053675922726,9.02920986046523,0.7847498014297061,0.8149920255183413,0.8085106382978723,0.7782392026578073,0.807936507936508,3.6529126167297363,23.692136616362195,24.2313875598086,23.754137115839242,23.31020764119599,23.90330158730159,68.54646544876887,69.04385964912281,68.58550039401104,68.14617940199335,68.6920634920635,15.378077839555203,15.972089314194577,15.44996059889677,15.145348837209303,15.607936507936508,5.0,12.0,12.0,12.0,15.510682619558471
