,1,1l,1r,1s,2,2l,2r,2s,3,3l,3r,3s,4,4l,4r,4s,id,1_2,1_3,1_4,2_1,2_3,2_4,3_1,3_2,3_4,4_1,4_2,4_3,p1,p2,p3,p4,speed0,speed1,speed2,speed3,speed4,stop0,stop1,stop2,stop3,stop4,time,timeloss0,timeloss1,timeloss2,timeloss3,timeloss4,travel0,travel1,travel2,travel3,travel4,wait0,wait1,wait2,wait3,wait4,rrsslll_rrsll_rsssl_rrsslll_0,rrsslll_rrsll_rsssl_rrsslll_1,rrsslll_rrsll_rsssl_rrsslll_2,rrsslll_rrsll_rsssl_rrsslll_3,performance measure
0,7,3,2,2,5,2,2,1,5,1,1,3,7,3,2,2,rrsslll_rrsll_rsssl_rrsslll,656.0,608.0,458.0,314.0,99.0,300.0,816.0,257.0,309.0,543.0,282.0,543.0,12.0,12.0,12.0,12.0,8.761050407923856,8.843433508791005,8.630429575499994,8.765134878838897,8.824167457935667,0.8461538461538461,0.7823660714285714,0.8752808988764045,0.8661511005353956,0.795754446356856,4.458057403564453,29.27319658119659,26.00038504464285,29.455921348314583,28.68814991076742,26.475335628227192,73.78005698005698,70.56808035714286,74.01573033707865,73.24211778703153,71.00803212851406,20.303703703703704,17.8984375,20.591573033707864,19.85603807257585,18.189328743545612,12.0,12.0,12.0,12.0,19.367816210706604
