,1,1l,1r,1s,2,2l,2r,2s,3,3l,3r,3s,4,4l,4r,4s,id,1_2,1_3,1_4,2_1,2_3,2_4,3_1,3_2,3_4,4_1,4_2,4_3,p1,p2,p3,p4,speed0,speed1,speed2,speed3,speed4,stop0,stop1,stop2,stop3,stop4,time,timeloss0,timeloss1,timeloss2,timeloss3,timeloss4,travel0,travel1,travel2,travel3,travel4,wait0,wait1,wait2,wait3,wait4,rsl_rsssl_rssssl_rssll_0,rsl_rsssl_rssssl_rssll_1,rsl_rsssl_rssssl_rssll_2,rsl_rsssl_rssssl_rssll_3,performance measure
0,3,1,1,1,5,1,1,3,6,1,1,4,5,2,1,2,rsl_rsssl_rssssl_rssll,252.0,360.0,301.0,199.0,266.0,261.0,1293.0,322.0,270.0,357.0,256.0,184.0,12.0,12.0,12.0,5.0,8.835718106487644,8.726916466112348,8.339688616583285,8.89180530069297,8.416306447389973,0.8286109191430546,0.8681849551414769,1.0646464646464646,0.8216292134831461,1.070451436388509,4.182369709014893,25.372363510711835,27.830379572118705,35.3260471380471,24.989171348314603,36.23371409028731,70.25293711126469,72.69703243616287,80.21548821548822,69.85182584269663,81.07523939808482,16.90670352453352,18.94271911663216,24.3986531986532,16.416432584269664,25.146374829001367,12.0,12.0,12.0,5.0,20.362176650617982
