,1,1l,1r,1s,2,2l,2r,2s,3,3l,3r,3s,4,4l,4r,4s,id,1_2,1_3,1_4,2_1,2_3,2_4,3_1,3_2,3_4,4_1,4_2,4_3,p1,p2,p3,p4,speed0,speed1,speed2,speed3,speed4,stop0,stop1,stop2,stop3,stop4,time,timeloss0,timeloss1,timeloss2,timeloss3,timeloss4,travel0,travel1,travel2,travel3,travel4,wait0,wait1,wait2,wait3,wait4,rssll_rrsl_rsssl_rrsl_0,rssll_rrsl_rsssl_rrsl_1,rssll_rrsl_rsssl_rrsl_2,rssll_rrsl_rsssl_rrsl_3,performance measure
0,5,2,1,2,4,1,2,1,5,1,1,3,4,1,2,1,rssll_rrsl_rsssl_rrsl,512.0,504.0,241.0,307.0,134.0,319.0,831.0,313.0,123.0,200.0,166.0,378.0,12.0,12.0,12.0,12.0,8.77261342865299,8.806650912080793,8.742742518406216,8.860539685847407,8.894316238667425,0.866517524235645,0.7795389048991355,0.8202166064981949,0.8251908396946565,0.8128301886792453,3.8435561656951904,29.662005965697237,26.536808357348704,27.056101083032488,26.69739694656489,27.371569811320782,74.4131245339299,71.38112391930835,71.87653429602888,71.41832061068702,72.12377358490566,20.504101416853096,18.26008645533141,18.56317689530686,18.2206106870229,18.695094339622642,12.0,12.0,12.0,12.0,18.848613958827382
