,1,1l,1r,1s,2,2l,2r,2s,3,3l,3r,3s,4,4l,4r,4s,id,1_2,1_3,1_4,2_1,2_3,2_4,3_1,3_2,3_4,4_1,4_2,4_3,p1,p2,p3,p4,speed0,speed1,speed2,speed3,speed4,stop0,stop1,stop2,stop3,stop4,time,timeloss0,timeloss1,timeloss2,timeloss3,timeloss4,travel0,travel1,travel2,travel3,travel4,wait0,wait1,wait2,wait3,wait4,rsssssl_rssssll_rsl_rssll_0,rsssssl_rssssll_rsl_rssll_1,rsssssl_rssssll_rsl_rssll_2,rsssssl_rssssll_rsl_rssll_3,performance measure
0,7,1,1,5,7,2,1,4,3,1,1,1,5,2,1,2,rsssssl_rssssll_rsl_rssll,131.0,718.0,207.0,95.0,82.0,895.0,241.0,205.0,317.0,165.0,333.0,107.0,12.0,12.0,5.0,12.0,9.181208218545462,9.176991835394825,8.91212255699832,9.12826773158092,9.225922636963134,0.7649572649572649,0.7654530059271804,0.8707037643207856,0.8233719892952721,0.746031746031746,3.7187447547912598,22.412914529914513,22.63373412362403,26.564369885433752,25.137707404103512,22.27634920634919,67.19572649572649,67.41490262489415,71.32815057283142,69.91257805530776,67.03007518796993,14.706837606837606,15.015241320914479,17.84697217675941,16.702051739518286,14.70843776106934,12.0,12.0,5.0,12.0,15.795908121019824
