,1,1l,1r,1s,2,2l,2r,2s,3,3l,3r,3s,4,4l,4r,4s,id,1_2,1_3,1_4,2_1,2_3,2_4,3_1,3_2,3_4,4_1,4_2,4_3,p1,p2,p3,p4,speed0,speed1,speed2,speed3,speed4,stop0,stop1,stop2,stop3,stop4,time,timeloss0,timeloss1,timeloss2,timeloss3,timeloss4,travel0,travel1,travel2,travel3,travel4,wait0,wait1,wait2,wait3,wait4,rssslll_rrsssl_rsssssl_rsl_0,rssslll_rrsssl_rsssssl_rsl_1,rssslll_rrsssl_rsssssl_rsl_2,rssslll_rrsssl_rsssssl_rsl_3,performance measure
0,7,3,1,3,6,1,2,3,7,1,1,5,3,1,1,1,rssslll_rrsssl_rsssssl_rsl,629.0,892.0,282.0,403.0,120.0,120.0,1746.0,144.0,204.0,247.0,266.0,80.0,12.0,20.0,12.0,12.0,8.774919839552368,8.668719858997527,8.822549354580461,8.822926161917277,8.870830789645627,0.770933014354067,0.8125,0.7584204413472706,0.7678904791537026,0.7594254937163375,4.608869552612305,26.508421052631597,28.40898809523811,26.41581300813006,26.045712507778468,26.48660083782161,71.31100478468899,73.23392857142858,71.21138211382114,70.87056627255755,71.26690604428487,18.413875598086126,19.89107142857143,18.04355400696864,17.906036092097075,18.302214242968283,12.0,20.0,12.0,12.0,18.51135027373831
