,1,1l,1r,1s,2,2l,2r,2s,3,3l,3r,3s,4,4l,4r,4s,id,1_2,1_3,1_4,2_1,2_3,2_4,3_1,3_2,3_4,4_1,4_2,4_3,p1,p2,p3,p4,speed0,speed1,speed2,speed3,speed4,stop0,stop1,stop2,stop3,stop4,time,timeloss0,timeloss1,timeloss2,timeloss3,timeloss4,travel0,travel1,travel2,travel3,travel4,wait0,wait1,wait2,wait3,wait4,rsl_rsl_rsssl_rsl_0,rsl_rsl_rsssl_rsl_1,rsl_rsl_rsssl_rsl_2,rsl_rsl_rsssl_rsl_3,performance measure
0,3,1,1,1,3,1,1,1,5,1,1,3,3,1,1,1,rsl_rsl_rsssl_rsl,177.0,76.0,47.0,265.0,181.0,256.0,546.0,236.0,257.0,245.0,258.0,58.0,12.0,12.0,12.0,12.0,8.42276223898712,8.76498824702357,8.72244190854131,8.613214784250863,8.649389592226171,0.9282560706401766,0.7972027972027972,0.8144329896907216,0.8492343934040048,0.8435374149659864,2.9995367527008057,31.94672185430462,26.854545454545452,27.12807560137459,27.987608951707866,28.3984807256236,77.00110375275938,71.89277389277389,72.13287514318442,72.98586572438163,73.45238095238095,22.53532008830022,18.546620046620045,18.696449026345935,19.491166077738516,19.892290249433106,12.0,12.0,12.0,12.0,19.832369097687565
