,1,1l,1r,1s,2,2l,2r,2s,3,3l,3r,3s,4,4l,4r,4s,id,1_2,1_3,1_4,2_1,2_3,2_4,3_1,3_2,3_4,4_1,4_2,4_3,p1,p2,p3,p4,speed0,speed1,speed2,speed3,speed4,stop0,stop1,stop2,stop3,stop4,time,timeloss0,timeloss1,timeloss2,timeloss3,timeloss4,travel0,travel1,travel2,travel3,travel4,wait0,wait1,wait2,wait3,wait4,rsssssl_rsl_rrsslll_rsssll_0,rsssssl_rsl_rrsslll_rsssll_1,rsssssl_rsl_rrsslll_rsssll_2,rsssssl_rsl_rrsslll_rsssll_3,performance measure
0,7,1,1,5,3,1,1,1,7,3,2,2,6,2,1,3,rsssssl_rsl_rrsslll_rsssll,303.0,536.0,140.0,191.0,255.0,151.0,332.0,589.0,438.0,307.0,915.0,103.0,12.0,12.0,12.0,12.0,8.94153793640713,8.813526794822131,8.690619229704474,8.824136870514426,8.94850747693898,0.7702607470049331,0.7912011173184358,0.8520475561426685,0.8105340160936357,0.7609001406469761,4.140615463256836,25.151966173361487,27.098561452513966,28.320653896961712,26.337607900512083,24.64832630098454,69.82381959126145,71.83938547486034,72.99471598414796,70.99634235552304,69.36497890295358,17.276955602536997,18.925279329608937,19.583883751651253,18.133138258961228,16.841068917018283,12.0,12.0,12.0,12.0,18.152065171955336
