,1,1l,1r,1s,2,2l,2r,2s,3,3l,3r,3s,4,4l,4r,4s,id,1_2,1_3,1_4,2_1,2_3,2_4,3_1,3_2,3_4,4_1,4_2,4_3,p1,p2,p3,p4,speed0,speed1,speed2,speed3,speed4,stop0,stop1,stop2,stop3,stop4,time,timeloss0,timeloss1,timeloss2,timeloss3,timeloss4,travel0,travel1,travel2,travel3,travel4,wait0,wait1,wait2,wait3,wait4,rsl_rsl_rsl_rrssssl_0,rsl_rsl_rsl_rrssssl_1,rsl_rsl_rsl_rrssssl_2,rsl_rsl_rsl_rrssssl_3,performance measure
0,3,1,1,1,3,1,1,1,3,1,1,1,7,1,2,4,rsl_rsl_rsl_rrssssl,190.0,71.0,257.0,253.0,191.0,111.0,152.0,145.0,161.0,189.0,217.0,605.0,12.0,12.0,12.0,5.0,9.187779467046429,9.315728445833784,9.420846930775632,9.490946077846273,9.437725090969508,0.785097192224622,0.7159353348729792,0.6958579881656805,0.6783555018137848,0.684449489216799,2.8396310806274414,24.53275377969761,21.607147806004615,20.00534911242603,19.655574365175337,20.108399545970496,69.19222462203024,66.23210161662817,64.63076923076923,64.2503022974607,64.74801362088536,16.259179265658748,14.040415704387991,12.6,12.340991535671101,12.614074914869466,12.0,12.0,12.0,5.0,13.570932284117461
