,1,1l,1r,1s,2,2l,2r,2s,3,3l,3r,3s,4,4l,4r,4s,id,1_2,1_3,1_4,2_1,2_3,2_4,3_1,3_2,3_4,4_1,4_2,4_3,p1,p2,p3,p4,speed0,speed1,speed2,speed3,speed4,stop0,stop1,stop2,stop3,stop4,time,timeloss0,timeloss1,timeloss2,timeloss3,timeloss4,travel0,travel1,travel2,travel3,travel4,wait0,wait1,wait2,wait3,wait4,rsl_rsl_rsl_rrssll_0,rsl_rsl_rsl_rrssll_1,rsl_rsl_rsl_rrssll_2,rsl_rsl_rsl_rrssll_3,performance measure
0,3,1,1,1,3,1,1,1,3,1,1,1,6,2,2,2,rsl_rsl_rsl_rrssll,239.0,207.0,50.0,198.0,272.0,221.0,223.0,251.0,42.0,360.0,374.0,476.0,12.0,12.0,12.0,12.0,8.829443880173995,9.061429290747434,8.753974996747582,8.875257530327408,9.039648764012961,0.7899408284023669,0.7221115537848606,0.8107569721115537,0.7939330543933054,0.7374358974358974,2.9635674953460693,26.152228796844167,23.95565737051789,27.234601593625474,25.77482217573222,23.679076923076906,71.0483234714004,68.89342629482071,72.20816733067728,70.64330543933055,68.60615384615384,17.83431952662722,16.1902390438247,18.689243027888445,17.60460251046025,15.854358974358975,12.0,12.0,12.0,12.0,17.234552616631916
