,1,1l,1r,1s,2,2l,2r,2s,3,3l,3r,3s,4,4l,4r,4s,id,1_2,1_3,1_4,2_1,2_3,2_4,3_1,3_2,3_4,4_1,4_2,4_3,p1,p2,p3,p4,speed0,speed1,speed2,speed3,speed4,stop0,stop1,stop2,stop3,stop4,time,timeloss0,timeloss1,timeloss2,timeloss3,timeloss4,travel0,travel1,travel2,travel3,travel4,wait0,wait1,wait2,wait3,wait4,rsl_rsssl_rssssl_rssll_0,rsl_rsssl_rssssl_rssll_1,rsl_rsssl_rssssl_rssll_2,rsl_rsssl_rssssl_rssll_3,performance measure
0,3,1,1,1,5,1,1,3,6,1,1,4,5,2,1,2,rsl_rsssl_rssssl_rssll,256.0,129.0,233.0,324.0,180.0,458.0,314.0,121.0,143.0,134.0,455.0,193.0,12.0,5.0,12.0,12.0,9.29280201499412,9.162954651389907,8.962097546357832,9.147011880316384,9.119931170345026,0.7354392892398816,0.76,0.9911764705882353,0.79979035639413,0.7894211576846307,3.084913969039917,21.941609081934832,23.118553846153834,33.55789215686272,24.520870020964363,24.43588822355285,66.68410661401776,67.86461538461539,78.29705882352941,69.26729559748428,69.15169660678643,14.365251727541954,15.426666666666666,24.030392156862746,16.62683438155136,16.647704590818364,12.0,5.0,12.0,12.0,17.419369904688217
