,1,1l,1r,1s,2,2l,2r,2s,3,3l,3r,3s,4,4l,4r,4s,id,1_2,1_3,1_4,2_1,2_3,2_4,3_1,3_2,3_4,4_1,4_2,4_3,p1,p2,p3,p4,speed0,speed1,speed2,speed3,speed4,stop0,stop1,stop2,stop3,stop4,time,timeloss0,timeloss1,timeloss2,timeloss3,timeloss4,travel0,travel1,travel2,travel3,travel4,wait0,wait1,wait2,wait3,wait4,rsssll_rssl_rsslll_rrsl_0,rsssll_rssl_rsslll_rrsl_1,rsssll_rssl_rsslll_rrsl_2,rsssll_rssl_rsslll_rrsl_3,performance measure
0,6,2,1,3,4,1,1,2,6,3,1,2,4,1,2,1,rsssll_rssl_rsslll_rrsl,483.0,618.0,321.0,205.0,233.0,475.0,590.0,213.0,719.0,79.0,276.0,194.0,12.0,12.0,12.0,12.0,8.746166234766045,8.819911935082382,8.705484090925163,8.768312865115186,8.83244347858268,0.7944929482874412,0.7752885268160217,0.8211749515816655,0.8039492242595204,0.7882273342354533,4.312478303909302,26.407696440564116,26.108241683638834,26.61543576500965,25.913991537376603,25.9136197564276,71.27065144392209,70.96877121520706,71.49580374435119,70.77644569816643,70.73748308525033,18.123572867696442,17.938900203665987,18.163331181407358,17.75811001410437,17.754397834912044,12.0,12.0,12.0,12.0,17.94766242035724
