,1,1l,1r,1s,2,2l,2r,2s,3,3l,3r,3s,4,4l,4r,4s,id,1_2,1_3,1_4,2_1,2_3,2_4,3_1,3_2,3_4,4_1,4_2,4_3,p1,p2,p3,p4,speed0,speed1,speed2,speed3,speed4,stop0,stop1,stop2,stop3,stop4,time,timeloss0,timeloss1,timeloss2,timeloss3,timeloss4,travel0,travel1,travel2,travel3,travel4,wait0,wait1,wait2,wait3,wait4,rsl_rsl_rsl_rrssssl_0,rsl_rsl_rsl_rrssssl_1,rsl_rsl_rsl_rrssssl_2,rsl_rsl_rsl_rrssssl_3,performance measure
0,3,1,1,1,3,1,1,1,3,1,1,1,7,1,2,4,rsl_rsl_rsl_rrssssl,111.0,320.0,313.0,309.0,72.0,163.0,304.0,269.0,172.0,106.0,1246.0,220.0,12.0,12.0,5.0,12.0,9.084217919981553,8.955270937353662,8.948789198522203,9.188754308086855,8.764261519748493,0.7883683360258481,0.8065326633165829,0.8015810276679842,0.7476149176062445,0.8738019169329073,3.6873364448547363,23.248618739903062,24.457043551088784,24.7793201581028,22.042758022549858,27.62420926517569,68.0702746365105,69.33165829145729,69.63794466403162,66.89679098005203,72.47044728434504,14.74394184168013,16.07035175879397,16.15098814229249,13.972246313963574,18.513578274760384,12.0,12.0,5.0,12.0,15.89022126629811
