,1,1l,1r,1s,2,2l,2r,2s,3,3l,3r,3s,4,4l,4r,4s,id,1_2,1_3,1_4,2_1,2_3,2_4,3_1,3_2,3_4,4_1,4_2,4_3,p1,p2,p3,p4,speed0,speed1,speed2,speed3,speed4,stop0,stop1,stop2,stop3,stop4,time,timeloss0,timeloss1,timeloss2,timeloss3,timeloss4,travel0,travel1,travel2,travel3,travel4,wait0,wait1,wait2,wait3,wait4,rsl_rsssl_rssssl_rssll_0,rsl_rsssl_rssssl_rssll_1,rsl_rsssl_rssssl_rssll_2,rsl_rsssl_rssssl_rssll_3,performance measure
0,3,1,1,1,5,1,1,3,6,1,1,4,5,2,1,2,rsl_rsssl_rssssl_rssll,276.0,354.0,60.0,245.0,295.0,945.0,866.0,306.0,107.0,152.0,363.0,78.0,12.0,12.0,12.0,12.0,8.41670630191419,8.188560421394724,8.000019481461761,8.002845634102187,8.2206486480238,0.8847305389221557,1.0858400586940573,1.2287390029325513,1.018045112781955,1.168429003021148,3.9029855728149414,29.90988023952091,40.07173147468824,45.929127565982384,36.01892481203007,43.67135196374624,74.77020958083833,84.9457079970653,90.82991202346041,80.8593984962406,88.54380664652568,20.952844311377245,28.785766691122525,32.93108504398827,25.942857142857143,31.147280966767372,12.0,12.0,12.0,12.0,27.951966831222514
