,1,1l,1r,1s,2,2l,2r,2s,3,3l,3r,3s,4,4l,4r,4s,id,1_2,1_3,1_4,2_1,2_3,2_4,3_1,3_2,3_4,4_1,4_2,4_3,p1,p2,p3,p4,speed0,speed1,speed2,speed3,speed4,stop0,stop1,stop2,stop3,stop4,time,timeloss0,timeloss1,timeloss2,timeloss3,timeloss4,travel0,travel1,travel2,travel3,travel4,wait0,wait1,wait2,wait3,wait4,rrssl_rrssl_rrsslll_rrsslll_0,rrssl_rrssl_rrsslll_rrsslll_1,rrssl_rrssl_rrsslll_rrsslll_2,rrssl_rrssl_rrsslll_rrsslll_3,performance measure
0,5,1,2,2,5,1,2,2,7,3,2,2,7,3,2,2,rrssl_rrssl_rrsslll_rrsslll,77.0,444.0,642.0,215.0,299.0,400.0,150.0,140.0,303.0,295.0,673.0,305.0,5.0,12.0,12.0,12.0,9.356876015823175,9.366946495576824,9.078019869578181,9.39265006415599,9.31115084648321,0.720533728687917,0.7158920539730135,0.794778825235678,0.7223101265822784,0.7318894697535474,3.843771457672119,20.977197924388452,21.12673913043478,23.970319071791128,21.29787974683543,21.44229275578791,65.50185322461083,65.64692653673164,68.55329949238579,65.79034810126582,65.96938013442868,13.601186063750927,13.741379310344827,16.048585931834662,13.831487341772151,13.989544436146378,5.0,12.0,12.0,12.0,14.24243661676979
