,1,1l,1r,1s,2,2l,2r,2s,3,3l,3r,3s,4,4l,4r,4s,id,1_2,1_3,1_4,2_1,2_3,2_4,3_1,3_2,3_4,4_1,4_2,4_3,p1,p2,p3,p4,speed0,speed1,speed2,speed3,speed4,stop0,stop1,stop2,stop3,stop4,time,timeloss0,timeloss1,timeloss2,timeloss3,timeloss4,travel0,travel1,travel2,travel3,travel4,wait0,wait1,wait2,wait3,wait4,rssslll_rssll_rsssl_rrssl_0,rssslll_rssll_rsssl_rrssl_1,rssslll_rssll_rsssl_rrssl_2,rssslll_rssll_rsssl_rrssl_3,performance measure
0,7,3,1,3,5,2,1,2,5,1,1,3,5,1,2,2,rssslll_rssll_rsssl_rrssl,883.0,639.0,119.0,211.0,291.0,686.0,1021.0,199.0,166.0,285.0,686.0,432.0,20.0,20.0,20.0,20.0,7.842853154570013,7.79631925549933,7.934721934056002,7.917183724619682,7.938605007801582,0.8381962864721485,0.8316779926816519,0.8021920668058455,0.825782092772384,0.8192898781134075,4.813353061676025,37.25828116710866,38.14161003659174,36.356711899791335,36.448840345199606,36.41620561738205,82.06896551724138,82.99477260846838,81.20929018789144,81.28964401294499,81.22681505034446,28.30344827586207,29.292211186617877,27.532881002087684,27.538834951456312,27.62162162162162,20.0,20.0,20.0,20.0,28.057799407529114
