,1,1l,1r,1s,2,2l,2r,2s,3,3l,3r,3s,4,4l,4r,4s,id,1_2,1_3,1_4,2_1,2_3,2_4,3_1,3_2,3_4,4_1,4_2,4_3,p1,p2,p3,p4,speed0,speed1,speed2,speed3,speed4,stop0,stop1,stop2,stop3,stop4,time,timeloss0,timeloss1,timeloss2,timeloss3,timeloss4,travel0,travel1,travel2,travel3,travel4,wait0,wait1,wait2,wait3,wait4,rsl_rrsll_rsl_rslll_0,rsl_rrsll_rsl_rslll_1,rsl_rrsll_rsl_rslll_2,rsl_rrsll_rsl_rslll_3,performance measure
0,3,1,1,1,5,2,2,1,3,1,1,1,5,3,1,1,rsl_rrsll_rsl_rslll,113.0,158.0,169.0,74.0,400.0,185.0,92.0,64.0,43.0,935.0,245.0,48.0,5.0,5.0,12.0,12.0,9.171940534407216,9.241486852889093,9.000685880832311,9.126752992582926,9.107589197376308,0.868663594470046,0.8654292343387471,1.187214611872146,0.8366164542294322,0.9202312138728324,3.0881805419921875,24.96673963133638,24.460742459396755,38.91551369863006,23.34522595596755,27.003190751445064,70.07373271889401,69.5522041763341,84.07420091324201,68.50405561993047,72.10982658959537,16.524193548387096,15.995359628770302,27.416666666666668,15.196987253765933,18.280924855491328,5.0,5.0,12.0,12.0,18.682826390616263
