,1,1l,1r,1s,2,2l,2r,2s,3,3l,3r,3s,4,4l,4r,4s,id,1_2,1_3,1_4,2_1,2_3,2_4,3_1,3_2,3_4,4_1,4_2,4_3,p1,p2,p3,p4,speed0,speed1,speed2,speed3,speed4,stop0,stop1,stop2,stop3,stop4,time,timeloss0,timeloss1,timeloss2,timeloss3,timeloss4,travel0,travel1,travel2,travel3,travel4,wait0,wait1,wait2,wait3,wait4,rsssl_rrsll_rsl_rsslll_0,rsssl_rrsll_rsl_rsslll_1,rsssl_rrsll_rsl_rsslll_2,rsssl_rrsll_rsl_rsslll_3,performance measure
0,5,1,1,3,5,2,2,1,3,1,1,1,6,3,1,2,rsssl_rrsll_rsl_rsslll,119.0,736.0,37.0,347.0,110.0,108.0,298.0,145.0,244.0,275.0,202.0,107.0,12.0,12.0,5.0,5.0,9.437783342288133,9.529045740598981,9.444937105592427,9.705532012027763,9.473045982545507,0.7702407002188184,0.7409440175631175,0.7510416666666667,0.7034482758620689,0.7570977917981072,3.16587495803833,21.506258205689242,19.534950603732174,19.983916666666694,18.070390804597697,20.48699263932704,66.42778993435448,64.45773874862788,64.88125,62.90114942528736,65.3596214511041,13.951859956236325,12.13940724478595,12.377083333333333,10.952873563218391,12.892744479495269,12.0,12.0,5.0,5.0,12.462793715413854
