,1,1l,1r,1s,2,2l,2r,2s,3,3l,3r,3s,4,4l,4r,4s,id,1_2,1_3,1_4,2_1,2_3,2_4,3_1,3_2,3_4,4_1,4_2,4_3,p1,p2,p3,p4,speed0,speed1,speed2,speed3,speed4,stop0,stop1,stop2,stop3,stop4,time,timeloss0,timeloss1,timeloss2,timeloss3,timeloss4,travel0,travel1,travel2,travel3,travel4,wait0,wait1,wait2,wait3,wait4,rsssl_rrsll_rsl_rsslll_0,rsssl_rrsll_rsl_rsslll_1,rsssl_rrsll_rsl_rsslll_2,rsssl_rrsll_rsl_rsslll_3,performance measure
0,5,1,1,3,5,2,2,1,3,1,1,1,6,3,1,2,rsssl_rrsll_rsl_rsslll,79.0,845.0,194.0,479.0,485.0,133.0,231.0,74.0,214.0,937.0,611.0,101.0,12.0,12.0,12.0,12.0,8.613365796951298,8.457103560489694,8.361096242110738,8.395185342809315,8.653701994129001,0.8296146044624746,0.8723549488054607,0.8928804702808621,0.9201710620099787,0.8228021978021978,4.127594470977783,27.514793779580778,30.103556313993202,30.3694121489223,31.658467569493933,27.347795329670305,72.49830966869506,75.07098976109215,75.32201175702156,76.6279401282965,72.31318681318682,18.969574036511155,21.222525597269623,21.217504898758982,22.342836778332146,18.9010989010989,12.0,12.0,12.0,12.0,20.53070804239416
