,1,1l,1r,1s,2,2l,2r,2s,3,3l,3r,3s,4,4l,4r,4s,id,1_2,1_3,1_4,2_1,2_3,2_4,3_1,3_2,3_4,4_1,4_2,4_3,p1,p2,p3,p4,speed0,speed1,speed2,speed3,speed4,stop0,stop1,stop2,stop3,stop4,time,timeloss0,timeloss1,timeloss2,timeloss3,timeloss4,travel0,travel1,travel2,travel3,travel4,wait0,wait1,wait2,wait3,wait4,rssslll_rrsssl_rsssssl_rsl_0,rssslll_rrsssl_rsssssl_rsl_1,rssslll_rrsssl_rsssssl_rsl_2,rssslll_rrsssl_rsssssl_rsl_3,performance measure
0,7,3,1,3,6,1,2,3,7,1,1,5,3,1,1,1,rssslll_rrsssl_rsssssl_rsl,900.0,330.0,213.0,291.0,38.0,177.0,1180.0,227.0,82.0,253.0,296.0,281.0,12.0,12.0,12.0,12.0,8.967909557122354,8.657446907379866,8.700557464221115,8.778179278359733,8.93900334847051,0.7543614794138171,0.831833910034602,0.824,0.8208092485549133,0.7743055555555556,3.999856472015381,24.235498953244885,28.57388235294116,27.16373999999998,25.88137283236995,25.67384722222223,68.94068387997208,73.30657439446367,71.88266666666667,70.58670520231213,70.36041666666667,16.200279134682486,19.849826989619377,18.548666666666666,17.536849710982658,17.394444444444446,12.0,12.0,12.0,12.0,17.906013389279128
