,1,1l,1r,1s,2,2l,2r,2s,3,3l,3r,3s,4,4l,4r,4s,id,1_2,1_3,1_4,2_1,2_3,2_4,3_1,3_2,3_4,4_1,4_2,4_3,p1,p2,p3,p4,speed0,speed1,speed2,speed3,speed4,stop0,stop1,stop2,stop3,stop4,time,timeloss0,timeloss1,timeloss2,timeloss3,timeloss4,travel0,travel1,travel2,travel3,travel4,wait0,wait1,wait2,wait3,wait4,rssll_rrsl_rsssl_rrsl_0,rssll_rrsl_rsssl_rrsl_1,rssll_rrsl_rsssl_rrsl_2,rssll_rrsl_rsssl_rrsl_3,performance measure
0,5,2,1,2,4,1,2,1,5,1,1,3,4,1,2,1,rssll_rrsl_rsssl_rrsl,221.0,244.0,149.0,330.0,231.0,252.0,552.0,64.0,302.0,258.0,340.0,257.0,12.0,12.0,12.0,12.0,8.55816146579707,8.603957196975601,8.577868650710423,8.322827886330964,8.721203035591207,0.8677150786308974,0.9150507848568791,0.9033423667570009,0.9641472868217055,0.8465909090909091,3.363070249557495,30.560869565217367,32.98763619575254,30.884805781391144,34.14987403100769,29.248579545454575,75.38667900092507,77.79039704524469,75.72628726287263,79.03391472868218,74.08712121212122,21.70860314523589,23.58079409048938,21.733514001806686,24.62015503875969,20.6875,12.0,12.0,12.0,12.0,22.46611325525833
