,1,1l,1r,1s,2,2l,2r,2s,3,3l,3r,3s,4,4l,4r,4s,id,1_2,1_3,1_4,2_1,2_3,2_4,3_1,3_2,3_4,4_1,4_2,4_3,p1,p2,p3,p4,speed0,speed1,speed2,speed3,speed4,stop0,stop1,stop2,stop3,stop4,time,timeloss0,timeloss1,timeloss2,timeloss3,timeloss4,travel0,travel1,travel2,travel3,travel4,wait0,wait1,wait2,wait3,wait4,rsll_rsl_rssslll_rrsssll_0,rsll_rsl_rssslll_rrsssll_1,rsll_rsl_rssslll_rrsssll_2,rsll_rsl_rssslll_rrsssll_3,performance measure
0,4,2,1,1,3,1,1,1,7,3,1,3,7,2,2,3,rsll_rsl_rssslll_rrsssll,266.0,183.0,253.0,182.0,320.0,98.0,1008.0,298.0,410.0,182.0,1051.0,157.0,12.0,20.0,20.0,20.0,8.374188470277785,8.273068483854507,8.255982856891414,8.387008419941656,8.226018343452218,0.7660738714090287,0.7767316745124412,0.788787483702738,0.776692254012561,0.7882273342354533,4.1720130443573,31.250854993160043,32.129515803631506,32.276597131681825,31.115519888346043,32.111075778078494,76.08344733242134,76.96973772696705,77.11082138200783,75.91277041172366,76.91948579161028,23.059507523939807,23.725622057834567,23.70143415906128,22.781577110956036,23.610960757780784,12.0,20.0,20.0,20.0,23.375820321914496
