,1,1l,1r,1s,2,2l,2r,2s,3,3l,3r,3s,4,4l,4r,4s,id,1_2,1_3,1_4,2_1,2_3,2_4,3_1,3_2,3_4,4_1,4_2,4_3,p1,p2,p3,p4,speed0,speed1,speed2,speed3,speed4,stop0,stop1,stop2,stop3,stop4,time,timeloss0,timeloss1,timeloss2,timeloss3,timeloss4,travel0,travel1,travel2,travel3,travel4,wait0,wait1,wait2,wait3,wait4,rsl_rsl_rsl_rrssll_0,rsl_rsl_rsl_rrssll_1,rsl_rsl_rsl_rrssll_2,rsl_rsl_rsl_rrssll_3,performance measure
0,3,1,1,1,3,1,1,1,3,1,1,1,6,2,2,2,rsl_rsl_rsl_rrssll,93.0,337.0,167.0,125.0,53.0,140.0,41.0,286.0,149.0,251.0,413.0,347.0,12.0,20.0,12.0,12.0,9.068505493773637,9.0514044038689,9.115047362493698,9.142902235315587,9.113524049732694,0.7034813925570228,0.7167277167277167,0.7155067155067155,0.6928104575163399,0.6859903381642513,3.0468294620513916,23.823841536614626,24.150097680097694,23.561343101343084,23.224261437908517,23.456787439613485,68.6110444177671,68.96092796092796,68.35897435897436,67.95294117647059,68.24396135265701,16.178871548619448,16.672771672771674,16.106227106227106,15.901960784313726,16.006038647342994,12.0,20.0,12.0,12.0,16.173173951854988
