,1,1l,1r,1s,2,2l,2r,2s,3,3l,3r,3s,4,4l,4r,4s,id,1_2,1_3,1_4,2_1,2_3,2_4,3_1,3_2,3_4,4_1,4_2,4_3,p1,p2,p3,p4,speed0,speed1,speed2,speed3,speed4,stop0,stop1,stop2,stop3,stop4,time,timeloss0,timeloss1,timeloss2,timeloss3,timeloss4,travel0,travel1,travel2,travel3,travel4,wait0,wait1,wait2,wait3,wait4,rrslll_rssll_rsl_rssssll_0,rrslll_rssll_rsl_rssssll_1,rrslll_rssll_rsl_rssssll_2,rrslll_rssll_rsl_rssssll_3,performance measure
0,6,3,2,1,5,2,1,2,3,1,1,1,7,2,1,4,rrslll_rssll_rsl_rssssll,715.0,254.0,338.0,219.0,606.0,120.0,317.0,65.0,277.0,496.0,251.0,186.0,12.0,12.0,12.0,5.0,9.009942038006793,9.037153908738977,8.963720162313775,9.059688953587326,9.00824949550729,0.8057054741711642,0.7801691006917756,0.8042678440029434,0.783359497645212,0.7945945945945946,3.6844210624694824,23.761595990747868,23.36516525749423,24.143083149374547,23.189065934065926,23.75880308880306,68.59136468774093,68.19984627209838,68.97424576894775,68.04238618524333,68.57374517374518,15.583654587509638,15.264411990776326,15.806475349521707,15.005494505494505,15.53976833976834,12.0,12.0,12.0,5.0,15.439960954614103
