,1,1l,1r,1s,2,2l,2r,2s,3,3l,3r,3s,4,4l,4r,4s,id,1_2,1_3,1_4,2_1,2_3,2_4,3_1,3_2,3_4,4_1,4_2,4_3,p1,p2,p3,p4,speed0,speed1,speed2,speed3,speed4,stop0,stop1,stop2,stop3,stop4,time,timeloss0,timeloss1,timeloss2,timeloss3,timeloss4,travel0,travel1,travel2,travel3,travel4,wait0,wait1,wait2,wait3,wait4,rsl_rsssll_rrssl_rrsslll_0,rsl_rsssll_rrssl_rrsslll_1,rsl_rsssll_rrssl_rrsslll_2,rsl_rsssll_rrssl_rrsslll_3,performance measure
0,3,1,1,1,6,2,1,3,5,1,2,2,7,3,2,2,rsl_rsssll_rrssl_rrsslll,146.0,349.0,144.0,261.0,399.0,1047.0,495.0,508.0,248.0,342.0,669.0,353.0,12.0,20.0,12.0,20.0,8.490591602463931,8.541061738916449,8.469984540615147,8.641985199523335,8.590615779767555,0.8080808080808081,0.7777104784978801,0.8056206088992974,0.7670488835244418,0.7653123104912067,4.332948923110962,31.94785502079617,29.200860084797103,30.541440281030443,29.49223898611951,28.74600363856882,76.67201426024955,73.96244700181708,75.27049180327869,74.24803862401932,73.49787750151607,23.369578134284016,20.931556632344034,21.92447306791569,21.101991550995777,20.54942389326865,12.0,20.0,12.0,20.0,21.575404655761638
