,1,1l,1r,1s,2,2l,2r,2s,3,3l,3r,3s,4,4l,4r,4s,id,1_2,1_3,1_4,2_1,2_3,2_4,3_1,3_2,3_4,4_1,4_2,4_3,p1,p2,p3,p4,speed0,speed1,speed2,speed3,speed4,stop0,stop1,stop2,stop3,stop4,time,timeloss0,timeloss1,timeloss2,timeloss3,timeloss4,travel0,travel1,travel2,travel3,travel4,wait0,wait1,wait2,wait3,wait4,rsssssl_rsl_rrsslll_rsssll_0,rsssssl_rsl_rrsslll_rsssll_1,rsssssl_rsl_rrsslll_rsssll_2,rsssssl_rsl_rrsslll_rsssll_3,performance measure
0,7,1,1,5,3,1,1,1,7,3,2,2,6,2,1,3,rsssssl_rsl_rrsslll_rsssll,114.0,1017.0,174.0,269.0,202.0,238.0,146.0,175.0,784.0,504.0,947.0,102.0,12.0,12.0,12.0,12.0,8.64937203646611,8.612936496513516,8.53885433237526,8.83515346098634,8.719827490968058,0.8240205523442518,0.8210659898477157,0.8618181818181818,0.804,0.8125395820139328,4.500067472457886,27.84070006422609,27.713432741116694,28.323800000000034,25.44406666666667,26.498264724509195,72.74245343609506,72.61294416243655,73.22727272727273,70.354,71.39518682710576,19.22800256904303,19.260786802030456,19.581818181818182,17.386,18.166561114629513,12.0,12.0,12.0,12.0,18.724633733504238
