,1,1l,1r,1s,2,2l,2r,2s,3,3l,3r,3s,4,4l,4r,4s,id,1_2,1_3,1_4,2_1,2_3,2_4,3_1,3_2,3_4,4_1,4_2,4_3,p1,p2,p3,p4,speed0,speed1,speed2,speed3,speed4,stop0,stop1,stop2,stop3,stop4,time,timeloss0,timeloss1,timeloss2,timeloss3,timeloss4,travel0,travel1,travel2,travel3,travel4,wait0,wait1,wait2,wait3,wait4,rssl_rrsslll_rsl_rrsll_0,rssl_rrsslll_rsl_rrsll_1,rssl_rrsslll_rsl_rrsll_2,rssl_rrsslll_rsl_rrsll_3,performance measure
0,4,1,1,2,7,3,2,2,3,1,1,1,5,2,2,1,rssl_rrsslll_rsl_rrsll,145.0,400.0,180.0,441.0,708.0,629.0,174.0,125.0,246.0,289.0,102.0,490.0,12.0,12.0,12.0,12.0,8.61006707878557,8.87099350237743,8.824155827218275,8.946447406684554,8.821621064657826,0.855359765051395,0.7761976047904192,0.8001458789204959,0.7815126050420168,0.8034638554216867,3.9191293716430664,29.458928046989758,25.981833832335347,26.034245076586473,24.70374331550802,27.363501506024082,74.22099853157121,70.72604790419162,70.8220277169949,69.42322383498855,72.11596385542168,20.776064610866374,17.95508982035928,17.793581327498178,16.711229946524064,19.045180722891565,12.0,12.0,12.0,12.0,18.45622928562789
