,1,1l,1r,1s,2,2l,2r,2s,3,3l,3r,3s,4,4l,4r,4s,id,1_2,1_3,1_4,2_1,2_3,2_4,3_1,3_2,3_4,4_1,4_2,4_3,p1,p2,p3,p4,speed0,speed1,speed2,speed3,speed4,stop0,stop1,stop2,stop3,stop4,time,timeloss0,timeloss1,timeloss2,timeloss3,timeloss4,travel0,travel1,travel2,travel3,travel4,wait0,wait1,wait2,wait3,wait4,rsl_rsl_rsl_rrssll_0,rsl_rsl_rsl_rrssll_1,rsl_rsl_rsl_rrssll_2,rsl_rsl_rsl_rrssll_3,performance measure
0,3,1,1,1,3,1,1,1,3,1,1,1,6,2,2,2,rsl_rsl_rsl_rrssll,53.0,84.0,49.0,193.0,117.0,345.0,230.0,299.0,312.0,535.0,657.0,600.0,20.0,12.0,20.0,20.0,7.956564547145024,8.207725733154907,8.256447624848938,8.541649434949294,8.233017384248846,0.9203252032520325,0.8053917438921652,0.8172757475083057,0.7362445414847162,0.7916666666666666,3.6558339595794678,42.17470731707318,34.78875315922488,34.26911960132893,30.223126637554575,33.3710416666667,86.98536585365854,79.71019376579612,79.13870431893687,75.10480349344978,78.25916666666667,31.991869918699187,26.01347935973041,25.169435215946844,21.88296943231441,24.5175,20.0,12.0,20.0,20.0,25.915050785338167
