,1,1l,1r,1s,2,2l,2r,2s,3,3l,3r,3s,4,4l,4r,4s,id,1_2,1_3,1_4,2_1,2_3,2_4,3_1,3_2,3_4,4_1,4_2,4_3,p1,p2,p3,p4,speed0,speed1,speed2,speed3,speed4,stop0,stop1,stop2,stop3,stop4,time,timeloss0,timeloss1,timeloss2,timeloss3,timeloss4,travel0,travel1,travel2,travel3,travel4,wait0,wait1,wait2,wait3,wait4,rsl_rssslll_rrsssl_rsslll_0,rsl_rssslll_rrsssl_rsslll_1,rsl_rssslll_rrsssl_rsslll_2,rsl_rssslll_rrsssl_rsslll_3,performance measure
0,3,1,1,1,7,3,1,3,6,1,2,3,6,3,1,2,rsl_rssslll_rrsssl_rsslll,98.0,126.0,118.0,134.0,860.0,485.0,205.0,175.0,157.0,222.0,694.0,312.0,5.0,5.0,12.0,12.0,9.277088349399488,9.466740122332698,9.274468368786511,9.234635956487896,9.301438930868294,0.8976,0.7657807308970099,0.8674211802748585,0.8903878583473862,0.810920945395273,3.6562185287475586,26.290808000000023,20.80354651162791,25.134777687954745,26.064485666104552,23.282493887530578,71.0152,65.52076411960132,69.8698464025869,70.78752107925801,68.00651996740017,17.5128,13.149501661129568,16.6928051738076,17.352445193929174,15.181744091279544,5.0,5.0,12.0,12.0,15.977859224029178
