,1,1l,1r,1s,2,2l,2r,2s,3,3l,3r,3s,4,4l,4r,4s,id,1_2,1_3,1_4,2_1,2_3,2_4,3_1,3_2,3_4,4_1,4_2,4_3,p1,p2,p3,p4,speed0,speed1,speed2,speed3,speed4,stop0,stop1,stop2,stop3,stop4,time,timeloss0,timeloss1,timeloss2,timeloss3,timeloss4,travel0,travel1,travel2,travel3,travel4,wait0,wait1,wait2,wait3,wait4,rsl_rsl_rsssl_rsl_0,rsl_rsl_rsssl_rsl_1,rsl_rsl_rsssl_rsl_2,rsl_rsl_rsssl_rsl_3,performance measure
0,3,1,1,1,3,1,1,1,5,1,1,3,3,1,1,1,rsl_rsl_rsssl_rsl,64.0,223.0,300.0,307.0,251.0,285.0,146.0,200.0,71.0,260.0,112.0,69.0,5.0,12.0,12.0,12.0,8.920750701389476,9.245206447450935,8.907499095017787,9.299260103671667,9.260279699880307,0.8548185231539425,0.7344559585492227,0.8102372034956304,0.7225201072386059,0.7348484848484849,2.7968099117279053,27.18319148936173,22.195932642487055,25.323645443196035,21.326461126005338,21.80425505050503,72.05506883604505,67.04015544041451,70.19350811485643,66.11796246648794,66.63383838383838,17.948685857321653,14.213730569948186,16.801498127340825,13.516085790884718,13.837121212121213,5.0,12.0,12.0,12.0,15.26342431152332
