,1,1l,1r,1s,2,2l,2r,2s,3,3l,3r,3s,4,4l,4r,4s,id,1_2,1_3,1_4,2_1,2_3,2_4,3_1,3_2,3_4,4_1,4_2,4_3,p1,p2,p3,p4,speed0,speed1,speed2,speed3,speed4,stop0,stop1,stop2,stop3,stop4,time,timeloss0,timeloss1,timeloss2,timeloss3,timeloss4,travel0,travel1,travel2,travel3,travel4,wait0,wait1,wait2,wait3,wait4,rsl_rrsll_rsl_rslll_0,rsl_rrsll_rsl_rslll_1,rsl_rrsll_rsl_rslll_2,rsl_rrsll_rsl_rslll_3,performance measure
0,3,1,1,1,5,2,2,1,3,1,1,1,5,3,1,1,rsl_rrsll_rsl_rslll,160.0,358.0,214.0,239.0,192.0,157.0,95.0,99.0,243.0,533.0,249.0,145.0,12.0,20.0,12.0,12.0,8.466536695825331,8.583277600966621,8.600325934843084,8.65496361024191,8.674041986460505,0.801980198019802,0.8110151187904968,0.7935010482180294,0.8011299435028248,0.7910772578890098,2.9997851848602295,29.97048404840486,28.769676025917942,28.93802935010481,28.075920903954817,28.929553862894473,74.98129812981298,73.79481641468682,73.9538784067086,73.02372881355932,73.93688792165398,21.76127612761276,20.539956803455723,20.655136268343817,19.90508474576271,20.546245919477695,12.0,20.0,12.0,12.0,20.681539972930544
