,1,1l,1r,1s,2,2l,2r,2s,3,3l,3r,3s,4,4l,4r,4s,id,1_2,1_3,1_4,2_1,2_3,2_4,3_1,3_2,3_4,4_1,4_2,4_3,p1,p2,p3,p4,speed0,speed1,speed2,speed3,speed4,stop0,stop1,stop2,stop3,stop4,time,timeloss0,timeloss1,timeloss2,timeloss3,timeloss4,travel0,travel1,travel2,travel3,travel4,wait0,wait1,wait2,wait3,wait4,rssll_rrsl_rsssl_rrsl_0,rssll_rrsl_rsssl_rrsl_1,rssll_rrsl_rsssl_rrsl_2,rssll_rrsl_rsssl_rrsl_3,performance measure
0,5,2,1,2,4,1,2,1,5,1,1,3,4,1,2,1,rssll_rrsl_rsssl_rrsl,556.0,687.0,179.0,287.0,48.0,318.0,378.0,45.0,126.0,263.0,218.0,171.0,12.0,12.0,12.0,12.0,8.511724249678212,7.760407108135069,8.159376862915247,8.655605069854042,7.9253784068868045,0.9775910364145658,1.1072072072072072,0.9758713136729222,0.8533077660594439,1.109475620975161,3.812329053878784,34.820737628384684,41.858027027027056,34.53653261840936,28.474851390220497,41.33072677092915,79.69934640522875,86.75315315315315,79.44504021447722,73.35953978906998,86.18859245630175,24.790849673202615,30.936036036036036,24.917783735478107,19.838926174496645,30.359705611775528,12.0,12.0,12.0,12.0,26.16866024619779
