,1,1l,1r,1s,2,2l,2r,2s,3,3l,3r,3s,4,4l,4r,4s,id,1_2,1_3,1_4,2_1,2_3,2_4,3_1,3_2,3_4,4_1,4_2,4_3,p1,p2,p3,p4,speed0,speed1,speed2,speed3,speed4,stop0,stop1,stop2,stop3,stop4,time,timeloss0,timeloss1,timeloss2,timeloss3,timeloss4,travel0,travel1,travel2,travel3,travel4,wait0,wait1,wait2,wait3,wait4,rsssl_rrsll_rsl_rsslll_0,rsssl_rrsll_rsl_rsslll_1,rsssl_rrsll_rsl_rsslll_2,rsssl_rrsll_rsl_rsslll_3,performance measure
0,5,1,1,3,5,2,2,1,3,1,1,1,6,3,1,2,rsssl_rrsll_rsl_rsslll,162.0,741.0,119.0,410.0,629.0,159.0,301.0,207.0,181.0,664.0,435.0,264.0,12.0,20.0,20.0,12.0,8.628918372480806,8.532138888859308,8.447552768931073,8.596386996307263,8.55644385048925,0.7538461538461538,0.7771587743732591,0.7994670219853431,0.7642335766423358,0.7633587786259542,4.906158924102783,28.816013986013978,28.94323816155987,29.63104596935371,28.299781021897815,28.86657182512146,73.71888111888111,73.85515320334262,74.52098600932712,73.16934306569343,73.78487161693269,20.605594405594406,20.712395543175486,21.143237841439042,20.213868613138686,20.752255378209576,12.0,20.0,20.0,12.0,20.68547035631144
