,1,1l,1r,1s,2,2l,2r,2s,3,3l,3r,3s,4,4l,4r,4s,id,1_2,1_3,1_4,2_1,2_3,2_4,3_1,3_2,3_4,4_1,4_2,4_3,p1,p2,p3,p4,speed0,speed1,speed2,speed3,speed4,stop0,stop1,stop2,stop3,stop4,time,timeloss0,timeloss1,timeloss2,timeloss3,timeloss4,travel0,travel1,travel2,travel3,travel4,wait0,wait1,wait2,wait3,wait4,rsssll_rssl_rsslll_rrsl_0,rsssll_rssl_rsslll_rrsl_1,rsssll_rssl_rsslll_rrsl_2,rsssll_rssl_rsslll_rrsl_3,performance measure
0,6,2,1,3,4,1,1,2,6,3,1,2,4,1,2,1,rsssll_rssl_rsslll_rrsl,123.0,527.0,138.0,55.0,288.0,397.0,632.0,202.0,309.0,144.0,329.0,147.0,5.0,12.0,12.0,12.0,8.90240601423706,8.860023159043813,8.888767085803039,8.968225783904874,8.959741855201193,0.8176156583629893,0.8280542986425339,0.8396880415944541,0.8132183908045977,0.8104222821203954,3.523746967315674,24.939306049822097,25.7970950226244,25.405571923743533,24.75395593869736,24.855256064690046,69.80160142348754,70.66153846153846,70.28076256499133,69.60344827586206,69.71069182389937,16.77491103202847,17.486877828054297,17.197573656845755,16.762452107279692,16.709793351302785,5.0,12.0,12.0,12.0,16.986321595102197
