,1,1l,1r,1s,2,2l,2r,2s,3,3l,3r,3s,4,4l,4r,4s,id,1_2,1_3,1_4,2_1,2_3,2_4,3_1,3_2,3_4,4_1,4_2,4_3,p1,p2,p3,p4,speed0,speed1,speed2,speed3,speed4,stop0,stop1,stop2,stop3,stop4,time,timeloss0,timeloss1,timeloss2,timeloss3,timeloss4,travel0,travel1,travel2,travel3,travel4,wait0,wait1,wait2,wait3,wait4,rssl_rrsslll_rsl_rrsll_0,rssl_rrsslll_rsl_rrsll_1,rssl_rrsslll_rsl_rrsll_2,rssl_rrsslll_rsl_rrsll_3,performance measure
0,4,1,1,2,7,3,2,2,3,1,1,1,5,2,2,1,rssl_rrsslll_rsl_rrsll,135.0,140.0,178.0,287.0,516.0,415.0,257.0,316.0,48.0,467.0,299.0,181.0,5.0,12.0,12.0,12.0,9.07272718436205,9.041555259640429,9.148469696792613,9.184180817776054,9.205267780404006,0.96386630532972,0.802367941712204,0.8179396092362344,0.8037209302325582,0.7689530685920578,3.484682083129883,33.188590785907856,25.21244080145718,25.276705150976905,24.87377674418603,23.225631768953015,77.89340560072267,69.93442622950819,70.0,69.61488372093024,67.9485559566787,23.625112917795846,17.089253187613842,17.114564831261102,16.86325581395349,15.23826714801444,5.0,12.0,12.0,12.0,17.986090779727743
