,1,1l,1r,1s,2,2l,2r,2s,3,3l,3r,3s,4,4l,4r,4s,id,1_2,1_3,1_4,2_1,2_3,2_4,3_1,3_2,3_4,4_1,4_2,4_3,p1,p2,p3,p4,speed0,speed1,speed2,speed3,speed4,stop0,stop1,stop2,stop3,stop4,time,timeloss0,timeloss1,timeloss2,timeloss3,timeloss4,travel0,travel1,travel2,travel3,travel4,wait0,wait1,wait2,wait3,wait4,rsl_rrsl_rssslll_rssssl_0,rsl_rrsl_rssslll_rssssl_1,rsl_rrsl_rssslll_rssssl_2,rsl_rrsl_rssslll_rssssl_3,performance measure
0,3,1,1,1,4,1,2,1,7,3,1,3,6,1,1,4,rsl_rrsl_rssslll_rssssl,204.0,82.0,178.0,481.0,82.0,317.0,607.0,257.0,791.0,126.0,161.0,115.0,12.0,12.0,5.0,12.0,8.834081951107068,9.045227695977857,9.010289007868638,9.296568153807675,9.043031899780162,0.9203084832904884,0.9166666666666666,0.8148457047539617,0.7576301615798923,0.8382229673093042,3.562464714050293,29.624584404455895,30.387313829787246,24.911768140116763,21.454955116696592,26.616940486169295,74.33076263924593,75.11524822695036,69.60133444537114,66.11220825852783,71.30511316010059,20.08911739502999,21.354609929078013,16.61884904086739,13.665170556552962,18.082145850796312,12.0,12.0,5.0,12.0,17.96197855446493
