,1,1l,1r,1s,2,2l,2r,2s,3,3l,3r,3s,4,4l,4r,4s,id,1_2,1_3,1_4,2_1,2_3,2_4,3_1,3_2,3_4,4_1,4_2,4_3,p1,p2,p3,p4,speed0,speed1,speed2,speed3,speed4,stop0,stop1,stop2,stop3,stop4,time,timeloss0,timeloss1,timeloss2,timeloss3,timeloss4,travel0,travel1,travel2,travel3,travel4,wait0,wait1,wait2,wait3,wait4,rslll_rsl_rrslll_rsl_0,rslll_rsl_rrslll_rsl_1,rslll_rsl_rrslll_rsl_2,rslll_rsl_rrslll_rsl_3,performance measure
0,5,3,1,1,3,1,1,1,6,3,2,1,3,1,1,1,rslll_rsl_rrslll_rsl,281.0,89.0,152.0,134.0,211.0,62.0,224.0,214.0,529.0,239.0,57.0,122.0,12.0,12.0,12.0,5.0,9.243870762305539,9.39420682415692,9.365658493231201,9.622263157318027,9.447243832935161,0.7567237163814181,0.7115384615384616,0.7387606318347509,0.6727272727272727,0.693384223918575,2.660806894302368,22.432298288508566,20.75866666666667,20.74326852976912,19.006753246753274,20.446043256997477,67.37530562347189,65.66794871794872,65.68772782503038,63.85584415584415,65.33715012722647,14.80073349633252,13.453846153846154,13.416767922235723,11.948051948051948,13.185750636132315,12.0,12.0,12.0,5.0,13.361030031319732
