,1,1l,1r,1s,2,2l,2r,2s,3,3l,3r,3s,4,4l,4r,4s,id,1_2,1_3,1_4,2_1,2_3,2_4,3_1,3_2,3_4,4_1,4_2,4_3,p1,p2,p3,p4,speed0,speed1,speed2,speed3,speed4,stop0,stop1,stop2,stop3,stop4,time,timeloss0,timeloss1,timeloss2,timeloss3,timeloss4,travel0,travel1,travel2,travel3,travel4,wait0,wait1,wait2,wait3,wait4,rsssl_rrsll_rsl_rsslll_0,rsssl_rrsll_rsl_rsslll_1,rsssl_rrsll_rsl_rsslll_2,rsssl_rrsll_rsl_rsslll_3,performance measure
0,5,1,1,3,5,2,2,1,3,1,1,1,6,3,1,2,rsssl_rrsll_rsl_rsslll,261.0,896.0,296.0,146.0,265.0,247.0,98.0,49.0,36.0,934.0,243.0,315.0,12.0,12.0,12.0,12.0,8.561567046962878,8.2358973526938,8.479491229994485,8.28489796745842,8.829127413780254,0.8416988416988417,0.9382716049382716,0.8631415241057543,0.9450369155045119,0.7842981760507534,3.7187981605529785,28.242833976833943,34.061867283950605,29.13307153965788,33.311558654634915,25.404758128469503,73.07644787644787,78.87191358024691,73.950233281493,78.09598031173093,70.21966693100714,19.48957528957529,24.359567901234566,20.252721617418352,23.67842493847416,17.110229976209357,12.0,12.0,12.0,12.0,20.978103944582347
