,1,1l,1r,1s,2,2l,2r,2s,3,3l,3r,3s,4,4l,4r,4s,id,1_2,1_3,1_4,2_1,2_3,2_4,3_1,3_2,3_4,4_1,4_2,4_3,p1,p2,p3,p4,speed0,speed1,speed2,speed3,speed4,stop0,stop1,stop2,stop3,stop4,time,timeloss0,timeloss1,timeloss2,timeloss3,timeloss4,travel0,travel1,travel2,travel3,travel4,wait0,wait1,wait2,wait3,wait4,rsl_rsssll_rrssl_rrsslll_0,rsl_rsssll_rrssl_rrsslll_1,rsl_rsssll_rrssl_rrsslll_2,rsl_rsssll_rrssl_rrsslll_3,performance measure
0,3,1,1,1,6,2,1,3,5,1,2,2,7,3,2,2,rsl_rsssll_rrssl_rrsslll,175.0,198.0,266.0,224.0,631.0,160.0,503.0,291.0,103.0,602.0,718.0,166.0,12.0,12.0,20.0,20.0,8.61857351659988,8.446233829324013,8.408849693464862,8.607277947893616,8.628310060435707,0.7652685798381162,0.7952345495160089,0.8278145695364238,0.7607692307692308,0.7609649122807017,3.5770373344421387,29.12354672553352,30.30235294117648,31.30070640176599,28.749446153846154,28.142134502923987,73.84326710816777,75.0096798212956,76.09565857247976,73.42846153846153,72.89254385964912,21.089771891096394,21.93596425912137,22.74540103016924,20.752307692307692,20.055555555555557,12.0,12.0,20.0,20.0,21.31580008565005
