,1,1l,1r,1s,2,2l,2r,2s,3,3l,3r,3s,4,4l,4r,4s,id,1_2,1_3,1_4,2_1,2_3,2_4,3_1,3_2,3_4,4_1,4_2,4_3,p1,p2,p3,p4,speed0,speed1,speed2,speed3,speed4,stop0,stop1,stop2,stop3,stop4,time,timeloss0,timeloss1,timeloss2,timeloss3,timeloss4,travel0,travel1,travel2,travel3,travel4,wait0,wait1,wait2,wait3,wait4,rslll_rsl_rrslll_rsl_0,rslll_rsl_rrslll_rsl_1,rslll_rsl_rrslll_rsl_2,rslll_rsl_rrslll_rsl_3,performance measure
0,5,3,1,1,3,1,1,1,6,3,2,1,3,1,1,1,rslll_rsl_rrslll_rsl,251.0,53.0,316.0,291.0,76.0,254.0,211.0,160.0,718.0,230.0,217.0,159.0,12.0,12.0,12.0,12.0,8.750988944054024,9.039908095928732,8.808421809172044,8.927105294026761,8.996689609601235,0.8170254403131115,0.7342945417095778,0.7959770114942529,0.7598752598752598,0.7415946205571565,3.265448808670044,27.500508806262207,24.163728115345013,25.8294348659004,24.296081081081088,24.253650336215173,72.4187866927593,69.06282183316169,70.6896551724138,69.1964656964657,69.1402497598463,18.873776908023483,16.270854788877447,17.374521072796934,16.321205821205822,16.215177713736793,12.0,12.0,12.0,12.0,17.011107260928096
