,1,1l,1r,1s,2,2l,2r,2s,3,3l,3r,3s,4,4l,4r,4s,id,1_2,1_3,1_4,2_1,2_3,2_4,3_1,3_2,3_4,4_1,4_2,4_3,p1,p2,p3,p4,speed0,speed1,speed2,speed3,speed4,stop0,stop1,stop2,stop3,stop4,time,timeloss0,timeloss1,timeloss2,timeloss3,timeloss4,travel0,travel1,travel2,travel3,travel4,wait0,wait1,wait2,wait3,wait4,rsl_rsl_rsssl_rsl_0,rsl_rsl_rsssl_rsl_1,rsl_rsl_rsssl_rsl_2,rsl_rsl_rsssl_rsl_3,performance measure
0,3,1,1,1,3,1,1,1,5,1,1,3,3,1,1,1,rsl_rsl_rsssl_rsl,319.0,150.0,262.0,106.0,80.0,236.0,793.0,324.0,88.0,257.0,306.0,97.0,12.0,12.0,12.0,12.0,8.018224169342975,8.299430381075585,8.413302567765639,8.499490861477822,8.7832540879791,1.0620756547041708,0.9333333333333333,0.9558390578999019,0.8837696335078534,0.8029411764705883,3.303809881210327,39.26110572259949,34.29169607843136,33.48681059862612,29.268743455497358,27.44889215686282,84.28419010669253,79.3156862745098,78.49558390578999,74.26910994764398,72.42941176470588,28.281280310378275,24.544117647058822,23.517173699705594,20.465968586387433,18.801960784313724,12.0,12.0,12.0,12.0,23.122100205568767
