,1,1l,1r,1s,2,2l,2r,2s,3,3l,3r,3s,4,4l,4r,4s,id,1_2,1_3,1_4,2_1,2_3,2_4,3_1,3_2,3_4,4_1,4_2,4_3,p1,p2,p3,p4,speed0,speed1,speed2,speed3,speed4,stop0,stop1,stop2,stop3,stop4,time,timeloss0,timeloss1,timeloss2,timeloss3,timeloss4,travel0,travel1,travel2,travel3,travel4,wait0,wait1,wait2,wait3,wait4,rssll_rrssl_rssslll_rrssll_0,rssll_rrssl_rssslll_rrssll_1,rssll_rrssl_rssslll_rrssll_2,rssll_rrssl_rssslll_rrssll_3,performance measure
0,5,2,1,2,5,1,2,2,7,3,1,3,6,2,2,2,rssll_rrssl_rssslll_rrssll,205.0,502.0,243.0,625.0,323.0,581.0,588.0,149.0,199.0,393.0,568.0,348.0,5.0,12.0,12.0,12.0,9.122712602816916,9.116097450601357,9.033154768244604,9.18962076703162,9.21553179071501,0.7821720025109855,0.7672090112640801,0.8046826863832409,0.7694870086608927,0.7548957675300063,4.351656436920166,23.746264908976766,22.671326658322894,24.106605052372142,22.71419720186544,21.81350600126342,68.3848085373509,67.33479349186483,68.77264325323475,67.32644903397735,66.46367656348706,15.856246076585059,14.805381727158949,15.862600123228589,14.89873417721519,14.105495893872394,5.0,12.0,12.0,12.0,15.105691599612038
