,1,1l,1r,1s,2,2l,2r,2s,3,3l,3r,3s,4,4l,4r,4s,id,1_2,1_3,1_4,2_1,2_3,2_4,3_1,3_2,3_4,4_1,4_2,4_3,p1,p2,p3,p4,speed0,speed1,speed2,speed3,speed4,stop0,stop1,stop2,stop3,stop4,time,timeloss0,timeloss1,timeloss2,timeloss3,timeloss4,travel0,travel1,travel2,travel3,travel4,wait0,wait1,wait2,wait3,wait4,rrsssll_rsl_rsl_rrsll_0,rrsssll_rsl_rsl_rrsll_1,rrsssll_rsl_rsl_rrsll_2,rrsssll_rsl_rsl_rrsll_3,performance measure
0,7,2,2,3,3,1,1,1,3,1,1,1,5,2,2,1,rrsssll_rsl_rsl_rrsll,211.0,285.0,473.0,64.0,142.0,350.0,199.0,133.0,128.0,506.0,93.0,525.0,5.0,12.0,12.0,12.0,8.585015788787675,8.975497504614976,8.837773118598195,9.096918201049428,9.013393600375917,1.0640794223826715,0.8283378746594006,0.9080882352941176,0.8151750972762646,0.8552380952380952,3.314656972885132,37.02733754512634,26.279427792915566,29.089090073529416,25.349250972762633,26.996780952380995,81.57490974729242,70.86285195277021,73.73161764705883,69.98443579766537,71.5247619047619,26.546028880866427,17.990917347865576,20.10110294117647,17.33365758754864,18.33142857142857,5.0,12.0,12.0,12.0,20.060627065777137
