,1,1l,1r,1s,2,2l,2r,2s,3,3l,3r,3s,4,4l,4r,4s,id,1_2,1_3,1_4,2_1,2_3,2_4,3_1,3_2,3_4,4_1,4_2,4_3,p1,p2,p3,p4,speed0,speed1,speed2,speed3,speed4,stop0,stop1,stop2,stop3,stop4,time,timeloss0,timeloss1,timeloss2,timeloss3,timeloss4,travel0,travel1,travel2,travel3,travel4,wait0,wait1,wait2,wait3,wait4,rsssll_rssl_rsslll_rrsl_0,rsssll_rssl_rsslll_rrsl_1,rsssll_rssl_rsslll_rrsl_2,rsssll_rssl_rsslll_rrsl_3,performance measure
0,6,2,1,3,4,1,1,2,6,3,1,2,4,1,2,1,rsssll_rssl_rsslll_rrsl,174.0,656.0,248.0,140.0,272.0,371.0,542.0,243.0,679.0,79.0,121.0,167.0,12.0,12.0,12.0,12.0,8.915656387362642,9.037459961564483,8.940263038364275,8.917445532484791,9.058192613365382,0.7733017377567141,0.7294213528932355,0.79140625,0.7977815699658704,0.7476114649681529,3.656240224838257,24.901255924170602,24.036674816625922,24.905046875000018,25.598225255972682,23.555087579617844,69.66350710900474,68.81418092909536,69.7046875,70.35068259385666,68.2890127388535,16.988941548183256,16.407497962510188,16.91171875,17.598976109215016,15.820859872611464,12.0,12.0,12.0,12.0,16.74559884850398
