,1,1l,1r,1s,2,2l,2r,2s,3,3l,3r,3s,4,4l,4r,4s,id,1_2,1_3,1_4,2_1,2_3,2_4,3_1,3_2,3_4,4_1,4_2,4_3,p1,p2,p3,p4,speed0,speed1,speed2,speed3,speed4,stop0,stop1,stop2,stop3,stop4,time,timeloss0,timeloss1,timeloss2,timeloss3,timeloss4,travel0,travel1,travel2,travel3,travel4,wait0,wait1,wait2,wait3,wait4,rsl_rrsll_rsl_rslll_0,rsl_rrsll_rsl_rslll_1,rsl_rrsll_rsl_rslll_2,rsl_rrsll_rsl_rslll_3,performance measure
0,3,1,1,1,5,2,2,1,3,1,1,1,5,3,1,1,rsl_rrsll_rsl_rslll,114.0,170.0,268.0,287.0,435.0,246.0,74.0,183.0,212.0,903.0,356.0,298.0,12.0,12.0,20.0,20.0,8.679648000569937,8.593872565388386,8.67044875804102,8.714180095186903,8.621990089944196,0.7403132728771641,0.7730318257956449,0.7601626016260162,0.7583262169086251,0.768595041322314,3.7968556880950928,28.518219291013985,28.14179229480741,27.846861788617876,28.524953031596926,28.666090909090915,73.4484748557296,73.09128978224456,72.8048780487805,73.43894107600342,73.55454545454545,20.09150865622424,19.616415410385258,19.29268292682927,20.129803586678054,20.305785123966942,12.0,12.0,20.0,20.0,19.887239140816753
