,1,1l,1r,1s,2,2l,2r,2s,3,3l,3r,3s,4,4l,4r,4s,id,1_2,1_3,1_4,2_1,2_3,2_4,3_1,3_2,3_4,4_1,4_2,4_3,p1,p2,p3,p4,speed0,speed1,speed2,speed3,speed4,stop0,stop1,stop2,stop3,stop4,time,timeloss0,timeloss1,timeloss2,timeloss3,timeloss4,travel0,travel1,travel2,travel3,travel4,wait0,wait1,wait2,wait3,wait4,rsl_rsssssl_rsll_rrssl_0,rsl_rsssssl_rsll_rrssl_1,rsl_rsssssl_rsll_rrssl_2,rsl_rsssssl_rsll_rrssl_3,performance measure
0,3,1,1,1,7,1,1,5,4,2,1,1,5,1,2,2,rsl_rsssssl_rsll_rrssl,74.0,343.0,238.0,306.0,322.0,1128.0,318.0,158.0,447.0,197.0,513.0,231.0,12.0,20.0,20.0,12.0,8.355302971603601,8.019760495114818,7.810819519186668,8.147377706052291,8.069257292664602,0.7901320361362058,0.8542817679558011,0.9120951751487112,0.8282469836763662,0.8485059068797777,4.203063011169434,31.0707157748436,34.4736740331492,37.596021150033,32.945053229240656,34.172265462126475,75.96594857539958,79.39502762430939,82.50231328486451,77.86231369765791,79.06254343293953,22.629603891591383,25.531767955801104,28.14408460013219,24.063875088715402,25.26615705350938,12.0,20.0,20.0,12.0,25.12709771794989
