,1,1l,1r,1s,2,2l,2r,2s,3,3l,3r,3s,4,4l,4r,4s,id,1_2,1_3,1_4,2_1,2_3,2_4,3_1,3_2,3_4,4_1,4_2,4_3,p1,p2,p3,p4,speed0,speed1,speed2,speed3,speed4,stop0,stop1,stop2,stop3,stop4,time,timeloss0,timeloss1,timeloss2,timeloss3,timeloss4,travel0,travel1,travel2,travel3,travel4,wait0,wait1,wait2,wait3,wait4,rsl_rsl_rsssl_rsl_0,rsl_rsl_rsssl_rsl_1,rsl_rsl_rsssl_rsl_2,rsl_rsl_rsssl_rsl_3,performance measure
0,3,1,1,1,3,1,1,1,5,1,1,3,3,1,1,1,rsl_rsl_rsssl_rsl,97.0,285.0,245.0,180.0,241.0,45.0,350.0,125.0,50.0,310.0,242.0,67.0,5.0,12.0,12.0,12.0,9.18752626267332,9.021951820760961,8.793775811552075,9.121948617145872,9.003800052446445,0.7653194263363755,0.7981770833333334,0.871261378413524,0.7838577291381669,0.8269484808454426,2.8129310607910156,23.77724902216429,24.265846354166626,27.77360208062422,23.90731874145008,25.06937912813739,68.70273794002608,69.20442708333333,72.71781534460338,68.82079343365253,70.02509907529722,15.803129074315516,16.096354166666668,19.123537061118334,16.009575923392614,16.591809775429326,5.0,12.0,12.0,12.0,16.72488120018449
