,1,1l,1r,1s,2,2l,2r,2s,3,3l,3r,3s,4,4l,4r,4s,id,1_2,1_3,1_4,2_1,2_3,2_4,3_1,3_2,3_4,4_1,4_2,4_3,p1,p2,p3,p4,speed0,speed1,speed2,speed3,speed4,stop0,stop1,stop2,stop3,stop4,time,timeloss0,timeloss1,timeloss2,timeloss3,timeloss4,travel0,travel1,travel2,travel3,travel4,wait0,wait1,wait2,wait3,wait4,rssslll_rssll_rsssl_rrssl_0,rssslll_rssll_rsssl_rrssl_1,rssslll_rssll_rsssl_rrssl_2,rssslll_rssll_rsssl_rrssl_3,performance measure
0,7,3,1,3,5,2,1,2,5,1,1,3,5,1,2,2,rssslll_rssll_rsssl_rrssl,403.0,240.0,310.0,104.0,302.0,432.0,627.0,207.0,210.0,250.0,318.0,579.0,12.0,12.0,12.0,12.0,9.122216740991483,9.208541752246738,9.115011756416457,9.082308668594628,9.206030352895763,0.7221022318214543,0.7046783625730995,0.7431124348473567,0.7444698703279939,0.7061933534743202,3.6911213397979736,22.83030237580994,22.848530701754402,23.26177959791511,23.29795575896264,22.39595166163145,67.42764578833693,67.40350877192982,67.88682055100521,67.84973302822273,66.89728096676737,15.301655867530597,15.380847953216374,15.600148920327625,15.638443935926773,14.900302114803626,12.0,12.0,12.0,12.0,15.364279758360999
