,1,1l,1r,1s,2,2l,2r,2s,3,3l,3r,3s,4,4l,4r,4s,id,1_2,1_3,1_4,2_1,2_3,2_4,3_1,3_2,3_4,4_1,4_2,4_3,p1,p2,p3,p4,speed0,speed1,speed2,speed3,speed4,stop0,stop1,stop2,stop3,stop4,time,timeloss0,timeloss1,timeloss2,timeloss3,timeloss4,travel0,travel1,travel2,travel3,travel4,wait0,wait1,wait2,wait3,wait4,rssl_rrsslll_rsl_rrsll_0,rssl_rrsslll_rsl_rrsll_1,rssl_rrsslll_rsl_rrsll_2,rssl_rrsslll_rsl_rrsll_3,performance measure
0,4,1,1,2,7,3,2,2,3,1,1,1,5,2,2,1,rssl_rrsslll_rsl_rrsll,57.0,185.0,269.0,321.0,872.0,305.0,197.0,142.0,177.0,177.0,135.0,420.0,12.0,12.0,12.0,12.0,8.962762170409697,9.201525344668632,9.008094882750731,9.135668605797465,9.205012725309473,0.7575496117342536,0.6970770593445527,0.7644444444444445,0.7359187442289935,0.7121076233183856,3.3949344158172607,24.793977566867976,22.731240035429554,24.126302222222236,22.825678670360105,22.25815246636771,69.45383951682484,67.40124003542958,68.83022222222222,67.53739612188366,66.93183856502242,16.869715271786024,15.255093002657219,16.27466666666667,15.206832871652816,14.73542600896861,12.0,12.0,12.0,12.0,15.668346764346268
