,1,1l,1r,1s,2,2l,2r,2s,3,3l,3r,3s,4,4l,4r,4s,id,1_2,1_3,1_4,2_1,2_3,2_4,3_1,3_2,3_4,4_1,4_2,4_3,p1,p2,p3,p4,speed0,speed1,speed2,speed3,speed4,stop0,stop1,stop2,stop3,stop4,time,timeloss0,timeloss1,timeloss2,timeloss3,timeloss4,travel0,travel1,travel2,travel3,travel4,wait0,wait1,wait2,wait3,wait4,rsl_rsssssl_rsll_rrssl_0,rsl_rsssssl_rsll_rrssl_1,rsl_rsssssl_rsll_rrssl_2,rsl_rsssssl_rsll_rrssl_3,performance measure
0,3,1,1,1,7,1,1,5,4,2,1,1,5,1,2,2,rsl_rsssssl_rsll_rrssl,76.0,261.0,74.0,216.0,231.0,673.0,57.0,213.0,242.0,272.0,521.0,385.0,5.0,12.0,12.0,12.0,9.126542142479193,9.104119895765322,8.993612640725658,9.09354299416895,9.029665970944583,0.7853839037927844,0.7837591240875912,0.8269742679680568,0.8225806451612904,0.8012939001848429,3.3909013271331787,23.871544865864973,23.906313868613143,25.313380656610487,25.35612903225807,24.388706099815174,68.67900092506937,68.66970802919708,70.10381543921916,70.12239089184061,69.15341959334566,16.17668825161887,16.079379562043794,17.21206743566992,17.452561669829223,16.50369685767098,5.0,12.0,12.0,12.0,16.68487875536656
