,1,1l,1r,1s,2,2l,2r,2s,3,3l,3r,3s,4,4l,4r,4s,id,1_2,1_3,1_4,2_1,2_3,2_4,3_1,3_2,3_4,4_1,4_2,4_3,p1,p2,p3,p4,speed0,speed1,speed2,speed3,speed4,stop0,stop1,stop2,stop3,stop4,time,timeloss0,timeloss1,timeloss2,timeloss3,timeloss4,travel0,travel1,travel2,travel3,travel4,wait0,wait1,wait2,wait3,wait4,rslll_rsl_rrslll_rsl_0,rslll_rsl_rrslll_rsl_1,rslll_rsl_rrslll_rsl_2,rslll_rsl_rrslll_rsl_3,performance measure
0,5,3,1,1,3,1,1,1,6,3,2,1,3,1,1,1,rslll_rsl_rrslll_rsl,361.0,336.0,227.0,54.0,308.0,82.0,259.0,124.0,165.0,62.0,232.0,134.0,12.0,20.0,20.0,12.0,8.716542068105888,8.424076136781268,8.423094563208432,8.589353157376001,8.375548465359023,0.7220843672456576,0.7881899871630296,0.7878787878787878,0.7576158940397351,0.8200253485424588,3.014066457748413,28.201588089330055,31.137894736842114,31.125599999999977,29.12723178807947,33.245982256020255,73.1377171215881,76.07445442875482,76.0909090909091,74.01324503311258,78.12040557667935,20.367245657568237,22.87163029525032,22.60848484848485,21.10860927152318,24.567807351077313,12.0,20.0,20.0,12.0,22.30475548478078
