,1,1l,1r,1s,2,2l,2r,2s,3,3l,3r,3s,4,4l,4r,4s,id,1_2,1_3,1_4,2_1,2_3,2_4,3_1,3_2,3_4,4_1,4_2,4_3,p1,p2,p3,p4,speed0,speed1,speed2,speed3,speed4,stop0,stop1,stop2,stop3,stop4,time,timeloss0,timeloss1,timeloss2,timeloss3,timeloss4,travel0,travel1,travel2,travel3,travel4,wait0,wait1,wait2,wait3,wait4,rssslll_rssll_rsssl_rrssl_0,rssslll_rssll_rsssl_rrssl_1,rssslll_rssll_rsssl_rrssl_2,rssslll_rssll_rsssl_rrssl_3,performance measure
0,7,3,1,3,5,2,1,2,5,1,1,3,5,1,2,2,rssslll_rssll_rsssl_rrssl,687.0,377.0,146.0,94.0,628.0,108.0,324.0,247.0,213.0,39.0,267.0,414.0,12.0,5.0,12.0,5.0,9.336746880268189,9.403264158776564,9.266690904883438,9.45261131137899,9.315313861496845,0.7726901062959934,0.7729184188393609,0.796875,0.7510620220900595,0.7897392767031118,3.578263998031616,20.79353229762879,20.563111858704772,21.83990131578949,20.066567544604954,22.339352396972235,65.46606704824202,65.24642556770395,66.53782894736842,64.69838572642311,66.99579478553406,13.17579721995094,13.019343986543314,14.09375,12.583687340696686,14.679562657695543,12.0,5.0,12.0,5.0,13.510428240977296
