,1,1l,1r,1s,2,2l,2r,2s,3,3l,3r,3s,4,4l,4r,4s,id,1_2,1_3,1_4,2_1,2_3,2_4,3_1,3_2,3_4,4_1,4_2,4_3,p1,p2,p3,p4,speed0,speed1,speed2,speed3,speed4,stop0,stop1,stop2,stop3,stop4,time,timeloss0,timeloss1,timeloss2,timeloss3,timeloss4,travel0,travel1,travel2,travel3,travel4,wait0,wait1,wait2,wait3,wait4,rsl_rsl_rsssl_rsl_0,rsl_rsl_rsssl_rsl_1,rsl_rsl_rsssl_rsl_2,rsl_rsl_rsssl_rsl_3,performance measure
0,3,1,1,1,3,1,1,1,5,1,1,3,3,1,1,1,rsl_rsl_rsssl_rsl,141.0,219.0,291.0,228.0,109.0,55.0,822.0,49.0,49.0,279.0,48.0,59.0,12.0,12.0,12.0,5.0,9.235951147568194,9.065999873080807,9.244894578225846,9.403155422708979,9.311600139944568,0.7421777221526908,0.7821782178217822,0.7405602923264312,0.7198952879581152,0.7219451371571073,2.847256660461426,21.82325406758448,23.60711633663366,21.84847746650427,20.658298429319384,21.19541147132168,66.80225281602003,68.60891089108911,66.81607795371498,65.57984293193718,66.12219451371571,13.893617021276595,15.361386138613861,14.04872107186358,13.06806282722513,13.402743142144638,12.0,12.0,12.0,5.0,13.954906040224762
