,1,1l,1r,1s,2,2l,2r,2s,3,3l,3r,3s,4,4l,4r,4s,id,1_2,1_3,1_4,2_1,2_3,2_4,3_1,3_2,3_4,4_1,4_2,4_3,p1,p2,p3,p4,speed0,speed1,speed2,speed3,speed4,stop0,stop1,stop2,stop3,stop4,time,timeloss0,timeloss1,timeloss2,timeloss3,timeloss4,travel0,travel1,travel2,travel3,travel4,wait0,wait1,wait2,wait3,wait4,rrslll_rssll_rsl_rssssll_0,rrslll_rssll_rsl_rssssll_1,rrslll_rssll_rsl_rssssll_2,rrslll_rssll_rsl_rssssll_3,performance measure
0,6,3,2,1,5,2,1,2,3,1,1,1,7,2,1,4,rrslll_rssll_rsl_rssssll,697.0,118.0,223.0,134.0,216.0,80.0,159.0,162.0,290.0,260.0,877.0,243.0,12.0,12.0,12.0,12.0,9.002704149799529,9.09274711088504,8.867802430098614,8.848752578817422,9.116639019204106,0.7536606373815676,0.7200342465753424,0.8161397670549085,0.8292461398728429,0.7312013828867762,3.4378280639648438,24.265546942291127,23.612551369863017,26.58435940099832,27.145894641235238,23.30336214347449,69.0275624461671,68.41010273972603,71.38435940099833,71.95458673932788,68.07173725151253,16.55211024978467,15.965753424657533,18.25124792013311,18.735694822888284,15.751080380293864,12.0,12.0,12.0,12.0,17.05117735955149
