,1,1l,1r,1s,2,2l,2r,2s,3,3l,3r,3s,4,4l,4r,4s,id,1_2,1_3,1_4,2_1,2_3,2_4,3_1,3_2,3_4,4_1,4_2,4_3,p1,p2,p3,p4,speed0,speed1,speed2,speed3,speed4,stop0,stop1,stop2,stop3,stop4,time,timeloss0,timeloss1,timeloss2,timeloss3,timeloss4,travel0,travel1,travel2,travel3,travel4,wait0,wait1,wait2,wait3,wait4,rsll_rsl_rssslll_rrsssll_0,rsll_rsl_rssslll_rrsssll_1,rsll_rsl_rssslll_rrsssll_2,rsll_rsl_rssslll_rrsssll_3,performance measure
0,4,2,1,1,3,1,1,1,7,3,1,3,7,2,2,3,rsll_rsl_rssslll_rrsssll,390.0,279.0,266.0,219.0,174.0,229.0,624.0,67.0,288.0,490.0,838.0,181.0,12.0,12.0,12.0,12.0,8.769199496369136,8.727552581212576,8.607267103220996,8.789733890120829,8.803270067844803,0.8018936635105608,0.7884615384615384,0.846045197740113,0.8015384615384615,0.8042521994134897,4.125032186508179,26.492920611798997,26.732279202279205,27.807966101694973,25.891069230769208,26.51224340175951,71.41005098324837,71.68162393162393,72.75494350282486,70.75923076923077,71.42888563049853,18.355426074289877,18.476495726495727,19.37358757062147,17.79769230769231,18.228739002932553,12.0,12.0,12.0,12.0,18.44638813640639
