,1,1l,1r,1s,2,2l,2r,2s,3,3l,3r,3s,4,4l,4r,4s,id,1_2,1_3,1_4,2_1,2_3,2_4,3_1,3_2,3_4,4_1,4_2,4_3,p1,p2,p3,p4,speed0,speed1,speed2,speed3,speed4,stop0,stop1,stop2,stop3,stop4,time,timeloss0,timeloss1,timeloss2,timeloss3,timeloss4,travel0,travel1,travel2,travel3,travel4,wait0,wait1,wait2,wait3,wait4,rsl_rrsll_rsl_rslll_0,rsl_rrsll_rsl_rslll_1,rsl_rrsll_rsl_rslll_2,rsl_rrsll_rsl_rslll_3,performance measure
0,3,1,1,1,5,2,2,1,3,1,1,1,5,3,1,1,rsl_rrsll_rsl_rslll,149.0,95.0,60.0,175.0,134.0,64.0,284.0,232.0,245.0,595.0,63.0,54.0,12.0,12.0,12.0,5.0,9.074121088652989,9.264539084702813,9.174510601861591,9.323787037864046,9.312704602868163,0.8007968127490039,0.7381275440976933,0.7688311688311689,0.739972337482711,0.7393103448275862,2.769667625427246,24.208964143426268,21.80795115332428,22.536844155844197,21.559308437067774,21.869558620689645,69.13678618857902,66.76662143826323,67.52337662337662,66.43430152143846,66.78344827586207,15.9800796812749,14.23202170963365,14.757142857142858,14.005532503457815,14.393103448275863,12.0,12.0,12.0,5.0,14.673576039957018
