,1,1l,1r,1s,2,2l,2r,2s,3,3l,3r,3s,4,4l,4r,4s,id,1_2,1_3,1_4,2_1,2_3,2_4,3_1,3_2,3_4,4_1,4_2,4_3,p1,p2,p3,p4,speed0,speed1,speed2,speed3,speed4,stop0,stop1,stop2,stop3,stop4,time,timeloss0,timeloss1,timeloss2,timeloss3,timeloss4,travel0,travel1,travel2,travel3,travel4,wait0,wait1,wait2,wait3,wait4,rsl_rsssll_rrssl_rrsslll_0,rsl_rsssll_rrssl_rrsslll_1,rsl_rsssll_rrssl_rrsslll_2,rsl_rsssll_rrssl_rrsslll_3,performance measure
0,3,1,1,1,6,2,1,3,5,1,2,2,7,3,2,2,rsl_rsssll_rrssl_rrsslll,237.0,273.0,53.0,246.0,467.0,877.0,648.0,115.0,323.0,433.0,432.0,509.0,12.0,12.0,12.0,12.0,8.214744311708198,8.538376557138918,8.16997017523841,8.28805041522501,8.426200348047006,0.9350899742930592,0.8356598984771574,1.009517766497462,0.952971913781842,0.8865845755022683,4.328084945678711,33.03524421593831,28.802633248730924,36.43545685279191,33.1493925538864,30.43966299416719,77.87982005141389,73.66624365482234,81.33502538071066,77.98628347485304,75.26701231367466,23.68701799485861,20.11992385786802,26.118020304568528,23.50685826257348,21.418664938431625,12.0,12.0,12.0,12.0,22.970097071660053
