,1,1l,1r,1s,2,2l,2r,2s,3,3l,3r,3s,4,4l,4r,4s,id,1_2,1_3,1_4,2_1,2_3,2_4,3_1,3_2,3_4,4_1,4_2,4_3,p1,p2,p3,p4,speed0,speed1,speed2,speed3,speed4,stop0,stop1,stop2,stop3,stop4,time,timeloss0,timeloss1,timeloss2,timeloss3,timeloss4,travel0,travel1,travel2,travel3,travel4,wait0,wait1,wait2,wait3,wait4,rsssl_rrsll_rsl_rsslll_0,rsssl_rrsll_rsl_rsslll_1,rsssl_rrsll_rsl_rsslll_2,rsssl_rrsll_rsl_rsslll_3,performance measure
0,5,1,1,3,5,2,2,1,3,1,1,1,6,3,1,2,rsssl_rrsll_rsl_rsslll,151.0,662.0,129.0,209.0,126.0,166.0,286.0,218.0,141.0,135.0,588.0,172.0,12.0,12.0,5.0,12.0,9.190815283404941,9.218647436845485,9.12599220064884,9.42385625859197,9.257345895561805,0.7582417582417582,0.7457286432160805,0.768791627021884,0.7074468085106383,0.7296511627906976,3.250065565109253,22.454715284715295,22.047175879396985,22.734995242626034,20.436542553191497,21.846424418604627,67.33866133866134,66.92160804020101,67.57849666983824,65.29148936170213,66.69282945736434,14.64935064935065,14.484422110552764,14.90104662226451,13.024468085106383,14.297480620155039,12.0,12.0,5.0,12.0,14.271353617485868
