,1,1l,1r,1s,2,2l,2r,2s,3,3l,3r,3s,4,4l,4r,4s,id,1_2,1_3,1_4,2_1,2_3,2_4,3_1,3_2,3_4,4_1,4_2,4_3,p1,p2,p3,p4,speed0,speed1,speed2,speed3,speed4,stop0,stop1,stop2,stop3,stop4,time,timeloss0,timeloss1,timeloss2,timeloss3,timeloss4,travel0,travel1,travel2,travel3,travel4,wait0,wait1,wait2,wait3,wait4,rssl_rrsslll_rsl_rrsll_0,rssl_rrsslll_rsl_rrsll_1,rssl_rrsslll_rsl_rrsll_2,rssl_rrsslll_rsl_rrsll_3,performance measure
0,4,1,1,2,7,3,2,2,3,1,1,1,5,2,2,1,rssl_rrsslll_rsl_rrsll,124.0,608.0,280.0,152.0,402.0,313.0,254.0,263.0,215.0,288.0,79.0,413.0,12.0,20.0,12.0,12.0,8.970831883890744,9.048792629040227,8.927132023307538,8.992911096940654,9.111702283428022,0.7256857855361596,0.714164546225615,0.7351676698194325,0.739010989010989,0.7100085543199316,3.6874327659606934,24.727797173732316,24.213706530958458,25.097618228718854,24.713379120879093,23.483139435414902,69.44389027431421,68.89397794741306,69.85554600171969,69.38278388278388,68.17792985457656,17.091438071487946,16.734520780322306,17.46431642304385,17.111721611721613,15.957228400342172,12.0,20.0,12.0,12.0,16.871845057383577
