,1,1l,1r,1s,2,2l,2r,2s,3,3l,3r,3s,4,4l,4r,4s,id,1_2,1_3,1_4,2_1,2_3,2_4,3_1,3_2,3_4,4_1,4_2,4_3,p1,p2,p3,p4,speed0,speed1,speed2,speed3,speed4,stop0,stop1,stop2,stop3,stop4,time,timeloss0,timeloss1,timeloss2,timeloss3,timeloss4,travel0,travel1,travel2,travel3,travel4,wait0,wait1,wait2,wait3,wait4,rssll_rrsl_rsssl_rrsl_0,rssll_rrsl_rsssl_rrsl_1,rssll_rrsl_rsssl_rrsl_2,rssll_rrsl_rsssl_rrsl_3,performance measure
0,5,2,1,2,4,1,2,1,5,1,1,3,4,1,2,1,rssll_rrsl_rsssl_rrsl,282.0,643.0,210.0,380.0,63.0,187.0,605.0,292.0,239.0,301.0,116.0,364.0,12.0,12.0,12.0,12.0,8.926095848799521,8.551557642680175,8.858178645546348,9.131430289454684,8.71971815167868,0.7625786163522013,0.8792965627498002,0.8100866824271079,0.7529711375212224,0.8221153846153846,3.6251449584960938,25.190778301886795,31.418697042366137,26.21178092986601,23.27391341256367,27.984951923076906,69.89622641509433,76.1382893685052,70.92277383766745,67.93718166383701,72.68509615384616,17.156446540880502,22.402877697841728,17.944838455476752,15.494057724957555,19.55128205128205,12.0,12.0,12.0,12.0,18.50990049408772
