,1,1l,1r,1s,2,2l,2r,2s,3,3l,3r,3s,4,4l,4r,4s,id,1_2,1_3,1_4,2_1,2_3,2_4,3_1,3_2,3_4,4_1,4_2,4_3,p1,p2,p3,p4,speed0,speed1,speed2,speed3,speed4,stop0,stop1,stop2,stop3,stop4,time,timeloss0,timeloss1,timeloss2,timeloss3,timeloss4,travel0,travel1,travel2,travel3,travel4,wait0,wait1,wait2,wait3,wait4,rslll_rsl_rrslll_rsl_0,rslll_rsl_rrslll_rsl_1,rslll_rsl_rrslll_rsl_2,rslll_rsl_rrslll_rsl_3,performance measure
0,5,3,1,1,3,1,1,1,6,3,2,1,3,1,1,1,rslll_rsl_rrslll_rsl,754.0,59.0,324.0,307.0,181.0,222.0,61.0,554.0,886.0,220.0,207.0,206.0,12.0,5.0,12.0,12.0,9.159430006306787,9.211744077143976,9.098253120324355,9.343571708146596,9.196353779104776,0.7580993520518359,0.7488514548238897,0.7780172413793104,0.7241899020346647,0.7338235294117647,3.5622317790985107,22.10474442044638,21.62411179173048,22.340280172413756,20.501627731725723,21.67091176470591,66.92152627789777,66.45329249617151,67.21048850574712,65.30143180105502,66.51544117647059,13.924406047516198,13.687595712098009,14.069683908045977,12.686510926902788,13.685294117647059,12.0,5.0,12.0,12.0,13.610698142442008
