,1,1l,1r,1s,2,2l,2r,2s,3,3l,3r,3s,4,4l,4r,4s,id,1_2,1_3,1_4,2_1,2_3,2_4,3_1,3_2,3_4,4_1,4_2,4_3,p1,p2,p3,p4,speed0,speed1,speed2,speed3,speed4,stop0,stop1,stop2,stop3,stop4,time,timeloss0,timeloss1,timeloss2,timeloss3,timeloss4,travel0,travel1,travel2,travel3,travel4,wait0,wait1,wait2,wait3,wait4,rsssl_rrsll_rsl_rsslll_0,rsssl_rrsll_rsl_rsslll_1,rsssl_rrsll_rsl_rsslll_2,rsssl_rrsll_rsl_rsslll_3,performance measure
0,5,1,1,3,5,2,2,1,3,1,1,1,6,3,1,2,rsssl_rrsll_rsl_rsslll,92.0,214.0,310.0,95.0,374.0,226.0,216.0,218.0,58.0,160.0,185.0,64.0,5.0,12.0,12.0,12.0,9.427079121725322,9.57387821336318,9.421363981304145,9.521074871059335,9.509202361746688,0.7152061855670103,0.6649076517150396,0.729381443298969,0.6923076923076923,0.6994884910485933,2.862976312637329,21.35715206185567,19.43798153034301,21.241546391752603,20.025174825174826,19.911879795396406,65.9909793814433,64.09630606860158,65.95876288659794,64.61538461538461,64.55498721227622,13.860824742268042,12.405013192612138,13.8840206185567,12.888111888111888,12.59079283887468,5.0,12.0,12.0,12.0,13.12575265608469
