,1,1l,1r,1s,2,2l,2r,2s,3,3l,3r,3s,4,4l,4r,4s,id,1_2,1_3,1_4,2_1,2_3,2_4,3_1,3_2,3_4,4_1,4_2,4_3,p1,p2,p3,p4,speed0,speed1,speed2,speed3,speed4,stop0,stop1,stop2,stop3,stop4,time,timeloss0,timeloss1,timeloss2,timeloss3,timeloss4,travel0,travel1,travel2,travel3,travel4,wait0,wait1,wait2,wait3,wait4,rsll_rsl_rssslll_rrsssll_0,rsll_rsl_rssslll_rrsssll_1,rsll_rsl_rssslll_rrsssll_2,rsll_rsl_rssslll_rrsssll_3,performance measure
0,4,2,1,1,3,1,1,1,7,3,1,3,7,2,2,3,rsll_rsl_rssslll_rrsssll,437.0,251.0,156.0,235.0,83.0,301.0,977.0,95.0,830.0,186.0,446.0,144.0,12.0,12.0,5.0,12.0,8.746152519194549,8.916926953067296,8.83462090677563,9.071618314944278,8.915658810137963,0.9010752688172043,0.8164874551971326,0.8373205741626795,0.7786824574389342,0.8168812589413448,4.093735456466675,27.892817204301057,24.597992831541195,25.140287081339725,23.17925240562544,25.157653791130166,72.83870967741936,69.52258064516128,70.08065618591934,68.03478904515174,70.1030042918455,18.717562724014336,16.384229390681003,16.74777853725222,15.171724648408587,16.7310443490701,12.0,12.0,5.0,12.0,16.75046792988525
