,1,1l,1r,1s,2,2l,2r,2s,3,3l,3r,3s,4,4l,4r,4s,id,1_2,1_3,1_4,2_1,2_3,2_4,3_1,3_2,3_4,4_1,4_2,4_3,p1,p2,p3,p4,speed0,speed1,speed2,speed3,speed4,stop0,stop1,stop2,stop3,stop4,time,timeloss0,timeloss1,timeloss2,timeloss3,timeloss4,travel0,travel1,travel2,travel3,travel4,wait0,wait1,wait2,wait3,wait4,rsssll_rssl_rsslll_rrsl_0,rsssll_rssl_rsslll_rrsl_1,rsssll_rssl_rsslll_rrsl_2,rsssll_rssl_rsslll_rrsl_3,performance measure
0,6,2,1,3,4,1,1,2,6,3,1,2,4,1,2,1,rsssll_rssl_rsslll_rrsl,155.0,324.0,152.0,97.0,187.0,193.0,283.0,83.0,254.0,190.0,166.0,423.0,5.0,5.0,5.0,5.0,9.691732821676405,9.518813181788635,9.623354396146912,9.630706589449037,9.648884655822778,0.8244444444444444,0.9523809523809523,0.8734463276836159,0.9289156626506024,0.8492343934040048,3.0591254234313965,18.2651111111111,21.75185941043087,19.739661016949132,21.78774698795181,19.937326266195516,62.952222222222225,66.38095238095238,64.45084745762712,66.4,64.57832744405182,10.693333333333333,13.179138321995465,11.856497175141243,13.272289156626506,12.012956419316843,5.0,5.0,5.0,5.0,12.202842881282677
