,1,1l,1r,1s,2,2l,2r,2s,3,3l,3r,3s,4,4l,4r,4s,id,1_2,1_3,1_4,2_1,2_3,2_4,3_1,3_2,3_4,4_1,4_2,4_3,p1,p2,p3,p4,speed0,speed1,speed2,speed3,speed4,stop0,stop1,stop2,stop3,stop4,time,timeloss0,timeloss1,timeloss2,timeloss3,timeloss4,travel0,travel1,travel2,travel3,travel4,wait0,wait1,wait2,wait3,wait4,rsl_rssslll_rrsssl_rsslll_0,rsl_rssslll_rrsssl_rsslll_1,rsl_rssslll_rrsssl_rsslll_2,rsl_rssslll_rrsssl_rsslll_3,performance measure
0,3,1,1,1,7,3,1,3,6,1,2,3,6,3,1,2,rsl_rssslll_rrsssl_rsslll,230.0,119.0,64.0,207.0,618.0,779.0,339.0,233.0,68.0,791.0,260.0,103.0,12.0,5.0,12.0,12.0,8.963757631940457,9.000753181251635,8.94173075277791,9.018267308485239,9.124704430824217,0.81640625,0.80859375,0.9564553093964858,0.8038759689922481,0.7777777777777778,3.8125078678131104,25.107421875,24.20994531249999,31.690832696715095,24.54731007751939,23.054319248826296,69.8875,68.98515625,76.43926661573721,69.33643410852713,67.81377151799687,17.1359375,16.2953125,22.485103132161957,16.648062015503875,15.320031298904539,12.0,5.0,12.0,12.0,17.576889289314074
