,1,1l,1r,1s,2,2l,2r,2s,3,3l,3r,3s,4,4l,4r,4s,id,1_2,1_3,1_4,2_1,2_3,2_4,3_1,3_2,3_4,4_1,4_2,4_3,p1,p2,p3,p4,speed0,speed1,speed2,speed3,speed4,stop0,stop1,stop2,stop3,stop4,time,timeloss0,timeloss1,timeloss2,timeloss3,timeloss4,travel0,travel1,travel2,travel3,travel4,wait0,wait1,wait2,wait3,wait4,rsl_rsl_rsl_rrssll_0,rsl_rsl_rsl_rrssll_1,rsl_rsl_rsl_rrssll_2,rsl_rsl_rsl_rrssll_3,performance measure
0,3,1,1,1,3,1,1,1,3,1,1,1,6,2,2,2,rsl_rsl_rsl_rrssll,310.0,253.0,136.0,259.0,236.0,205.0,103.0,163.0,276.0,109.0,694.0,489.0,20.0,12.0,12.0,20.0,8.770794374813413,8.513764288516558,8.176587867590944,8.553656411495902,8.411198415116191,0.7231182795698925,0.7994454713493531,1.0375335120643432,0.8287345385347288,0.8549270072992701,3.62504243850708,27.587948028673853,31.92429759704254,45.87949061662192,33.995242626070386,36.54173357664241,72.43279569892474,76.81885397412199,90.7792672028597,78.84586108468126,81.41423357664233,19.625448028673834,23.34380776340111,34.63628239499553,25.108468125594673,27.32116788321168,20.0,12.0,12.0,20.0,26.00703483917537
