,1,1l,1r,1s,2,2l,2r,2s,3,3l,3r,3s,4,4l,4r,4s,id,1_2,1_3,1_4,2_1,2_3,2_4,3_1,3_2,3_4,4_1,4_2,4_3,p1,p2,p3,p4,speed0,speed1,speed2,speed3,speed4,stop0,stop1,stop2,stop3,stop4,time,timeloss0,timeloss1,timeloss2,timeloss3,timeloss4,travel0,travel1,travel2,travel3,travel4,wait0,wait1,wait2,wait3,wait4,rrsssll_rsl_rsl_rrsll_0,rrsssll_rsl_rsl_rrsll_1,rrsssll_rsl_rsl_rrsll_2,rrsssll_rsl_rsl_rrsll_3,performance measure
0,7,2,2,3,3,1,1,1,3,1,1,1,5,2,2,1,rrsssll_rsl_rsl_rrsll,648.0,670.0,487.0,111.0,280.0,321.0,344.0,257.0,152.0,585.0,181.0,625.0,20.0,20.0,20.0,20.0,7.879781915747658,7.914324487138056,7.870023312813886,8.072036357087013,8.174546324181577,0.8569636135508155,0.8083538083538083,0.8220820189274448,0.7980198019801981,0.7761479591836735,4.312525510787964,38.438732747804224,37.64622850122851,37.98851104100944,34.8334785478547,34.47091836734699,83.20138017565873,82.45085995085995,82.8378548895899,79.61452145214521,79.25892857142857,28.964240903387704,28.5497542997543,28.85173501577287,26.042904290429043,25.76594387755102,20.0,20.0,20.0,20.0,27.63491567737899
