,1,1l,1r,1s,2,2l,2r,2s,3,3l,3r,3s,4,4l,4r,4s,id,1_2,1_3,1_4,2_1,2_3,2_4,3_1,3_2,3_4,4_1,4_2,4_3,p1,p2,p3,p4,speed0,speed1,speed2,speed3,speed4,stop0,stop1,stop2,stop3,stop4,time,timeloss0,timeloss1,timeloss2,timeloss3,timeloss4,travel0,travel1,travel2,travel3,travel4,wait0,wait1,wait2,wait3,wait4,rsssll_rssl_rsslll_rrsl_0,rsssll_rssl_rsslll_rrsl_1,rsssll_rssl_rsslll_rrsl_2,rsssll_rssl_rsslll_rrsl_3,performance measure
0,6,2,1,3,4,1,1,2,6,3,1,2,4,1,2,1,rsssll_rssl_rsslll_rrsl,75.0,489.0,297.0,109.0,216.0,529.0,284.0,285.0,409.0,219.0,85.0,174.0,12.0,12.0,12.0,12.0,9.024886816632451,9.01284566900901,9.01380195820579,9.111092062996576,9.20590249814907,0.7579329102447869,0.7383348581884721,0.7754919499105546,0.7483317445185891,0.7231481481481481,3.437267541885376,24.05255666364461,24.63080512351328,24.130733452593965,23.18286939942803,22.550175925925963,68.7379873073436,69.32662397072278,68.83899821109124,67.88274547187798,67.20925925925926,16.25385312783318,16.98993595608417,16.313059033989266,15.48045757864633,15.03425925925926,12.0,12.0,12.0,12.0,16.01431299116244
