,1,1l,1r,1s,2,2l,2r,2s,3,3l,3r,3s,4,4l,4r,4s,id,1_2,1_3,1_4,2_1,2_3,2_4,3_1,3_2,3_4,4_1,4_2,4_3,p1,p2,p3,p4,speed0,speed1,speed2,speed3,speed4,stop0,stop1,stop2,stop3,stop4,time,timeloss0,timeloss1,timeloss2,timeloss3,timeloss4,travel0,travel1,travel2,travel3,travel4,wait0,wait1,wait2,wait3,wait4,rsl_rsssll_rrssl_rrsslll_0,rsl_rsssll_rrssl_rrsslll_1,rsl_rsssll_rrssl_rrsslll_2,rsl_rsssll_rrssl_rrsslll_3,performance measure
0,3,1,1,1,6,2,1,3,5,1,2,2,7,3,2,2,rsl_rsssll_rrssl_rrsslll,82.0,127.0,222.0,182.0,151.0,805.0,670.0,293.0,85.0,495.0,496.0,161.0,5.0,12.0,12.0,12.0,9.171585041694595,9.133025884000526,9.303813051480251,9.334360380767633,9.353844891065014,0.7822257806244995,0.7766536964980545,0.7447795823665894,0.7417004048582996,0.7276264591439688,3.742645263671875,23.30256204963973,22.967097276264596,21.549752513534425,21.09304453441298,20.961712062256844,68.06164931945557,67.75175097276265,66.32946635730859,65.8331983805668,65.68949416342413,15.288230584467573,15.059922178988327,13.983758700696056,13.632388663967612,13.38910505836576,5.0,12.0,12.0,12.0,14.270681037297066
