,1,1l,1r,1s,2,2l,2r,2s,3,3l,3r,3s,4,4l,4r,4s,id,1_2,1_3,1_4,2_1,2_3,2_4,3_1,3_2,3_4,4_1,4_2,4_3,p1,p2,p3,p4,speed0,speed1,speed2,speed3,speed4,stop0,stop1,stop2,stop3,stop4,time,timeloss0,timeloss1,timeloss2,timeloss3,timeloss4,travel0,travel1,travel2,travel3,travel4,wait0,wait1,wait2,wait3,wait4,rrsslll_rrsll_rsssl_rrsslll_0,rrsslll_rrsll_rsssl_rrsslll_1,rrsslll_rrsll_rsssl_rrsslll_2,rrsslll_rrsll_rsssl_rrsslll_3,performance measure
0,7,3,2,2,5,2,2,1,5,1,1,3,7,3,2,2,rrsslll_rrsll_rsssl_rrsslll,956.0,621.0,409.0,311.0,512.0,286.0,766.0,289.0,188.0,110.0,361.0,570.0,12.0,12.0,12.0,12.0,8.648452938917666,8.328911684118609,8.492946313660104,8.701138717538697,8.835099706804991,0.8719346049046321,0.9397066811515481,0.8839779005524862,0.8267898383371824,0.7956570155902004,4.749833345413208,29.831138964577562,34.33543183052691,30.22677348066294,27.028146651270166,25.940890868596856,74.34441416893733,78.90277023356872,74.80441988950277,71.59815242494226,70.47550111358575,20.627792915531334,24.58120586637697,21.114917127071823,18.532909930715935,17.666481069042316,12.0,12.0,12.0,12.0,20.504661381747674
