,1,1l,1r,1s,2,2l,2r,2s,3,3l,3r,3s,4,4l,4r,4s,id,1_2,1_3,1_4,2_1,2_3,2_4,3_1,3_2,3_4,4_1,4_2,4_3,p1,p2,p3,p4,speed0,speed1,speed2,speed3,speed4,stop0,stop1,stop2,stop3,stop4,time,timeloss0,timeloss1,timeloss2,timeloss3,timeloss4,travel0,travel1,travel2,travel3,travel4,wait0,wait1,wait2,wait3,wait4,rssll_rrsl_rsssl_rrsl_0,rssll_rrsl_rsssl_rrsl_1,rssll_rrsl_rsssl_rrsl_2,rssll_rrsl_rsssl_rrsl_3,performance measure
0,5,2,1,2,4,1,2,1,5,1,1,3,4,1,2,1,rssll_rrsl_rsssl_rrsl,76.0,341.0,39.0,563.0,105.0,64.0,939.0,50.0,129.0,62.0,179.0,248.0,5.0,12.0,5.0,5.0,9.569016061727012,9.583261250786224,9.61799118654698,9.808250289822945,9.547117741202857,0.7957219251336899,0.8829787234042553,0.8033763654419066,0.736784140969163,0.8905742145178764,3.303035259246826,19.58438502673794,23.236989361702136,20.105620655412125,17.188447136563862,23.236619718309854,64.39572192513369,68.0563829787234,64.87388282025819,61.94933920704846,68.02275189599133,11.915508021390375,14.685106382978724,12.356504468718967,9.920704845814978,14.816901408450704,5.0,12.0,5.0,5.0,12.73894502547075
