,1,1l,1r,1s,2,2l,2r,2s,3,3l,3r,3s,4,4l,4r,4s,id,1_2,1_3,1_4,2_1,2_3,2_4,3_1,3_2,3_4,4_1,4_2,4_3,p1,p2,p3,p4,speed0,speed1,speed2,speed3,speed4,stop0,stop1,stop2,stop3,stop4,time,timeloss0,timeloss1,timeloss2,timeloss3,timeloss4,travel0,travel1,travel2,travel3,travel4,wait0,wait1,wait2,wait3,wait4,rsssl_rrsll_rsl_rsslll_0,rsssl_rrsll_rsl_rsslll_1,rsssl_rrsll_rsl_rsslll_2,rsssl_rrsll_rsl_rsslll_3,performance measure
0,5,1,1,3,5,2,2,1,3,1,1,1,6,3,1,2,rsssl_rrsll_rsl_rsslll,202.0,544.0,116.0,161.0,582.0,339.0,261.0,177.0,218.0,473.0,657.0,47.0,12.0,12.0,20.0,20.0,7.942263442471027,8.11774212663145,8.19662235887713,8.352458527224629,8.237559811354831,0.942457231726283,0.9024390243902439,0.8905053598774885,0.8188647746243739,0.8343558282208589,3.8751320838928223,40.95003110419909,37.401085759244715,35.42529862174573,32.16826377295493,33.267315950920214,85.9284603421462,82.37922895357985,80.36830015313936,77.17445742904842,78.23389570552148,31.1796267496112,28.201416207710466,26.346094946401227,23.75626043405676,24.537576687116566,12.0,12.0,20.0,20.0,26.804195004979242
