,1,1l,1r,1s,2,2l,2r,2s,3,3l,3r,3s,4,4l,4r,4s,id,1_2,1_3,1_4,2_1,2_3,2_4,3_1,3_2,3_4,4_1,4_2,4_3,p1,p2,p3,p4,speed0,speed1,speed2,speed3,speed4,stop0,stop1,stop2,stop3,stop4,time,timeloss0,timeloss1,timeloss2,timeloss3,timeloss4,travel0,travel1,travel2,travel3,travel4,wait0,wait1,wait2,wait3,wait4,rssl_rrsslll_rsl_rrsll_0,rssl_rrsslll_rsl_rrsll_1,rssl_rrsslll_rsl_rrsll_2,rssl_rrsslll_rsl_rrsll_3,performance measure
0,4,1,1,2,7,3,2,2,3,1,1,1,5,2,2,1,rssl_rrsslll_rsl_rrsll,134.0,305.0,143.0,625.0,615.0,327.0,258.0,152.0,124.0,337.0,150.0,177.0,12.0,12.0,12.0,12.0,9.098563901064864,9.22814514585017,9.087255608852722,9.207784555371942,9.233550958341006,0.7183708838821491,0.696,0.7462809917355372,0.7189483227561196,0.7023914968999114,3.2861974239349365,23.671689774696706,22.565413333333364,23.522305785123965,22.135349048050763,22.478609388839654,68.35441941074524,67.24622222222222,68.2404958677686,66.79963735267452,67.19840566873339,16.102253032928942,15.12888888888889,15.695041322314049,14.668177697189483,15.031886625332152,12.0,12.0,12.0,12.0,15.325249513330704
