,1,1l,1r,1s,2,2l,2r,2s,3,3l,3r,3s,4,4l,4r,4s,id,1_2,1_3,1_4,2_1,2_3,2_4,3_1,3_2,3_4,4_1,4_2,4_3,p1,p2,p3,p4,speed0,speed1,speed2,speed3,speed4,stop0,stop1,stop2,stop3,stop4,time,timeloss0,timeloss1,timeloss2,timeloss3,timeloss4,travel0,travel1,travel2,travel3,travel4,wait0,wait1,wait2,wait3,wait4,rrsslll_rrsll_rsssl_rrsslll_0,rrsslll_rrsll_rsssl_rrsslll_1,rrsslll_rrsll_rsssl_rrsslll_2,rrsslll_rrsll_rsssl_rrsslll_3,performance measure
0,7,3,2,2,5,2,2,1,5,1,1,3,7,3,2,2,rrsslll_rrsll_rsssl_rrsslll,231.0,612.0,97.0,480.0,528.0,103.0,299.0,205.0,262.0,610.0,697.0,317.0,12.0,12.0,12.0,12.0,8.815629413357774,8.63228221024082,8.240506523517265,8.690507307342834,8.512298693380117,0.7841291190316073,0.8375838926174497,0.9727802981205443,0.8357588357588358,0.8993881713120326,3.7749698162078857,26.05134498991259,28.48799999999995,34.42641607258587,27.679785169785216,31.38385452073417,70.74512441156692,73.21275167785235,79.11665586519767,72.35273735273735,76.05370496261047,17.96301277740417,20.024161073825503,24.653920933246923,19.301455301455302,22.337865397688645,12.0,12.0,12.0,12.0,20.85608309672411
