,1,1l,1r,1s,2,2l,2r,2s,3,3l,3r,3s,4,4l,4r,4s,id,1_2,1_3,1_4,2_1,2_3,2_4,3_1,3_2,3_4,4_1,4_2,4_3,p1,p2,p3,p4,speed0,speed1,speed2,speed3,speed4,stop0,stop1,stop2,stop3,stop4,time,timeloss0,timeloss1,timeloss2,timeloss3,timeloss4,travel0,travel1,travel2,travel3,travel4,wait0,wait1,wait2,wait3,wait4,rssll_rrsl_rsssl_rrsl_0,rssll_rrsl_rsssl_rrsl_1,rssll_rrsl_rsssl_rrsl_2,rssll_rrsl_rsssl_rrsl_3,performance measure
0,5,2,1,2,4,1,2,1,5,1,1,3,4,1,2,1,rssll_rrsl_rsssl_rrsl,176.0,198.0,323.0,361.0,171.0,185.0,412.0,129.0,61.0,119.0,117.0,127.0,5.0,12.0,12.0,12.0,9.624720795999508,9.484892072995091,9.497215184661686,9.620513346724943,9.612007116069943,0.6595238095238095,0.6808510638297872,0.7053254437869823,0.6717948717948717,0.6646039603960396,2.7655656337738037,19.532142857142837,20.294480600750973,19.933715976331367,18.99644871794872,19.0107301980198,64.16190476190476,64.93992490613266,64.5810650887574,63.61153846153846,63.585396039603964,12.358333333333333,13.163954943679599,12.803550295857988,12.064102564102564,12.009900990099009,5.0,12.0,12.0,12.0,12.479968425414498
