,1,1l,1r,1s,2,2l,2r,2s,3,3l,3r,3s,4,4l,4r,4s,id,1_2,1_3,1_4,2_1,2_3,2_4,3_1,3_2,3_4,4_1,4_2,4_3,p1,p2,p3,p4,speed0,speed1,speed2,speed3,speed4,stop0,stop1,stop2,stop3,stop4,time,timeloss0,timeloss1,timeloss2,timeloss3,timeloss4,travel0,travel1,travel2,travel3,travel4,wait0,wait1,wait2,wait3,wait4,rsl_rsssll_rrssl_rrsslll_0,rsl_rsssll_rrssl_rrsslll_1,rsl_rsssll_rrssl_rrsslll_2,rsl_rsssll_rrssl_rrsslll_3,performance measure
0,3,1,1,1,6,2,1,3,5,1,2,2,7,3,2,2,rsl_rsssll_rrssl_rrsslll,270.0,321.0,313.0,161.0,126.0,794.0,565.0,343.0,279.0,121.0,436.0,292.0,12.0,12.0,5.0,12.0,9.141585266370665,9.189457110250908,9.029521235670675,9.141781347720425,8.954388442346232,0.7745750184774575,0.7514925373134328,0.7974044700793078,0.7745620715917746,0.8147877013177159,3.80957293510437,22.581995565410168,22.276276119402983,23.93837058399424,22.651340441736473,25.02338945827232,67.25351071692535,66.9634328358209,68.67700072098053,67.28408225437929,69.73865300146413,14.643015521064301,14.438059701492538,15.682047584715212,14.643564356435643,16.539531478770133,12.0,12.0,5.0,12.0,15.189243728495565
