,1,1l,1r,1s,2,2l,2r,2s,3,3l,3r,3s,4,4l,4r,4s,id,1_2,1_3,1_4,2_1,2_3,2_4,3_1,3_2,3_4,4_1,4_2,4_3,p1,p2,p3,p4,speed0,speed1,speed2,speed3,speed4,stop0,stop1,stop2,stop3,stop4,time,timeloss0,timeloss1,timeloss2,timeloss3,timeloss4,travel0,travel1,travel2,travel3,travel4,wait0,wait1,wait2,wait3,wait4,rsl_rsl_rsl_rrssssl_0,rsl_rsl_rsl_rrssssl_1,rsl_rsl_rsl_rrssssl_2,rsl_rsl_rsl_rrssssl_3,performance measure
0,3,1,1,1,3,1,1,1,3,1,1,1,7,1,2,4,rsl_rsl_rsl_rrssssl,297.0,74.0,172.0,292.0,139.0,328.0,298.0,77.0,272.0,127.0,1201.0,192.0,12.0,12.0,5.0,12.0,8.252581084920754,8.441926124412792,8.317227660423534,8.717872987393344,8.534170618376786,1.0979557069846677,1.0432900432900434,1.0269607843137254,0.9463636363636364,1.0231164383561644,3.5504684448242188,37.039207836456505,35.89435497835497,34.44707516339869,30.644381818181817,35.12010273972602,82.04940374787053,80.94632034632035,79.42565359477125,75.65454545454546,80.12671232876713,26.04770017035775,25.692640692640694,24.226307189542485,21.23818181818182,25.03767123287671,12.0,12.0,5.0,12.0,24.448500220719893
