,1,1l,1r,1s,2,2l,2r,2s,3,3l,3r,3s,4,4l,4r,4s,id,1_2,1_3,1_4,2_1,2_3,2_4,3_1,3_2,3_4,4_1,4_2,4_3,p1,p2,p3,p4,speed0,speed1,speed2,speed3,speed4,stop0,stop1,stop2,stop3,stop4,time,timeloss0,timeloss1,timeloss2,timeloss3,timeloss4,travel0,travel1,travel2,travel3,travel4,wait0,wait1,wait2,wait3,wait4,rsl_rsssl_rssssl_rssll_0,rsl_rsssl_rssssl_rssll_1,rsl_rsssl_rssssl_rssll_2,rsl_rsssl_rssssl_rssll_3,performance measure
0,3,1,1,1,5,1,1,3,6,1,1,4,5,2,1,2,rsl_rsssl_rssssl_rssll,91.0,73.0,234.0,102.0,104.0,318.0,1331.0,120.0,287.0,597.0,217.0,267.0,12.0,12.0,12.0,5.0,8.810773341185403,8.581827824850821,8.70947142269268,8.912603691137813,8.765876259834215,0.8346456692913385,0.8796583850931677,0.8624213836477987,0.8131147540983606,0.8607003891050584,3.874805212020874,25.95809448818897,28.039177018633573,26.54665880503147,24.54014754098362,27.095143968871593,70.87795275590551,72.97360248447205,71.4622641509434,69.48032786885246,72.02023346303503,17.630708661417323,19.237577639751553,17.830974842767297,16.25,18.61556420233463,12.0,12.0,12.0,5.0,17.912965069254163
