,1,1l,1r,1s,2,2l,2r,2s,3,3l,3r,3s,4,4l,4r,4s,id,1_2,1_3,1_4,2_1,2_3,2_4,3_1,3_2,3_4,4_1,4_2,4_3,p1,p2,p3,p4,speed0,speed1,speed2,speed3,speed4,stop0,stop1,stop2,stop3,stop4,time,timeloss0,timeloss1,timeloss2,timeloss3,timeloss4,travel0,travel1,travel2,travel3,travel4,wait0,wait1,wait2,wait3,wait4,rsl_rsssssl_rsll_rrssl_0,rsl_rsssssl_rsll_rrssl_1,rsl_rsssssl_rsll_rrssl_2,rsl_rsssssl_rsll_rrssl_3,performance measure
0,3,1,1,1,7,1,1,5,4,2,1,1,5,1,2,2,rsl_rsssssl_rsll_rrssl,141.0,303.0,202.0,100.0,196.0,821.0,165.0,101.0,251.0,282.0,308.0,285.0,12.0,12.0,12.0,12.0,8.923343823322275,8.74555010618061,8.466128045610713,8.941991787583921,8.573407365105396,0.7793167128347184,0.8319327731092437,0.9762122598353157,0.7957610789980732,0.9112149532710281,3.687530517578125,25.15622345337027,28.993585434173678,33.580695333943275,25.225992292870924,32.32008411214951,70.01662049861496,73.85434173669468,78.44739249771271,70.09633911368016,77.17009345794392,17.385964912280702,20.49673202614379,23.931381518755718,17.29961464354528,23.000934579439253,12.0,12.0,12.0,12.0,20.42292553603295
