,1,1l,1r,1s,2,2l,2r,2s,3,3l,3r,3s,4,4l,4r,4s,id,1_2,1_3,1_4,2_1,2_3,2_4,3_1,3_2,3_4,4_1,4_2,4_3,p1,p2,p3,p4,speed0,speed1,speed2,speed3,speed4,stop0,stop1,stop2,stop3,stop4,time,timeloss0,timeloss1,timeloss2,timeloss3,timeloss4,travel0,travel1,travel2,travel3,travel4,wait0,wait1,wait2,wait3,wait4,rrslll_rssll_rsl_rssssll_0,rrslll_rssll_rsl_rssssll_1,rrslll_rssll_rsl_rssssll_2,rrslll_rssll_rsl_rssssll_3,performance measure
0,6,3,2,1,5,2,1,2,3,1,1,1,7,2,1,4,rrslll_rssll_rsl_rssssll,331.0,261.0,596.0,213.0,180.0,665.0,187.0,201.0,280.0,163.0,611.0,185.0,12.0,12.0,5.0,12.0,9.16954969810916,9.133487210080492,9.001842036579204,9.134906559728394,9.124924157689241,0.7585421412300684,0.7583841463414634,0.8080808080808081,0.7660910518053375,0.7602427921092565,3.8902697563171387,22.36151100987091,22.788719512195087,24.061435786435776,22.805141287284147,22.85122154779967,66.98936977980259,67.44969512195122,68.72294372294373,67.41758241758242,67.42867981790592,14.48215641609719,14.979420731707316,15.805916305916305,14.956828885400315,14.996965098634295,12.0,12.0,5.0,12.0,15.044257487551084
