,1,1l,1r,1s,2,2l,2r,2s,3,3l,3r,3s,4,4l,4r,4s,id,1_2,1_3,1_4,2_1,2_3,2_4,3_1,3_2,3_4,4_1,4_2,4_3,p1,p2,p3,p4,speed0,speed1,speed2,speed3,speed4,stop0,stop1,stop2,stop3,stop4,time,timeloss0,timeloss1,timeloss2,timeloss3,timeloss4,travel0,travel1,travel2,travel3,travel4,wait0,wait1,wait2,wait3,wait4,rsl_rrsl_rssslll_rssssl_0,rsl_rrsl_rssslll_rssssl_1,rsl_rrsl_rssslll_rssssl_2,rsl_rrsl_rssslll_rssssl_3,performance measure
0,3,1,1,1,4,1,2,1,7,3,1,3,6,1,1,4,rsl_rrsl_rssslll_rssssl,104.0,309.0,228.0,318.0,130.0,148.0,373.0,121.0,133.0,195.0,872.0,227.0,5.0,12.0,12.0,12.0,9.373012255972814,9.262458830083304,9.13846513413196,9.380745123561658,9.123552738649387,0.7359187442289935,0.7507109004739336,0.7951582867783985,0.736372646184341,0.8011100832562442,3.23388671875,21.722059095106175,21.90074881516585,24.012327746741136,21.355748265609545,24.373774283071285,66.45614035087719,66.64360189573459,68.72067039106145,66.0773042616452,69.11840888066605,14.069252077562327,14.351658767772513,16.049348230912475,13.897918731417246,16.182238667900094,5.0,12.0,12.0,12.0,14.910083295112932
