,1,1l,1r,1s,2,2l,2r,2s,3,3l,3r,3s,4,4l,4r,4s,id,1_2,1_3,1_4,2_1,2_3,2_4,3_1,3_2,3_4,4_1,4_2,4_3,p1,p2,p3,p4,speed0,speed1,speed2,speed3,speed4,stop0,stop1,stop2,stop3,stop4,time,timeloss0,timeloss1,timeloss2,timeloss3,timeloss4,travel0,travel1,travel2,travel3,travel4,wait0,wait1,wait2,wait3,wait4,rsl_rssslll_rrsssl_rsslll_0,rsl_rssslll_rrsssl_rsslll_1,rsl_rssslll_rrsssl_rsslll_2,rsl_rssslll_rrsssl_rsslll_3,performance measure
0,3,1,1,1,7,3,1,3,6,1,2,3,6,3,1,2,rsl_rssslll_rrsssl_rsslll,320.0,350.0,141.0,245.0,267.0,397.0,993.0,597.0,295.0,556.0,686.0,197.0,20.0,20.0,12.0,20.0,8.234010017501802,8.062332131856056,8.070867078806119,8.297519733933475,8.151154266895091,0.7790351399642644,0.8215130023640662,0.8256672345258376,0.7749235474006116,0.803012048192771,4.3962929248809814,32.24951161405601,34.69972222222221,34.61122089721755,31.802556574923553,33.48759036144577,77.02263251935676,79.47163120567376,79.33674048835888,76.53149847094801,78.20481927710843,23.759380583680763,26.006501182033098,25.61669505962521,23.446483180428135,24.846385542168676,20.0,20.0,12.0,20.0,24.735089109587175
