,1,1l,1r,1s,2,2l,2r,2s,3,3l,3r,3s,4,4l,4r,4s,id,1_2,1_3,1_4,2_1,2_3,2_4,3_1,3_2,3_4,4_1,4_2,4_3,p1,p2,p3,p4,speed0,speed1,speed2,speed3,speed4,stop0,stop1,stop2,stop3,stop4,time,timeloss0,timeloss1,timeloss2,timeloss3,timeloss4,travel0,travel1,travel2,travel3,travel4,wait0,wait1,wait2,wait3,wait4,rsl_rsssll_rrssl_rrsslll_0,rsl_rsssll_rrssl_rrsslll_1,rsl_rsssll_rrssl_rrsslll_2,rsl_rsssll_rrssl_rrsslll_3,performance measure
0,3,1,1,1,6,2,1,3,5,1,2,2,7,3,2,2,rsl_rsssll_rrssl_rrsslll,145.0,86.0,256.0,100.0,142.0,748.0,148.0,447.0,295.0,388.0,710.0,587.0,12.0,5.0,5.0,12.0,9.583968314425558,9.457124959380948,9.360814781391886,9.459218172423022,9.377825765739688,0.7012534818941504,0.7540740740740741,0.7606961566352429,0.7475872308834447,0.763271162123386,3.8052022457122803,18.74036908077995,20.520244444444405,20.787229876722286,19.992910170749806,20.741807747489236,63.366991643454035,65.0911111111111,65.46047860768672,64.5478841870824,65.3909612625538,11.282729805013927,12.908888888888889,12.98912255257433,12.371937639198219,12.953371592539455,12.0,5.0,5.0,12.0,12.501210095642964
