,1,1l,1r,1s,2,2l,2r,2s,3,3l,3r,3s,4,4l,4r,4s,id,1_2,1_3,1_4,2_1,2_3,2_4,3_1,3_2,3_4,4_1,4_2,4_3,p1,p2,p3,p4,speed0,speed1,speed2,speed3,speed4,stop0,stop1,stop2,stop3,stop4,time,timeloss0,timeloss1,timeloss2,timeloss3,timeloss4,travel0,travel1,travel2,travel3,travel4,wait0,wait1,wait2,wait3,wait4,rrsssll_rsl_rsl_rrsll_0,rrsssll_rsl_rsl_rrsll_1,rrsssll_rsl_rsl_rrsll_2,rrsssll_rsl_rsl_rrsll_3,performance measure
0,7,2,2,3,3,1,1,1,3,1,1,1,5,2,2,1,rrsssll_rsl_rsl_rrsll,221.0,910.0,313.0,104.0,117.0,62.0,114.0,102.0,222.0,378.0,257.0,168.0,12.0,12.0,12.0,12.0,8.885014446329507,8.960843126241134,8.804706974669795,8.911558838894472,8.917730745939847,0.7718780727630286,0.759682224428997,0.806930693069307,0.7808510638297872,0.7857142857142857,3.1562299728393555,25.126479842674502,24.901062562065537,25.721851485148534,24.76152127659575,26.12387896825396,70.04424778761062,69.8351539225422,70.63069306930693,69.65851063829787,70.9890873015873,17.189773844641103,17.047666335650447,17.58316831683168,16.940425531914894,18.020833333333332,12.0,12.0,12.0,12.0,17.356373472474292
