,1,1l,1r,1s,2,2l,2r,2s,3,3l,3r,3s,4,4l,4r,4s,id,1_2,1_3,1_4,2_1,2_3,2_4,3_1,3_2,3_4,4_1,4_2,4_3,p1,p2,p3,p4,speed0,speed1,speed2,speed3,speed4,stop0,stop1,stop2,stop3,stop4,time,timeloss0,timeloss1,timeloss2,timeloss3,timeloss4,travel0,travel1,travel2,travel3,travel4,wait0,wait1,wait2,wait3,wait4,rssslll_rssll_rsssl_rrssl_0,rssslll_rssll_rsssl_rrssl_1,rssslll_rssll_rsssl_rrssl_2,rssslll_rssll_rsssl_rrssl_3,performance measure
0,7,3,1,3,5,2,1,2,5,1,1,3,5,1,2,2,rssslll_rssll_rsssl_rrssl,772.0,154.0,207.0,126.0,630.0,529.0,687.0,190.0,41.0,86.0,246.0,497.0,12.0,12.0,12.0,12.0,8.543162283698095,8.891710824596302,8.716074631567311,8.945783610938069,8.256839617719184,0.869475138121547,0.7583988563259471,0.830028328611898,0.781700288184438,1.026610644257703,4.077853441238403,29.46212016574585,25.559220872051448,27.27140226628893,24.314474063400596,37.67450280112042,74.23135359116021,70.34739099356683,72.0828611898017,69.04466858789625,82.43557422969188,20.754834254143645,17.591851322373124,18.827195467422097,16.31772334293948,27.160364145658264,12.0,12.0,12.0,12.0,20.130393706507324
