,1,1l,1r,1s,2,2l,2r,2s,3,3l,3r,3s,4,4l,4r,4s,id,1_2,1_3,1_4,2_1,2_3,2_4,3_1,3_2,3_4,4_1,4_2,4_3,p1,p2,p3,p4,speed0,speed1,speed2,speed3,speed4,stop0,stop1,stop2,stop3,stop4,time,timeloss0,timeloss1,timeloss2,timeloss3,timeloss4,travel0,travel1,travel2,travel3,travel4,wait0,wait1,wait2,wait3,wait4,rsll_rsl_rssslll_rrsssll_0,rsll_rsl_rssslll_rrsssll_1,rsll_rsl_rssslll_rrsssll_2,rsll_rsl_rssslll_rrsssll_3,performance measure
0,4,2,1,1,3,1,1,1,7,3,1,3,7,2,2,3,rsll_rsl_rssslll_rrsssll,261.0,55.0,183.0,310.0,228.0,195.0,150.0,198.0,818.0,304.0,274.0,545.0,12.0,5.0,12.0,12.0,9.418101317445597,9.496830850246493,9.34291853179548,9.417241096717357,9.474561195979751,0.70863599677159,0.6866438356164384,0.7216238608119304,0.7054329371816639,0.6796680497925311,3.5080795288085938,20.22867635189667,19.585428082191765,20.71497100248552,20.220857385398972,19.737991701244823,64.72397094430993,64.08818493150685,65.2245236122618,64.73174872665535,64.23485477178423,12.745762711864407,12.329623287671232,13.096934548467274,12.762308998302208,12.428215767634855,12.0,5.0,12.0,12.0,12.672569062787996
