,1,1l,1r,1s,2,2l,2r,2s,3,3l,3r,3s,4,4l,4r,4s,id,1_2,1_3,1_4,2_1,2_3,2_4,3_1,3_2,3_4,4_1,4_2,4_3,p1,p2,p3,p4,speed0,speed1,speed2,speed3,speed4,stop0,stop1,stop2,stop3,stop4,time,timeloss0,timeloss1,timeloss2,timeloss3,timeloss4,travel0,travel1,travel2,travel3,travel4,wait0,wait1,wait2,wait3,wait4,rssslll_rssll_rsssl_rrssl_0,rssslll_rssll_rsssl_rrssl_1,rssslll_rssll_rsssl_rrssl_2,rssslll_rssll_rsssl_rrssl_3,performance measure
0,7,3,1,3,5,2,1,2,5,1,1,3,5,1,2,2,rssslll_rssll_rsssl_rrssl,261.0,489.0,156.0,308.0,403.0,227.0,936.0,160.0,107.0,66.0,486.0,540.0,5.0,12.0,12.0,12.0,9.163166398948096,9.170445967884685,9.155739672366419,9.251205033942293,9.31134787488178,0.7803138373751783,0.7519489723600283,0.7653710247349823,0.7407686510926903,0.7267483777937995,3.9051036834716797,23.46417974322397,22.381814316087883,22.209385159010615,22.08394875659383,21.712588320115362,68.12910128388017,67.07937632884479,66.93710247349823,66.68123587038433,66.41240086517664,15.635520684736091,14.69950389794472,14.400706713780918,14.571213262999246,14.218457101658256,5.0,12.0,12.0,12.0,14.705080332223847
