,1,1l,1r,1s,2,2l,2r,2s,3,3l,3r,3s,4,4l,4r,4s,id,1_2,1_3,1_4,2_1,2_3,2_4,3_1,3_2,3_4,4_1,4_2,4_3,p1,p2,p3,p4,speed0,speed1,speed2,speed3,speed4,stop0,stop1,stop2,stop3,stop4,time,timeloss0,timeloss1,timeloss2,timeloss3,timeloss4,travel0,travel1,travel2,travel3,travel4,wait0,wait1,wait2,wait3,wait4,rssll_rrsl_rsssl_rrsl_0,rssll_rrsl_rsssl_rrsl_1,rssll_rrsl_rsssl_rrsl_2,rssll_rrsl_rsssl_rrsl_3,performance measure
0,5,2,1,2,4,1,2,1,5,1,1,3,4,1,2,1,rssll_rrsl_rsssl_rrsl,80.0,591.0,266.0,318.0,277.0,87.0,656.0,224.0,224.0,89.0,60.0,458.0,12.0,12.0,12.0,5.0,9.464218570199309,9.422990649064078,9.218735092370435,9.390787273115166,9.418635700574821,0.699228791773779,0.7011494252873564,0.7637314734088928,0.7179723502304147,0.7030837004405286,3.4995808601379395,20.550985432733537,20.373722369584467,22.331054925893643,20.747741935483873,20.75748898678418,65.18594687232219,65.01237842617152,66.98256320836965,65.36866359447005,65.36387665198238,13.154241645244216,12.851458885941645,14.510026155187445,13.137327188940093,13.355066079295154,12.0,12.0,12.0,5.0,13.40162399092171
