,1,1l,1r,1s,2,2l,2r,2s,3,3l,3r,3s,4,4l,4r,4s,id,1_2,1_3,1_4,2_1,2_3,2_4,3_1,3_2,3_4,4_1,4_2,4_3,p1,p2,p3,p4,speed0,speed1,speed2,speed3,speed4,stop0,stop1,stop2,stop3,stop4,time,timeloss0,timeloss1,timeloss2,timeloss3,timeloss4,travel0,travel1,travel2,travel3,travel4,wait0,wait1,wait2,wait3,wait4,rsl_rrsll_rsl_rslll_0,rsl_rrsll_rsl_rslll_1,rsl_rrsll_rsl_rslll_2,rsl_rrsll_rsl_rslll_3,performance measure
0,3,1,1,1,5,2,2,1,3,1,1,1,5,3,1,1,rsl_rrsll_rsl_rslll,251.0,135.0,322.0,383.0,583.0,167.0,170.0,52.0,234.0,271.0,350.0,120.0,20.0,12.0,20.0,20.0,8.352379756144341,8.398738791037546,8.530301768277862,8.529912138633554,8.21225028428044,0.7849666983824929,0.7549800796812749,0.7488196411709159,0.737108190091001,0.7775647171620326,3.25241756439209,32.70189343482399,31.354631474103552,30.122370160528813,29.74884732052577,33.02676893576221,77.67269267364415,76.33366533864542,75.03399433427762,74.72901921132457,77.97986577181209,24.039961941008563,23.07171314741036,21.816808309726156,21.669362992922142,24.543624161073826,20.0,12.0,20.0,20.0,23.02829411042821
