,1,1l,1r,1s,2,2l,2r,2s,3,3l,3r,3s,4,4l,4r,4s,id,1_2,1_3,1_4,2_1,2_3,2_4,3_1,3_2,3_4,4_1,4_2,4_3,p1,p2,p3,p4,speed0,speed1,speed2,speed3,speed4,stop0,stop1,stop2,stop3,stop4,time,timeloss0,timeloss1,timeloss2,timeloss3,timeloss4,travel0,travel1,travel2,travel3,travel4,wait0,wait1,wait2,wait3,wait4,rsl_rsssll_rrssl_rrsslll_0,rsl_rsssll_rrssl_rrsslll_1,rsl_rsssll_rrssl_rrsslll_2,rsl_rsssll_rrssl_rrsslll_3,performance measure
0,3,1,1,1,6,2,1,3,5,1,2,2,7,3,2,2,rsl_rsssll_rrssl_rrsslll,127.0,52.0,162.0,149.0,152.0,917.0,281.0,443.0,233.0,534.0,124.0,580.0,12.0,5.0,12.0,12.0,9.06833185542374,8.987447831484081,9.178791362184494,9.053556827100039,9.22009824147254,0.909297052154195,0.9337016574585635,0.797045101088647,0.8402225755166932,0.7726913970007893,3.8435237407684326,30.149954648526077,31.05449881610109,24.262846034214636,26.54263910969789,23.880876085240708,74.67498110355253,75.62588792423047,68.85225505443235,71.08267090620032,68.39542225730071,21.317460317460316,22.185477505919494,16.349922239502334,18.363275039745627,16.10418310970797,12.0,5.0,12.0,12.0,18.86406364246715
