,1,1l,1r,1s,2,2l,2r,2s,3,3l,3r,3s,4,4l,4r,4s,id,1_2,1_3,1_4,2_1,2_3,2_4,3_1,3_2,3_4,4_1,4_2,4_3,p1,p2,p3,p4,speed0,speed1,speed2,speed3,speed4,stop0,stop1,stop2,stop3,stop4,time,timeloss0,timeloss1,timeloss2,timeloss3,timeloss4,travel0,travel1,travel2,travel3,travel4,wait0,wait1,wait2,wait3,wait4,rrslll_rssll_rsl_rssssll_0,rrslll_rssll_rsl_rssssll_1,rrslll_rssll_rsl_rssssll_2,rrslll_rssll_rsl_rssssll_3,performance measure
0,6,3,2,1,5,2,1,2,3,1,1,1,7,2,1,4,rrslll_rssll_rsl_rssssll,553.0,264.0,578.0,154.0,390.0,657.0,187.0,304.0,259.0,412.0,343.0,83.0,12.0,12.0,12.0,12.0,8.31110121619014,8.561053726110998,8.314448843450835,8.536363841206386,8.530985645535358,0.9535050071530758,0.8450802512212142,0.931497649429147,0.8896848137535817,0.8895224518888097,3.9686474800109863,34.11291130185983,29.67449406838798,32.33444593687039,29.598137535816583,30.80806842480399,78.91416309012875,74.48220516399162,77.13364674278039,74.34383954154728,75.56307911617961,24.34620886981402,20.929518492672713,23.007387508394896,20.7256446991404,21.78047042052744,12.0,12.0,12.0,12.0,22.157845998109895
