,1,1l,1r,1s,2,2l,2r,2s,3,3l,3r,3s,4,4l,4r,4s,id,1_2,1_3,1_4,2_1,2_3,2_4,3_1,3_2,3_4,4_1,4_2,4_3,p1,p2,p3,p4,speed0,speed1,speed2,speed3,speed4,stop0,stop1,stop2,stop3,stop4,time,timeloss0,timeloss1,timeloss2,timeloss3,timeloss4,travel0,travel1,travel2,travel3,travel4,wait0,wait1,wait2,wait3,wait4,rsl_rsl_rsl_rrssssl_0,rsl_rsl_rsl_rrssssl_1,rsl_rsl_rsl_rrssssl_2,rsl_rsl_rsl_rrssssl_3,performance measure
0,3,1,1,1,3,1,1,1,3,1,1,1,7,1,2,4,rsl_rsl_rsl_rrssssl,269.0,83.0,157.0,157.0,255.0,180.0,70.0,211.0,260.0,114.0,212.0,293.0,12.0,5.0,12.0,12.0,9.101933076591056,9.299000239481511,8.928804833737347,9.191055547680197,9.365210207191893,0.7723270440251573,0.7230359520639148,0.8362944162436549,0.7727891156462585,0.7104247104247104,2.9048912525177,23.797937106918226,21.51766977363516,25.86479695431471,22.717891156462596,21.118545688545694,68.54716981132076,66.24500665778962,70.63578680203045,67.41224489795918,65.84813384813384,15.919496855345912,14.065246338215712,17.408629441624367,14.838095238095239,13.633204633204633,12.0,5.0,12.0,12.0,15.172934501297172
