,1,1l,1r,1s,2,2l,2r,2s,3,3l,3r,3s,4,4l,4r,4s,id,1_2,1_3,1_4,2_1,2_3,2_4,3_1,3_2,3_4,4_1,4_2,4_3,p1,p2,p3,p4,speed0,speed1,speed2,speed3,speed4,stop0,stop1,stop2,stop3,stop4,time,timeloss0,timeloss1,timeloss2,timeloss3,timeloss4,travel0,travel1,travel2,travel3,travel4,wait0,wait1,wait2,wait3,wait4,rsl_rsssl_rssssl_rssll_0,rsl_rsssl_rssssl_rssll_1,rsl_rsssl_rssssl_rssll_2,rsl_rsssl_rssssl_rssll_3,performance measure
0,3,1,1,1,5,1,1,3,6,1,1,4,5,2,1,2,rsl_rsssl_rssssl_rssll,208.0,136.0,245.0,63.0,322.0,238.0,190.0,318.0,314.0,412.0,107.0,285.0,12.0,5.0,12.0,5.0,9.303713271485185,9.419875660231813,9.050955569375873,9.209906098738898,9.462850314666419,0.7676266137040715,0.7667364016736402,0.9596456692913385,0.8118279569892473,0.7361963190184049,3.3124828338623047,20.94787487586896,20.439320083682013,28.225127952755905,22.37935483870967,20.098067484662565,65.71002979145977,65.23012552301255,72.9744094488189,67.11827956989248,64.79038854805727,13.03475670307845,12.689330543933055,18.751968503937007,14.084946236559139,12.316973415132924,12.0,5.0,12.0,5.0,14.175595080528115
