,1,1l,1r,1s,2,2l,2r,2s,3,3l,3r,3s,4,4l,4r,4s,id,1_2,1_3,1_4,2_1,2_3,2_4,3_1,3_2,3_4,4_1,4_2,4_3,p1,p2,p3,p4,speed0,speed1,speed2,speed3,speed4,stop0,stop1,stop2,stop3,stop4,time,timeloss0,timeloss1,timeloss2,timeloss3,timeloss4,travel0,travel1,travel2,travel3,travel4,wait0,wait1,wait2,wait3,wait4,rsl_rsssll_rrssl_rrsslll_0,rsl_rsssll_rrssl_rrsslll_1,rsl_rsssll_rrssl_rrsslll_2,rsl_rsssll_rrssl_rrsslll_3,performance measure
0,3,1,1,1,6,2,1,3,5,1,2,2,7,3,2,2,rsl_rsssll_rrssl_rrsslll,303.0,249.0,197.0,151.0,548.0,910.0,670.0,508.0,125.0,438.0,563.0,573.0,12.0,12.0,12.0,12.0,8.233525268560724,8.632118706094273,8.47860419827555,8.44775504546432,8.7785969034457,0.9461410327595781,0.8207440811724915,0.8822544642857143,0.8822170900692841,0.7848173515981736,4.582180976867676,33.642059966685196,28.410535512965097,30.200106026785676,29.639076212471156,26.173453196347072,78.30205441421433,73.13021420518602,74.91238839285714,74.34122401847576,70.86472602739725,23.953914491948918,19.794250281848928,21.077566964285715,20.72863741339492,17.856164383561644,12.0,12.0,12.0,12.0,20.682106707008025
