,1,1l,1r,1s,2,2l,2r,2s,3,3l,3r,3s,4,4l,4r,4s,id,1_2,1_3,1_4,2_1,2_3,2_4,3_1,3_2,3_4,4_1,4_2,4_3,p1,p2,p3,p4,speed0,speed1,speed2,speed3,speed4,stop0,stop1,stop2,stop3,stop4,time,timeloss0,timeloss1,timeloss2,timeloss3,timeloss4,travel0,travel1,travel2,travel3,travel4,wait0,wait1,wait2,wait3,wait4,rssll_rrssl_rssslll_rrssll_0,rssll_rrssl_rssslll_rrssll_1,rssll_rrssl_rssslll_rrssll_2,rssll_rrssl_rssslll_rrssll_3,performance measure
0,5,2,1,2,5,1,2,2,7,3,1,3,6,2,2,2,rssll_rrssl_rssslll_rrssll,81.0,688.0,272.0,76.0,290.0,688.0,678.0,36.0,567.0,641.0,176.0,373.0,12.0,20.0,20.0,20.0,8.230621552134915,8.267995351925169,8.189773448906216,8.193167646163772,8.07222877960538,0.7938682322243966,0.7821720025109855,0.8020631850419084,0.8017591339648173,0.8147905759162304,4.040945768356323,32.53392694063924,32.348725674827385,33.285415860734986,33.14253721244926,34.02145287958116,77.42009132420091,77.24733207784055,78.21921341070278,78.02638700947226,78.88743455497382,24.07045009784736,24.011927181418706,24.71760154738878,24.716508795669824,25.520287958115183,12.0,20.0,20.0,20.0,24.607355116087973
