,1,1l,1r,1s,2,2l,2r,2s,3,3l,3r,3s,4,4l,4r,4s,id,1_2,1_3,1_4,2_1,2_3,2_4,3_1,3_2,3_4,4_1,4_2,4_3,p1,p2,p3,p4,speed0,speed1,speed2,speed3,speed4,stop0,stop1,stop2,stop3,stop4,time,timeloss0,timeloss1,timeloss2,timeloss3,timeloss4,travel0,travel1,travel2,travel3,travel4,wait0,wait1,wait2,wait3,wait4,rsl_rssslll_rrsssl_rsslll_0,rsl_rssslll_rrsssl_rsslll_1,rsl_rssslll_rrsssl_rsslll_2,rsl_rssslll_rrsssl_rsslll_3,performance measure
0,3,1,1,1,7,3,1,3,6,1,2,3,6,3,1,2,rsl_rssslll_rrsssl_rsslll,274.0,81.0,221.0,93.0,595.0,247.0,495.0,233.0,76.0,660.0,207.0,306.0,12.0,12.0,12.0,5.0,9.261840707549311,9.222630468232957,9.132144084740721,9.263847932482962,9.183567247994514,0.7475083056478405,0.7546848381601363,0.785472972972973,0.7435456110154905,0.7593537414965986,3.6717753410339355,21.832906976744187,22.42222316865414,23.230658783783813,21.605137693631676,23.25234693877548,66.49750830564784,67.06729131175469,67.88175675675676,66.24010327022376,67.91156462585035,14.136212624584717,14.7793867120954,15.264358108108109,14.015490533562822,15.560374149659864,12.0,12.0,12.0,5.0,14.751164425602184
