,1,1l,1r,1s,2,2l,2r,2s,3,3l,3r,3s,4,4l,4r,4s,id,1_2,1_3,1_4,2_1,2_3,2_4,3_1,3_2,3_4,4_1,4_2,4_3,p1,p2,p3,p4,speed0,speed1,speed2,speed3,speed4,stop0,stop1,stop2,stop3,stop4,time,timeloss0,timeloss1,timeloss2,timeloss3,timeloss4,travel0,travel1,travel2,travel3,travel4,wait0,wait1,wait2,wait3,wait4,rsl_rsssll_rrssl_rrsslll_0,rsl_rsssll_rrssl_rrsslll_1,rsl_rsssll_rrssl_rrsslll_2,rsl_rsssll_rrssl_rrsslll_3,performance measure
0,3,1,1,1,6,2,1,3,5,1,2,2,7,3,2,2,rsl_rsssll_rrssl_rrsslll,71.0,191.0,288.0,227.0,267.0,497.0,209.0,580.0,247.0,355.0,134.0,357.0,12.0,12.0,12.0,12.0,9.222392843602181,9.406349768934929,9.25271879087885,9.334569248459724,9.362550235122107,0.70355078447564,0.6529209621993127,0.7218597063621534,0.705161854768154,0.6779513888888888,3.5761213302612305,22.118208092485546,20.84406357388316,22.096247960848295,21.212510936132983,21.000512152777752,66.51445086705202,65.28436426116839,66.53099510603589,65.58880139982502,65.38020833333333,14.725846407927333,13.707903780068728,14.62805872756933,13.910761154855644,13.74392361111111,12.0,12.0,12.0,12.0,14.143298736306429
