,1,1l,1r,1s,2,2l,2r,2s,3,3l,3r,3s,4,4l,4r,4s,id,1_2,1_3,1_4,2_1,2_3,2_4,3_1,3_2,3_4,4_1,4_2,4_3,p1,p2,p3,p4,speed0,speed1,speed2,speed3,speed4,stop0,stop1,stop2,stop3,stop4,time,timeloss0,timeloss1,timeloss2,timeloss3,timeloss4,travel0,travel1,travel2,travel3,travel4,wait0,wait1,wait2,wait3,wait4,rsssssl_rsl_rrsslll_rsssll_0,rsssssl_rsl_rrsslll_rsssll_1,rsssssl_rsl_rrsslll_rsssll_2,rsssssl_rsl_rrsslll_rsssll_3,performance measure
0,7,1,1,5,3,1,1,1,7,3,2,2,6,2,1,3,rsssssl_rsl_rrsslll_rsssll,145.0,286.0,263.0,113.0,261.0,132.0,482.0,648.0,430.0,548.0,1058.0,241.0,12.0,12.0,20.0,20.0,8.54055486843202,8.488001074026581,8.528554880634868,8.61817014066799,8.640550331903812,0.7713730569948186,0.7818770226537217,0.7860635696821516,0.7551563539587491,0.7518009168303864,4.265481233596802,29.858950777202114,29.302368932038824,28.68934596577018,28.415136393878896,28.064636542239697,74.44753886010362,73.95922330097088,73.35941320293398,73.04723885562208,72.66404715127702,21.568652849740932,20.87702265372168,20.175427872860634,20.377910844976714,20.03601833660773,12.0,12.0,20.0,20.0,20.607006511581538
