,1,1l,1r,1s,2,2l,2r,2s,3,3l,3r,3s,4,4l,4r,4s,id,1_2,1_3,1_4,2_1,2_3,2_4,3_1,3_2,3_4,4_1,4_2,4_3,p1,p2,p3,p4,speed0,speed1,speed2,speed3,speed4,stop0,stop1,stop2,stop3,stop4,time,timeloss0,timeloss1,timeloss2,timeloss3,timeloss4,travel0,travel1,travel2,travel3,travel4,wait0,wait1,wait2,wait3,wait4,rrssl_rrssl_rrsslll_rrsslll_0,rrssl_rrssl_rrsslll_rrsslll_1,rrssl_rrssl_rrsslll_rrsslll_2,rrssl_rrssl_rrsslll_rrsslll_3,performance measure
0,5,1,2,2,5,1,2,2,7,3,2,2,7,3,2,2,rrssl_rrssl_rrsslll_rrsslll,285.0,573.0,343.0,146.0,62.0,84.0,165.0,608.0,523.0,294.0,290.0,179.0,12.0,12.0,5.0,5.0,9.62260676519117,9.515593960031602,9.561221769410652,9.652326105512985,9.569074794952924,0.7183908045977011,0.7449324324324325,0.7356687898089171,0.7039007092198581,0.7309893704006541,3.625206708908081,19.227479474548474,20.268496621621626,19.34453821656049,18.48740248226951,20.33451349141451,63.59852216748769,64.71199324324324,63.73726114649681,62.8209219858156,64.71545380212592,12.051724137931034,12.963682432432432,11.922770700636942,11.334219858156029,13.016353229762878,12.0,12.0,5.0,5.0,12.257750071783864
