,1,1l,1r,1s,2,2l,2r,2s,3,3l,3r,3s,4,4l,4r,4s,id,1_2,1_3,1_4,2_1,2_3,2_4,3_1,3_2,3_4,4_1,4_2,4_3,p1,p2,p3,p4,speed0,speed1,speed2,speed3,speed4,stop0,stop1,stop2,stop3,stop4,time,timeloss0,timeloss1,timeloss2,timeloss3,timeloss4,travel0,travel1,travel2,travel3,travel4,wait0,wait1,wait2,wait3,wait4,rssll_rrssl_rssslll_rrssll_0,rssll_rrssl_rssslll_rrssll_1,rssll_rrssl_rssslll_rrssll_2,rssll_rrssl_rssslll_rrssll_3,performance measure
0,5,2,1,2,5,1,2,2,7,3,1,3,6,2,2,2,rssll_rrssl_rssslll_rrssll,488.0,656.0,109.0,627.0,257.0,498.0,487.0,133.0,716.0,167.0,91.0,219.0,12.0,12.0,12.0,12.0,8.925601238444301,8.54795928246194,8.584791742661984,8.923302606490669,8.696635146319482,0.7711640211640212,0.8564658090724442,0.8466921119592875,0.7738176833447566,0.8395573997233748,4.359403133392334,24.78390873015873,29.919410968178767,28.381297709923675,24.799869773817676,28.27035269709551,69.5191798941799,74.65335138794855,73.10114503816794,69.50788211103496,73.0,16.844576719576718,21.21056194989844,19.775445292620866,16.812885538039755,19.833333333333332,12.0,12.0,12.0,12.0,18.89536056669382
