,1,1l,1r,1s,2,2l,2r,2s,3,3l,3r,3s,4,4l,4r,4s,id,1_2,1_3,1_4,2_1,2_3,2_4,3_1,3_2,3_4,4_1,4_2,4_3,p1,p2,p3,p4,speed0,speed1,speed2,speed3,speed4,stop0,stop1,stop2,stop3,stop4,time,timeloss0,timeloss1,timeloss2,timeloss3,timeloss4,travel0,travel1,travel2,travel3,travel4,wait0,wait1,wait2,wait3,wait4,rsll_rsl_rssslll_rrsssll_0,rsll_rsl_rssslll_rrsssll_1,rsll_rsl_rssslll_rrsssll_2,rsll_rsl_rssslll_rrsssll_3,performance measure
0,4,2,1,1,3,1,1,1,7,3,1,3,7,2,2,3,rsll_rsl_rssslll_rrsssll,392.0,170.0,324.0,86.0,200.0,211.0,1051.0,264.0,371.0,271.0,333.0,115.0,12.0,20.0,12.0,12.0,8.848750027828444,8.911026780420306,8.814295447273915,8.857472842919654,8.97647074485092,0.750195771339076,0.74364896073903,0.7501927525057825,0.7625607779578606,0.7369267900241352,3.663710117340088,26.65469851213784,25.3591377983064,26.43741711642249,25.881604538087526,24.67448109412713,71.42443226311669,70.17551963048498,71.20817270624518,70.645056726094,69.42558326629123,18.668754894283477,17.494226327944574,18.629144178874327,18.03484602917342,16.971037811745777,12.0,20.0,12.0,12.0,17.959601848404315
