,1,1l,1r,1s,2,2l,2r,2s,3,3l,3r,3s,4,4l,4r,4s,id,1_2,1_3,1_4,2_1,2_3,2_4,3_1,3_2,3_4,4_1,4_2,4_3,p1,p2,p3,p4,speed0,speed1,speed2,speed3,speed4,stop0,stop1,stop2,stop3,stop4,time,timeloss0,timeloss1,timeloss2,timeloss3,timeloss4,travel0,travel1,travel2,travel3,travel4,wait0,wait1,wait2,wait3,wait4,rssll_rrsl_rsssl_rrsl_0,rssll_rrsl_rsssl_rrsl_1,rssll_rrsl_rsssl_rrsl_2,rssll_rrsl_rsssl_rrsl_3,performance measure
0,5,2,1,2,4,1,2,1,5,1,1,3,4,1,2,1,rssll_rrsl_rsssl_rrsl,236.0,450.0,305.0,226.0,59.0,77.0,418.0,304.0,322.0,144.0,134.0,591.0,12.0,12.0,5.0,5.0,9.551871961057085,9.307788948179502,9.283047065736238,9.651593342491648,9.552564009049437,0.74235807860262,0.9791288566243194,0.8349429323968394,0.7121212121212122,0.7646017699115044,3.4466445446014404,20.625449781659384,30.219918330308495,23.52271290605796,19.00446969696974,21.79864601769915,65.19039301310043,74.80217785843921,68.13169446883231,63.57007575757576,66.3504424778761,12.96419213973799,20.779491833030853,15.258999122036874,11.555871212121213,13.826548672566371,12.0,12.0,5.0,5.0,14.87702059589866
