,1,1l,1r,1s,2,2l,2r,2s,3,3l,3r,3s,4,4l,4r,4s,id,1_2,1_3,1_4,2_1,2_3,2_4,3_1,3_2,3_4,4_1,4_2,4_3,p1,p2,p3,p4,speed0,speed1,speed2,speed3,speed4,stop0,stop1,stop2,stop3,stop4,time,timeloss0,timeloss1,timeloss2,timeloss3,timeloss4,travel0,travel1,travel2,travel3,travel4,wait0,wait1,wait2,wait3,wait4,rssslll_rssll_rsssl_rrssl_0,rssslll_rssll_rsssl_rrssl_1,rssslll_rssll_rsssl_rrssl_2,rssslll_rssll_rsssl_rrssl_3,performance measure
0,7,3,1,3,5,2,1,2,5,1,1,3,5,1,2,2,rssslll_rssll_rsssl_rrssl,678.0,281.0,302.0,153.0,431.0,271.0,584.0,61.0,181.0,314.0,289.0,552.0,12.0,12.0,12.0,12.0,8.925199745507372,8.950532542859351,8.935345644257604,9.002472309403036,9.054460024274595,0.7653276955602537,0.7626876340243031,0.7918454935622318,0.7756024096385542,0.7556528081692195,3.7980921268463135,24.735257223396705,26.183481057898543,25.41170243204579,24.363561746987948,24.277403355215167,69.40310077519379,70.84846318799143,70.1516452074392,69.00903614457832,68.94018964259665,16.777307963354474,18.18155825589707,17.263948497854077,16.46536144578313,16.51130561633844,12.0,12.0,12.0,12.0,17.03989635584544
