,1,1l,1r,1s,2,2l,2r,2s,3,3l,3r,3s,4,4l,4r,4s,id,1_2,1_3,1_4,2_1,2_3,2_4,3_1,3_2,3_4,4_1,4_2,4_3,p1,p2,p3,p4,speed0,speed1,speed2,speed3,speed4,stop0,stop1,stop2,stop3,stop4,time,timeloss0,timeloss1,timeloss2,timeloss3,timeloss4,travel0,travel1,travel2,travel3,travel4,wait0,wait1,wait2,wait3,wait4,rrsll_rssl_rsssll_rsl_0,rrsll_rssl_rsssll_rsl_1,rrsll_rssl_rsssll_rsl_2,rrsll_rssl_rsssll_rsl_3,performance measure
0,5,2,2,1,4,1,1,2,6,2,1,3,3,1,1,1,rrsll_rssl_rsssll_rsl,100.0,339.0,302.0,103.0,148.0,528.0,401.0,76.0,433.0,307.0,292.0,80.0,12.0,20.0,20.0,20.0,8.279574894260916,8.216148575736714,8.021800069319953,8.120114731036344,7.860861148195462,0.783410138248848,0.7895734597156399,0.8558139534883721,0.8391812865497076,0.8591288229842446,3.453179121017456,32.72710599078342,33.401146919431284,38.306093023255805,36.40302144249509,37.76592215013898,77.71059907834102,78.38199052132701,83.30790697674419,81.35087719298245,82.71640407784986,24.503225806451614,25.074881516587677,29.31906976744186,27.983430799220272,28.84708063021316,12.0,20.0,20.0,20.0,27.145537703982917
