,1,1l,1r,1s,2,2l,2r,2s,3,3l,3r,3s,4,4l,4r,4s,id,1_2,1_3,1_4,2_1,2_3,2_4,3_1,3_2,3_4,4_1,4_2,4_3,p1,p2,p3,p4,speed0,speed1,speed2,speed3,speed4,stop0,stop1,stop2,stop3,stop4,time,timeloss0,timeloss1,timeloss2,timeloss3,timeloss4,travel0,travel1,travel2,travel3,travel4,wait0,wait1,wait2,wait3,wait4,rrssl_rrssl_rrsslll_rrsslll_0,rrssl_rrssl_rrsslll_rrsslll_1,rrssl_rrssl_rrsslll_rrsslll_2,rrssl_rrssl_rrsslll_rrsslll_3,performance measure
0,5,1,2,2,5,1,2,2,7,3,2,2,7,3,2,2,rrssl_rrssl_rrsslll_rrsslll,72.0,565.0,422.0,381.0,315.0,667.0,650.0,526.0,420.0,644.0,245.0,559.0,5.0,12.0,12.0,12.0,8.860111612600834,8.917585006350043,8.72763238083439,8.948600882526181,9.009111164119771,0.8700534759358288,0.8336017176596887,0.9866167023554604,0.8751399776035834,0.8124312431243125,4.827702522277832,28.258406417112283,26.03615136876006,33.10171306209845,27.68866741321393,25.15917491749172,72.70267379679144,70.53623188405797,77.56531049250535,72.16405375139978,69.61991199119912,19.645454545454545,17.783682232957595,23.694325481798714,19.201007838745802,17.064356435643564,5.0,12.0,12.0,12.0,19.47776530692004
