,1,1l,1r,1s,2,2l,2r,2s,3,3l,3r,3s,4,4l,4r,4s,id,1_2,1_3,1_4,2_1,2_3,2_4,3_1,3_2,3_4,4_1,4_2,4_3,p1,p2,p3,p4,speed0,speed1,speed2,speed3,speed4,stop0,stop1,stop2,stop3,stop4,time,timeloss0,timeloss1,timeloss2,timeloss3,timeloss4,travel0,travel1,travel2,travel3,travel4,wait0,wait1,wait2,wait3,wait4,rssl_rrsslll_rsl_rrsll_0,rssl_rrsslll_rsl_rrsll_1,rssl_rrsslll_rsl_rrsll_2,rssl_rrsslll_rsl_rrsll_3,performance measure
0,4,1,1,2,7,3,2,2,3,1,1,1,5,2,2,1,rssl_rrsslll_rsl_rrsll,201.0,539.0,260.0,389.0,559.0,567.0,228.0,131.0,147.0,576.0,168.0,633.0,12.0,12.0,12.0,12.0,8.888399751963018,8.586105035987854,8.539507920559448,8.99306613597537,8.846830336063322,0.7612818835840418,0.8541944074567244,0.8680961663417803,0.757703081232493,0.7710843373493976,4.374884366989136,25.31647482014391,29.81599201065245,29.501994801819368,23.922773109243707,25.594618473895583,70.06278613472858,74.57656458055925,74.2735542560104,68.68137254901961,70.36144578313252,17.149771092217136,21.01664447403462,20.57764782326186,16.051820728291318,17.402945113788487,12.0,12.0,12.0,12.0,18.439765846318686
