,1,1l,1r,1s,2,2l,2r,2s,3,3l,3r,3s,4,4l,4r,4s,id,1_2,1_3,1_4,2_1,2_3,2_4,3_1,3_2,3_4,4_1,4_2,4_3,p1,p2,p3,p4,speed0,speed1,speed2,speed3,speed4,stop0,stop1,stop2,stop3,stop4,time,timeloss0,timeloss1,timeloss2,timeloss3,timeloss4,travel0,travel1,travel2,travel3,travel4,wait0,wait1,wait2,wait3,wait4,rrssl_rrssl_rrsslll_rrsslll_0,rrssl_rrssl_rrsslll_rrsslll_1,rrssl_rrssl_rrsslll_rrsslll_2,rrssl_rrssl_rrsslll_rrsslll_3,performance measure
0,5,1,2,2,5,1,2,2,7,3,2,2,7,3,2,2,rrssl_rrssl_rrsslll_rrsslll,323.0,517.0,573.0,431.0,114.0,588.0,439.0,412.0,296.0,391.0,256.0,531.0,12.0,12.0,5.0,12.0,9.196288890562542,8.935528157304885,8.88579505094141,9.238778490714923,9.137123473930062,0.7620464009518144,0.8687810945273632,0.8901937756899589,0.7673112913287585,0.7786585365853659,4.156938552856445,22.8185782272457,28.411256218905475,28.620475631238953,22.92974422956955,23.981146341463432,67.24628197501487,72.8681592039801,73.04286553141515,67.34248284466625,68.41768292682927,15.07733491969066,20.01679104477612,19.778625954198475,15.236431690580162,16.209146341463416,12.0,12.0,5.0,12.0,17.263665990141767
