,1,1l,1r,1s,2,2l,2r,2s,3,3l,3r,3s,4,4l,4r,4s,id,1_2,1_3,1_4,2_1,2_3,2_4,3_1,3_2,3_4,4_1,4_2,4_3,p1,p2,p3,p4,speed0,speed1,speed2,speed3,speed4,stop0,stop1,stop2,stop3,stop4,time,timeloss0,timeloss1,timeloss2,timeloss3,timeloss4,travel0,travel1,travel2,travel3,travel4,wait0,wait1,wait2,wait3,wait4,rsssll_rssl_rsslll_rrsl_0,rsssll_rssl_rsslll_rrsl_1,rsssll_rssl_rsslll_rrsl_2,rsssll_rssl_rsslll_rrsl_3,performance measure
0,6,2,1,3,4,1,1,2,6,3,1,2,4,1,2,1,rsssll_rssl_rsslll_rrsl,284.0,676.0,284.0,54.0,288.0,565.0,577.0,297.0,236.0,302.0,95.0,141.0,5.0,12.0,12.0,12.0,8.648735190236211,8.673178783628304,8.781206043046144,8.787395017686675,8.953056787850675,1.039755351681957,0.9354587869362364,0.9395129615082483,0.9033856317093312,0.8089622641509434,3.7187016010284424,35.77790519877675,31.342037325038916,31.147336999214442,29.119322873658117,24.474819182389968,80.5711009174312,76.1384136858476,75.91751767478398,73.8934764657308,69.22720125786164,25.89525993883792,22.23950233281493,22.10290652003142,20.358381502890172,16.416666666666668,5.0,12.0,12.0,12.0,21.402543392248223
