,1,1l,1r,1s,2,2l,2r,2s,3,3l,3r,3s,4,4l,4r,4s,id,1_2,1_3,1_4,2_1,2_3,2_4,3_1,3_2,3_4,4_1,4_2,4_3,p1,p2,p3,p4,speed0,speed1,speed2,speed3,speed4,stop0,stop1,stop2,stop3,stop4,time,timeloss0,timeloss1,timeloss2,timeloss3,timeloss4,travel0,travel1,travel2,travel3,travel4,wait0,wait1,wait2,wait3,wait4,rsl_rsssl_rssssl_rssll_0,rsl_rsssl_rssssl_rssll_1,rsl_rsssl_rssssl_rssll_2,rsl_rsssl_rssssl_rssll_3,performance measure
0,3,1,1,1,5,1,1,3,6,1,1,4,5,2,1,2,rsl_rsssl_rssssl_rssll,310.0,310.0,101.0,288.0,301.0,405.0,498.0,222.0,251.0,313.0,316.0,63.0,12.0,12.0,12.0,12.0,8.494289505586952,8.576239509979406,8.100339296390366,8.421394122825914,8.320976748247077,0.8815450643776824,0.8627103631532329,1.070628768303187,0.927536231884058,1.0107334525939178,3.2183034420013428,30.31403433476391,30.157971656333057,38.83397071490093,32.085253623188414,36.718649373881995,75.10214592274679,74.977856510186,83.62704565030147,76.84963768115942,81.50715563506262,21.341630901287555,21.33746678476528,28.011197243755383,22.829710144927535,26.527728085867622,12.0,12.0,12.0,12.0,24.009546632120674
