,1,1l,1r,1s,2,2l,2r,2s,3,3l,3r,3s,4,4l,4r,4s,id,1_2,1_3,1_4,2_1,2_3,2_4,3_1,3_2,3_4,4_1,4_2,4_3,p1,p2,p3,p4,speed0,speed1,speed2,speed3,speed4,stop0,stop1,stop2,stop3,stop4,time,timeloss0,timeloss1,timeloss2,timeloss3,timeloss4,travel0,travel1,travel2,travel3,travel4,wait0,wait1,wait2,wait3,wait4,rsl_rsl_rsl_rrssll_0,rsl_rsl_rsl_rrssll_1,rsl_rsl_rsl_rrssll_2,rsl_rsl_rsl_rrssll_3,performance measure
0,3,1,1,1,3,1,1,1,3,1,1,1,6,2,2,2,rsl_rsl_rsl_rrssll,78.0,138.0,250.0,249.0,276.0,68.0,253.0,167.0,76.0,75.0,146.0,354.0,5.0,12.0,12.0,5.0,9.592374529576682,9.492732253319494,9.322366491495032,9.457263678461354,9.550074430498661,0.7070572569906791,0.7198335644937587,0.7754293262879789,0.7510729613733905,0.694019471488178,2.79679799079895,19.332969374167796,19.39633841886269,21.419260237780748,19.988440629470663,19.381613351877608,63.96671105193076,64.08460471567268,66.12153236459709,64.55221745350501,64.0375521557719,11.773635153129161,11.780859916782246,13.400264200792602,12.238912732474963,11.78442280945758,5.0,12.0,12.0,5.0,12.19561896252731
