,1,1l,1r,1s,2,2l,2r,2s,3,3l,3r,3s,4,4l,4r,4s,id,1_2,1_3,1_4,2_1,2_3,2_4,3_1,3_2,3_4,4_1,4_2,4_3,p1,p2,p3,p4,speed0,speed1,speed2,speed3,speed4,stop0,stop1,stop2,stop3,stop4,time,timeloss0,timeloss1,timeloss2,timeloss3,timeloss4,travel0,travel1,travel2,travel3,travel4,wait0,wait1,wait2,wait3,wait4,rrssl_rrssl_rrsslll_rrsslll_0,rrssl_rrssl_rrsslll_rrsslll_1,rrssl_rrssl_rrsslll_rrsslll_2,rrssl_rrssl_rrsslll_rrsslll_3,performance measure
0,5,1,2,2,5,1,2,2,7,3,2,2,7,3,2,2,rrssl_rrssl_rrsslll_rrsslll,226.0,435.0,312.0,167.0,91.0,256.0,606.0,124.0,339.0,435.0,414.0,222.0,12.0,12.0,12.0,12.0,8.939784958049822,9.040289857932319,9.104265435271746,9.042654800803367,9.12321844748914,0.7724696356275303,0.7507911392405063,0.7624398073836276,0.7530647985989493,0.7449228269699432,3.687217950820923,25.53586234817815,24.415007911392358,23.278539325842683,23.962057793344997,23.577181153533704,70.23157894736842,69.12974683544304,67.99277688603532,68.65236427320491,68.2591389114541,17.787044534412956,16.845727848101266,15.781701444622794,16.48336252189142,16.174654752233955,12.0,12.0,12.0,12.0,16.61449822025248
