,1,1l,1r,1s,2,2l,2r,2s,3,3l,3r,3s,4,4l,4r,4s,id,1_2,1_3,1_4,2_1,2_3,2_4,3_1,3_2,3_4,4_1,4_2,4_3,p1,p2,p3,p4,speed0,speed1,speed2,speed3,speed4,stop0,stop1,stop2,stop3,stop4,time,timeloss0,timeloss1,timeloss2,timeloss3,timeloss4,travel0,travel1,travel2,travel3,travel4,wait0,wait1,wait2,wait3,wait4,rrsssll_rsl_rsl_rrsll_0,rrsssll_rsl_rsl_rrsll_1,rrsssll_rsl_rsl_rrsll_2,rrsssll_rsl_rsl_rrsll_3,performance measure
0,7,2,2,3,3,1,1,1,3,1,1,1,5,2,2,1,rrsssll_rsl_rsl_rrsll,430.0,447.0,314.0,119.0,247.0,63.0,197.0,77.0,186.0,445.0,360.0,100.0,12.0,12.0,12.0,20.0,8.521504832077001,8.32697483068358,8.248813065669898,8.276823578466415,8.579557271081903,0.8115501519756839,0.8537054860442733,0.8680154142581888,0.9184952978056427,0.8016276703967447,3.2971065044403076,29.535319148936185,31.05940327237731,32.9010500963391,34.66484848484852,28.20499491352998,74.5258358662614,76.03561116458133,77.88439306358381,79.6478578892372,73.12410986775178,21.319148936170212,22.44754571703561,24.191714836223507,25.568443051201672,20.153611393692778,12.0,12.0,12.0,20.0,22.736092786864752
