,1,1l,1r,1s,2,2l,2r,2s,3,3l,3r,3s,4,4l,4r,4s,id,1_2,1_3,1_4,2_1,2_3,2_4,3_1,3_2,3_4,4_1,4_2,4_3,p1,p2,p3,p4,speed0,speed1,speed2,speed3,speed4,stop0,stop1,stop2,stop3,stop4,time,timeloss0,timeloss1,timeloss2,timeloss3,timeloss4,travel0,travel1,travel2,travel3,travel4,wait0,wait1,wait2,wait3,wait4,rsl_rrsl_rssslll_rssssl_0,rsl_rrsl_rssslll_rssssl_1,rsl_rrsl_rssslll_rssssl_2,rsl_rrsl_rssslll_rssssl_3,performance measure
0,3,1,1,1,4,1,2,1,7,3,1,3,6,1,1,4,rsl_rrsl_rssslll_rssssl,311.0,350.0,195.0,226.0,215.0,329.0,818.0,223.0,750.0,137.0,1359.0,174.0,20.0,20.0,12.0,20.0,8.100082775670801,8.15096923443842,8.067110502525578,8.129295457800268,8.064939397720218,0.817008797653959,0.8162193698949824,0.8312189740761169,0.8410194174757282,0.8230547550432277,4.562479019165039,34.52022287390032,34.02052508751466,35.25806949806954,35.693574029126275,34.660634005763725,79.50733137829911,79.01341890315052,80.23276337562052,80.67172330097087,79.63342939481268,25.578299120234604,25.18494749124854,26.09100937672366,26.615898058252426,25.773487031700288,20.0,20.0,12.0,20.0,25.848728215631905
