,1,1l,1r,1s,2,2l,2r,2s,3,3l,3r,3s,4,4l,4r,4s,id,1_2,1_3,1_4,2_1,2_3,2_4,3_1,3_2,3_4,4_1,4_2,4_3,p1,p2,p3,p4,speed0,speed1,speed2,speed3,speed4,stop0,stop1,stop2,stop3,stop4,time,timeloss0,timeloss1,timeloss2,timeloss3,timeloss4,travel0,travel1,travel2,travel3,travel4,wait0,wait1,wait2,wait3,wait4,rrsll_rssl_rsssll_rsl_0,rrsll_rssl_rsssll_rsl_1,rrsll_rssl_rsssll_rsl_2,rrsll_rssl_rsssll_rsl_3,performance measure
0,5,2,2,1,4,1,1,2,6,2,1,3,3,1,1,1,rrsll_rssl_rsssll_rsl,516.0,272.0,180.0,219.0,136.0,511.0,1014.0,144.0,576.0,139.0,174.0,200.0,12.0,12.0,5.0,12.0,8.791545974868894,8.805765938825683,8.657593507428539,8.732957794047726,8.776143556658946,0.9142011834319527,0.9819102749638206,0.9250175192711984,0.9177262528047868,0.9204379562043795,3.8124916553497314,29.35483727810652,32.19679450072358,29.932410651716843,29.079035153328352,30.245598540146034,74.3076923076923,77.1917510853835,74.95865451997197,74.01645474943905,75.25255474452555,20.45562130177515,22.605643994211288,20.882971268395234,20.147344801795064,21.24233576642336,12.0,12.0,5.0,12.0,21.066783426520022
