,1,1l,1r,1s,2,2l,2r,2s,3,3l,3r,3s,4,4l,4r,4s,id,1_2,1_3,1_4,2_1,2_3,2_4,3_1,3_2,3_4,4_1,4_2,4_3,p1,p2,p3,p4,speed0,speed1,speed2,speed3,speed4,stop0,stop1,stop2,stop3,stop4,time,timeloss0,timeloss1,timeloss2,timeloss3,timeloss4,travel0,travel1,travel2,travel3,travel4,wait0,wait1,wait2,wait3,wait4,rsl_rsssll_rrssl_rrsslll_0,rsl_rsssll_rrssl_rrsslll_1,rsl_rsssll_rrssl_rrsslll_2,rsl_rsssll_rrssl_rrsslll_3,performance measure
0,3,1,1,1,6,2,1,3,5,1,2,2,7,3,2,2,rsl_rsssll_rrssl_rrsslll,150.0,218.0,156.0,156.0,369.0,779.0,382.0,488.0,38.0,220.0,432.0,469.0,12.0,12.0,12.0,12.0,9.153478289836066,9.249600479579435,9.167205522078838,9.176974016347689,9.280228011042187,0.7254901960784313,0.6960183767228177,0.7152671755725191,0.7313084112149533,0.6939890710382514,3.7187106609344482,22.673921568627435,22.248728943338417,22.625587786259562,22.325428348909647,21.852177985948455,67.19079939668175,66.82159264931087,67.18778625954198,66.851246105919,66.40905542544887,15.20286576168929,14.874425727411944,15.084732824427482,14.805295950155763,14.45511319281811,12.0,12.0,12.0,12.0,14.88448669130052
