,1,1l,1r,1s,2,2l,2r,2s,3,3l,3r,3s,4,4l,4r,4s,id,1_2,1_3,1_4,2_1,2_3,2_4,3_1,3_2,3_4,4_1,4_2,4_3,p1,p2,p3,p4,speed0,speed1,speed2,speed3,speed4,stop0,stop1,stop2,stop3,stop4,time,timeloss0,timeloss1,timeloss2,timeloss3,timeloss4,travel0,travel1,travel2,travel3,travel4,wait0,wait1,wait2,wait3,wait4,rsll_rsl_rssslll_rrsssll_0,rsll_rsl_rssslll_rrsssll_1,rsll_rsl_rssslll_rrsssll_2,rsll_rsl_rssslll_rrsssll_3,performance measure
0,4,2,1,1,3,1,1,1,7,3,1,3,7,2,2,3,rsll_rsl_rssslll_rrsssll,475.0,73.0,132.0,122.0,265.0,343.0,726.0,195.0,478.0,516.0,1063.0,184.0,12.0,12.0,12.0,20.0,8.488949599259874,8.10352036597912,8.046679552855057,8.497819468282428,8.527858330418686,0.8261437908496732,0.9311454311454311,0.9374225526641884,0.8486082824168364,0.8107752956636005,4.453380823135376,29.470960784313792,36.32727155727159,36.44042131350676,31.159932111337373,28.78015111695144,74.40588235294118,81.2992277992278,81.3915737298637,76.11405295315683,73.73324572930355,20.991503267973854,26.736808236808237,26.85006195786865,22.413441955193484,20.317345597897503,12.0,12.0,12.0,20.0,23.461832203148347
