,1,1l,1r,1s,2,2l,2r,2s,3,3l,3r,3s,4,4l,4r,4s,id,1_2,1_3,1_4,2_1,2_3,2_4,3_1,3_2,3_4,4_1,4_2,4_3,p1,p2,p3,p4,speed0,speed1,speed2,speed3,speed4,stop0,stop1,stop2,stop3,stop4,time,timeloss0,timeloss1,timeloss2,timeloss3,timeloss4,travel0,travel1,travel2,travel3,travel4,wait0,wait1,wait2,wait3,wait4,rssslll_rssll_rsssl_rrssl_0,rssslll_rssll_rsssl_rrssl_1,rssslll_rssll_rsssl_rrssl_2,rssslll_rssll_rsssl_rrssl_3,performance measure
0,7,3,1,3,5,2,1,2,5,1,1,3,5,1,2,2,rssslll_rssll_rsssl_rrssl,773.0,457.0,137.0,218.0,635.0,673.0,564.0,89.0,323.0,289.0,490.0,288.0,20.0,12.0,20.0,20.0,8.183683917815781,8.209751540533397,8.258485169865171,8.134245187957905,8.08241122497537,0.7985524728588661,0.7914183551847438,0.7980266976204294,0.8076202373516552,0.8039806996381182,4.370189905166626,33.388733413751496,32.88779499404053,32.72102147417296,33.946127420362316,34.15634499396865,78.3335343787696,77.83432657926103,77.65118978525827,78.894440974391,79.07961399276236,24.850422195416165,24.483909415971393,24.140452698781196,25.484072454715804,25.64897466827503,20.0,12.0,20.0,20.0,24.92156628663192
