,1,1l,1r,1s,2,2l,2r,2s,3,3l,3r,3s,4,4l,4r,4s,id,1_2,1_3,1_4,2_1,2_3,2_4,3_1,3_2,3_4,4_1,4_2,4_3,p1,p2,p3,p4,speed0,speed1,speed2,speed3,speed4,stop0,stop1,stop2,stop3,stop4,time,timeloss0,timeloss1,timeloss2,timeloss3,timeloss4,travel0,travel1,travel2,travel3,travel4,wait0,wait1,wait2,wait3,wait4,rsl_rsl_rsssl_rsl_0,rsl_rsl_rsssl_rsl_1,rsl_rsl_rsssl_rsl_2,rsl_rsl_rsssl_rsl_3,performance measure
0,3,1,1,1,3,1,1,1,5,1,1,3,3,1,1,1,rsl_rsl_rsssl_rsl,108.0,355.0,126.0,112.0,71.0,95.0,903.0,78.0,176.0,122.0,99.0,137.0,12.0,12.0,5.0,5.0,9.273610358754278,9.123515719007257,9.144385052282479,9.579669199754761,9.168391328387706,0.8111111111111111,0.9190184049079755,0.8438617401668653,0.7357992073976222,0.8470149253731343,2.9291040897369385,22.866839506172816,26.768392638036808,23.149868891537555,19.464306472919414,24.370796019900496,67.90864197530864,71.82208588957056,68.19547079856973,64.43461030383091,69.3955223880597,14.837037037037037,18.09079754601227,14.768772348033373,12.07001321003963,15.799751243781095,12.0,12.0,5.0,5.0,15.113274276980679
