,1,1l,1r,1s,2,2l,2r,2s,3,3l,3r,3s,4,4l,4r,4s,id,1_2,1_3,1_4,2_1,2_3,2_4,3_1,3_2,3_4,4_1,4_2,4_3,p1,p2,p3,p4,speed0,speed1,speed2,speed3,speed4,stop0,stop1,stop2,stop3,stop4,time,timeloss0,timeloss1,timeloss2,timeloss3,timeloss4,travel0,travel1,travel2,travel3,travel4,wait0,wait1,wait2,wait3,wait4,rrsssll_rsl_rsl_rrsll_0,rrsssll_rsl_rsl_rrsll_1,rrsssll_rsl_rsl_rrsll_2,rrsssll_rsl_rsl_rrsll_3,performance measure
0,7,2,2,3,3,1,1,1,3,1,1,1,5,2,2,1,rrsssll_rsl_rsl_rrsll,247.0,691.0,142.0,117.0,131.0,241.0,65.0,235.0,202.0,407.0,155.0,607.0,12.0,12.0,12.0,12.0,9.047703773484255,9.198864670766554,9.132540370407643,9.18859259139159,9.218741255773553,0.7367491166077739,0.7017383348581885,0.7461607949412827,0.7199230028873917,0.7063063063063063,3.345231056213379,23.897844522968175,22.703668801463838,22.775745257452552,22.240221366698755,22.18995495495498,68.4982332155477,67.3302836230558,67.45347786811202,66.9133782483157,66.81891891891892,15.969964664310954,15.18206770356816,15.002710027100271,14.659287776708373,14.65045045045045,12.0,12.0,12.0,12.0,15.092896124427643
