,1,1l,1r,1s,2,2l,2r,2s,3,3l,3r,3s,4,4l,4r,4s,id,1_2,1_3,1_4,2_1,2_3,2_4,3_1,3_2,3_4,4_1,4_2,4_3,p1,p2,p3,p4,speed0,speed1,speed2,speed3,speed4,stop0,stop1,stop2,stop3,stop4,time,timeloss0,timeloss1,timeloss2,timeloss3,timeloss4,travel0,travel1,travel2,travel3,travel4,wait0,wait1,wait2,wait3,wait4,rsl_rsl_rsssl_rsl_0,rsl_rsl_rsssl_rsl_1,rsl_rsl_rsssl_rsl_2,rsl_rsl_rsssl_rsl_3,performance measure
0,3,1,1,1,3,1,1,1,5,1,1,3,3,1,1,1,rsl_rsl_rsssl_rsl,284.0,147.0,274.0,248.0,269.0,275.0,384.0,44.0,104.0,257.0,289.0,289.0,12.0,12.0,12.0,12.0,8.414790310243909,8.518106548942551,8.43124408230509,8.485666681590573,8.566460020640527,0.9065989847715736,0.8635897435897436,0.895112016293279,0.874328678839957,0.8563941299790356,3.140721082687378,32.62731979695434,31.0389743589744,31.010366598778024,29.772824919441415,30.16469601677148,77.66700507614213,76.09846153846154,76.0376782077393,74.80343716433941,75.15408805031447,23.065989847715738,21.914871794871797,21.60386965376782,20.878625134264233,21.036687631027252,12.0,12.0,12.0,12.0,21.70000881232937
