,1,1l,1r,1s,2,2l,2r,2s,3,3l,3r,3s,4,4l,4r,4s,id,1_2,1_3,1_4,2_1,2_3,2_4,3_1,3_2,3_4,4_1,4_2,4_3,p1,p2,p3,p4,speed0,speed1,speed2,speed3,speed4,stop0,stop1,stop2,stop3,stop4,time,timeloss0,timeloss1,timeloss2,timeloss3,timeloss4,travel0,travel1,travel2,travel3,travel4,wait0,wait1,wait2,wait3,wait4,rrsslll_rrsll_rsssl_rrsslll_0,rrsslll_rrsll_rsssl_rrsslll_1,rrsslll_rrsll_rsssl_rrsslll_2,rrsslll_rrsll_rsssl_rrsslll_3,performance measure
0,7,3,2,2,5,2,2,1,5,1,1,3,7,3,2,2,rrsslll_rrsll_rsssl_rrsslll,819.0,630.0,315.0,546.0,171.0,217.0,312.0,102.0,44.0,454.0,485.0,169.0,12.0,12.0,12.0,12.0,9.040340456303701,8.852245320958165,8.769058578613926,9.13523810950802,8.811897249981467,0.7531824611032532,0.7805212620027435,0.815913688469319,0.7425670775924583,0.8161971830985916,3.9087982177734375,23.94530410183877,26.035370370370355,26.79129467296026,22.823807106598988,27.06707042253521,68.66336633663366,70.79149519890261,71.54753877275792,67.54532269760696,71.83028169014085,16.248231966053748,18.02880658436214,18.550236008091705,15.270485859318347,18.8556338028169,12.0,12.0,12.0,12.0,17.390678844128566
