,1,1l,1r,1s,2,2l,2r,2s,3,3l,3r,3s,4,4l,4r,4s,id,1_2,1_3,1_4,2_1,2_3,2_4,3_1,3_2,3_4,4_1,4_2,4_3,p1,p2,p3,p4,speed0,speed1,speed2,speed3,speed4,stop0,stop1,stop2,stop3,stop4,time,timeloss0,timeloss1,timeloss2,timeloss3,timeloss4,travel0,travel1,travel2,travel3,travel4,wait0,wait1,wait2,wait3,wait4,rsl_rsssl_rssssl_rssll_0,rsl_rsssl_rssssl_rssll_1,rsl_rsssl_rssssl_rssll_2,rsl_rsssl_rssssl_rssll_3,performance measure
0,3,1,1,1,5,1,1,3,6,1,1,4,5,2,1,2,rsl_rsssl_rssssl_rssll,286.0,175.0,170.0,65.0,236.0,169.0,1407.0,281.0,315.0,537.0,189.0,293.0,12.0,12.0,12.0,5.0,8.927788421622614,8.751176338958059,8.109720323575512,8.791831424869471,8.792080687449678,0.8122717311906501,0.830093592512599,1.0040983606557377,0.8533916849015317,0.8295866569978245,3.9125447273254395,24.224477720964156,25.863203743700467,32.726953551912516,26.14190371991245,25.99138506163888,69.11322132943755,70.85025197984162,77.69398907103825,71.00583515681984,70.929659173314,15.77282688093499,17.3016558675306,22.543032786885245,17.35010940919037,17.433647570703407,12.0,12.0,12.0,5.0,18.080254503048923
