,1,1l,1r,1s,2,2l,2r,2s,3,3l,3r,3s,4,4l,4r,4s,id,1_2,1_3,1_4,2_1,2_3,2_4,3_1,3_2,3_4,4_1,4_2,4_3,p1,p2,p3,p4,speed0,speed1,speed2,speed3,speed4,stop0,stop1,stop2,stop3,stop4,time,timeloss0,timeloss1,timeloss2,timeloss3,timeloss4,travel0,travel1,travel2,travel3,travel4,wait0,wait1,wait2,wait3,wait4,rrssl_rrssl_rrsslll_rrsslll_0,rrssl_rrssl_rrsslll_rrsslll_1,rrssl_rrssl_rrsslll_rrsslll_2,rrssl_rrssl_rrsslll_rrsslll_3,performance measure
0,5,1,2,2,5,1,2,2,7,3,2,2,7,3,2,2,rrssl_rrssl_rrsslll_rrsslll,136.0,685.0,492.0,156.0,112.0,571.0,146.0,93.0,183.0,761.0,623.0,315.0,5.0,12.0,12.0,12.0,9.098222870549254,8.952881760773924,9.059141686545422,9.180809422239095,9.026430097187832,0.9419986023759609,0.8271604938271605,0.8220689655172414,0.8011825572801182,0.7897293546148508,3.808889627456665,31.122208245981827,25.34170096021945,25.36842068965519,24.5245602365115,23.87287300485773,75.8909853249476,70.12962962962963,70.15931034482759,69.26311899482631,68.65371269951423,21.911250873515023,17.150891632373114,17.148275862068967,16.67110125646711,15.896599583622484,5.0,12.0,12.0,12.0,17.755623841609342
