,1,1l,1r,1s,2,2l,2r,2s,3,3l,3r,3s,4,4l,4r,4s,id,1_2,1_3,1_4,2_1,2_3,2_4,3_1,3_2,3_4,4_1,4_2,4_3,p1,p2,p3,p4,speed0,speed1,speed2,speed3,speed4,stop0,stop1,stop2,stop3,stop4,time,timeloss0,timeloss1,timeloss2,timeloss3,timeloss4,travel0,travel1,travel2,travel3,travel4,wait0,wait1,wait2,wait3,wait4,rsl_rrsll_rsl_rslll_0,rsl_rrsll_rsl_rslll_1,rsl_rrsll_rsl_rslll_2,rsl_rrsll_rsl_rslll_3,performance measure
0,3,1,1,1,5,2,2,1,3,1,1,1,5,3,1,1,rsl_rrsll_rsl_rslll,287.0,176.0,57.0,435.0,160.0,98.0,329.0,98.0,122.0,486.0,181.0,130.0,20.0,20.0,12.0,12.0,8.792526123125096,8.611985429024749,8.600606970564067,8.640325281890481,8.533222021066907,0.7108294930875576,0.7580645161290323,0.7643865363735071,0.7456445993031359,0.7736289381563594,3.1438870429992676,27.294366359447004,28.883640552995427,28.273355048859905,27.992729384436704,29.86742123687283,72.24769585253456,73.88248847926268,73.25190010857763,72.90243902439025,74.78879813302217,19.52188940092166,20.858294930875577,20.15526601520087,20.130081300813007,21.715285880980165,20.0,20.0,12.0,12.0,20.476163505758255
