,1,1l,1r,1s,2,2l,2r,2s,3,3l,3r,3s,4,4l,4r,4s,id,1_2,1_3,1_4,2_1,2_3,2_4,3_1,3_2,3_4,4_1,4_2,4_3,p1,p2,p3,p4,speed0,speed1,speed2,speed3,speed4,stop0,stop1,stop2,stop3,stop4,time,timeloss0,timeloss1,timeloss2,timeloss3,timeloss4,travel0,travel1,travel2,travel3,travel4,wait0,wait1,wait2,wait3,wait4,rsl_rsssl_rssssl_rssll_0,rsl_rsssl_rssssl_rssll_1,rsl_rsssl_rssssl_rssll_2,rsl_rsssl_rssssl_rssll_3,performance measure
0,3,1,1,1,5,1,1,3,6,1,1,4,5,2,1,2,rsl_rsssl_rssssl_rssll,69.0,100.0,73.0,164.0,200.0,1052.0,191.0,100.0,47.0,489.0,441.0,110.0,5.0,5.0,12.0,12.0,9.55394274878582,9.539760596798141,9.499594927193845,9.465835887839273,9.527671853136818,0.7268244575936884,0.7439613526570048,0.7523540489642184,0.7534381139489195,0.7380952380952381,3.312407970428467,19.127554240631145,19.045903381642525,19.97567796610168,19.622888015717066,19.540962301587292,64.12919132149901,64.04251207729469,64.92184557438794,64.61198428290766,64.5079365079365,11.636094674556213,11.553623188405798,12.400188323917137,11.987229862475441,11.902777777777779,5.0,5.0,12.0,12.0,11.895982765426474
