,1,1l,1r,1s,2,2l,2r,2s,3,3l,3r,3s,4,4l,4r,4s,id,1_2,1_3,1_4,2_1,2_3,2_4,3_1,3_2,3_4,4_1,4_2,4_3,p1,p2,p3,p4,speed0,speed1,speed2,speed3,speed4,stop0,stop1,stop2,stop3,stop4,time,timeloss0,timeloss1,timeloss2,timeloss3,timeloss4,travel0,travel1,travel2,travel3,travel4,wait0,wait1,wait2,wait3,wait4,rsssll_rssl_rsslll_rrsl_0,rsssll_rssl_rsslll_rrsl_1,rsssll_rssl_rsslll_rrsl_2,rsssll_rssl_rsslll_rrsl_3,performance measure
0,6,2,1,3,4,1,1,2,6,3,1,2,4,1,2,1,rsssll_rssl_rsslll_rrsl,395.0,625.0,130.0,77.0,133.0,631.0,560.0,67.0,412.0,68.0,138.0,638.0,12.0,12.0,5.0,12.0,9.161108732450424,9.220895780625316,9.105157603613053,9.28578189639554,9.10425789766966,0.7894736842105263,0.7562452687358062,0.7979274611398963,0.8129952456418383,0.804953560371517,3.8598361015319824,23.6066790214974,22.285011355034072,24.21626202812731,24.784952456418388,25.40533281733747,68.37286879169756,67.0772142316427,68.99481865284974,69.53169572107765,70.18575851393189,15.650111193476649,14.631339894019682,16.239082161361953,16.728209191759113,17.38467492260062,12.0,12.0,5.0,12.0,16.126683472643602
