,1,1l,1r,1s,2,2l,2r,2s,3,3l,3r,3s,4,4l,4r,4s,id,1_2,1_3,1_4,2_1,2_3,2_4,3_1,3_2,3_4,4_1,4_2,4_3,p1,p2,p3,p4,speed0,speed1,speed2,speed3,speed4,stop0,stop1,stop2,stop3,stop4,time,timeloss0,timeloss1,timeloss2,timeloss3,timeloss4,travel0,travel1,travel2,travel3,travel4,wait0,wait1,wait2,wait3,wait4,rslll_rsl_rrslll_rsl_0,rslll_rsl_rrslll_rsl_1,rslll_rsl_rrslll_rsl_2,rslll_rsl_rrslll_rsl_3,performance measure
0,5,3,1,1,3,1,1,1,6,3,2,1,3,1,1,1,rslll_rsl_rrslll_rsl,828.0,142.0,45.0,158.0,322.0,239.0,126.0,307.0,955.0,171.0,122.0,90.0,20.0,12.0,20.0,12.0,8.304866579921612,8.483756442580285,8.4637235295606,8.564178292164002,8.538297206622207,0.8926458157227388,0.7908163265306123,0.8041237113402062,0.7569856054191363,0.7878787878787878,3.6877694129943848,37.278148774302586,29.745102040816324,30.242624900872368,28.91565622353938,30.608636363636343,82.33389687235841,74.83078231292517,75.32117367168914,73.95427603725656,75.6557239057239,27.676246830092985,21.360544217687075,21.612212529738304,20.541913632514817,22.10016835016835,20.0,12.0,20.0,12.0,22.658217112040305
