,1,1l,1r,1s,2,2l,2r,2s,3,3l,3r,3s,4,4l,4r,4s,id,1_2,1_3,1_4,2_1,2_3,2_4,3_1,3_2,3_4,4_1,4_2,4_3,p1,p2,p3,p4,speed0,speed1,speed2,speed3,speed4,stop0,stop1,stop2,stop3,stop4,time,timeloss0,timeloss1,timeloss2,timeloss3,timeloss4,travel0,travel1,travel2,travel3,travel4,wait0,wait1,wait2,wait3,wait4,rrsll_rssl_rsssll_rsl_0,rrsll_rssl_rsssll_rsl_1,rrsll_rssl_rsssll_rsl_2,rrsll_rssl_rsssll_rsl_3,performance measure
0,5,2,2,1,4,1,1,2,6,2,1,3,3,1,1,1,rrsll_rssl_rsssll_rsl,129.0,326.0,550.0,48.0,179.0,604.0,325.0,315.0,466.0,246.0,177.0,62.0,12.0,12.0,12.0,12.0,8.507681210332505,8.51700189074414,8.239629254566928,8.788267413422643,8.153996079050202,0.8893617021276595,0.8607484769364665,1.1018518518518519,0.8098591549295775,1.0982905982905984,3.684399127960205,30.41485957446811,30.14580504786772,40.61013468013474,26.417147887323917,41.027333333333296,75.27234042553191,75.00522193211488,85.41666666666667,71.23151408450704,85.84273504273504,21.425531914893618,21.34029590948651,28.944444444444443,18.182218309859156,29.581196581196583,12.0,12.0,12.0,12.0,23.89473743197606
