,1,1l,1r,1s,2,2l,2r,2s,3,3l,3r,3s,4,4l,4r,4s,id,1_2,1_3,1_4,2_1,2_3,2_4,3_1,3_2,3_4,4_1,4_2,4_3,p1,p2,p3,p4,speed0,speed1,speed2,speed3,speed4,stop0,stop1,stop2,stop3,stop4,time,timeloss0,timeloss1,timeloss2,timeloss3,timeloss4,travel0,travel1,travel2,travel3,travel4,wait0,wait1,wait2,wait3,wait4,rrsll_rssl_rsssll_rsl_0,rrsll_rssl_rsssll_rsl_1,rrsll_rssl_rsssll_rsl_2,rrsll_rssl_rsssll_rsl_3,performance measure
0,5,2,2,1,4,1,1,2,6,2,1,3,3,1,1,1,rrsll_rssl_rsssll_rsl,84.0,127.0,80.0,245.0,57.0,584.0,313.0,233.0,321.0,88.0,228.0,208.0,5.0,5.0,5.0,12.0,9.658118633538814,9.757837252718332,9.322222643850584,9.351581936917158,9.491604023087424,0.7561247216035635,0.7369668246445498,0.896976483762598,0.949648711943794,0.8024830699774267,2.9687256813049316,18.193875278396426,17.784786729857824,23.698163493840998,24.523313817330227,19.937370203160306,63.001113585746104,62.52725118483412,68.49720044792834,69.28103044496487,64.73589164785552,10.736080178173719,10.539099526066352,15.31578947368421,15.80679156908665,12.164785553047404,5.0,5.0,5.0,12.0,12.912509260011666
