,1,1l,1r,1s,2,2l,2r,2s,3,3l,3r,3s,4,4l,4r,4s,id,1_2,1_3,1_4,2_1,2_3,2_4,3_1,3_2,3_4,4_1,4_2,4_3,p1,p2,p3,p4,speed0,speed1,speed2,speed3,speed4,stop0,stop1,stop2,stop3,stop4,time,timeloss0,timeloss1,timeloss2,timeloss3,timeloss4,travel0,travel1,travel2,travel3,travel4,wait0,wait1,wait2,wait3,wait4,rrsll_rssl_rsssll_rsl_0,rrsll_rssl_rsssll_rsl_1,rrsll_rssl_rsssll_rsl_2,rrsll_rssl_rsssll_rsl_3,performance measure
0,5,2,2,1,4,1,1,2,6,2,1,3,3,1,1,1,rrsll_rssl_rsssll_rsl,571.0,183.0,425.0,279.0,209.0,689.0,893.0,240.0,256.0,302.0,332.0,186.0,20.0,20.0,20.0,20.0,7.9709103577904035,7.820511163708315,7.98209341992671,7.970683904778747,8.086317618890215,0.8205128205128205,0.8295819935691319,0.7972204674668352,0.8127883981542519,0.7812709030100334,4.484447479248047,35.945525641025675,38.256495176848865,35.95780795957043,35.66124588002643,35.349438127090295,80.84871794871795,83.17170418006431,80.83954516740367,80.55833882663151,80.22073578595318,26.949358974358976,29.194855305466238,27.180669614655717,26.81081081081081,26.660869565217393,20.0,20.0,20.0,20.0,27.359312854101823
