,1,1l,1r,1s,2,2l,2r,2s,3,3l,3r,3s,4,4l,4r,4s,id,1_2,1_3,1_4,2_1,2_3,2_4,3_1,3_2,3_4,4_1,4_2,4_3,p1,p2,p3,p4,speed0,speed1,speed2,speed3,speed4,stop0,stop1,stop2,stop3,stop4,time,timeloss0,timeloss1,timeloss2,timeloss3,timeloss4,travel0,travel1,travel2,travel3,travel4,wait0,wait1,wait2,wait3,wait4,rsssssl_rssssll_rsl_rssll_0,rsssssl_rssssll_rsl_rssll_1,rsssssl_rssssll_rsl_rssll_2,rsssssl_rssssll_rsl_rssll_3,performance measure
0,7,1,1,5,7,2,1,4,3,1,1,1,5,2,1,2,rsssssl_rssssll_rsl_rssll,248.0,247.0,135.0,129.0,533.0,704.0,356.0,51.0,235.0,564.0,429.0,311.0,12.0,12.0,12.0,12.0,8.262589939278472,8.345908061394322,8.318940099628467,8.275959048232327,8.395050589518123,1.0513983371126228,0.9146250927988122,0.9374545454545454,1.0614439324116745,0.9182582123758595,3.9061062335968018,37.999387755102106,32.56976985894581,32.21767999999995,38.707465437788045,32.275362872421724,82.7838246409675,77.33333333333333,77.05163636363636,83.49155145929339,77.06951871657753,27.213907785336357,23.30438010393467,22.788363636363638,27.688172043010752,23.025210084033613,12.0,12.0,12.0,12.0,24.804006730535807
