,1,1l,1r,1s,2,2l,2r,2s,3,3l,3r,3s,4,4l,4r,4s,id,1_2,1_3,1_4,2_1,2_3,2_4,3_1,3_2,3_4,4_1,4_2,4_3,p1,p2,p3,p4,speed0,speed1,speed2,speed3,speed4,stop0,stop1,stop2,stop3,stop4,time,timeloss0,timeloss1,timeloss2,timeloss3,timeloss4,travel0,travel1,travel2,travel3,travel4,wait0,wait1,wait2,wait3,wait4,rrsssll_rsl_rsl_rrsll_0,rrsssll_rsl_rsl_rrsll_1,rrsssll_rsl_rsl_rrsll_2,rrsssll_rsl_rsl_rrsll_3,performance measure
0,7,2,2,3,3,1,1,1,3,1,1,1,5,2,2,1,rrsssll_rsl_rsl_rrsll,515.0,209.0,104.0,250.0,108.0,176.0,274.0,156.0,196.0,86.0,293.0,595.0,12.0,12.0,5.0,12.0,9.291983486728334,9.398965015167951,9.211460112818434,9.467273203814571,9.255554442746911,0.7530864197530864,0.7008113590263692,0.7410281280310378,0.7116751269035533,0.7298105682951147,3.1718690395355225,22.142507122507148,20.530253549695722,22.16278370514062,20.275045685279153,22.53888334995016,66.79392212725546,65.2525354969574,66.91852570320077,64.9736040609137,67.23928215353938,14.20417853751187,13.10446247464503,14.302618816682832,12.843654822335026,14.775672981056829,12.0,12.0,5.0,12.0,13.846117526446317
