,1,1l,1r,1s,2,2l,2r,2s,3,3l,3r,3s,4,4l,4r,4s,id,1_2,1_3,1_4,2_1,2_3,2_4,3_1,3_2,3_4,4_1,4_2,4_3,p1,p2,p3,p4,speed0,speed1,speed2,speed3,speed4,stop0,stop1,stop2,stop3,stop4,time,timeloss0,timeloss1,timeloss2,timeloss3,timeloss4,travel0,travel1,travel2,travel3,travel4,wait0,wait1,wait2,wait3,wait4,rrsssll_rsl_rsl_rrsll_0,rrsssll_rsl_rsl_rrsll_1,rrsssll_rsl_rsl_rrsll_2,rrsssll_rsl_rsl_rrsll_3,performance measure
0,7,2,2,3,3,1,1,1,3,1,1,1,5,2,2,1,rrsssll_rsl_rsl_rrsll,75.0,397.0,263.0,99.0,120.0,101.0,47.0,61.0,43.0,629.0,235.0,560.0,5.0,5.0,12.0,12.0,9.637068990527668,9.572255627800317,9.360602828279967,9.617332142949508,9.348324652927564,0.6958424507658644,0.7153846153846154,0.7677777777777778,0.7025462962962963,0.779107725788901,2.8595285415649414,18.248326039387333,18.710043956043943,20.912055555555554,18.487175925925914,21.690282916213263,62.818380743982495,63.33736263736264,65.58666666666667,63.0787037037037,66.3177366702938,10.947483588621445,11.238461538461538,13.213333333333333,11.23611111111111,13.924918389553863,5.0,5.0,12.0,12.0,12.112061592216259
