,1,1l,1r,1s,2,2l,2r,2s,3,3l,3r,3s,4,4l,4r,4s,id,1_2,1_3,1_4,2_1,2_3,2_4,3_1,3_2,3_4,4_1,4_2,4_3,p1,p2,p3,p4,speed0,speed1,speed2,speed3,speed4,stop0,stop1,stop2,stop3,stop4,time,timeloss0,timeloss1,timeloss2,timeloss3,timeloss4,travel0,travel1,travel2,travel3,travel4,wait0,wait1,wait2,wait3,wait4,rssll_rrsl_rsssl_rrsl_0,rssll_rrsl_rsssl_rrsl_1,rssll_rrsl_rsssl_rrsl_2,rssll_rrsl_rsssl_rrsl_3,performance measure
0,5,2,1,2,4,1,2,1,5,1,1,3,4,1,2,1,rssll_rrsl_rsssl_rrsl,134.0,287.0,123.0,489.0,143.0,305.0,862.0,66.0,197.0,255.0,201.0,308.0,12.0,12.0,12.0,12.0,8.568772709477283,8.797191834479294,9.027483430390447,8.947551626089286,8.954707492221743,0.9423758865248227,0.7930131004366813,0.7686440677966102,0.7841011743450768,0.7841011743450768,3.546818971633911,33.661276595744695,27.248558951965077,24.734279661016952,24.82254742547426,26.438744354110195,78.44503546099291,72.0296943231441,69.47457627118644,69.55194218608852,71.2059620596206,23.895390070921987,18.992139737991266,16.696610169491525,16.863595302619693,18.283649503161698,12.0,12.0,12.0,12.0,18.946276956837234
