,1,1l,1r,1s,2,2l,2r,2s,3,3l,3r,3s,4,4l,4r,4s,id,1_2,1_3,1_4,2_1,2_3,2_4,3_1,3_2,3_4,4_1,4_2,4_3,p1,p2,p3,p4,speed0,speed1,speed2,speed3,speed4,stop0,stop1,stop2,stop3,stop4,time,timeloss0,timeloss1,timeloss2,timeloss3,timeloss4,travel0,travel1,travel2,travel3,travel4,wait0,wait1,wait2,wait3,wait4,rssslll_rrsssl_rsssssl_rsl_0,rssslll_rrsssl_rsssssl_rsl_1,rssslll_rrsssl_rsssssl_rsl_2,rssslll_rrsssl_rsssssl_rsl_3,performance measure
0,7,3,1,3,6,1,2,3,7,1,1,5,3,1,1,1,rssslll_rrsssl_rsssssl_rsl,812.0,996.0,147.0,444.0,212.0,686.0,1028.0,107.0,324.0,295.0,115.0,249.0,20.0,20.0,20.0,12.0,7.778775038411318,8.122018633634934,8.069156281139753,8.032703784658041,8.12304898812331,0.8988580750407831,0.8170075349838536,0.8301384451544196,0.8361297539149888,0.8140589569160998,4.918901443481445,40.709619358347034,34.610091496232556,34.77213525026619,35.60491051454138,34.87696145124711,85.52637302882002,79.40742734122712,79.5356762513312,80.41834451901566,79.68707482993197,31.30016313213703,25.942411194833152,25.857294994675186,26.823825503355703,26.346938775510203,20.0,20.0,20.0,12.0,27.254126720102256
