,1,1l,1r,1s,2,2l,2r,2s,3,3l,3r,3s,4,4l,4r,4s,id,1_2,1_3,1_4,2_1,2_3,2_4,3_1,3_2,3_4,4_1,4_2,4_3,p1,p2,p3,p4,speed0,speed1,speed2,speed3,speed4,stop0,stop1,stop2,stop3,stop4,time,timeloss0,timeloss1,timeloss2,timeloss3,timeloss4,travel0,travel1,travel2,travel3,travel4,wait0,wait1,wait2,wait3,wait4,rssll_rrsl_rsssl_rrsl_0,rssll_rrsl_rsssl_rrsl_1,rssll_rrsl_rsssl_rrsl_2,rssll_rrsl_rsssl_rrsl_3,performance measure
0,5,2,1,2,4,1,2,1,5,1,1,3,4,1,2,1,rssll_rrsl_rsssl_rrsl,551.0,201.0,117.0,198.0,68.0,343.0,497.0,319.0,110.0,216.0,308.0,630.0,20.0,12.0,12.0,20.0,8.773329498372147,8.801816147052381,8.76534853593775,8.931336608515053,8.823804715627322,0.7255851493139629,0.7382943143812709,0.7398508699254349,0.702037351443124,0.719195305951383,3.5783629417419434,27.591791767554476,27.720384615384592,27.7042253521127,25.701222410865892,26.936479463537243,72.28732849071832,72.42809364548495,72.4092792046396,70.383701188455,71.60184409052808,19.44229217110573,19.705685618729095,19.43661971830986,18.02886247877759,18.969823973176865,20.0,12.0,12.0,20.0,19.116656792019825
