,1,1l,1r,1s,2,2l,2r,2s,3,3l,3r,3s,4,4l,4r,4s,id,1_2,1_3,1_4,2_1,2_3,2_4,3_1,3_2,3_4,4_1,4_2,4_3,p1,p2,p3,p4,speed0,speed1,speed2,speed3,speed4,stop0,stop1,stop2,stop3,stop4,time,timeloss0,timeloss1,timeloss2,timeloss3,timeloss4,travel0,travel1,travel2,travel3,travel4,wait0,wait1,wait2,wait3,wait4,rsl_rrsl_rssslll_rssssl_0,rsl_rrsl_rssslll_rssssl_1,rsl_rrsl_rssslll_rssssl_2,rsl_rrsl_rssslll_rssssl_3,performance measure
0,3,1,1,1,4,1,2,1,7,3,1,3,6,1,1,4,rsl_rrsl_rssslll_rssssl,302.0,83.0,105.0,204.0,226.0,293.0,676.0,40.0,399.0,167.0,377.0,172.0,12.0,12.0,12.0,12.0,8.439910700089134,8.634587058713901,8.569428629398047,8.67649267707984,8.806820185122104,0.9811320754716981,0.834593572778828,0.9199237368922784,0.8474747474747475,0.8286852589641435,3.406318426132202,35.2357000993049,29.15122873345933,31.417578646329865,28.479505050505026,28.562430278884484,80.16881827209534,74.09073724007561,76.31267874165873,73.3949494949495,73.47509960159363,25.384309831181728,20.72400756143667,22.221163012392754,20.015151515151516,20.07171314741036,12.0,12.0,12.0,12.0,21.683269013514607
