,1,1l,1r,1s,2,2l,2r,2s,3,3l,3r,3s,4,4l,4r,4s,id,1_2,1_3,1_4,2_1,2_3,2_4,3_1,3_2,3_4,4_1,4_2,4_3,p1,p2,p3,p4,speed0,speed1,speed2,speed3,speed4,stop0,stop1,stop2,stop3,stop4,time,timeloss0,timeloss1,timeloss2,timeloss3,timeloss4,travel0,travel1,travel2,travel3,travel4,wait0,wait1,wait2,wait3,wait4,rssll_rrsl_rsssl_rrsl_0,rssll_rrsl_rsssl_rrsl_1,rssll_rrsl_rsssl_rrsl_2,rssll_rrsl_rsssl_rrsl_3,performance measure
0,5,2,1,2,4,1,2,1,5,1,1,3,4,1,2,1,rssll_rrsl_rsssl_rrsl,88.0,606.0,295.0,381.0,295.0,291.0,920.0,209.0,217.0,281.0,67.0,493.0,12.0,12.0,12.0,12.0,8.583434732905618,8.42332109633519,8.606799440908391,8.709185534776864,8.656217538739968,0.888731396172927,0.8811387900355871,0.8620199146514936,0.8541510845175767,0.8465381870092791,4.1407716274261475,31.08378454996459,31.154654804270468,28.906543385490746,28.411877337322338,28.602262669521835,75.84124734231042,75.94448398576512,73.69487908961594,73.10545998504114,73.38258386866524,21.686746987951807,22.001423487544486,19.992887624466572,19.646970830216905,19.723054960742328,12.0,12.0,12.0,12.0,20.61021677818442
