,1,1l,1r,1s,2,2l,2r,2s,3,3l,3r,3s,4,4l,4r,4s,id,1_2,1_3,1_4,2_1,2_3,2_4,3_1,3_2,3_4,4_1,4_2,4_3,p1,p2,p3,p4,speed0,speed1,speed2,speed3,speed4,stop0,stop1,stop2,stop3,stop4,time,timeloss0,timeloss1,timeloss2,timeloss3,timeloss4,travel0,travel1,travel2,travel3,travel4,wait0,wait1,wait2,wait3,wait4,rrsslll_rrsll_rsssl_rrsslll_0,rrsslll_rrsll_rsssl_rrsslll_1,rrsslll_rrsll_rsssl_rrsslll_2,rrsslll_rrsll_rsssl_rrsslll_3,performance measure
0,7,3,2,2,5,2,2,1,5,1,1,3,7,3,2,2,rrsslll_rrsll_rsssl_rrsslll,345.0,601.0,73.0,383.0,464.0,249.0,813.0,104.0,52.0,694.0,455.0,564.0,5.0,12.0,12.0,12.0,9.110003411340564,8.964655295582501,8.957548549559142,9.185852474512746,9.249556085583622,0.778875849289685,0.7991426821800367,0.8267716535433071,0.7602339181286549,0.735573874445149,4.293919801712036,23.01432365657817,24.184954072259632,25.290345245305918,22.281988304093577,21.637381103360784,67.69549104385423,68.93876301285977,70.04663840096912,66.96556205328135,66.38173747622068,15.130945027794935,16.180036742192286,17.16596002422774,14.62962962962963,13.974001268230818,5.0,12.0,12.0,12.0,15.416114538415084
