,1,1l,1r,1s,2,2l,2r,2s,3,3l,3r,3s,4,4l,4r,4s,id,1_2,1_3,1_4,2_1,2_3,2_4,3_1,3_2,3_4,4_1,4_2,4_3,p1,p2,p3,p4,speed0,speed1,speed2,speed3,speed4,stop0,stop1,stop2,stop3,stop4,time,timeloss0,timeloss1,timeloss2,timeloss3,timeloss4,travel0,travel1,travel2,travel3,travel4,wait0,wait1,wait2,wait3,wait4,rssslll_rrsssl_rsssssl_rsl_0,rssslll_rrsssl_rsssssl_rsl_1,rssslll_rrsssl_rsssssl_rsl_2,rssslll_rrsssl_rsssssl_rsl_3,performance measure
0,7,3,1,3,6,1,2,3,7,1,1,5,3,1,1,1,rssslll_rrsssl_rsssssl_rsl,700.0,487.0,242.0,129.0,72.0,734.0,1724.0,291.0,216.0,247.0,168.0,291.0,12.0,20.0,12.0,12.0,8.671023577873774,8.748670205227949,8.717994183921695,8.750805760641136,8.794091905854968,0.7874784606547961,0.7841483979763912,0.783212896053363,0.7836395969176052,0.766704416761042,4.523436069488525,27.25589890867322,27.089134345137747,27.588827126181144,26.994754001185555,26.51431483578708,72.07581849511774,71.88926363125351,72.3946637020567,71.82691167753408,71.29614949037372,18.90407811602527,18.74592467678471,19.160088938299054,18.734439834024897,18.261608154020387,12.0,20.0,12.0,12.0,18.761227943830864
