,1,1l,1r,1s,2,2l,2r,2s,3,3l,3r,3s,4,4l,4r,4s,id,1_2,1_3,1_4,2_1,2_3,2_4,3_1,3_2,3_4,4_1,4_2,4_3,p1,p2,p3,p4,speed0,speed1,speed2,speed3,speed4,stop0,stop1,stop2,stop3,stop4,time,timeloss0,timeloss1,timeloss2,timeloss3,timeloss4,travel0,travel1,travel2,travel3,travel4,wait0,wait1,wait2,wait3,wait4,rssslll_rrsssl_rsssssl_rsl_0,rssslll_rrsssl_rsssssl_rsl_1,rssslll_rrsssl_rsssssl_rsl_2,rssslll_rrsssl_rsssssl_rsl_3,performance measure
0,7,3,1,3,6,1,2,3,7,1,1,5,3,1,1,1,rssslll_rrsssl_rsssssl_rsl,396.0,129.0,226.0,286.0,73.0,313.0,937.0,107.0,104.0,81.0,310.0,203.0,12.0,12.0,5.0,12.0,9.410414574614382,9.23453201882944,9.396535535197668,9.479453858323359,9.297664986772816,0.7219152854511971,0.7611524163568774,0.7361623616236163,0.7006802721088435,0.7403210576015109,3.223684787750244,20.809060773480677,22.522964684014823,21.081346863468635,20.211525753158384,22.29718602455148,65.43001841620627,67.13940520446097,65.65682656826569,64.84256559766764,66.87818696883852,13.476979742173112,14.995353159851302,13.698339483394834,13.10204081632653,14.762039660056658,12.0,12.0,5.0,12.0,14.006950572360486
