,1,1l,1r,1s,2,2l,2r,2s,3,3l,3r,3s,4,4l,4r,4s,id,1_2,1_3,1_4,2_1,2_3,2_4,3_1,3_2,3_4,4_1,4_2,4_3,p1,p2,p3,p4,speed0,speed1,speed2,speed3,speed4,stop0,stop1,stop2,stop3,stop4,time,timeloss0,timeloss1,timeloss2,timeloss3,timeloss4,travel0,travel1,travel2,travel3,travel4,wait0,wait1,wait2,wait3,wait4,rsl_rsssssl_rsll_rrssl_0,rsl_rsssssl_rsll_rrssl_1,rsl_rsssssl_rsll_rrssl_2,rsl_rsssssl_rsll_rrssl_3,performance measure
0,3,1,1,1,7,1,1,5,4,2,1,1,5,1,2,2,rsl_rsssssl_rsll_rrssl,164.0,119.0,206.0,124.0,141.0,1436.0,276.0,115.0,159.0,80.0,459.0,482.0,5.0,12.0,5.0,12.0,9.299690793364329,9.316679684288456,9.252833761904284,9.341470902890245,9.478662178950875,1.064291247095275,0.9001597444089456,0.8759873617693523,0.8626016260162601,0.7570754716981132,3.828094482421875,32.70221533694809,26.152188498402552,25.349770932069468,25.01078861788616,20.908985849056577,77.50348567002324,70.9832268370607,70.18720379146919,69.82032520325204,65.70911949685535,22.402013942680092,17.30591054313099,16.787519747235386,16.53089430894309,13.15251572327044,5.0,12.0,5.0,12.0,17.235770853052
