,1,1l,1r,1s,2,2l,2r,2s,3,3l,3r,3s,4,4l,4r,4s,id,1_2,1_3,1_4,2_1,2_3,2_4,3_1,3_2,3_4,4_1,4_2,4_3,p1,p2,p3,p4,speed0,speed1,speed2,speed3,speed4,stop0,stop1,stop2,stop3,stop4,time,timeloss0,timeloss1,timeloss2,timeloss3,timeloss4,travel0,travel1,travel2,travel3,travel4,wait0,wait1,wait2,wait3,wait4,rssl_rrsslll_rsl_rrsll_0,rssl_rrsslll_rsl_rrsll_1,rssl_rrsslll_rsl_rrsll_2,rssl_rrsslll_rsl_rrsll_3,performance measure
0,4,1,1,2,7,3,2,2,3,1,1,1,5,2,2,1,rssl_rrsslll_rsl_rrsll,42.0,496.0,306.0,328.0,784.0,286.0,289.0,65.0,47.0,495.0,85.0,197.0,5.0,12.0,12.0,5.0,9.083118696780874,9.464746917479975,9.425769350162271,9.44000350361436,9.265217202432828,0.978891820580475,0.7454394693200663,0.7659222497932175,0.7783735478105451,0.830379746835443,3.406264305114746,29.47666666666665,20.02841625207297,20.684491315136448,21.25773011617517,23.232177215189886,74.24362357080035,64.79353233830845,65.45492142266336,66.03217158176943,67.98396624472574,20.211081794195252,12.32587064676617,12.964433416046319,13.570151921358356,15.056540084388185,5.0,12.0,12.0,5.0,14.825615572550856
