,1,1l,1r,1s,2,2l,2r,2s,3,3l,3r,3s,4,4l,4r,4s,id,1_2,1_3,1_4,2_1,2_3,2_4,3_1,3_2,3_4,4_1,4_2,4_3,p1,p2,p3,p4,speed0,speed1,speed2,speed3,speed4,stop0,stop1,stop2,stop3,stop4,time,timeloss0,timeloss1,timeloss2,timeloss3,timeloss4,travel0,travel1,travel2,travel3,travel4,wait0,wait1,wait2,wait3,wait4,rslll_rsl_rrslll_rsl_0,rslll_rsl_rrslll_rsl_1,rslll_rsl_rrslll_rsl_2,rslll_rsl_rrslll_rsl_3,performance measure
0,5,3,1,1,3,1,1,1,6,3,2,1,3,1,1,1,rslll_rsl_rrslll_rsl,482.0,272.0,278.0,278.0,262.0,277.0,286.0,180.0,544.0,265.0,140.0,60.0,12.0,12.0,12.0,12.0,8.471810288862937,8.600140930795257,8.348499396933649,8.648452368885492,8.529047054396555,0.9163732394366197,0.815929203539823,0.9211195928753181,0.8325666973321068,0.8867082961641392,3.6249661445617676,32.942834507042264,28.630646017699107,31.558693808312157,27.55701011959522,30.95901873327388,77.83714788732394,73.55309734513274,76.49363867684478,72.51425942962281,75.8528099910794,23.324823943661972,20.027433628318583,22.20186598812553,19.093836246550136,21.778768956289028,12.0,12.0,12.0,12.0,21.285345752589052
