,1,1l,1r,1s,2,2l,2r,2s,3,3l,3r,3s,4,4l,4r,4s,id,1_2,1_3,1_4,2_1,2_3,2_4,3_1,3_2,3_4,4_1,4_2,4_3,p1,p2,p3,p4,speed0,speed1,speed2,speed3,speed4,stop0,stop1,stop2,stop3,stop4,time,timeloss0,timeloss1,timeloss2,timeloss3,timeloss4,travel0,travel1,travel2,travel3,travel4,wait0,wait1,wait2,wait3,wait4,rsl_rrsll_rsl_rslll_0,rsl_rrsll_rsl_rslll_1,rsl_rrsll_rsl_rslll_2,rsl_rrsll_rsl_rslll_3,performance measure
0,3,1,1,1,5,2,2,1,3,1,1,1,5,3,1,1,rsl_rrsll_rsl_rslll,131.0,342.0,216.0,495.0,488.0,191.0,203.0,112.0,212.0,910.0,116.0,88.0,12.0,20.0,20.0,12.0,8.488228402080198,8.494212594176135,8.486260084967945,8.467770989071198,8.595081925852341,0.7701244813278009,0.7782462057335582,0.788244766505636,0.7819103972950127,0.7669740150880134,3.5782508850097656,31.219029045643182,29.557782462057336,29.21712560386477,30.394175824175804,28.673369656328568,76.2149377593361,74.55227655986509,74.21658615136876,75.37278106508876,73.65465213746856,22.594190871369296,21.144182124789207,20.60789049919485,21.737109044801354,20.294216261525566,12.0,20.0,20.0,12.0,21.275517760336054
