,1,1l,1r,1s,2,2l,2r,2s,3,3l,3r,3s,4,4l,4r,4s,id,1_2,1_3,1_4,2_1,2_3,2_4,3_1,3_2,3_4,4_1,4_2,4_3,p1,p2,p3,p4,speed0,speed1,speed2,speed3,speed4,stop0,stop1,stop2,stop3,stop4,time,timeloss0,timeloss1,timeloss2,timeloss3,timeloss4,travel0,travel1,travel2,travel3,travel4,wait0,wait1,wait2,wait3,wait4,rrssl_rrssl_rrsslll_rrsslll_0,rrssl_rrssl_rrsslll_rrsslll_1,rrssl_rrssl_rrsslll_rrsslll_2,rrssl_rrssl_rrsslll_rrsslll_3,performance measure
0,5,1,2,2,5,1,2,2,7,3,2,2,7,3,2,2,rrssl_rrssl_rrsslll_rrsslll,54.0,501.0,286.0,588.0,44.0,612.0,171.0,224.0,811.0,373.0,517.0,428.0,12.0,12.0,5.0,12.0,9.470513690614982,9.132752099821325,9.152570487001402,9.379688553065145,9.047425062635426,0.6997439180537772,0.7868217054263565,0.781559405940594,0.7254509018036072,0.7895400126023945,4.406137704849243,20.255953905249665,23.860045219638238,23.49664603960398,20.989786239144955,24.320957781978578,64.78040973111396,68.43604651162791,68.09839108910892,65.52104208416834,68.92375551354758,13.022407170294494,16.11886304909561,15.590965346534654,13.521042084168336,16.436672967863895,12.0,12.0,5.0,12.0,14.937990123591396
