,1,1l,1r,1s,2,2l,2r,2s,3,3l,3r,3s,4,4l,4r,4s,id,1_2,1_3,1_4,2_1,2_3,2_4,3_1,3_2,3_4,4_1,4_2,4_3,p1,p2,p3,p4,speed0,speed1,speed2,speed3,speed4,stop0,stop1,stop2,stop3,stop4,time,timeloss0,timeloss1,timeloss2,timeloss3,timeloss4,travel0,travel1,travel2,travel3,travel4,wait0,wait1,wait2,wait3,wait4,rsssll_rssl_rsslll_rrsl_0,rsssll_rssl_rsslll_rrsl_1,rsssll_rssl_rsslll_rrsl_2,rsssll_rssl_rsslll_rrsl_3,performance measure
0,6,2,1,3,4,1,1,2,6,3,1,2,4,1,2,1,rsssll_rssl_rsslll_rrsl,324.0,352.0,187.0,83.0,43.0,450.0,220.0,253.0,855.0,69.0,355.0,364.0,12.0,5.0,5.0,12.0,9.408690634389835,9.416053201272913,9.234476604873805,9.472735218566863,9.300421013491219,0.7554129911788292,0.754180602006689,0.825296442687747,0.7374254049445865,0.776604386677498,3.749741554260254,20.496319165998383,20.39408026755851,22.570980237154117,19.698167092924127,21.511356620633638,65.2485966319166,65.11872909698997,67.31541501976285,64.43734015345268,66.22502030869212,12.721732157177225,12.75752508361204,14.546245059288538,12.289855072463768,13.716490658001625,12.0,5.0,5.0,12.0,13.206369606108638
