,1,1l,1r,1s,2,2l,2r,2s,3,3l,3r,3s,4,4l,4r,4s,id,1_2,1_3,1_4,2_1,2_3,2_4,3_1,3_2,3_4,4_1,4_2,4_3,p1,p2,p3,p4,speed0,speed1,speed2,speed3,speed4,stop0,stop1,stop2,stop3,stop4,time,timeloss0,timeloss1,timeloss2,timeloss3,timeloss4,travel0,travel1,travel2,travel3,travel4,wait0,wait1,wait2,wait3,wait4,rsl_rrsll_rsl_rslll_0,rsl_rrsll_rsl_rslll_1,rsl_rrsll_rsl_rslll_2,rsl_rrsll_rsl_rslll_3,performance measure
0,3,1,1,1,5,2,2,1,3,1,1,1,5,3,1,1,rsl_rrsll_rsl_rslll,204.0,285.0,123.0,500.0,236.0,289.0,57.0,273.0,160.0,827.0,197.0,41.0,12.0,12.0,12.0,12.0,8.5383413833837,8.586062223119901,8.373038243956659,8.734976542556133,8.677712436276753,0.9466791393826005,0.830398517145505,0.9511545293072824,0.8085901027077498,0.8431924882629108,3.593930244445801,33.87652011225445,28.51849860982391,32.97306394316166,26.454351073762837,29.05873239436619,78.74368568755847,73.4772937905468,77.91207815275311,71.406162464986,74.02159624413146,23.73526660430309,19.820203892493048,23.24422735346359,18.12044817927171,20.16338028169014,12.0,12.0,12.0,12.0,21.01670526224431
