,1,1l,1r,1s,2,2l,2r,2s,3,3l,3r,3s,4,4l,4r,4s,id,1_2,1_3,1_4,2_1,2_3,2_4,3_1,3_2,3_4,4_1,4_2,4_3,p1,p2,p3,p4,speed0,speed1,speed2,speed3,speed4,stop0,stop1,stop2,stop3,stop4,time,timeloss0,timeloss1,timeloss2,timeloss3,timeloss4,travel0,travel1,travel2,travel3,travel4,wait0,wait1,wait2,wait3,wait4,rsssl_rrsll_rsl_rsslll_0,rsssl_rrsll_rsl_rsslll_1,rsssl_rrsll_rsl_rsslll_2,rsssl_rrsll_rsl_rsslll_3,performance measure
0,5,1,1,3,5,2,2,1,3,1,1,1,6,3,1,2,rsssl_rrsll_rsl_rsslll,237.0,658.0,40.0,389.0,354.0,305.0,202.0,177.0,302.0,570.0,444.0,207.0,12.0,12.0,12.0,12.0,8.426485427858756,8.788805092479404,8.616016712198377,8.66962619667833,8.728695666613193,0.9812792511700468,0.8046934140802422,0.8825235678027556,0.8674796747967479,0.838659392049883,3.653106927871704,36.02766770670824,26.655700227100642,29.2066932559826,29.01740650406502,27.974801247077156,80.89079563182527,71.54882664647994,74.08992023205221,73.89512195121951,72.83008573655495,25.713728549141965,18.44890234670704,20.379985496736765,20.252032520325205,19.475448168355417,12.0,12.0,12.0,12.0,20.854019416253276
