,1,1l,1r,1s,2,2l,2r,2s,3,3l,3r,3s,4,4l,4r,4s,id,1_2,1_3,1_4,2_1,2_3,2_4,3_1,3_2,3_4,4_1,4_2,4_3,p1,p2,p3,p4,speed0,speed1,speed2,speed3,speed4,stop0,stop1,stop2,stop3,stop4,time,timeloss0,timeloss1,timeloss2,timeloss3,timeloss4,travel0,travel1,travel2,travel3,travel4,wait0,wait1,wait2,wait3,wait4,rsll_rsl_rssslll_rrsssll_0,rsll_rsl_rssslll_rrsssll_1,rsll_rsl_rssslll_rrsssll_2,rsll_rsl_rssslll_rrsssll_3,performance measure
0,4,2,1,1,3,1,1,1,7,3,1,3,7,2,2,3,rsll_rsl_rssslll_rrsssll,621.0,330.0,290.0,65.0,155.0,170.0,540.0,222.0,227.0,153.0,1030.0,147.0,12.0,12.0,5.0,12.0,8.846812068966917,8.724873676471358,8.286939782790737,8.853912209474196,8.383742200533387,0.906888720666162,0.8744221879815101,1.0689149560117301,0.9158143194335169,1.1097922848664687,4.125078916549683,28.376722180166563,27.20509244992292,36.19175953079168,28.86771833202202,37.635912462908045,73.17032551097654,72.03004622496148,81.04765395894428,73.65302911093627,82.42284866468843,19.464799394398185,18.553929121725734,25.84090909090909,19.909520062942565,26.85385756676558,12.0,12.0,5.0,12.0,22.12460304734823
