,1,1l,1r,1s,2,2l,2r,2s,3,3l,3r,3s,4,4l,4r,4s,id,1_2,1_3,1_4,2_1,2_3,2_4,3_1,3_2,3_4,4_1,4_2,4_3,p1,p2,p3,p4,speed0,speed1,speed2,speed3,speed4,stop0,stop1,stop2,stop3,stop4,time,timeloss0,timeloss1,timeloss2,timeloss3,timeloss4,travel0,travel1,travel2,travel3,travel4,wait0,wait1,wait2,wait3,wait4,rsl_rsssll_rrssl_rrsslll_0,rsl_rsssll_rrssl_rrsslll_1,rsl_rsssll_rrssl_rrsslll_2,rsl_rsssll_rrssl_rrsslll_3,performance measure
0,3,1,1,1,6,2,1,3,5,1,2,2,7,3,2,2,rsl_rsssll_rrssl_rrsslll,167.0,106.0,46.0,158.0,371.0,328.0,621.0,350.0,279.0,845.0,562.0,259.0,12.0,12.0,12.0,12.0,8.540377118867154,8.499455261300174,8.583660275644506,8.59937918941245,8.886473203758001,0.8548850574712644,0.8446671438797423,0.8480836236933798,0.8521341463414634,0.7794010226442659,3.755343198776245,29.01785919540232,29.21412312097354,28.057205574912913,29.008170731707352,25.24200146092041,73.8771551724138,74.0486757337151,72.89965156794425,73.77896341463415,70.05843681519357,20.448994252873565,20.673586256263423,19.489895470383274,20.464176829268293,17.260043827611394,12.0,12.0,12.0,12.0,19.66733932727999
