,1,1l,1r,1s,2,2l,2r,2s,3,3l,3r,3s,4,4l,4r,4s,id,1_2,1_3,1_4,2_1,2_3,2_4,3_1,3_2,3_4,4_1,4_2,4_3,p1,p2,p3,p4,speed0,speed1,speed2,speed3,speed4,stop0,stop1,stop2,stop3,stop4,time,timeloss0,timeloss1,timeloss2,timeloss3,timeloss4,travel0,travel1,travel2,travel3,travel4,wait0,wait1,wait2,wait3,wait4,rsl_rsl_rsl_rrssll_0,rsl_rsl_rsl_rrssll_1,rsl_rsl_rsl_rrssll_2,rsl_rsl_rsl_rrssll_3,performance measure
0,3,1,1,1,3,1,1,1,3,1,1,1,6,2,2,2,rsl_rsl_rsl_rrssll,106.0,131.0,44.0,64.0,196.0,291.0,97.0,65.0,281.0,536.0,455.0,297.0,12.0,5.0,12.0,12.0,8.554618265099462,8.835669066970114,8.384699053278759,8.729220295404119,8.808993813555325,0.9670079635949943,0.8508670520231214,1.1476655808903367,0.8911729141475212,0.8711943793911007,3.250058650970459,31.911649601820262,26.80075144508673,40.35060803474475,28.615078597339746,27.807915690866515,77.00682593856655,71.878612716763,85.48208469055375,73.71221281741234,72.89110070257611,22.436860068259385,18.541040462427745,29.492942453854507,20.120918984280532,19.40983606557377,12.0,5.0,12.0,12.0,22.000319606879188
