,1,1l,1r,1s,2,2l,2r,2s,3,3l,3r,3s,4,4l,4r,4s,id,1_2,1_3,1_4,2_1,2_3,2_4,3_1,3_2,3_4,4_1,4_2,4_3,p1,p2,p3,p4,speed0,speed1,speed2,speed3,speed4,stop0,stop1,stop2,stop3,stop4,time,timeloss0,timeloss1,timeloss2,timeloss3,timeloss4,travel0,travel1,travel2,travel3,travel4,wait0,wait1,wait2,wait3,wait4,rrslll_rssll_rsl_rssssll_0,rrslll_rssll_rsl_rssssll_1,rrslll_rssll_rsl_rssssll_2,rrslll_rssll_rsl_rssssll_3,performance measure
0,6,3,2,1,5,2,1,2,3,1,1,1,7,2,1,4,rrslll_rssll_rsl_rssssll,242.0,112.0,158.0,73.0,592.0,257.0,188.0,305.0,247.0,250.0,1245.0,58.0,12.0,12.0,12.0,12.0,8.581823900199803,8.677599458670334,8.416656655897475,8.702122241554152,8.575262251487828,0.8333333333333334,0.8075990299110751,0.8844961240310077,0.8206611570247934,0.8489378442171518,3.8284268379211426,27.87640432098766,27.20293451899757,29.833751937984513,26.9770991735537,28.36675845790713,72.77083333333333,72.11802748585286,74.73720930232558,71.85867768595041,73.23210070810386,19.343364197530864,18.874696847210995,20.84108527131783,18.620661157024795,19.83556254917388,12.0,12.0,12.0,12.0,19.503074004451673
