,1,1l,1r,1s,2,2l,2r,2s,3,3l,3r,3s,4,4l,4r,4s,id,1_2,1_3,1_4,2_1,2_3,2_4,3_1,3_2,3_4,4_1,4_2,4_3,p1,p2,p3,p4,speed0,speed1,speed2,speed3,speed4,stop0,stop1,stop2,stop3,stop4,time,timeloss0,timeloss1,timeloss2,timeloss3,timeloss4,travel0,travel1,travel2,travel3,travel4,wait0,wait1,wait2,wait3,wait4,rssll_rrssl_rssslll_rrssll_0,rssll_rrssl_rssslll_rrssll_1,rssll_rrssl_rssslll_rrssll_2,rssll_rrssl_rssslll_rrssll_3,performance measure
0,5,2,1,2,5,1,2,2,7,3,1,3,6,2,2,2,rssll_rrssl_rssslll_rrssll,632.0,353.0,181.0,188.0,142.0,389.0,905.0,126.0,190.0,302.0,344.0,634.0,20.0,20.0,12.0,12.0,8.63887150371931,8.684980244364828,8.665734527250128,8.783031276261253,8.789292305059409,0.7474949899799599,0.7554963357761493,0.7687120701281187,0.7308503162333099,0.7203856749311295,4.140612840652466,28.471543086172378,27.675596269153957,27.744753877275826,26.781883345045717,26.933057851239685,73.15698062792251,72.39240506329114,72.49831422791638,71.47434996486297,71.60330578512396,20.4749498997996,19.746169220519654,19.774106540795685,19.078004216444132,19.261019283746556,20.0,20.0,12.0,12.0,19.666849832261125
