,1,1l,1r,1s,2,2l,2r,2s,3,3l,3r,3s,4,4l,4r,4s,id,1_2,1_3,1_4,2_1,2_3,2_4,3_1,3_2,3_4,4_1,4_2,4_3,p1,p2,p3,p4,speed0,speed1,speed2,speed3,speed4,stop0,stop1,stop2,stop3,stop4,time,timeloss0,timeloss1,timeloss2,timeloss3,timeloss4,travel0,travel1,travel2,travel3,travel4,wait0,wait1,wait2,wait3,wait4,rsssssl_rsl_rrsslll_rsssll_0,rsssssl_rsl_rrsslll_rsssll_1,rsssssl_rsl_rrsslll_rsssll_2,rsssssl_rsl_rrsslll_rsssll_3,performance measure
0,7,1,1,5,3,1,1,1,7,3,2,2,6,2,1,3,rsssssl_rsl_rrsslll_rsssll,171.0,1544.0,225.0,44.0,170.0,187.0,588.0,312.0,185.0,422.0,565.0,192.0,12.0,20.0,12.0,12.0,8.759623878786096,8.897902556280705,8.955446509919899,8.974042893001986,8.90555365567186,0.774886141834743,0.7537953795379538,0.7299412915851272,0.7379972565157751,0.7477183833116037,4.196754455566406,27.056434612882235,25.65357755775576,24.981500326157892,24.886639231824407,25.301629726205995,71.91541964866623,70.51815181518151,69.8525766470972,69.7352537722908,70.15906127770535,18.938191281717632,17.752475247524753,17.262230919765166,17.16460905349794,17.471316818774447,12.0,20.0,12.0,12.0,17.717764664255988
