,1,1l,1r,1s,2,2l,2r,2s,3,3l,3r,3s,4,4l,4r,4s,id,1_2,1_3,1_4,2_1,2_3,2_4,3_1,3_2,3_4,4_1,4_2,4_3,p1,p2,p3,p4,speed0,speed1,speed2,speed3,speed4,stop0,stop1,stop2,stop3,stop4,time,timeloss0,timeloss1,timeloss2,timeloss3,timeloss4,travel0,travel1,travel2,travel3,travel4,wait0,wait1,wait2,wait3,wait4,rssl_rrsslll_rsl_rrsll_0,rssl_rrsslll_rsl_rrsll_1,rssl_rrsslll_rsl_rrsll_2,rssl_rrsslll_rsl_rrsll_3,performance measure
0,4,1,1,2,7,3,2,2,3,1,1,1,5,2,2,1,rssl_rrsslll_rsl_rrsll,308.0,688.0,62.0,194.0,721.0,489.0,202.0,267.0,84.0,253.0,191.0,374.0,12.0,12.0,12.0,12.0,8.712962569268148,8.306480460800584,8.402424523654483,8.814899548202936,8.303711061641362,0.823170731707317,0.9458015267175572,0.950419527078566,0.8159362549800797,0.9431906614785992,3.765958070755005,27.46443597560972,34.51677862595421,33.2264378337147,26.268860557768928,33.51887159533071,72.32850609756098,79.37404580152672,78.08009153318078,71.11553784860558,78.40466926070039,19.026676829268293,24.93358778625954,23.5720823798627,17.976892430278884,24.00544747081712,12.0,12.0,12.0,12.0,21.902937379297306
