,1,1l,1r,1s,2,2l,2r,2s,3,3l,3r,3s,4,4l,4r,4s,id,1_2,1_3,1_4,2_1,2_3,2_4,3_1,3_2,3_4,4_1,4_2,4_3,p1,p2,p3,p4,speed0,speed1,speed2,speed3,speed4,stop0,stop1,stop2,stop3,stop4,time,timeloss0,timeloss1,timeloss2,timeloss3,timeloss4,travel0,travel1,travel2,travel3,travel4,wait0,wait1,wait2,wait3,wait4,rrsssll_rsl_rsl_rrsll_0,rrsssll_rsl_rsl_rrsll_1,rrsssll_rsl_rsl_rrsll_2,rrsssll_rsl_rsl_rrsll_3,performance measure
0,7,2,2,3,3,1,1,1,3,1,1,1,5,2,2,1,rrsssll_rsl_rsl_rrsll,489.0,1008.0,448.0,49.0,307.0,75.0,149.0,124.0,121.0,215.0,87.0,510.0,12.0,12.0,12.0,5.0,9.19062829680097,9.134399826502662,9.019888149484181,9.217916555451035,9.26836452765968,0.7494033412887828,0.7698607698607699,0.8048172757475083,0.7497850386930353,0.7352185089974294,3.624962329864502,22.16511535401749,23.09954135954136,24.098612956810637,22.329716251074778,21.838843187660682,66.84327764518696,67.83210483210483,68.83305647840531,67.0146173688736,66.53470437017995,14.333333333333334,15.14004914004914,15.817275747508306,14.386930352536544,14.23993144815767,12.0,12.0,12.0,5.0,14.783504004316999
