,1,1l,1r,1s,2,2l,2r,2s,3,3l,3r,3s,4,4l,4r,4s,id,1_2,1_3,1_4,2_1,2_3,2_4,3_1,3_2,3_4,4_1,4_2,4_3,p1,p2,p3,p4,speed0,speed1,speed2,speed3,speed4,stop0,stop1,stop2,stop3,stop4,time,timeloss0,timeloss1,timeloss2,timeloss3,timeloss4,travel0,travel1,travel2,travel3,travel4,wait0,wait1,wait2,wait3,wait4,rssslll_rssll_rsssl_rrssl_0,rssslll_rssll_rsssl_rrssl_1,rssslll_rssll_rsssl_rrssl_2,rssslll_rssll_rsssl_rrssl_3,performance measure
0,7,3,1,3,5,2,1,2,5,1,1,3,5,1,2,2,rssslll_rssll_rsssl_rrssl,441.0,414.0,83.0,39.0,72.0,421.0,886.0,214.0,189.0,284.0,653.0,534.0,12.0,12.0,12.0,12.0,8.768085658608054,8.590788596448622,8.623811421357512,8.811427740041415,8.74323774716771,0.796435915010281,0.8328671328671329,0.8725761772853186,0.8122238586156112,0.8068669527896996,3.968733072280884,26.518958190541493,28.742944055943976,28.614909972299092,25.549521354933695,26.95172389127328,71.28169979437972,73.58181818181818,73.47991689750693,70.29675994108983,71.75894134477825,18.397532556545578,20.276223776223777,19.99376731301939,17.54933726067747,18.732474964234623,12.0,12.0,12.0,12.0,18.98986717414017
