,1,1l,1r,1s,2,2l,2r,2s,3,3l,3r,3s,4,4l,4r,4s,id,1_2,1_3,1_4,2_1,2_3,2_4,3_1,3_2,3_4,4_1,4_2,4_3,p1,p2,p3,p4,speed0,speed1,speed2,speed3,speed4,stop0,stop1,stop2,stop3,stop4,time,timeloss0,timeloss1,timeloss2,timeloss3,timeloss4,travel0,travel1,travel2,travel3,travel4,wait0,wait1,wait2,wait3,wait4,rsssssl_rssssll_rsl_rssll_0,rsssssl_rssssll_rsl_rssll_1,rsssssl_rssssll_rsl_rssll_2,rsssssl_rssssll_rsl_rssll_3,performance measure
0,7,1,1,5,7,2,1,4,3,1,1,1,5,2,1,2,rsssssl_rssssll_rsl_rssll,135.0,1449.0,125.0,314.0,300.0,930.0,91.0,118.0,290.0,243.0,170.0,259.0,12.0,12.0,12.0,12.0,8.81119544489985,8.875582093362173,8.743185848998667,8.701905543030549,8.932701443470288,0.7920592193808883,0.7726045883940621,0.8382642998027613,0.8534067446662078,0.7646267652992602,4.224714756011963,25.529468371467,25.15665991902834,27.1238921761999,28.187123193392985,24.676919973100198,70.3835800807537,70.01619433198381,71.97304404996713,73.0467997247075,69.56018829858776,17.267833109017495,17.067476383265856,18.435239973701513,19.368891947694426,16.69939475453934,12.0,12.0,12.0,12.0,17.767767233643728
