,1,1l,1r,1s,2,2l,2r,2s,3,3l,3r,3s,4,4l,4r,4s,id,1_2,1_3,1_4,2_1,2_3,2_4,3_1,3_2,3_4,4_1,4_2,4_3,p1,p2,p3,p4,speed0,speed1,speed2,speed3,speed4,stop0,stop1,stop2,stop3,stop4,time,timeloss0,timeloss1,timeloss2,timeloss3,timeloss4,travel0,travel1,travel2,travel3,travel4,wait0,wait1,wait2,wait3,wait4,rrsll_rssl_rsssll_rsl_0,rrsll_rssl_rsssll_rsl_1,rrsll_rssl_rsssll_rsl_2,rrsll_rssl_rsssll_rsl_3,performance measure
0,5,2,2,1,4,1,1,2,6,2,1,3,3,1,1,1,rrsll_rssl_rsssll_rsl,146.0,98.0,561.0,73.0,207.0,612.0,720.0,286.0,153.0,300.0,46.0,143.0,5.0,12.0,12.0,12.0,9.27333557167174,9.258997617806791,9.328400850699962,9.32231698242487,9.268834597269743,0.7379310344827587,0.742756804214223,0.7192982456140351,0.7333333333333333,0.7353735373537353,3.4995782375335693,21.70261206896552,22.196733977172958,21.10221929824564,21.323324324324336,21.885481548154775,66.47413793103448,66.94907813871818,65.82456140350877,66.05315315315315,66.62736273627362,13.886206896551725,14.359964881474978,13.517543859649123,13.674774774774775,14.171017101710172,5.0,12.0,12.0,12.0,13.921901502832156
