,1,1l,1r,1s,2,2l,2r,2s,3,3l,3r,3s,4,4l,4r,4s,id,1_2,1_3,1_4,2_1,2_3,2_4,3_1,3_2,3_4,4_1,4_2,4_3,p1,p2,p3,p4,speed0,speed1,speed2,speed3,speed4,stop0,stop1,stop2,stop3,stop4,time,timeloss0,timeloss1,timeloss2,timeloss3,timeloss4,travel0,travel1,travel2,travel3,travel4,wait0,wait1,wait2,wait3,wait4,rsl_rsl_rsssl_rsl_0,rsl_rsl_rsssl_rsl_1,rsl_rsl_rsssl_rsl_2,rsl_rsl_rsssl_rsl_3,performance measure
0,3,1,1,1,3,1,1,1,5,1,1,3,3,1,1,1,rsl_rsl_rsssl_rsl,221.0,281.0,81.0,80.0,234.0,288.0,362.0,159.0,134.0,322.0,280.0,293.0,12.0,12.0,12.0,12.0,8.111801508722715,8.121081487438754,7.964729536446009,8.417386462076514,8.061719951815808,1.0366774541531822,1.0227027027027027,1.0532359081419624,0.8855885588558856,1.03954802259887,3.125058889389038,38.784822006472474,39.204162162162156,38.63865344467643,30.408877887788766,38.131480225988696,83.88241639697951,84.33189189189189,83.73068893528183,75.48734873487349,83.18418079096045,27.99460625674218,28.541621621621623,28.005219206680586,21.48184818481848,27.71186440677966,12.0,12.0,12.0,12.0,26.747031935328504
