,1,1l,1r,1s,2,2l,2r,2s,3,3l,3r,3s,4,4l,4r,4s,id,1_2,1_3,1_4,2_1,2_3,2_4,3_1,3_2,3_4,4_1,4_2,4_3,p1,p2,p3,p4,speed0,speed1,speed2,speed3,speed4,stop0,stop1,stop2,stop3,stop4,time,timeloss0,timeloss1,timeloss2,timeloss3,timeloss4,travel0,travel1,travel2,travel3,travel4,wait0,wait1,wait2,wait3,wait4,rssslll_rssll_rsssl_rrssl_0,rssslll_rssll_rsssl_rrssl_1,rssslll_rssll_rsssl_rrssl_2,rssslll_rssll_rsssl_rrssl_3,performance measure
0,7,3,1,3,5,2,1,2,5,1,1,3,5,1,2,2,rssslll_rssll_rsssl_rrssl,472.0,490.0,178.0,179.0,165.0,678.0,602.0,126.0,266.0,127.0,640.0,351.0,12.0,12.0,5.0,12.0,8.95583482031693,8.843062044629637,8.8299483523207,9.153455684469426,8.972345754249858,0.8363136176066025,0.9362577107607951,0.8586738111185532,0.7793153678077204,0.8094565984474241,3.928727388381958,25.58775790921594,30.493858807402315,26.272203616878773,23.0628914785142,25.299844742413526,70.41540577716644,75.32899246058945,71.13864701942398,67.8856518572469,70.15314043754411,17.30811554332875,21.426319396847155,17.90890823844608,15.172614712308812,17.194777699364856,12.0,12.0,5.0,12.0,17.80214711805913
