,1,1l,1r,1s,2,2l,2r,2s,3,3l,3r,3s,4,4l,4r,4s,id,1_2,1_3,1_4,2_1,2_3,2_4,3_1,3_2,3_4,4_1,4_2,4_3,p1,p2,p3,p4,speed0,speed1,speed2,speed3,speed4,stop0,stop1,stop2,stop3,stop4,time,timeloss0,timeloss1,timeloss2,timeloss3,timeloss4,travel0,travel1,travel2,travel3,travel4,wait0,wait1,wait2,wait3,wait4,rslll_rsl_rrslll_rsl_0,rslll_rsl_rrslll_rsl_1,rslll_rsl_rrslll_rsl_2,rslll_rsl_rrslll_rsl_3,performance measure
0,5,3,1,1,3,1,1,1,6,3,2,1,3,1,1,1,rslll_rsl_rrslll_rsl,770.0,265.0,268.0,250.0,281.0,114.0,301.0,454.0,640.0,185.0,94.0,236.0,12.0,12.0,12.0,5.0,9.015103227748225,9.036630964646745,8.961449355944762,9.220750789705738,9.200934521967328,0.8266464799394398,0.8056835637480799,0.7958152958152959,0.7555726364335127,0.7545871559633027,3.741074323654175,25.60573807721423,25.369070660522272,24.24518759018761,22.139085318985405,22.378539755351692,70.43830431491294,70.215821812596,69.11616161616162,66.99000768639507,67.21406727828746,17.157456472369418,17.091397849462364,15.768398268398268,14.08531898539585,14.385321100917432,12.0,12.0,12.0,5.0,15.697578535308669
