,1,1l,1r,1s,2,2l,2r,2s,3,3l,3r,3s,4,4l,4r,4s,id,1_2,1_3,1_4,2_1,2_3,2_4,3_1,3_2,3_4,4_1,4_2,4_3,p1,p2,p3,p4,speed0,speed1,speed2,speed3,speed4,stop0,stop1,stop2,stop3,stop4,time,timeloss0,timeloss1,timeloss2,timeloss3,timeloss4,travel0,travel1,travel2,travel3,travel4,wait0,wait1,wait2,wait3,wait4,rsl_rsl_rsl_rrssssl_0,rsl_rsl_rsl_rrssssl_1,rsl_rsl_rsl_rrssssl_2,rsl_rsl_rsl_rrssssl_3,performance measure
0,3,1,1,1,3,1,1,1,3,1,1,1,7,1,2,4,rsl_rsl_rsl_rrssssl,323.0,172.0,107.0,282.0,121.0,255.0,216.0,74.0,128.0,100.0,1072.0,578.0,12.0,12.0,5.0,12.0,9.08466001568912,8.984695428493715,8.738077008439117,9.182450018966179,9.115211211172955,0.8045492839090144,0.8088618592528236,0.94,0.7968892955169259,0.7875874125874126,3.484210252761841,24.608896377422063,25.241633362293673,30.65147500000001,24.767163769441886,24.654353146853165,69.44229149115417,70.0981754995656,75.50833333333334,69.54986276303751,69.51486013986013,16.090985678180285,16.926151172893135,20.963333333333335,16.613906678865508,16.512237762237763,12.0,12.0,5.0,12.0,17.421322925102004
