,1,1l,1r,1s,2,2l,2r,2s,3,3l,3r,3s,4,4l,4r,4s,id,1_2,1_3,1_4,2_1,2_3,2_4,3_1,3_2,3_4,4_1,4_2,4_3,p1,p2,p3,p4,speed0,speed1,speed2,speed3,speed4,stop0,stop1,stop2,stop3,stop4,time,timeloss0,timeloss1,timeloss2,timeloss3,timeloss4,travel0,travel1,travel2,travel3,travel4,wait0,wait1,wait2,wait3,wait4,rssll_rrsl_rsssl_rrsl_0,rssll_rrsl_rsssl_rrsl_1,rssll_rrsl_rsssl_rrsl_2,rssll_rrsl_rsssl_rrsl_3,performance measure
0,5,2,1,2,4,1,2,1,5,1,1,3,4,1,2,1,rssll_rrsl_rsssl_rrsl,525.0,249.0,228.0,319.0,274.0,111.0,773.0,239.0,74.0,247.0,343.0,387.0,12.0,12.0,12.0,12.0,8.994397552099917,8.688783703260448,8.62104400717596,8.778605640571595,8.942029222731803,0.7577689243027889,0.8750975800156128,0.8549501151189562,0.8327974276527331,0.7794955248169243,3.8593974113464355,24.69819123505978,31.27373926619827,29.056216423637736,27.45337620578776,26.212961757526436,69.4207171314741,76.0335675253708,73.7943207981581,72.19372990353698,70.96013018714402,16.772908366533866,22.011709601873537,20.21412125863392,19.028135048231512,18.10740439381611,12.0,12.0,12.0,12.0,19.22685573381779
