,1,1l,1r,1s,2,2l,2r,2s,3,3l,3r,3s,4,4l,4r,4s,id,1_2,1_3,1_4,2_1,2_3,2_4,3_1,3_2,3_4,4_1,4_2,4_3,p1,p2,p3,p4,speed0,speed1,speed2,speed3,speed4,stop0,stop1,stop2,stop3,stop4,time,timeloss0,timeloss1,timeloss2,timeloss3,timeloss4,travel0,travel1,travel2,travel3,travel4,wait0,wait1,wait2,wait3,wait4,rsl_rsl_rsl_rrssll_0,rsl_rsl_rsl_rrssll_1,rsl_rsl_rsl_rrssll_2,rsl_rsl_rsl_rrssll_3,performance measure
0,3,1,1,1,3,1,1,1,3,1,1,1,6,2,2,2,rsl_rsl_rsl_rrssll,70.0,325.0,249.0,299.0,113.0,119.0,102.0,321.0,300.0,314.0,609.0,547.0,20.0,20.0,12.0,20.0,8.685222931557059,8.722596523980714,8.495723791748441,8.623325937151048,8.37074176621082,0.7074829931972789,0.7018018018018019,0.7472055030094583,0.7212065813528337,0.7527801539777588,3.5937328338623047,28.18323129251697,28.109495495495494,30.064531384350815,29.027824497257757,31.335423438836607,72.9234693877551,72.8882882882883,74.86328460877043,73.81444241316271,76.09580838323353,20.02125850340136,20.147747747747747,21.51590713671539,20.77239488117002,22.783575705731394,20.0,20.0,12.0,20.0,21.048176794953182
