,1,1l,1r,1s,2,2l,2r,2s,3,3l,3r,3s,4,4l,4r,4s,id,1_2,1_3,1_4,2_1,2_3,2_4,3_1,3_2,3_4,4_1,4_2,4_3,p1,p2,p3,p4,speed0,speed1,speed2,speed3,speed4,stop0,stop1,stop2,stop3,stop4,time,timeloss0,timeloss1,timeloss2,timeloss3,timeloss4,travel0,travel1,travel2,travel3,travel4,wait0,wait1,wait2,wait3,wait4,rsssssl_rsl_rrsslll_rsssll_0,rsssssl_rsl_rrsslll_rsssll_1,rsssssl_rsl_rrsslll_rsssll_2,rsssssl_rsl_rrsslll_rsssll_3,performance measure
0,7,1,1,5,3,1,1,1,7,3,2,2,6,2,1,3,rsssssl_rsl_rrsslll_rsssll,167.0,1289.0,271.0,141.0,219.0,136.0,294.0,126.0,759.0,619.0,1004.0,298.0,12.0,12.0,12.0,12.0,8.658126639854046,8.200786236730183,7.9095950839773925,8.621084325492102,8.328622084315116,0.8116187253243091,0.9742729306487695,1.0569239189928845,0.8357265939115451,0.910414333706607,4.719073534011841,26.975194585448364,35.10577740492171,38.16050355774492,27.395726593911586,31.373001119820852,71.83925549915398,79.98657718120805,83.03065134099617,72.29753015508328,76.20548712206048,18.492949802594474,25.156599552572708,27.40120415982485,18.885697874784608,22.170212765957448,12.0,12.0,12.0,12.0,22.42133283114682
