,1,1l,1r,1s,2,2l,2r,2s,3,3l,3r,3s,4,4l,4r,4s,id,1_2,1_3,1_4,2_1,2_3,2_4,3_1,3_2,3_4,4_1,4_2,4_3,p1,p2,p3,p4,speed0,speed1,speed2,speed3,speed4,stop0,stop1,stop2,stop3,stop4,time,timeloss0,timeloss1,timeloss2,timeloss3,timeloss4,travel0,travel1,travel2,travel3,travel4,wait0,wait1,wait2,wait3,wait4,rsl_rsssll_rrssl_rrsslll_0,rsl_rsssll_rrssl_rrsslll_1,rsl_rsssll_rrssl_rrsslll_2,rsl_rsssll_rrssl_rrsslll_3,performance measure
0,3,1,1,1,6,2,1,3,5,1,2,2,7,3,2,2,rsl_rsssll_rrssl_rrsslll,131.0,40.0,121.0,151.0,511.0,1027.0,109.0,576.0,129.0,250.0,177.0,371.0,5.0,5.0,12.0,12.0,9.362963746772394,9.67832217619861,9.631724368609127,9.585222774275943,9.71192530363989,0.8875502008032129,0.7179700499168054,0.735174654752234,0.728688524590164,0.6822351959966639,3.5936005115509033,25.87235341365463,18.785282861896825,19.569488220958593,19.653254098360655,17.951734778982495,70.37831325301205,63.30698835274542,64.06011372867587,64.13934426229508,62.45871559633027,17.119678714859436,11.44342762063228,12.047928513403736,12.089344262295082,10.738115095913262,5.0,5.0,12.0,12.0,12.68769884142076
