,1,1l,1r,1s,2,2l,2r,2s,3,3l,3r,3s,4,4l,4r,4s,id,1_2,1_3,1_4,2_1,2_3,2_4,3_1,3_2,3_4,4_1,4_2,4_3,p1,p2,p3,p4,speed0,speed1,speed2,speed3,speed4,stop0,stop1,stop2,stop3,stop4,time,timeloss0,timeloss1,timeloss2,timeloss3,timeloss4,travel0,travel1,travel2,travel3,travel4,wait0,wait1,wait2,wait3,wait4,rssslll_rssll_rsssl_rrssl_0,rssslll_rssll_rsssl_rrssl_1,rssslll_rssll_rsssl_rrssl_2,rssslll_rssll_rsssl_rrssl_3,performance measure
0,7,3,1,3,5,2,1,2,5,1,1,3,5,1,2,2,rssslll_rssll_rsssl_rrssl,661.0,491.0,64.0,148.0,447.0,589.0,450.0,156.0,195.0,164.0,371.0,564.0,12.0,12.0,12.0,12.0,8.900956817708343,9.046142572892553,8.980899087837388,8.989204143696787,8.880297536629763,0.7815468113975577,0.7262798634812286,0.7657841140529531,0.7718794835007173,0.7852112676056338,4.0779407024383545,25.15044776119403,24.009180887372032,24.333693143245064,23.955602582496375,25.82035211267604,69.93554952510176,68.81160409556314,69.15071283095723,68.73744619799139,70.63028169014085,17.168249660786973,16.407508532423208,16.491513917175833,16.164275466284074,17.877464788732393,12.0,12.0,12.0,12.0,16.8218024730805
