,1,1l,1r,1s,2,2l,2r,2s,3,3l,3r,3s,4,4l,4r,4s,id,1_2,1_3,1_4,2_1,2_3,2_4,3_1,3_2,3_4,4_1,4_2,4_3,p1,p2,p3,p4,speed0,speed1,speed2,speed3,speed4,stop0,stop1,stop2,stop3,stop4,time,timeloss0,timeloss1,timeloss2,timeloss3,timeloss4,travel0,travel1,travel2,travel3,travel4,wait0,wait1,wait2,wait3,wait4,rssslll_rssll_rsssl_rrssl_0,rssslll_rssll_rsssl_rrssl_1,rssslll_rssll_rsssl_rrssl_2,rssslll_rssll_rsssl_rrssl_3,performance measure
0,7,3,1,3,5,2,1,2,5,1,1,3,5,1,2,2,rssslll_rssll_rsssl_rrssl,387.0,647.0,191.0,307.0,301.0,608.0,988.0,285.0,247.0,208.0,265.0,174.0,12.0,12.0,12.0,12.0,8.351882193443574,8.391284584777383,8.312123467665451,8.716129807117127,8.577942497181166,0.9112119248217757,0.8892487046632125,0.9349593495934959,0.829560585885486,0.8523622047244095,4.312971830368042,31.255469863901478,31.159740932642485,32.07826141338341,26.43714380825564,28.62031496062993,76.07906675307842,76.04145077720207,76.91807379612257,71.25366178428762,73.4520997375328,22.134154244977317,22.175518134715027,22.730456535334586,18.140479360852197,20.051181102362204,12.0,12.0,12.0,12.0,21.046357875648265
