,1,1l,1r,1s,2,2l,2r,2s,3,3l,3r,3s,4,4l,4r,4s,id,1_2,1_3,1_4,2_1,2_3,2_4,3_1,3_2,3_4,4_1,4_2,4_3,p1,p2,p3,p4,speed0,speed1,speed2,speed3,speed4,stop0,stop1,stop2,stop3,stop4,time,timeloss0,timeloss1,timeloss2,timeloss3,timeloss4,travel0,travel1,travel2,travel3,travel4,wait0,wait1,wait2,wait3,wait4,rsl_rsssssl_rsll_rrssl_0,rsl_rsssssl_rsll_rrssl_1,rsl_rsssssl_rsll_rrssl_2,rsl_rsssssl_rsll_rrssl_3,performance measure
0,3,1,1,1,7,1,1,5,4,2,1,1,5,1,2,2,rsl_rsssssl_rsll_rrssl,98.0,160.0,39.0,51.0,98.0,1086.0,289.0,246.0,88.0,151.0,222.0,478.0,5.0,12.0,5.0,12.0,9.49917064322761,9.276723048690336,9.37944980817698,9.59934169911552,9.41079017247834,0.7652671755725191,0.9728370221327968,0.8147058823529412,0.7197640117994101,0.799407114624506,3.1562492847442627,21.034083969465645,29.425523138833,22.88050980392157,19.53308751229104,22.767747035573134,65.8530534351145,74.35412474849095,67.75196078431372,64.4306784660767,67.61758893280633,13.360687022900763,20.165995975855132,14.918627450980392,12.075712881022616,14.804347826086957,5.0,12.0,5.0,12.0,15.065074231369172
