,1,1l,1r,1s,2,2l,2r,2s,3,3l,3r,3s,4,4l,4r,4s,id,1_2,1_3,1_4,2_1,2_3,2_4,3_1,3_2,3_4,4_1,4_2,4_3,p1,p2,p3,p4,speed0,speed1,speed2,speed3,speed4,stop0,stop1,stop2,stop3,stop4,time,timeloss0,timeloss1,timeloss2,timeloss3,timeloss4,travel0,travel1,travel2,travel3,travel4,wait0,wait1,wait2,wait3,wait4,rsll_rsl_rssslll_rrsssll_0,rsll_rsl_rssslll_rrsssll_1,rsll_rsl_rssslll_rrsssll_2,rsll_rsl_rssslll_rrsssll_3,performance measure
0,4,2,1,1,3,1,1,1,7,3,1,3,7,2,2,3,rsll_rsl_rssslll_rrsssll,125.0,190.0,178.0,74.0,194.0,91.0,950.0,211.0,229.0,630.0,787.0,491.0,5.0,12.0,12.0,12.0,9.171331954285916,8.741053231155968,8.856948724649452,9.193469758084678,9.252945998647249,0.7587437544610992,0.8586497890295358,0.8328591749644382,0.7545922116091109,0.7448177269478199,4.000280141830444,22.07872947894363,26.378888888888856,24.97369843527736,22.058457016899357,21.526283059328076,66.88151320485368,71.25035161744023,69.83997155049786,66.80602498163115,66.35668334524661,14.146324054246966,17.736286919831223,16.60099573257468,14.335047759000735,13.81844174410293,5.0,12.0,12.0,12.0,15.327419241951308
