,1,1l,1r,1s,2,2l,2r,2s,3,3l,3r,3s,4,4l,4r,4s,id,1_2,1_3,1_4,2_1,2_3,2_4,3_1,3_2,3_4,4_1,4_2,4_3,p1,p2,p3,p4,speed0,speed1,speed2,speed3,speed4,stop0,stop1,stop2,stop3,stop4,time,timeloss0,timeloss1,timeloss2,timeloss3,timeloss4,travel0,travel1,travel2,travel3,travel4,wait0,wait1,wait2,wait3,wait4,rsl_rrsl_rssslll_rssssl_0,rsl_rrsl_rssslll_rssssl_1,rsl_rrsl_rssslll_rssssl_2,rsl_rrsl_rssslll_rssssl_3,performance measure
0,3,1,1,1,4,1,2,1,7,3,1,3,6,1,1,4,rsl_rrsl_rssslll_rssssl,257.0,131.0,157.0,525.0,140.0,355.0,400.0,100.0,857.0,285.0,1150.0,184.0,12.0,5.0,12.0,12.0,8.31718519089912,8.423096454946263,8.480936558504588,8.65642811780513,8.600157167081772,1.1030383091149274,0.9615639496355202,1.0679672750157332,0.9164420485175202,0.938239159001314,4.163602113723755,37.654577278731885,32.09779324055671,36.16984896161107,29.53248652291105,30.356241787122247,82.58322324966974,77.04506295559973,81.12838263058528,74.46967654986523,75.29434954007884,26.949141347424042,22.672630881378396,25.742605412208935,20.660377358490567,20.93561103810775,12.0,5.0,12.0,12.0,23.39207320752194
