,1,1l,1r,1s,2,2l,2r,2s,3,3l,3r,3s,4,4l,4r,4s,id,1_2,1_3,1_4,2_1,2_3,2_4,3_1,3_2,3_4,4_1,4_2,4_3,p1,p2,p3,p4,speed0,speed1,speed2,speed3,speed4,stop0,stop1,stop2,stop3,stop4,time,timeloss0,timeloss1,timeloss2,timeloss3,timeloss4,travel0,travel1,travel2,travel3,travel4,wait0,wait1,wait2,wait3,wait4,rsl_rsssll_rrssl_rrsslll_0,rsl_rsssll_rrssl_rrsslll_1,rsl_rsssll_rrssl_rrsslll_2,rsl_rsssll_rrssl_rrsslll_3,performance measure
0,3,1,1,1,6,2,1,3,5,1,2,2,7,3,2,2,rsl_rsssll_rrssl_rrsslll,123.0,213.0,101.0,86.0,115.0,880.0,367.0,584.0,213.0,306.0,549.0,567.0,12.0,12.0,5.0,12.0,9.388230851639257,9.222020157194757,9.273396397570053,9.359064797165907,9.28747495834058,0.7134831460674157,0.7501842299189388,0.7419814682822523,0.7256637168141593,0.7206095791001451,3.921801805496216,20.357415730337088,22.179137803979362,21.29240912330724,20.737249262536846,21.27483309143687,64.99859550561797,66.76860722181283,65.967925873129,65.30530973451327,65.95645863570392,12.808286516853933,14.638909358879882,13.604419101924448,13.166666666666666,13.710449927431059,12.0,12.0,5.0,12.0,13.585746314351198
