,1,1l,1r,1s,2,2l,2r,2s,3,3l,3r,3s,4,4l,4r,4s,id,1_2,1_3,1_4,2_1,2_3,2_4,3_1,3_2,3_4,4_1,4_2,4_3,p1,p2,p3,p4,speed0,speed1,speed2,speed3,speed4,stop0,stop1,stop2,stop3,stop4,time,timeloss0,timeloss1,timeloss2,timeloss3,timeloss4,travel0,travel1,travel2,travel3,travel4,wait0,wait1,wait2,wait3,wait4,rsssl_rrsll_rsl_rsslll_0,rsssl_rrsll_rsl_rsslll_1,rsssl_rrsll_rsl_rsslll_2,rsssl_rrsll_rsl_rsslll_3,performance measure
0,5,1,1,3,5,2,2,1,3,1,1,1,6,3,1,2,rsssl_rrsll_rsl_rsslll,219.0,899.0,50.0,338.0,245.0,190.0,344.0,139.0,251.0,594.0,239.0,143.0,12.0,20.0,12.0,12.0,8.38123779623256,8.688246482801372,8.616896708405552,8.677054454413335,8.762893466804565,0.8567980691874497,0.7953074433656958,0.8037825059101655,0.8038720538720538,0.7677527151211362,3.812610387802124,31.600716009654047,28.033398058252438,29.38171000788019,28.354242424242386,26.850985797827928,76.49396621078037,72.93770226537217,74.26398739164696,73.25925925925925,71.7593984962406,22.938053097345133,19.73220064724919,21.001576044129237,20.11111111111111,18.88972431077694,12.0,20.0,12.0,12.0,20.534533042122323
