,1,1l,1r,1s,2,2l,2r,2s,3,3l,3r,3s,4,4l,4r,4s,id,1_2,1_3,1_4,2_1,2_3,2_4,3_1,3_2,3_4,4_1,4_2,4_3,p1,p2,p3,p4,speed0,speed1,speed2,speed3,speed4,stop0,stop1,stop2,stop3,stop4,time,timeloss0,timeloss1,timeloss2,timeloss3,timeloss4,travel0,travel1,travel2,travel3,travel4,wait0,wait1,wait2,wait3,wait4,rsl_rsssll_rrssl_rrsslll_0,rsl_rsssll_rrssl_rrsslll_1,rsl_rsssll_rrssl_rrsslll_2,rsl_rsssll_rrssl_rrsslll_3,performance measure
0,3,1,1,1,6,2,1,3,5,1,2,2,7,3,2,2,rsl_rsssll_rrssl_rrsslll,272.0,332.0,189.0,190.0,339.0,867.0,469.0,614.0,114.0,685.0,440.0,168.0,12.0,12.0,12.0,12.0,8.691493465486275,8.732986934772365,8.324860267357472,8.685960544809422,8.504901458758244,0.8077669902912621,0.8236791852323361,1.0552451893234016,0.824967824967825,1.0446601941747573,4.359550476074219,26.750498381877026,27.964226607256492,38.37333954065796,26.938037323037307,38.177236245954695,71.48025889967637,72.7084659452578,83.12849162011173,71.7007722007722,82.94757281553397,18.489967637540452,19.40420114576703,27.140285536933582,18.545045045045047,27.031715210355987,12.0,12.0,12.0,12.0,22.122242915128417
