,1,1l,1r,1s,2,2l,2r,2s,3,3l,3r,3s,4,4l,4r,4s,id,1_2,1_3,1_4,2_1,2_3,2_4,3_1,3_2,3_4,4_1,4_2,4_3,p1,p2,p3,p4,speed0,speed1,speed2,speed3,speed4,stop0,stop1,stop2,stop3,stop4,time,timeloss0,timeloss1,timeloss2,timeloss3,timeloss4,travel0,travel1,travel2,travel3,travel4,wait0,wait1,wait2,wait3,wait4,rrsslll_rrsll_rsssl_rrsslll_0,rrsslll_rrsll_rsssl_rrsslll_1,rrsslll_rrsll_rsssl_rrsslll_2,rrsslll_rrsll_rsssl_rrsslll_3,performance measure
0,7,3,2,2,5,2,2,1,5,1,1,3,7,3,2,2,rrsslll_rrsll_rsssl_rrsslll,850.0,585.0,483.0,536.0,455.0,264.0,437.0,99.0,271.0,327.0,374.0,643.0,12.0,12.0,12.0,12.0,8.855841330351682,8.916650785664288,8.846110015562843,9.073495602610741,8.945903339596304,0.8274917853231106,0.768976897689769,0.7940528634361234,0.7620412844036697,0.7753128555176336,4.593710422515869,27.66213033953996,25.499224422442243,26.176580396475828,23.652717889908306,25.01670079635951,72.10843373493977,69.99724972497249,70.67676211453744,68.15424311926606,69.53071672354949,19.01423877327492,17.377337733773377,17.873348017621144,15.709288990825687,16.98748577929465,12.0,12.0,12.0,12.0,17.392339858957957
