,1,1l,1r,1s,2,2l,2r,2s,3,3l,3r,3s,4,4l,4r,4s,id,1_2,1_3,1_4,2_1,2_3,2_4,3_1,3_2,3_4,4_1,4_2,4_3,p1,p2,p3,p4,speed0,speed1,speed2,speed3,speed4,stop0,stop1,stop2,stop3,stop4,time,timeloss0,timeloss1,timeloss2,timeloss3,timeloss4,travel0,travel1,travel2,travel3,travel4,wait0,wait1,wait2,wait3,wait4,rssslll_rssll_rsssl_rrssl_0,rssslll_rssll_rsssl_rrssl_1,rssslll_rssll_rsssl_rrssl_2,rssslll_rssll_rsssl_rrssl_3,performance measure
0,7,3,1,3,5,2,1,2,5,1,1,3,5,1,2,2,rssslll_rssll_rsssl_rrssl,220.0,506.0,323.0,213.0,548.0,99.0,875.0,146.0,237.0,59.0,319.0,626.0,12.0,12.0,12.0,12.0,8.932990689033348,9.072313901032196,8.968210115455891,8.958443839136779,9.054996054193875,0.7529493407356003,0.7239915074309978,0.7651677373304783,0.7683741648106904,0.7385482734319944,3.8627448081970215,24.392928521859844,23.526900212314242,24.347715917201977,24.36211581291764,23.40414376321353,68.98542678695351,68.1457891012031,68.96645253390436,68.88418708240535,67.99718111346019,16.365718251214435,15.806086341118188,16.35902926481085,16.43578322197476,15.60676532769556,12.0,12.0,12.0,12.0,16.114676481362757
