,1,1l,1r,1s,2,2l,2r,2s,3,3l,3r,3s,4,4l,4r,4s,id,1_2,1_3,1_4,2_1,2_3,2_4,3_1,3_2,3_4,4_1,4_2,4_3,p1,p2,p3,p4,speed0,speed1,speed2,speed3,speed4,stop0,stop1,stop2,stop3,stop4,time,timeloss0,timeloss1,timeloss2,timeloss3,timeloss4,travel0,travel1,travel2,travel3,travel4,wait0,wait1,wait2,wait3,wait4,rslll_rsl_rrslll_rsl_0,rslll_rsl_rrslll_rsl_1,rslll_rsl_rrslll_rsl_2,rslll_rsl_rrslll_rsl_3,performance measure
0,5,3,1,1,3,1,1,1,6,3,2,1,3,1,1,1,rslll_rsl_rrslll_rsl,888.0,348.0,70.0,257.0,49.0,77.0,176.0,78.0,937.0,242.0,214.0,209.0,20.0,20.0,12.0,12.0,8.489077065837908,8.151289536523253,8.422638409523868,8.539472325584887,8.2678392262627,0.7706270627062707,0.9000853970964987,0.799373040752351,0.7688442211055276,0.8378158109209454,3.652039051055908,29.79241749174919,37.676780529461944,30.503808777429462,28.9158542713568,33.97392828035862,74.84653465346534,82.73526900085398,75.52586206896552,73.99162479061977,79.04726976365119,21.365511551155116,28.1400512382579,21.647335423197493,20.454773869346734,24.894865525672373,20.0,20.0,12.0,12.0,23.300507521525923
