,1,1l,1r,1s,2,2l,2r,2s,3,3l,3r,3s,4,4l,4r,4s,id,1_2,1_3,1_4,2_1,2_3,2_4,3_1,3_2,3_4,4_1,4_2,4_3,p1,p2,p3,p4,speed0,speed1,speed2,speed3,speed4,stop0,stop1,stop2,stop3,stop4,time,timeloss0,timeloss1,timeloss2,timeloss3,timeloss4,travel0,travel1,travel2,travel3,travel4,wait0,wait1,wait2,wait3,wait4,rsl_rsssll_rrssl_rrsslll_0,rsl_rsssll_rrssl_rrsslll_1,rsl_rsssll_rrssl_rrsslll_2,rsl_rsssll_rrssl_rrsslll_3,performance measure
0,3,1,1,1,6,2,1,3,5,1,2,2,7,3,2,2,rsl_rsssll_rrssl_rrsslll,147.0,77.0,138.0,240.0,530.0,952.0,110.0,471.0,53.0,750.0,280.0,230.0,5.0,5.0,12.0,12.0,9.446510512226725,9.626944090812648,9.630730877890805,9.525449100588897,9.623769819181465,0.919793966151582,0.7280240420736288,0.7118030412744388,0.7397157816005984,0.7119279819954989,3.8285701274871826,27.232862398822665,18.97694966190829,19.209862418537256,19.800306656694133,18.394801200300034,71.89183222958057,63.646882043576255,63.92179580014482,64.43979057591623,63.075768942235555,18.079470198675498,11.472577009767093,11.687907313540912,12.12341062079282,11.053263315828957,5.0,5.0,12.0,12.0,12.883325691721058
