,1,1l,1r,1s,2,2l,2r,2s,3,3l,3r,3s,4,4l,4r,4s,id,1_2,1_3,1_4,2_1,2_3,2_4,3_1,3_2,3_4,4_1,4_2,4_3,p1,p2,p3,p4,speed0,speed1,speed2,speed3,speed4,stop0,stop1,stop2,stop3,stop4,time,timeloss0,timeloss1,timeloss2,timeloss3,timeloss4,travel0,travel1,travel2,travel3,travel4,wait0,wait1,wait2,wait3,wait4,rssslll_rrsssl_rsssssl_rsl_0,rssslll_rrsssl_rsssssl_rsl_1,rssslll_rrsssl_rsssssl_rsl_2,rssslll_rrsssl_rsssssl_rsl_3,performance measure
0,7,3,1,3,6,1,2,3,7,1,1,5,3,1,1,1,rssslll_rrsssl_rsssssl_rsl,352.0,935.0,292.0,581.0,202.0,534.0,757.0,161.0,299.0,76.0,89.0,155.0,20.0,20.0,12.0,12.0,8.696235781903695,8.70902447934977,8.73805111959266,8.752386909867369,8.840022393587775,0.7360742705570292,0.7551701134089392,0.7452645329849772,0.735519888346127,0.7263231197771588,4.036000728607178,27.62388594164454,27.678985990660443,27.14105813193992,27.270669923237932,26.399630919220108,72.24005305039788,72.32354903268846,71.77531025473547,71.89672016748081,71.02437325905292,19.72811671087533,19.840560373582388,19.194644023514044,19.59804605722261,18.66643454038997,20.0,20.0,12.0,12.0,19.405560341116868
