,1,1l,1r,1s,2,2l,2r,2s,3,3l,3r,3s,4,4l,4r,4s,id,1_2,1_3,1_4,2_1,2_3,2_4,3_1,3_2,3_4,4_1,4_2,4_3,p1,p2,p3,p4,speed0,speed1,speed2,speed3,speed4,stop0,stop1,stop2,stop3,stop4,time,timeloss0,timeloss1,timeloss2,timeloss3,timeloss4,travel0,travel1,travel2,travel3,travel4,wait0,wait1,wait2,wait3,wait4,rsl_rsssssl_rsll_rrssl_0,rsl_rsssssl_rsll_rrssl_1,rsl_rsssssl_rsll_rrssl_2,rsl_rsssssl_rsll_rrssl_3,performance measure
0,3,1,1,1,7,1,1,5,4,2,1,1,5,1,2,2,rsl_rsssssl_rsll_rrssl,164.0,244.0,222.0,222.0,215.0,1201.0,54.0,243.0,226.0,120.0,130.0,391.0,12.0,12.0,12.0,12.0,9.086729338434166,9.209341791114769,8.889409718882764,9.12577465474013,9.297115657824442,0.7423469387755102,0.7007738607050731,0.7972085385878489,0.7508680555555556,0.6927763272410792,3.5938479900360107,23.108775510204087,22.65638005159071,25.383825944170745,23.066510416666674,21.782845953002585,67.81972789115646,67.37661220980223,70.11330049261083,67.76736111111111,66.47606614447345,15.448979591836734,15.11865864144454,17.192939244663382,15.247395833333334,14.376849434290687,12.0,12.0,12.0,12.0,15.476964549113735
