,1,1l,1r,1s,2,2l,2r,2s,3,3l,3r,3s,4,4l,4r,4s,id,1_2,1_3,1_4,2_1,2_3,2_4,3_1,3_2,3_4,4_1,4_2,4_3,p1,p2,p3,p4,speed0,speed1,speed2,speed3,speed4,stop0,stop1,stop2,stop3,stop4,time,timeloss0,timeloss1,timeloss2,timeloss3,timeloss4,travel0,travel1,travel2,travel3,travel4,wait0,wait1,wait2,wait3,wait4,rsssssl_rssssll_rsl_rssll_0,rsssssl_rssssll_rsl_rssll_1,rsssssl_rssssll_rsl_rssll_2,rsssssl_rssssll_rsl_rssll_3,performance measure
0,7,1,1,5,7,2,1,4,3,1,1,1,5,2,1,2,rsssssl_rssssll_rsl_rssll,42.0,1210.0,212.0,292.0,102.0,1375.0,124.0,108.0,248.0,138.0,372.0,109.0,12.0,12.0,5.0,12.0,9.091836527210916,8.957808959007288,9.061747221986012,9.076147275449118,9.061941344337768,0.7758620689655172,0.7929848693259972,0.7933828494260635,0.7911301859799714,0.7792297111416782,4.078037261962891,22.66355862068965,24.13680880330121,23.134476704929074,23.237145922746787,23.05911279229715,67.56827586206897,69.02269601100413,67.99729912221471,68.14878397711016,67.94222833562586,14.632413793103447,15.871389270976616,14.891964888588792,15.145922746781116,15.142365887207703,12.0,12.0,5.0,12.0,15.136811317331535
