,1,1l,1r,1s,2,2l,2r,2s,3,3l,3r,3s,4,4l,4r,4s,id,1_2,1_3,1_4,2_1,2_3,2_4,3_1,3_2,3_4,4_1,4_2,4_3,p1,p2,p3,p4,speed0,speed1,speed2,speed3,speed4,stop0,stop1,stop2,stop3,stop4,time,timeloss0,timeloss1,timeloss2,timeloss3,timeloss4,travel0,travel1,travel2,travel3,travel4,wait0,wait1,wait2,wait3,wait4,rsl_rrsll_rsl_rslll_0,rsl_rrsll_rsl_rslll_1,rsl_rrsll_rsl_rslll_2,rsl_rrsll_rsl_rslll_3,performance measure
0,3,1,1,1,5,2,2,1,3,1,1,1,5,3,1,1,rsl_rrsll_rsl_rslll,185.0,183.0,269.0,408.0,514.0,217.0,310.0,105.0,250.0,137.0,211.0,201.0,12.0,12.0,12.0,12.0,8.592589543685458,8.816867490441682,8.686316949155113,8.741980589799544,8.846999622187862,0.842355175688509,0.7585170340681363,0.8406909788867563,0.8229908443540183,0.7807017543859649,3.312318801879883,29.59559354226017,26.121603206412836,28.198330134357022,27.049226856561557,26.565019493177424,74.51471984805318,71.04509018036072,73.0873320537428,71.97253306205494,71.43957115009746,20.70275403608737,17.84569138276553,19.48080614203455,18.478128179043743,18.142300194931774,12.0,12.0,12.0,12.0,18.929935986972595
