,1,1l,1r,1s,2,2l,2r,2s,3,3l,3r,3s,4,4l,4r,4s,id,1_2,1_3,1_4,2_1,2_3,2_4,3_1,3_2,3_4,4_1,4_2,4_3,p1,p2,p3,p4,speed0,speed1,speed2,speed3,speed4,stop0,stop1,stop2,stop3,stop4,time,timeloss0,timeloss1,timeloss2,timeloss3,timeloss4,travel0,travel1,travel2,travel3,travel4,wait0,wait1,wait2,wait3,wait4,rslll_rsl_rrslll_rsl_0,rslll_rsl_rrslll_rsl_1,rslll_rsl_rrslll_rsl_2,rslll_rsl_rrslll_rsl_3,performance measure
0,5,3,1,1,3,1,1,1,6,3,2,1,3,1,1,1,rslll_rsl_rrslll_rsl,467.0,58.0,46.0,122.0,45.0,254.0,140.0,313.0,897.0,216.0,279.0,38.0,12.0,12.0,12.0,12.0,8.483187379163946,8.60470959758995,8.459801612500957,8.622035474293428,8.506741530455429,0.8732673267326733,0.8350730688935282,0.8711288711288712,0.8348909657320872,0.8621041879468846,3.144212484359741,29.73093069306928,28.56591858037576,29.444075924075918,27.311516095534802,29.573534218590382,74.82277227722773,73.70250521920669,74.53746253746253,72.39356178608514,74.66598569969356,20.89207920792079,20.11064718162839,20.681318681318682,18.966770508826585,20.716036772216547,12.0,12.0,12.0,12.0,20.2733704703822
