,1,1l,1r,1s,2,2l,2r,2s,3,3l,3r,3s,4,4l,4r,4s,id,1_2,1_3,1_4,2_1,2_3,2_4,3_1,3_2,3_4,4_1,4_2,4_3,p1,p2,p3,p4,speed0,speed1,speed2,speed3,speed4,stop0,stop1,stop2,stop3,stop4,time,timeloss0,timeloss1,timeloss2,timeloss3,timeloss4,travel0,travel1,travel2,travel3,travel4,wait0,wait1,wait2,wait3,wait4,rsl_rsssll_rrssl_rrsslll_0,rsl_rsssll_rrssl_rrsslll_1,rsl_rsssll_rrssl_rrsslll_2,rsl_rsssll_rrssl_rrsslll_3,performance measure
0,3,1,1,1,6,2,1,3,5,1,2,2,7,3,2,2,rsl_rsssll_rrssl_rrsslll,170.0,92.0,116.0,241.0,533.0,455.0,569.0,254.0,204.0,478.0,632.0,477.0,12.0,12.0,12.0,12.0,8.75656664697058,8.960344506831067,8.742877978261012,8.957672599222823,8.91694482228685,0.7979522184300342,0.7575757575757576,0.8198324022346368,0.776410998552822,0.7714884696016772,3.92583966255188,26.268798634812264,24.72736434108526,27.016270949720628,24.3912445730825,24.926352201257853,70.99317406143345,69.45172656800564,71.7786312849162,69.04775687409551,69.66107617051013,18.106484641638225,16.911909795630727,18.65572625698324,16.528943560057886,17.063591893780572,12.0,12.0,12.0,12.0,17.45333122961813
