,1,1l,1r,1s,2,2l,2r,2s,3,3l,3r,3s,4,4l,4r,4s,id,1_2,1_3,1_4,2_1,2_3,2_4,3_1,3_2,3_4,4_1,4_2,4_3,p1,p2,p3,p4,speed0,speed1,speed2,speed3,speed4,stop0,stop1,stop2,stop3,stop4,time,timeloss0,timeloss1,timeloss2,timeloss3,timeloss4,travel0,travel1,travel2,travel3,travel4,wait0,wait1,wait2,wait3,wait4,rsll_rsl_rssslll_rrsssll_0,rsll_rsl_rssslll_rrsssll_1,rsll_rsl_rssslll_rrsssll_2,rsll_rsl_rssslll_rrsssll_3,performance measure
0,4,2,1,1,3,1,1,1,7,3,1,3,7,2,2,3,rsll_rsl_rssslll_rrsssll,177.0,267.0,308.0,92.0,85.0,311.0,629.0,317.0,927.0,471.0,714.0,188.0,12.0,12.0,12.0,12.0,8.371538421753627,8.642142564515142,8.381065970977168,8.210732980302787,8.313419952017647,0.9691689008042895,0.8049901510177282,0.9101486748545572,0.9490006891798759,0.9372197309417041,3.993210554122925,34.59416890080428,27.52621142481942,30.755539754363284,33.79618883528597,32.78258167841128,79.44772117962466,72.41497045305319,75.59082094376213,78.64851826326671,77.64189622037156,24.488605898123325,18.96323046618516,21.533290239172594,24.158511371467952,23.11467008327995,12.0,12.0,12.0,12.0,22.451661611645797
