,1,1l,1r,1s,2,2l,2r,2s,3,3l,3r,3s,4,4l,4r,4s,id,1_2,1_3,1_4,2_1,2_3,2_4,3_1,3_2,3_4,4_1,4_2,4_3,p1,p2,p3,p4,speed0,speed1,speed2,speed3,speed4,stop0,stop1,stop2,stop3,stop4,time,timeloss0,timeloss1,timeloss2,timeloss3,timeloss4,travel0,travel1,travel2,travel3,travel4,wait0,wait1,wait2,wait3,wait4,rsssssl_rsl_rrsslll_rsssll_0,rsssssl_rsl_rrsslll_rsssll_1,rsssssl_rsl_rrsslll_rsssll_2,rsssssl_rsl_rrsslll_rsssll_3,performance measure
0,7,1,1,5,3,1,1,1,7,3,2,2,6,2,1,3,rsssssl_rsl_rrsslll_rsssll,290.0,1268.0,183.0,96.0,171.0,54.0,136.0,542.0,159.0,345.0,942.0,61.0,12.0,12.0,12.0,12.0,8.944804865705047,8.764945613557876,8.70686695623405,8.916957837494316,8.86765937136064,0.7615384615384615,0.8127659574468085,0.8417765440666204,0.7920646583394563,0.7805049088359046,4.109333276748657,24.655496503496515,27.146113475177344,27.557543372657864,24.893975018368828,25.436830294530154,69.41958041958041,71.96382978723405,72.32824427480917,69.62454077883909,70.22510518934081,16.764335664335665,18.82482269503546,18.91117279666898,16.90227773695812,17.40743338008415,12.0,12.0,12.0,12.0,17.76200845461647
