,1,1l,1r,1s,2,2l,2r,2s,3,3l,3r,3s,4,4l,4r,4s,id,1_2,1_3,1_4,2_1,2_3,2_4,3_1,3_2,3_4,4_1,4_2,4_3,p1,p2,p3,p4,speed0,speed1,speed2,speed3,speed4,stop0,stop1,stop2,stop3,stop4,time,timeloss0,timeloss1,timeloss2,timeloss3,timeloss4,travel0,travel1,travel2,travel3,travel4,wait0,wait1,wait2,wait3,wait4,rsl_rsl_rsl_rrssll_0,rsl_rsl_rsl_rrssll_1,rsl_rsl_rsl_rrssll_2,rsl_rsl_rsl_rrssll_3,performance measure
0,3,1,1,1,3,1,1,1,3,1,1,1,6,2,2,2,rsl_rsl_rsl_rrssll,107.0,223.0,297.0,163.0,168.0,329.0,272.0,302.0,160.0,175.0,289.0,595.0,12.0,20.0,12.0,20.0,8.791236956120615,8.944600119189161,8.666520263683694,8.94467909002316,8.807168799654319,0.7187780772686433,0.7156398104265402,0.7516587677725118,0.6807051909892262,0.7161410018552876,3.0939862728118896,27.25236298292901,25.005725118483408,28.28884360189573,25.111537708129315,26.365899814471256,71.95867026055706,69.79620853080569,73.07962085308057,69.88050930460334,71.06586270871985,18.883198562443845,16.9781990521327,19.848341232227487,17.301665034280116,18.2708719851577,12.0,20.0,12.0,20.0,18.25645517324837
