,1,1l,1r,1s,2,2l,2r,2s,3,3l,3r,3s,4,4l,4r,4s,id,1_2,1_3,1_4,2_1,2_3,2_4,3_1,3_2,3_4,4_1,4_2,4_3,p1,p2,p3,p4,speed0,speed1,speed2,speed3,speed4,stop0,stop1,stop2,stop3,stop4,time,timeloss0,timeloss1,timeloss2,timeloss3,timeloss4,travel0,travel1,travel2,travel3,travel4,wait0,wait1,wait2,wait3,wait4,rssslll_rrsssl_rsssssl_rsl_0,rssslll_rrsssl_rsssssl_rsl_1,rssslll_rrsssl_rsssssl_rsl_2,rssslll_rrsssl_rsssssl_rsl_3,performance measure
0,7,3,1,3,6,1,2,3,7,1,1,5,3,1,1,1,rssslll_rrsssl_rsssssl_rsl,161.0,310.0,80.0,392.0,128.0,133.0,995.0,139.0,198.0,161.0,135.0,87.0,12.0,12.0,12.0,12.0,9.251626832486428,9.190489451180808,9.219428647478686,9.170725431047085,9.388329849276957,0.7005128205128205,0.7163120567375887,0.7246376811594203,0.7434827945776851,0.6777546777546778,3.296869993209839,22.196984615384608,22.908044579533914,22.357082125603835,22.692846715328486,21.34836798336799,66.94564102564102,67.6322188449848,66.98937198067632,67.34827945776851,66.01871101871102,15.108717948717949,15.724417426545086,15.021256038647342,15.306569343065693,14.422037422037421,12.0,12.0,12.0,12.0,15.116599635802697
