,1,1l,1r,1s,2,2l,2r,2s,3,3l,3r,3s,4,4l,4r,4s,id,1_2,1_3,1_4,2_1,2_3,2_4,3_1,3_2,3_4,4_1,4_2,4_3,p1,p2,p3,p4,speed0,speed1,speed2,speed3,speed4,stop0,stop1,stop2,stop3,stop4,time,timeloss0,timeloss1,timeloss2,timeloss3,timeloss4,travel0,travel1,travel2,travel3,travel4,wait0,wait1,wait2,wait3,wait4,rssl_rrsslll_rsl_rrsll_0,rssl_rrsslll_rsl_rrsll_1,rssl_rrsslll_rsl_rrsll_2,rssl_rrsslll_rsl_rrsll_3,performance measure
0,4,1,1,2,7,3,2,2,3,1,1,1,5,2,2,1,rssl_rrsslll_rsl_rrsll,224.0,547.0,226.0,278.0,405.0,275.0,306.0,319.0,87.0,401.0,175.0,126.0,12.0,20.0,12.0,12.0,8.726239330112925,8.881766730766225,8.740140483398815,8.937124950472379,8.945211393814072,0.7905346187554777,0.7464912280701754,0.7785291631445478,0.7402597402597403,0.7381974248927039,3.468804359436035,28.086266432953543,25.78614912280705,27.637675401521527,24.841233766233795,24.994137339055804,72.8159509202454,70.54561403508772,72.40912933220625,69.6103896103896,69.67124463519313,20.034180543383,17.921929824561403,19.657650042265427,17.091836734693878,17.212017167381973,12.0,20.0,12.0,12.0,18.383522862457138
