,1,1l,1r,1s,2,2l,2r,2s,3,3l,3r,3s,4,4l,4r,4s,id,1_2,1_3,1_4,2_1,2_3,2_4,3_1,3_2,3_4,4_1,4_2,4_3,p1,p2,p3,p4,speed0,speed1,speed2,speed3,speed4,stop0,stop1,stop2,stop3,stop4,time,timeloss0,timeloss1,timeloss2,timeloss3,timeloss4,travel0,travel1,travel2,travel3,travel4,wait0,wait1,wait2,wait3,wait4,rsssssl_rsl_rrsslll_rsssll_0,rsssssl_rsl_rrsslll_rsssll_1,rsssssl_rsl_rrsslll_rsssll_2,rsssssl_rsl_rrsslll_rsssll_3,performance measure
0,7,1,1,5,3,1,1,1,7,3,2,2,6,2,1,3,rsssssl_rsl_rrsslll_rsssll,278.0,483.0,234.0,38.0,53.0,336.0,665.0,244.0,537.0,121.0,1030.0,40.0,12.0,12.0,5.0,12.0,8.664638689094165,8.804772545758283,8.441780227503095,9.02760219734212,8.767156183445548,0.956140350877193,0.849194729136164,0.950530035335689,0.8091123330714847,0.873653984206748,3.9063024520874023,29.32616228070174,25.430710102489044,29.84127208480573,23.633016496465036,26.881256281407044,74.1593567251462,70.3601756954612,74.80918727915194,68.47996857816182,71.81550610193827,19.69956140350877,16.929721815519766,20.536395759717315,15.459544383346426,18.041636755204593,12.0,12.0,5.0,12.0,18.133372023459373
