,1,1l,1r,1s,2,2l,2r,2s,3,3l,3r,3s,4,4l,4r,4s,id,1_2,1_3,1_4,2_1,2_3,2_4,3_1,3_2,3_4,4_1,4_2,4_3,p1,p2,p3,p4,speed0,speed1,speed2,speed3,speed4,stop0,stop1,stop2,stop3,stop4,time,timeloss0,timeloss1,timeloss2,timeloss3,timeloss4,travel0,travel1,travel2,travel3,travel4,wait0,wait1,wait2,wait3,wait4,rsl_rsssl_rssssl_rssll_0,rsl_rsssl_rssssl_rssll_1,rsl_rsssl_rssssl_rssll_2,rsl_rsssl_rssssl_rssll_3,performance measure
0,3,1,1,1,5,1,1,3,6,1,1,4,5,2,1,2,rsl_rsssl_rssssl_rssll,133.0,331.0,95.0,221.0,292.0,303.0,824.0,289.0,218.0,370.0,234.0,202.0,12.0,12.0,12.0,5.0,8.928048036272337,9.015439640852783,8.727753589222427,8.981351187009368,8.631354360202543,0.8179530201342282,0.7924050632911392,0.8669991687448046,0.8073555166374781,0.9354838709677419,3.5158486366271973,25.226895973154353,24.35172995780588,27.157755610972547,24.527793345008735,30.30529711375213,70.03020134228188,69.16877637130801,71.97339983374896,69.30647985989492,75.07385398981324,17.1501677852349,16.4042194092827,18.544472152950956,16.258318739054292,21.146010186757216,12.0,12.0,12.0,5.0,17.900637654656016
