,1,1l,1r,1s,2,2l,2r,2s,3,3l,3r,3s,4,4l,4r,4s,id,1_2,1_3,1_4,2_1,2_3,2_4,3_1,3_2,3_4,4_1,4_2,4_3,p1,p2,p3,p4,speed0,speed1,speed2,speed3,speed4,stop0,stop1,stop2,stop3,stop4,time,timeloss0,timeloss1,timeloss2,timeloss3,timeloss4,travel0,travel1,travel2,travel3,travel4,wait0,wait1,wait2,wait3,wait4,rssslll_rrsssl_rsssssl_rsl_0,rssslll_rrsssl_rsssssl_rsl_1,rssslll_rrsssl_rsssssl_rsl_2,rssslll_rrsssl_rsssssl_rsl_3,performance measure
0,7,3,1,3,6,1,2,3,7,1,1,5,3,1,1,1,rssslll_rrsssl_rsssssl_rsl,172.0,514.0,261.0,202.0,136.0,436.0,1598.0,199.0,169.0,268.0,327.0,290.0,5.0,12.0,12.0,12.0,9.049710654984775,8.898184039785995,8.88226683033501,9.022593899828754,8.868069227655871,0.9920582395764395,0.8428201811125485,0.925783749200256,0.9073305670816044,0.9460500963391136,4.453161001205444,33.367643944407696,26.80666235446317,29.390121561100454,29.45025587828497,31.56615928066797,78.14559894109861,71.58214747736093,74.1957773512476,74.22060857538035,76.32883750802826,23.356717405691594,18.26261319534282,20.305822136916188,20.35546334716459,22.019910083493897,5.0,12.0,12.0,12.0,20.860105233721818
