,1,1l,1r,1s,2,2l,2r,2s,3,3l,3r,3s,4,4l,4r,4s,id,1_2,1_3,1_4,2_1,2_3,2_4,3_1,3_2,3_4,4_1,4_2,4_3,p1,p2,p3,p4,speed0,speed1,speed2,speed3,speed4,stop0,stop1,stop2,stop3,stop4,time,timeloss0,timeloss1,timeloss2,timeloss3,timeloss4,travel0,travel1,travel2,travel3,travel4,wait0,wait1,wait2,wait3,wait4,rsl_rsssl_rssssl_rssll_0,rsl_rsssl_rssssl_rssll_1,rsl_rsssl_rssssl_rssll_2,rsl_rsssl_rssssl_rssll_3,performance measure
0,3,1,1,1,5,1,1,3,6,1,1,4,5,2,1,2,rsl_rsssl_rssssl_rssll,50.0,275.0,99.0,96.0,68.0,327.0,565.0,306.0,56.0,410.0,349.0,183.0,5.0,12.0,12.0,12.0,9.52895511581124,9.37519732621206,9.391219740173415,9.482465355850549,9.415826369160682,0.6775898520084567,0.716842105263158,0.7186836518046709,0.710789766407119,0.7156348373557188,3.2297861576080322,19.715327695560244,20.713389473684266,20.828418259023362,19.93283648498331,20.54882476390346,64.55708245243129,65.58526315789474,65.68046709129511,64.71301446051167,65.39454354669465,12.554968287526426,13.46,13.395966029723992,12.706340378197998,13.165792235047219,5.0,12.0,12.0,12.0,13.056613386099126
