,1,1l,1r,1s,2,2l,2r,2s,3,3l,3r,3s,4,4l,4r,4s,id,1_2,1_3,1_4,2_1,2_3,2_4,3_1,3_2,3_4,4_1,4_2,4_3,p1,p2,p3,p4,speed0,speed1,speed2,speed3,speed4,stop0,stop1,stop2,stop3,stop4,time,timeloss0,timeloss1,timeloss2,timeloss3,timeloss4,travel0,travel1,travel2,travel3,travel4,wait0,wait1,wait2,wait3,wait4,rssslll_rrsssl_rsssssl_rsl_0,rssslll_rrsssl_rsssssl_rsl_1,rssslll_rrsssl_rsssssl_rsl_2,rssslll_rrsssl_rsssssl_rsl_3,performance measure
0,7,3,1,3,6,1,2,3,7,1,1,5,3,1,1,1,rssslll_rrsssl_rsssssl_rsl,491.0,795.0,237.0,398.0,187.0,916.0,291.0,172.0,296.0,308.0,85.0,139.0,12.0,12.0,12.0,12.0,8.660053203980407,8.62507755059086,8.611375183957383,8.454988175401361,8.772223796489735,0.8210382513661202,0.8582402234636871,0.8683344305464121,0.9285208775654635,0.8090909090909091,4.015669107437134,27.630450819672095,30.219769553072616,28.605154707044086,31.41330502476995,27.035706293706237,72.38456284153006,74.96368715083798,73.33903884134298,76.12314225053079,71.78181818181818,19.27185792349727,21.270251396648046,19.762343647136273,22.16135881104034,18.66923076923077,12.0,12.0,12.0,12.0,20.22700850951054
