,1,1l,1r,1s,2,2l,2r,2s,3,3l,3r,3s,4,4l,4r,4s,id,1_2,1_3,1_4,2_1,2_3,2_4,3_1,3_2,3_4,4_1,4_2,4_3,p1,p2,p3,p4,speed0,speed1,speed2,speed3,speed4,stop0,stop1,stop2,stop3,stop4,time,timeloss0,timeloss1,timeloss2,timeloss3,timeloss4,travel0,travel1,travel2,travel3,travel4,wait0,wait1,wait2,wait3,wait4,rssl_rrsslll_rsl_rrsll_0,rssl_rrsslll_rsl_rrsll_1,rssl_rrsslll_rsl_rrsll_2,rssl_rrsslll_rsl_rrsll_3,performance measure
0,4,1,1,2,7,3,2,2,3,1,1,1,5,2,2,1,rssl_rrsslll_rsl_rrsll,245.0,147.0,240.0,413.0,177.0,611.0,236.0,209.0,212.0,339.0,55.0,142.0,12.0,12.0,12.0,12.0,8.655248088072176,8.891556154303021,8.85232094909535,8.992123784636567,8.809200510754728,0.8352272727272727,0.7654563297350343,0.8020351526364478,0.7752475247524753,0.8081791626095424,3.5004098415374756,29.124119318181762,25.794857703631006,25.926234967622545,24.07187128712872,27.403563777994176,73.7907196969697,70.5152109911678,70.58371877890842,68.7940594059406,72.0603700097371,20.515151515151516,17.89106967615309,17.669750231267344,16.22970297029703,19.047711781888996,12.0,12.0,12.0,12.0,18.270677234951595
