,1,1l,1r,1s,2,2l,2r,2s,3,3l,3r,3s,4,4l,4r,4s,id,1_2,1_3,1_4,2_1,2_3,2_4,3_1,3_2,3_4,4_1,4_2,4_3,p1,p2,p3,p4,speed0,speed1,speed2,speed3,speed4,stop0,stop1,stop2,stop3,stop4,time,timeloss0,timeloss1,timeloss2,timeloss3,timeloss4,travel0,travel1,travel2,travel3,travel4,wait0,wait1,wait2,wait3,wait4,rrsssll_rsl_rsl_rrsll_0,rrsssll_rsl_rsl_rrsll_1,rrsssll_rsl_rsl_rrsll_2,rrsssll_rsl_rsl_rrsll_3,performance measure
0,7,2,2,3,3,1,1,1,3,1,1,1,5,2,2,1,rrsssll_rsl_rsl_rrsll,221.0,664.0,465.0,259.0,103.0,128.0,108.0,260.0,88.0,349.0,213.0,108.0,5.0,12.0,12.0,12.0,9.185703738061061,9.336823734673771,9.31985860732588,9.45459528124488,9.514238909144357,0.8154296875,0.720440881763527,0.7536372453928225,0.7132034632034632,0.6845180136319376,3.1851789951324463,25.70286132812502,21.943056112224433,22.85647914645973,20.83123376623378,19.775735150925044,70.4951171875,66.72745490981964,67.62657613967022,65.58441558441558,64.49367088607595,17.6572265625,14.554108216432866,15.196896217264792,13.57034632034632,12.550146056475171,5.0,12.0,12.0,12.0,14.70574467460383
