,1,1l,1r,1s,2,2l,2r,2s,3,3l,3r,3s,4,4l,4r,4s,id,1_2,1_3,1_4,2_1,2_3,2_4,3_1,3_2,3_4,4_1,4_2,4_3,p1,p2,p3,p4,speed0,speed1,speed2,speed3,speed4,stop0,stop1,stop2,stop3,stop4,time,timeloss0,timeloss1,timeloss2,timeloss3,timeloss4,travel0,travel1,travel2,travel3,travel4,wait0,wait1,wait2,wait3,wait4,rsl_rrsll_rsl_rslll_0,rsl_rrsll_rsl_rslll_1,rsl_rrsll_rsl_rslll_2,rsl_rrsll_rsl_rslll_3,performance measure
0,3,1,1,1,5,2,2,1,3,1,1,1,5,3,1,1,rsl_rrsll_rsl_rslll,215.0,132.0,102.0,499.0,210.0,328.0,209.0,298.0,113.0,457.0,305.0,309.0,12.0,12.0,12.0,20.0,8.725807540716696,9.019078818520486,8.811982983377153,8.990780859423717,9.071291666579816,0.7783783783783784,0.7216117216117216,0.7606761565836299,0.7302325581395349,0.7090047393364929,3.2970144748687744,27.68272972972977,24.40612637362634,26.91406583629896,24.364623255813914,23.768056872037906,72.49549549549549,69.2518315018315,71.72775800711744,69.18418604651163,68.57251184834124,19.136036036036035,16.584249084249084,18.70373665480427,16.3953488372093,15.891943127962085,12.0,12.0,12.0,20.0,17.342262748052153
