,1,1l,1r,1s,2,2l,2r,2s,3,3l,3r,3s,4,4l,4r,4s,id,1_2,1_3,1_4,2_1,2_3,2_4,3_1,3_2,3_4,4_1,4_2,4_3,p1,p2,p3,p4,speed0,speed1,speed2,speed3,speed4,stop0,stop1,stop2,stop3,stop4,time,timeloss0,timeloss1,timeloss2,timeloss3,timeloss4,travel0,travel1,travel2,travel3,travel4,wait0,wait1,wait2,wait3,wait4,rsl_rsl_rsl_rrssll_0,rsl_rsl_rsl_rrssll_1,rsl_rsl_rsl_rrssll_2,rsl_rsl_rsl_rrssll_3,performance measure
0,3,1,1,1,3,1,1,1,3,1,1,1,6,2,2,2,rsl_rsl_rsl_rrssll,204.0,164.0,276.0,245.0,240.0,185.0,256.0,288.0,86.0,305.0,168.0,187.0,12.0,12.0,12.0,12.0,8.820470333582868,9.1509243678692,8.900483799238044,8.983214346320834,9.231430266062546,0.7859495060373216,0.719954648526077,0.7793633369923162,0.7704918032786885,0.6931690929451287,3.09372615814209,26.254818880351234,23.10358276643992,25.18305159165751,24.689683840749428,22.13546472564388,71.16136114160264,68.01020408163265,70.11964873765093,69.55737704918033,67.05487122060471,17.863885839736554,15.413832199546485,16.92206366630077,16.59016393442623,14.500559910414333,12.0,12.0,12.0,12.0,16.258101110084873
