,1,1l,1r,1s,2,2l,2r,2s,3,3l,3r,3s,4,4l,4r,4s,id,1_2,1_3,1_4,2_1,2_3,2_4,3_1,3_2,3_4,4_1,4_2,4_3,p1,p2,p3,p4,speed0,speed1,speed2,speed3,speed4,stop0,stop1,stop2,stop3,stop4,time,timeloss0,timeloss1,timeloss2,timeloss3,timeloss4,travel0,travel1,travel2,travel3,travel4,wait0,wait1,wait2,wait3,wait4,rsl_rrsl_rssslll_rssssl_0,rsl_rrsl_rssslll_rssssl_1,rsl_rrsl_rssslll_rssssl_2,rsl_rrsl_rssslll_rssssl_3,performance measure
0,3,1,1,1,4,1,2,1,7,3,1,3,6,1,1,4,rsl_rrsl_rssslll_rssssl,236.0,234.0,238.0,400.0,228.0,78.0,227.0,185.0,173.0,176.0,863.0,184.0,12.0,12.0,12.0,12.0,9.178433198537418,9.142828976958958,9.056428062618316,9.051258038842327,9.268524337327321,0.7195233730522457,0.7034611786716558,0.7606986899563318,0.7521697203471552,0.7023593466424682,3.4686965942382812,22.888166819431678,23.50380729653881,23.939580786026198,23.99130183220829,22.049419237749532,67.53253895508708,68.1730589335828,68.56157205240174,68.59884281581485,66.67513611615244,15.400549954170486,15.886810102899906,16.08471615720524,16.21118611378978,14.582577132486389,12.0,12.0,12.0,12.0,15.633167892110361
