,1,1l,1r,1s,2,2l,2r,2s,3,3l,3r,3s,4,4l,4r,4s,id,1_2,1_3,1_4,2_1,2_3,2_4,3_1,3_2,3_4,4_1,4_2,4_3,p1,p2,p3,p4,speed0,speed1,speed2,speed3,speed4,stop0,stop1,stop2,stop3,stop4,time,timeloss0,timeloss1,timeloss2,timeloss3,timeloss4,travel0,travel1,travel2,travel3,travel4,wait0,wait1,wait2,wait3,wait4,rsl_rsssssl_rsll_rrssl_0,rsl_rsssssl_rsll_rrssl_1,rsl_rsssssl_rsll_rrssl_2,rsl_rsssssl_rsll_rrssl_3,performance measure
0,3,1,1,1,7,1,1,5,4,2,1,1,5,1,2,2,rsl_rsssssl_rsll_rrssl,210.0,81.0,170.0,195.0,96.0,1541.0,208.0,115.0,247.0,109.0,275.0,247.0,12.0,12.0,5.0,12.0,9.127997572946146,9.13793116883867,9.166302613622252,9.310923264669322,9.185680472322755,0.7676348547717843,0.7636986301369864,0.7756778964667215,0.7415929203539823,0.781541066892464,3.9218130111694336,22.873883817427377,23.25452910958907,22.97113393590795,21.63345132743361,23.688560541913645,67.74854771784233,68.11301369863014,67.81676253081348,66.50442477876106,68.53683319221,15.006639004149378,15.482876712328768,15.070665571076418,13.979646017699116,15.830651989839119,12.0,12.0,5.0,12.0,15.07409585901856
