,1,1l,1r,1s,2,2l,2r,2s,3,3l,3r,3s,4,4l,4r,4s,id,1_2,1_3,1_4,2_1,2_3,2_4,3_1,3_2,3_4,4_1,4_2,4_3,p1,p2,p3,p4,speed0,speed1,speed2,speed3,speed4,stop0,stop1,stop2,stop3,stop4,time,timeloss0,timeloss1,timeloss2,timeloss3,timeloss4,travel0,travel1,travel2,travel3,travel4,wait0,wait1,wait2,wait3,wait4,rssll_rrssl_rssslll_rrssll_0,rssll_rrssl_rssslll_rrssll_1,rssll_rrssl_rssslll_rrssll_2,rssll_rrssl_rssslll_rrssll_3,performance measure
0,5,2,1,2,5,1,2,2,7,3,1,3,6,2,2,2,rssll_rrssl_rssslll_rrssll,524.0,189.0,191.0,425.0,154.0,613.0,1032.0,84.0,747.0,598.0,348.0,223.0,20.0,20.0,20.0,20.0,8.040746149775075,7.9390403418391085,7.931349595984626,7.941172303940657,8.094915508918668,0.8071512309495897,0.8082663605051664,0.8021006080707573,0.8173862310385064,0.7935294117647059,4.562638998031616,35.102719812426706,36.5290872560275,36.50891652846879,35.96490081680282,34.83487058823525,79.94607268464244,81.39437428243399,81.34825870646766,80.79813302217036,79.69117647058823,26.51406799531067,27.878300803673937,27.83084577114428,27.28179696616103,26.381764705882354,20.0,20.0,20.0,20.0,27.177355248434452
