,1,1l,1r,1s,2,2l,2r,2s,3,3l,3r,3s,4,4l,4r,4s,id,1_2,1_3,1_4,2_1,2_3,2_4,3_1,3_2,3_4,4_1,4_2,4_3,p1,p2,p3,p4,speed0,speed1,speed2,speed3,speed4,stop0,stop1,stop2,stop3,stop4,time,timeloss0,timeloss1,timeloss2,timeloss3,timeloss4,travel0,travel1,travel2,travel3,travel4,wait0,wait1,wait2,wait3,wait4,rrsslll_rrsll_rsssl_rrsslll_0,rrsslll_rrsll_rsssl_rrsslll_1,rrsslll_rrsll_rsssl_rrsslll_2,rrsslll_rrsll_rsssl_rrsslll_3,performance measure
0,7,3,2,2,5,2,2,1,5,1,1,3,7,3,2,2,rrsslll_rrsll_rsssl_rrsslll,188.0,258.0,537.0,265.0,145.0,243.0,812.0,38.0,231.0,208.0,486.0,264.0,12.0,12.0,5.0,12.0,9.347113313507261,9.353635753141257,9.376714900191162,9.448671177722654,9.38055399774347,0.7287319422150883,0.7195219123505976,0.7238979118329466,0.7092924126172208,0.7185244587008821,3.7030982971191406,21.132471910112365,21.01220717131476,20.801183294663574,20.12660699062233,20.783271852445875,65.65008025682182,65.56334661354582,65.28538283062645,64.6768968456948,65.2935044105854,13.664526484751203,13.670119521912351,13.389017788089713,12.90622335890878,13.439454691259021,12.0,12.0,5.0,12.0,13.413868368984215
