,1,1l,1r,1s,2,2l,2r,2s,3,3l,3r,3s,4,4l,4r,4s,id,1_2,1_3,1_4,2_1,2_3,2_4,3_1,3_2,3_4,4_1,4_2,4_3,p1,p2,p3,p4,speed0,speed1,speed2,speed3,speed4,stop0,stop1,stop2,stop3,stop4,time,timeloss0,timeloss1,timeloss2,timeloss3,timeloss4,travel0,travel1,travel2,travel3,travel4,wait0,wait1,wait2,wait3,wait4,rsl_rsssl_rssssl_rssll_0,rsl_rsssl_rssssl_rssll_1,rsl_rsssl_rssssl_rssll_2,rsl_rsssl_rssssl_rssll_3,performance measure
0,3,1,1,1,5,1,1,3,6,1,1,4,5,2,1,2,rsl_rsssl_rssssl_rssll,187.0,243.0,159.0,164.0,181.0,431.0,398.0,106.0,231.0,220.0,160.0,310.0,12.0,12.0,12.0,12.0,9.053338421588844,9.168795014494084,8.878915005109592,8.972464325778668,9.142277068048807,0.7387295081967213,0.7148846960167715,0.7948717948717948,0.762987012987013,0.725531914893617,3.234376907348633,23.60818647540982,23.233134171907746,25.67835897435896,24.603636363636348,23.097882978723412,68.42418032786885,68.05765199161425,70.52205128205128,69.41341991341992,67.91808510638297,16.03073770491803,15.815513626834381,17.52,16.85930735930736,15.608510638297872,12.0,12.0,12.0,12.0,16.366813865871528
