,1,1l,1r,1s,2,2l,2r,2s,3,3l,3r,3s,4,4l,4r,4s,id,1_2,1_3,1_4,2_1,2_3,2_4,3_1,3_2,3_4,4_1,4_2,4_3,p1,p2,p3,p4,speed0,speed1,speed2,speed3,speed4,stop0,stop1,stop2,stop3,stop4,time,timeloss0,timeloss1,timeloss2,timeloss3,timeloss4,travel0,travel1,travel2,travel3,travel4,wait0,wait1,wait2,wait3,wait4,rsl_rsl_rsl_rrssll_0,rsl_rsl_rsl_rrssll_1,rsl_rsl_rsl_rrssll_2,rsl_rsl_rsl_rrssll_3,performance measure
0,3,1,1,1,3,1,1,1,3,1,1,1,6,2,2,2,rsl_rsl_rsl_rrssll,169.0,331.0,59.0,86.0,221.0,145.0,63.0,109.0,160.0,170.0,257.0,548.0,12.0,20.0,12.0,12.0,8.759632396919871,8.875833913399255,8.797304767810099,8.782523071579243,9.080574189982189,0.7539203860072377,0.7308673469387755,0.75,0.7903645833333334,0.7152061855670103,2.7394416332244873,26.792955367913112,25.909655612244904,26.371844059405955,28.693085937499998,23.76770618556699,71.58624849215923,70.73341836734694,71.25247524752476,73.4296875,68.57474226804123,18.808202653799757,18.2359693877551,18.497524752475247,20.513020833333332,16.213917525773194,12.0,20.0,12.0,12.0,18.453727030627327
