,1,1l,1r,1s,2,2l,2r,2s,3,3l,3r,3s,4,4l,4r,4s,id,1_2,1_3,1_4,2_1,2_3,2_4,3_1,3_2,3_4,4_1,4_2,4_3,p1,p2,p3,p4,speed0,speed1,speed2,speed3,speed4,stop0,stop1,stop2,stop3,stop4,time,timeloss0,timeloss1,timeloss2,timeloss3,timeloss4,travel0,travel1,travel2,travel3,travel4,wait0,wait1,wait2,wait3,wait4,rsssll_rssl_rsslll_rrsl_0,rsssll_rssl_rsslll_rrsl_1,rsssll_rssl_rsslll_rrsl_2,rsssll_rssl_rsslll_rrsl_3,performance measure
0,6,2,1,3,4,1,1,2,6,3,1,2,4,1,2,1,rsssll_rssl_rsslll_rrsl,510.0,378.0,109.0,125.0,274.0,306.0,329.0,102.0,465.0,240.0,210.0,346.0,12.0,12.0,12.0,12.0,9.043936909740918,9.021047757173596,8.745830065623464,8.838749666370006,9.074502481567102,0.7532133676092545,0.7375215146299484,0.8289585097375106,0.8044444444444444,0.7462019660411081,3.369645833969116,23.96098543273351,24.809690189328702,27.247790008467405,26.31015111111106,23.88121537086684,68.74035989717224,69.58003442340792,72.0575783234547,71.088,68.68900804289544,16.466152527849186,17.268502581755595,19.010160880609654,18.324444444444445,16.380697050938338,12.0,12.0,12.0,12.0,17.48999149711944
