,1,1l,1r,1s,2,2l,2r,2s,3,3l,3r,3s,4,4l,4r,4s,id,1_2,1_3,1_4,2_1,2_3,2_4,3_1,3_2,3_4,4_1,4_2,4_3,p1,p2,p3,p4,speed0,speed1,speed2,speed3,speed4,stop0,stop1,stop2,stop3,stop4,time,timeloss0,timeloss1,timeloss2,timeloss3,timeloss4,travel0,travel1,travel2,travel3,travel4,wait0,wait1,wait2,wait3,wait4,rsssl_rrsll_rsl_rsslll_0,rsssl_rrsll_rsl_rsslll_1,rsssl_rrsll_rsl_rsslll_2,rsssl_rrsll_rsl_rsslll_3,performance measure
0,5,1,1,3,5,2,2,1,3,1,1,1,6,3,1,2,rsssl_rrsll_rsl_rsslll,40.0,1035.0,295.0,347.0,143.0,220.0,103.0,300.0,102.0,164.0,167.0,101.0,5.0,12.0,5.0,12.0,9.489797579869856,9.62931269492967,9.719156660689212,9.663868183928988,9.710039632178878,0.7405614714424008,0.7189349112426036,0.6870748299319728,0.6962809917355371,0.6779825412221144,3.091157913208008,19.65372700871249,18.450512820512806,17.62075801749272,18.2027376033058,17.87917555771097,64.38044530493708,63.17061143984221,62.34791059280855,62.92355371900826,62.51309408341416,12.012584704743466,11.022682445759369,10.242954324586977,10.837809917355372,10.522793404461687,5.0,12.0,5.0,12.0,10.927764959381374
