,1,1l,1r,1s,2,2l,2r,2s,3,3l,3r,3s,4,4l,4r,4s,id,1_2,1_3,1_4,2_1,2_3,2_4,3_1,3_2,3_4,4_1,4_2,4_3,p1,p2,p3,p4,speed0,speed1,speed2,speed3,speed4,stop0,stop1,stop2,stop3,stop4,time,timeloss0,timeloss1,timeloss2,timeloss3,timeloss4,travel0,travel1,travel2,travel3,travel4,wait0,wait1,wait2,wait3,wait4,rssl_rrsslll_rsl_rrsll_0,rssl_rrsslll_rsl_rrsll_1,rssl_rrsslll_rsl_rrsll_2,rssl_rrsslll_rsl_rrsll_3,performance measure
0,4,1,1,2,7,3,2,2,3,1,1,1,5,2,2,1,rssl_rrsslll_rsl_rrsll,212.0,444.0,60.0,323.0,593.0,237.0,122.0,115.0,186.0,362.0,201.0,261.0,12.0,12.0,12.0,12.0,9.123318541581426,9.166495317803712,9.082411818937357,9.089709074913648,9.06770483601038,0.7311627906976744,0.7108778625954199,0.7524663677130045,0.7562437562437563,0.7379830348727615,3.578111171722412,23.440939534883736,23.209389312977095,23.28948878923771,23.164985014985042,23.952563619227114,68.28093023255813,68.05534351145039,68.10134529147982,68.04995004995006,68.81526861451461,16.024186046511627,15.854007633587786,15.685201793721973,15.697302697302698,16.439208294062205,12.0,12.0,12.0,12.0,15.939981293037258
