,1,1l,1r,1s,2,2l,2r,2s,3,3l,3r,3s,4,4l,4r,4s,id,1_2,1_3,1_4,2_1,2_3,2_4,3_1,3_2,3_4,4_1,4_2,4_3,p1,p2,p3,p4,speed0,speed1,speed2,speed3,speed4,stop0,stop1,stop2,stop3,stop4,time,timeloss0,timeloss1,timeloss2,timeloss3,timeloss4,travel0,travel1,travel2,travel3,travel4,wait0,wait1,wait2,wait3,wait4,rslll_rsl_rrslll_rsl_0,rslll_rsl_rrslll_rsl_1,rslll_rsl_rrslll_rsl_2,rslll_rsl_rrslll_rsl_3,performance measure
0,5,3,1,1,3,1,1,1,6,3,2,1,3,1,1,1,rslll_rsl_rrslll_rsl,616.0,238.0,173.0,86.0,98.0,347.0,41.0,252.0,840.0,301.0,354.0,84.0,12.0,12.0,12.0,20.0,7.948573311798355,8.048943080903866,7.599911075719744,7.86131356011435,7.906546166432065,0.9576124567474048,0.9730458221024259,1.0925,0.978161965423112,0.959114139693356,3.5963754653930664,37.130934256055355,38.19242587601081,44.291808333333314,39.22443130118295,37.827879045996596,82.16782006920415,83.22282120395327,89.34083333333334,84.26933575978163,82.86712095400341,27.30795847750865,28.049415992812218,33.215833333333336,29.373976342129207,28.01192504258944,12.0,12.0,12.0,20.0,29.19182183767457
