,1,1l,1r,1s,2,2l,2r,2s,3,3l,3r,3s,4,4l,4r,4s,id,1_2,1_3,1_4,2_1,2_3,2_4,3_1,3_2,3_4,4_1,4_2,4_3,p1,p2,p3,p4,speed0,speed1,speed2,speed3,speed4,stop0,stop1,stop2,stop3,stop4,time,timeloss0,timeloss1,timeloss2,timeloss3,timeloss4,travel0,travel1,travel2,travel3,travel4,wait0,wait1,wait2,wait3,wait4,rsssl_rrsll_rsl_rsslll_0,rsssl_rrsll_rsl_rsslll_1,rsssl_rrsll_rsl_rsslll_2,rsssl_rrsll_rsl_rsslll_3,performance measure
0,5,1,1,3,5,2,2,1,3,1,1,1,6,3,1,2,rsssl_rrsll_rsl_rsslll,140.0,958.0,73.0,215.0,105.0,356.0,303.0,133.0,278.0,435.0,148.0,93.0,20.0,20.0,12.0,20.0,7.956208246672695,8.36549285696469,8.34649546275386,8.371118732881627,8.145538372547032,0.8629764065335753,0.7644927536231884,0.7837599293909974,0.7669245647969052,0.8049907578558225,3.5781099796295166,37.486524500907464,31.504891304347833,32.24904677846426,31.61926499032881,34.41640480591502,82.43920145190563,76.4375,77.1738746690203,76.57833655705996,79.33641404805915,28.261343012704174,23.277173913043477,23.82259488084731,23.458413926499034,25.88909426987061,20.0,20.0,12.0,20.0,24.94172400059292
