,1,1l,1r,1s,2,2l,2r,2s,3,3l,3r,3s,4,4l,4r,4s,id,1_2,1_3,1_4,2_1,2_3,2_4,3_1,3_2,3_4,4_1,4_2,4_3,p1,p2,p3,p4,speed0,speed1,speed2,speed3,speed4,stop0,stop1,stop2,stop3,stop4,time,timeloss0,timeloss1,timeloss2,timeloss3,timeloss4,travel0,travel1,travel2,travel3,travel4,wait0,wait1,wait2,wait3,wait4,rslll_rsl_rrslll_rsl_0,rslll_rsl_rrslll_rsl_1,rslll_rsl_rrslll_rsl_2,rslll_rsl_rrslll_rsl_3,performance measure
0,5,3,1,1,3,1,1,1,6,3,2,1,3,1,1,1,rslll_rsl_rrslll_rsl,185.0,43.0,270.0,148.0,181.0,353.0,93.0,390.0,521.0,299.0,195.0,65.0,12.0,5.0,12.0,12.0,8.764109974597742,8.821104178064568,8.917956556814561,9.158271730635393,8.79713142188779,0.9715789473684211,0.8562019758507134,0.8595744680851064,0.7862857142857143,0.8914405010438413,2.953105926513672,30.908568421052628,26.83374313940726,26.407851063829803,22.883257142857115,27.7896659707724,75.8,71.71350164654226,71.3,67.70971428571428,72.68267223382045,20.84,18.13172338090011,17.570212765957447,14.985142857142858,18.63883089770355,12.0,5.0,12.0,12.0,18.033181980340792
