,1,1l,1r,1s,2,2l,2r,2s,3,3l,3r,3s,4,4l,4r,4s,id,1_2,1_3,1_4,2_1,2_3,2_4,3_1,3_2,3_4,4_1,4_2,4_3,p1,p2,p3,p4,speed0,speed1,speed2,speed3,speed4,stop0,stop1,stop2,stop3,stop4,time,timeloss0,timeloss1,timeloss2,timeloss3,timeloss4,travel0,travel1,travel2,travel3,travel4,wait0,wait1,wait2,wait3,wait4,rsl_rsssssl_rsll_rrssl_0,rsl_rsssssl_rsll_rrssl_1,rsl_rsssssl_rsll_rrssl_2,rsl_rsssssl_rsll_rrssl_3,performance measure
0,3,1,1,1,7,1,1,5,4,2,1,1,5,1,2,2,rsl_rsssssl_rsll_rrssl,134.0,286.0,64.0,137.0,195.0,210.0,78.0,241.0,623.0,80.0,193.0,205.0,12.0,12.0,12.0,5.0,9.26031352148089,9.057664027449196,8.763328646835582,9.080562305866316,8.71942470121383,0.7420118343195267,0.7674129353233831,0.8470319634703196,0.7921279212792128,0.8754406580493537,2.921499252319336,21.623100591715964,23.4773631840796,26.35867579908675,23.790012300123017,27.808813160987082,66.45207100591716,68.32213930348259,71.22831050228311,68.62484624846249,72.63689776733256,14.03076923076923,15.737562189054726,17.820776255707763,15.71340713407134,19.399529964747355,12.0,12.0,12.0,5.0,16.54040895487008
