,1,1l,1r,1s,2,2l,2r,2s,3,3l,3r,3s,4,4l,4r,4s,id,1_2,1_3,1_4,2_1,2_3,2_4,3_1,3_2,3_4,4_1,4_2,4_3,p1,p2,p3,p4,speed0,speed1,speed2,speed3,speed4,stop0,stop1,stop2,stop3,stop4,time,timeloss0,timeloss1,timeloss2,timeloss3,timeloss4,travel0,travel1,travel2,travel3,travel4,wait0,wait1,wait2,wait3,wait4,rrssl_rrssl_rrsslll_rrsslll_0,rrssl_rrssl_rrsslll_rrsslll_1,rrssl_rrssl_rrsslll_rrsslll_2,rrssl_rrssl_rrsslll_rrsslll_3,performance measure
0,5,1,2,2,5,1,2,2,7,3,2,2,7,3,2,2,rrssl_rrssl_rrsslll_rrsslll,99.0,244.0,328.0,160.0,312.0,368.0,577.0,264.0,138.0,420.0,349.0,421.0,5.0,12.0,12.0,12.0,9.395560141090058,9.405082559850605,9.28696838486251,9.241743588985972,9.491704112844182,0.7271293375394322,0.7087912087912088,0.7686084142394822,0.7751873438800999,0.6872990353697749,3.7188053131103516,21.379708201892758,20.836193092621645,22.796148867313917,23.28323064113238,19.977242765273314,65.87460567823344,65.30533751962324,67.29773462783172,67.751873438801,64.45739549839229,14.086750788643533,13.587912087912088,15.174757281553399,15.478767693588676,12.908360128617364,5.0,12.0,12.0,12.0,14.24730959606301
