,1,1l,1r,1s,2,2l,2r,2s,3,3l,3r,3s,4,4l,4r,4s,id,1_2,1_3,1_4,2_1,2_3,2_4,3_1,3_2,3_4,4_1,4_2,4_3,p1,p2,p3,p4,speed0,speed1,speed2,speed3,speed4,stop0,stop1,stop2,stop3,stop4,time,timeloss0,timeloss1,timeloss2,timeloss3,timeloss4,travel0,travel1,travel2,travel3,travel4,wait0,wait1,wait2,wait3,wait4,rrsslll_rrsll_rsssl_rrsslll_0,rrsslll_rrsll_rsssl_rrsslll_1,rrsslll_rrsll_rsssl_rrsslll_2,rrsslll_rrsll_rsssl_rrsslll_3,performance measure
0,7,3,2,2,5,2,2,1,5,1,1,3,7,3,2,2,rrsslll_rrsll_rsssl_rrsslll,680.0,146.0,356.0,538.0,122.0,253.0,486.0,236.0,179.0,626.0,591.0,87.0,12.0,12.0,12.0,12.0,9.021263757904276,9.057215727985902,8.997624416366898,9.077186125427383,9.108957931923532,0.7682165163081194,0.738795518207283,0.7641196013289037,0.7412935323383084,0.7377963737796374,3.998269557952881,24.61445523941711,23.813396358543407,24.00540199335547,23.24886282871355,23.303500697350074,69.27897293546148,68.5280112044818,68.69966777408638,67.92892679459844,67.98047419804742,16.70437196391395,16.198879551820728,16.16810631229236,15.685856432125089,15.704323570432358,12.0,12.0,12.0,12.0,16.092307566116897
