,1,1l,1r,1s,2,2l,2r,2s,3,3l,3r,3s,4,4l,4r,4s,id,1_2,1_3,1_4,2_1,2_3,2_4,3_1,3_2,3_4,4_1,4_2,4_3,p1,p2,p3,p4,speed0,speed1,speed2,speed3,speed4,stop0,stop1,stop2,stop3,stop4,time,timeloss0,timeloss1,timeloss2,timeloss3,timeloss4,travel0,travel1,travel2,travel3,travel4,wait0,wait1,wait2,wait3,wait4,rssll_rrsl_rsssl_rrsl_0,rssll_rrsl_rsssl_rrsl_1,rssll_rrsl_rsssl_rrsl_2,rssll_rrsl_rsssl_rrsl_3,performance measure
0,5,2,1,2,4,1,2,1,5,1,1,3,4,1,2,1,rssll_rrsl_rsssl_rrsl,194.0,632.0,91.0,222.0,178.0,84.0,320.0,207.0,183.0,72.0,178.0,485.0,12.0,20.0,12.0,12.0,9.078634806902288,9.200564954041388,9.149096316049022,9.263880327546428,9.174580313075605,0.7106076210092688,0.6927966101694916,0.7007223942208463,0.6968026460859978,0.7090163934426229,3.28249454498291,23.60802265705454,22.79574152542373,23.429081527347794,22.56541345093718,23.32140368852464,68.36148300720906,67.57415254237289,68.19607843137256,67.27122381477398,68.0297131147541,16.160659114315138,15.570974576271187,16.115583075335397,15.2348401323043,15.848360655737705,12.0,20.0,12.0,12.0,15.786083510792745
