,1,1l,1r,1s,2,2l,2r,2s,3,3l,3r,3s,4,4l,4r,4s,id,1_2,1_3,1_4,2_1,2_3,2_4,3_1,3_2,3_4,4_1,4_2,4_3,p1,p2,p3,p4,speed0,speed1,speed2,speed3,speed4,stop0,stop1,stop2,stop3,stop4,time,timeloss0,timeloss1,timeloss2,timeloss3,timeloss4,travel0,travel1,travel2,travel3,travel4,wait0,wait1,wait2,wait3,wait4,rsl_rsl_rsssl_rsl_0,rsl_rsl_rsssl_rsl_1,rsl_rsl_rsssl_rsl_2,rsl_rsl_rsssl_rsl_3,performance measure
0,3,1,1,1,3,1,1,1,5,1,1,3,3,1,1,1,rsl_rsl_rsssl_rsl,215.0,52.0,258.0,96.0,205.0,293.0,732.0,42.0,106.0,199.0,237.0,229.0,12.0,12.0,12.0,12.0,8.431590970296952,8.719583851152713,8.816069719721634,8.598517829993101,8.619547234800859,0.9548458149779736,0.8010869565217391,0.8088235294117647,0.8417945690672963,0.8671963677639046,2.968691349029541,34.36081497797358,27.849413043478247,26.440113122171955,28.221652892561984,29.982724177071503,79.44823788546256,72.9445652173913,71.5079185520362,73.28217237308147,75.03745743473326,24.4284140969163,19.370652173913044,18.102941176470587,19.550177095631643,20.96140749148695,12.0,12.0,12.0,12.0,20.482718406883706
