,1,1l,1r,1s,2,2l,2r,2s,3,3l,3r,3s,4,4l,4r,4s,id,1_2,1_3,1_4,2_1,2_3,2_4,3_1,3_2,3_4,4_1,4_2,4_3,p1,p2,p3,p4,speed0,speed1,speed2,speed3,speed4,stop0,stop1,stop2,stop3,stop4,time,timeloss0,timeloss1,timeloss2,timeloss3,timeloss4,travel0,travel1,travel2,travel3,travel4,wait0,wait1,wait2,wait3,wait4,rrslll_rssll_rsl_rssssll_0,rrslll_rssll_rsl_rssssll_1,rrslll_rssll_rsl_rssssll_2,rrslll_rssll_rsl_rssssll_3,performance measure
0,6,3,2,1,5,2,1,2,3,1,1,1,7,2,1,4,rrslll_rssll_rsl_rssssll,972.0,147.0,302.0,146.0,584.0,254.0,311.0,194.0,100.0,602.0,719.0,253.0,20.0,20.0,20.0,12.0,8.177574211726892,8.261922285849495,8.143516674750789,8.326203361491519,8.228801707719338,0.7958015267175572,0.7805960684844642,0.8100701083492671,0.7780678851174935,0.7867694283879255,4.155782461166382,33.00951653944015,32.3267850348763,33.20414276609306,31.564157963446515,32.44635195889536,77.90776081424936,77.25301204819277,78.16762268961122,76.51892950391645,77.35966602440591,24.577608142493638,23.942295497780595,24.508604206500955,23.238250652741513,24.152858060372512,20.0,20.0,20.0,12.0,24.083923311977845
