,1,1l,1r,1s,2,2l,2r,2s,3,3l,3r,3s,4,4l,4r,4s,id,1_2,1_3,1_4,2_1,2_3,2_4,3_1,3_2,3_4,4_1,4_2,4_3,p1,p2,p3,p4,speed0,speed1,speed2,speed3,speed4,stop0,stop1,stop2,stop3,stop4,time,timeloss0,timeloss1,timeloss2,timeloss3,timeloss4,travel0,travel1,travel2,travel3,travel4,wait0,wait1,wait2,wait3,wait4,rslll_rsl_rrslll_rsl_0,rslll_rsl_rrslll_rsl_1,rslll_rsl_rrslll_rsl_2,rslll_rsl_rrslll_rsl_3,performance measure
0,5,3,1,1,3,1,1,1,6,3,2,1,3,1,1,1,rslll_rsl_rrslll_rsl,512.0,64.0,109.0,66.0,194.0,66.0,339.0,131.0,427.0,139.0,294.0,203.0,12.0,20.0,12.0,20.0,8.597439913280079,8.390661477566008,8.264085645909415,8.412939928613477,8.458984012639013,0.7468643101482326,0.8101415094339622,0.8191964285714286,0.7983490566037735,0.7725631768953068,3.2816948890686035,29.09937286202967,31.075495283018878,32.49387276785715,30.533455188679255,30.396161251504225,74.09806157354618,76.08490566037736,77.5234375,75.54481132075472,75.36823104693141,21.2690992018244,22.82547169811321,23.885044642857142,22.412735849056602,22.318892900120336,12.0,20.0,12.0,20.0,22.542248858394338
