,1,1l,1r,1s,2,2l,2r,2s,3,3l,3r,3s,4,4l,4r,4s,id,1_2,1_3,1_4,2_1,2_3,2_4,3_1,3_2,3_4,4_1,4_2,4_3,p1,p2,p3,p4,speed0,speed1,speed2,speed3,speed4,stop0,stop1,stop2,stop3,stop4,time,timeloss0,timeloss1,timeloss2,timeloss3,timeloss4,travel0,travel1,travel2,travel3,travel4,wait0,wait1,wait2,wait3,wait4,rrsll_rssl_rsssll_rsl_0,rrsll_rssl_rsssll_rsl_1,rrsll_rssl_rsssll_rsl_2,rrsll_rssl_rsssll_rsl_3,performance measure
0,5,2,2,1,4,1,1,2,6,2,1,3,3,1,1,1,rrsll_rssl_rsssll_rsl,402.0,324.0,148.0,245.0,275.0,613.0,679.0,297.0,164.0,172.0,190.0,317.0,12.0,12.0,12.0,12.0,8.407193655518068,8.458381497166794,8.270886899085443,8.561100400376217,8.264941081064237,0.8997668997668997,0.846328538985617,1.039755351681957,0.8764044943820225,1.0463108320251178,3.5937983989715576,31.255439005439012,29.949046177138566,37.40845565749241,29.10908507223116,38.56387755102041,76.07614607614607,74.75775927327781,82.22018348623853,73.90850722311396,83.3712715855573,21.984459984459985,21.148372445117335,26.58639143730887,20.169341894060995,27.74960753532182,12.0,12.0,12.0,12.0,23.5276346592538
