,1,1l,1r,1s,2,2l,2r,2s,3,3l,3r,3s,4,4l,4r,4s,id,1_2,1_3,1_4,2_1,2_3,2_4,3_1,3_2,3_4,4_1,4_2,4_3,p1,p2,p3,p4,speed0,speed1,speed2,speed3,speed4,stop0,stop1,stop2,stop3,stop4,time,timeloss0,timeloss1,timeloss2,timeloss3,timeloss4,travel0,travel1,travel2,travel3,travel4,wait0,wait1,wait2,wait3,wait4,rsl_rsssssl_rsll_rrssl_0,rsl_rsssssl_rsll_rrssl_1,rsl_rsssssl_rsll_rrssl_2,rsl_rsssssl_rsll_rrssl_3,performance measure
0,3,1,1,1,7,1,1,5,4,2,1,1,5,1,2,2,rsl_rsssssl_rsll_rrssl,275.0,310.0,280.0,271.0,104.0,1348.0,141.0,200.0,280.0,249.0,198.0,102.0,12.0,12.0,12.0,12.0,8.636250384345052,8.66037904476755,8.254829025846826,8.800449047652608,8.558016578082869,0.8185419968304279,0.8321342925659473,0.9954614220877458,0.8189863234111022,0.9507042253521126,3.687458038330078,27.253692551505527,28.133812949640305,35.04790468986384,25.989959774738555,33.98712050078247,72.05388272583201,72.92006394884093,79.81921331316188,70.78680611423974,78.74726134585289,18.76228209191759,19.540367705835333,24.87216338880484,17.60257441673371,23.953834115805947,12.0,12.0,12.0,12.0,20.94624434381948
