,1,1l,1r,1s,2,2l,2r,2s,3,3l,3r,3s,4,4l,4r,4s,id,1_2,1_3,1_4,2_1,2_3,2_4,3_1,3_2,3_4,4_1,4_2,4_3,p1,p2,p3,p4,speed0,speed1,speed2,speed3,speed4,stop0,stop1,stop2,stop3,stop4,time,timeloss0,timeloss1,timeloss2,timeloss3,timeloss4,travel0,travel1,travel2,travel3,travel4,wait0,wait1,wait2,wait3,wait4,rsl_rsl_rsssl_rsl_0,rsl_rsl_rsssl_rsl_1,rsl_rsl_rsssl_rsl_2,rsl_rsl_rsssl_rsl_3,performance measure
0,3,1,1,1,3,1,1,1,5,1,1,3,3,1,1,1,rsl_rsl_rsssl_rsl,190.0,169.0,147.0,292.0,238.0,150.0,437.0,45.0,76.0,225.0,200.0,279.0,12.0,12.0,12.0,12.0,9.090338784255566,9.02516319025622,8.946506840507029,8.863032680818419,9.101195567024853,0.7336561743341404,0.734375,0.7804597701149425,0.78428927680798,0.7253694581280788,2.96876859664917,23.372820823244552,24.664242788461554,25.056011494252864,25.572069825436404,23.527204433497523,68.31961259079903,69.61899038461539,69.99080459770114,70.52618453865337,68.40517241379311,15.515738498789347,16.701923076923077,16.72183908045977,17.49002493765586,15.875615763546797,12.0,12.0,12.0,12.0,16.46102827147497
