,1,1l,1r,1s,2,2l,2r,2s,3,3l,3r,3s,4,4l,4r,4s,id,1_2,1_3,1_4,2_1,2_3,2_4,3_1,3_2,3_4,4_1,4_2,4_3,p1,p2,p3,p4,speed0,speed1,speed2,speed3,speed4,stop0,stop1,stop2,stop3,stop4,time,timeloss0,timeloss1,timeloss2,timeloss3,timeloss4,travel0,travel1,travel2,travel3,travel4,wait0,wait1,wait2,wait3,wait4,rsl_rsl_rsl_rrssll_0,rsl_rsl_rsl_rrssll_1,rsl_rsl_rsl_rrssll_2,rsl_rsl_rsl_rrssll_3,performance measure
0,3,1,1,1,3,1,1,1,3,1,1,1,6,2,2,2,rsl_rsl_rsl_rrssll,165.0,117.0,214.0,118.0,264.0,276.0,255.0,255.0,308.0,172.0,337.0,137.0,12.0,12.0,12.0,12.0,8.243933406747322,8.746457005607313,8.183809481255533,8.33382706454629,8.63520656429521,0.9756906077348066,0.7895322939866369,1.0033296337402886,0.9881656804733728,0.8579545454545454,3.073096752166748,34.615558011049735,26.860100222717147,36.330332963374005,35.960828402366865,29.3165340909091,79.58011049723757,71.85412026726058,81.3418423973363,80.88047337278107,74.29204545454546,24.70939226519337,18.625835189309576,26.078801331853494,25.837869822485207,20.571590909090908,12.0,12.0,12.0,12.0,23.16469790358651
