,1,1l,1r,1s,2,2l,2r,2s,3,3l,3r,3s,4,4l,4r,4s,id,1_2,1_3,1_4,2_1,2_3,2_4,3_1,3_2,3_4,4_1,4_2,4_3,p1,p2,p3,p4,speed0,speed1,speed2,speed3,speed4,stop0,stop1,stop2,stop3,stop4,time,timeloss0,timeloss1,timeloss2,timeloss3,timeloss4,travel0,travel1,travel2,travel3,travel4,wait0,wait1,wait2,wait3,wait4,rsssssl_rsl_rrsslll_rsssll_0,rsssssl_rsl_rrsslll_rsssll_1,rsssssl_rsl_rrsslll_rsssll_2,rsssssl_rsl_rrsslll_rsssll_3,performance measure
0,7,1,1,5,3,1,1,1,7,3,2,2,6,2,1,3,rsssssl_rsl_rrsslll_rsssll,276.0,230.0,243.0,294.0,246.0,43.0,288.0,382.0,216.0,135.0,455.0,174.0,12.0,5.0,12.0,5.0,9.044423317899659,9.067498659586125,8.971367083547785,9.204035122702965,8.973138350279061,0.882703777335984,0.8273381294964028,0.8838289962825279,0.7952674897119342,0.8939096267190569,3.2660934925079346,26.028339960238558,23.824409044193207,25.68734200743495,22.345349794238675,26.732868369351674,70.49304174950298,68.29804727646454,70.07806691449814,66.77366255144032,71.1335952848723,17.766401590457257,15.923946557040082,17.328996282527882,14.66769547325103,18.43516699410609,12.0,5.0,12.0,5.0,16.82444137947647
