,1,1l,1r,1s,2,2l,2r,2s,3,3l,3r,3s,4,4l,4r,4s,id,1_2,1_3,1_4,2_1,2_3,2_4,3_1,3_2,3_4,4_1,4_2,4_3,p1,p2,p3,p4,speed0,speed1,speed2,speed3,speed4,stop0,stop1,stop2,stop3,stop4,time,timeloss0,timeloss1,timeloss2,timeloss3,timeloss4,travel0,travel1,travel2,travel3,travel4,wait0,wait1,wait2,wait3,wait4,rssslll_rssll_rsssl_rrssl_0,rssslll_rssll_rsssl_rrssl_1,rssslll_rssll_rsssl_rrssl_2,rssslll_rssll_rsssl_rrssl_3,performance measure
0,7,3,1,3,5,2,1,2,5,1,1,3,5,1,2,2,rssslll_rssll_rsssl_rrssl,904.0,179.0,128.0,89.0,627.0,396.0,649.0,270.0,105.0,302.0,492.0,567.0,20.0,12.0,20.0,12.0,8.42037420329131,8.352086108349434,8.440102344557445,8.680064219255513,8.4385375193138,0.786020846106683,0.8113564668769716,0.8086847073631215,0.7512987012987012,0.7849393746011487,4.327685832977295,30.288117719190645,31.22754574132493,30.12246066708618,27.509370129870106,30.348136566687927,75.09380748007358,76.04542586750789,74.97419760855884,72.27142857142857,75.14486279514996,21.860821581851624,22.809463722397478,21.761485210824418,19.50974025974026,22.01531589023612,20.0,12.0,20.0,12.0,21.591365333009982
