,1,1l,1r,1s,2,2l,2r,2s,3,3l,3r,3s,4,4l,4r,4s,id,1_2,1_3,1_4,2_1,2_3,2_4,3_1,3_2,3_4,4_1,4_2,4_3,p1,p2,p3,p4,speed0,speed1,speed2,speed3,speed4,stop0,stop1,stop2,stop3,stop4,time,timeloss0,timeloss1,timeloss2,timeloss3,timeloss4,travel0,travel1,travel2,travel3,travel4,wait0,wait1,wait2,wait3,wait4,rsl_rrsl_rssslll_rssssl_0,rsl_rrsl_rssslll_rssssl_1,rsl_rrsl_rssslll_rssssl_2,rsl_rrsl_rssslll_rssssl_3,performance measure
0,3,1,1,1,4,1,2,1,7,3,1,3,6,1,1,4,rsl_rrsl_rssslll_rssssl,110.0,145.0,109.0,202.0,231.0,302.0,943.0,234.0,442.0,159.0,1010.0,117.0,12.0,12.0,12.0,12.0,8.346167128257802,8.561725374405125,8.6454809959792,8.73556466047875,8.618956507530092,0.9748091603053435,0.8274074074074074,0.8446671438797423,0.8216756341275941,0.8659176029962546,4.093760251998901,34.743992366412215,28.521385185185203,27.804531138153177,26.56205226748655,29.32985767790254,79.62137404580153,73.40962962962963,72.75017895490336,71.43197540353574,74.20224719101124,24.751908396946565,20.01037037037037,19.20758768790265,18.232129131437357,20.5063670411985,12.0,12.0,12.0,12.0,20.54167252557109
