,1,1l,1r,1s,2,2l,2r,2s,3,3l,3r,3s,4,4l,4r,4s,id,1_2,1_3,1_4,2_1,2_3,2_4,3_1,3_2,3_4,4_1,4_2,4_3,p1,p2,p3,p4,speed0,speed1,speed2,speed3,speed4,stop0,stop1,stop2,stop3,stop4,time,timeloss0,timeloss1,timeloss2,timeloss3,timeloss4,travel0,travel1,travel2,travel3,travel4,wait0,wait1,wait2,wait3,wait4,rssslll_rssll_rsssl_rrssl_0,rssslll_rssll_rsssl_rrssl_1,rssslll_rssll_rsssl_rrssl_2,rssslll_rssll_rsssl_rrssl_3,performance measure
0,7,3,1,3,5,2,1,2,5,1,1,3,5,1,2,2,rssslll_rssll_rsssl_rrssl,533.0,1000.0,245.0,277.0,548.0,114.0,189.0,154.0,186.0,109.0,239.0,187.0,12.0,12.0,12.0,5.0,9.036506164578753,9.089361424978732,9.079854352898666,9.28236249629858,9.091854876966906,0.797979797979798,0.7843450479233227,0.7911921032649962,0.7416462917685411,0.7993655828707376,3.734323263168335,23.400396270396254,23.78837859424925,23.257919514047096,21.744841075794614,24.406098334655063,68.1025641025641,68.48003194888179,67.96735003796508,66.47677261613691,69.05313243457573,15.33022533022533,15.956869009584665,15.314350797266515,14.145884270578646,16.528945281522603,12.0,12.0,12.0,5.0,15.455254937835553
