,1,1l,1r,1s,2,2l,2r,2s,3,3l,3r,3s,4,4l,4r,4s,id,1_2,1_3,1_4,2_1,2_3,2_4,3_1,3_2,3_4,4_1,4_2,4_3,p1,p2,p3,p4,speed0,speed1,speed2,speed3,speed4,stop0,stop1,stop2,stop3,stop4,time,timeloss0,timeloss1,timeloss2,timeloss3,timeloss4,travel0,travel1,travel2,travel3,travel4,wait0,wait1,wait2,wait3,wait4,rssll_rrsl_rsssl_rrsl_0,rssll_rrsl_rsssl_rrsl_1,rssll_rrsl_rsssl_rrsl_2,rssll_rrsl_rsssl_rrsl_3,performance measure
0,5,2,1,2,4,1,2,1,5,1,1,3,4,1,2,1,rssll_rrsl_rsssl_rrsl,345.0,231.0,108.0,484.0,296.0,53.0,461.0,72.0,318.0,267.0,136.0,81.0,12.0,5.0,12.0,5.0,8.71839978626069,8.961554743742967,8.504497154812137,8.804673799799883,9.068417099952502,0.9801047120418848,0.9339019189765458,1.048169556840077,0.9110396570203644,0.8463203463203464,3.4531264305114746,30.20014659685863,27.594296375266524,32.07006743737957,26.992668810289384,24.752564935064918,75.1109947643979,72.49360341151386,76.9354527938343,71.85637727759914,69.62229437229438,21.375916230366492,18.888059701492537,22.671483622350674,18.464094319399784,16.746753246753247,12.0,5.0,12.0,5.0,19.629261424072546
