,1,1l,1r,1s,2,2l,2r,2s,3,3l,3r,3s,4,4l,4r,4s,id,1_2,1_3,1_4,2_1,2_3,2_4,3_1,3_2,3_4,4_1,4_2,4_3,p1,p2,p3,p4,speed0,speed1,speed2,speed3,speed4,stop0,stop1,stop2,stop3,stop4,time,timeloss0,timeloss1,timeloss2,timeloss3,timeloss4,travel0,travel1,travel2,travel3,travel4,wait0,wait1,wait2,wait3,wait4,rsl_rsl_rsssl_rsl_0,rsl_rsl_rsssl_rsl_1,rsl_rsl_rsssl_rsl_2,rsl_rsl_rsssl_rsl_3,performance measure
0,3,1,1,1,3,1,1,1,5,1,1,3,3,1,1,1,rsl_rsl_rsssl_rsl,188.0,213.0,293.0,62.0,78.0,313.0,495.0,164.0,43.0,216.0,301.0,48.0,12.0,12.0,12.0,20.0,8.583954488959865,8.529714751598691,8.484881515756298,8.682233366938009,8.812994273012162,0.7892271662763466,0.8161490683229814,0.8281053952321205,0.7845161290322581,0.7667464114832536,3.062541961669922,28.3359484777518,29.895354037267097,30.08234629861983,27.35605161290319,26.00690191387559,73.33489461358313,74.93540372670807,75.11166875784191,72.34709677419355,70.98923444976077,19.89110070257611,21.191304347826087,21.682559598494354,19.29032258064516,17.85047846889952,12.0,12.0,12.0,20.0,19.981153139688246
