,1,1l,1r,1s,2,2l,2r,2s,3,3l,3r,3s,4,4l,4r,4s,id,1_2,1_3,1_4,2_1,2_3,2_4,3_1,3_2,3_4,4_1,4_2,4_3,p1,p2,p3,p4,speed0,speed1,speed2,speed3,speed4,stop0,stop1,stop2,stop3,stop4,time,timeloss0,timeloss1,timeloss2,timeloss3,timeloss4,travel0,travel1,travel2,travel3,travel4,wait0,wait1,wait2,wait3,wait4,rsl_rrsl_rssslll_rssssl_0,rsl_rrsl_rssslll_rssssl_1,rsl_rrsl_rssslll_rssssl_2,rsl_rrsl_rssslll_rssssl_3,performance measure
0,3,1,1,1,4,1,2,1,7,3,1,3,6,1,1,4,rsl_rrsl_rssslll_rssssl,162.0,213.0,214.0,483.0,56.0,114.0,804.0,302.0,209.0,82.0,917.0,149.0,12.0,12.0,5.0,12.0,9.35464275667845,9.336023016086804,9.34202700545653,9.540900831935385,9.384319728327064,0.7243330638641875,0.7300163132137031,0.7188473520249221,0.6843434343434344,0.7154213036565977,3.6061911582946777,20.836871463217495,21.05929037520394,21.007095015576354,19.45971380471378,20.982877583465857,65.4874696847211,65.71696574225122,65.62772585669782,64.0614478114478,65.60095389507154,13.192400970088924,13.411908646003262,13.4797507788162,12.157407407407407,13.451510333863276,12.0,12.0,5.0,12.0,13.138595627235816
