,1,1l,1r,1s,2,2l,2r,2s,3,3l,3r,3s,4,4l,4r,4s,id,1_2,1_3,1_4,2_1,2_3,2_4,3_1,3_2,3_4,4_1,4_2,4_3,p1,p2,p3,p4,speed0,speed1,speed2,speed3,speed4,stop0,stop1,stop2,stop3,stop4,time,timeloss0,timeloss1,timeloss2,timeloss3,timeloss4,travel0,travel1,travel2,travel3,travel4,wait0,wait1,wait2,wait3,wait4,rrsssll_rsl_rsl_rrsll_0,rrsssll_rsl_rsl_rrsll_1,rrsssll_rsl_rsl_rrsll_2,rrsssll_rsl_rsl_rrsll_3,performance measure
0,7,2,2,3,3,1,1,1,3,1,1,1,5,2,2,1,rrsssll_rsl_rsl_rrsll,497.0,164.0,79.0,184.0,49.0,356.0,62.0,72.0,305.0,137.0,329.0,326.0,12.0,5.0,5.0,12.0,9.28139065992589,9.487087820314597,9.292653700257802,9.470412475828656,9.310029551231713,0.791196388261851,0.7220930232558139,0.7983014861995754,0.7295673076923077,0.7920560747663551,2.8904824256896973,21.762279909706585,19.575372093023248,21.9403609341826,20.11179086538465,22.058971962616816,66.5902934537246,64.42325581395349,66.83970276008493,64.89182692307692,66.85514018691589,13.516930022573364,11.948837209302326,13.549893842887473,12.439903846153847,13.754672897196262,12.0,5.0,5.0,12.0,13.042047563622654
