,1,1l,1r,1s,2,2l,2r,2s,3,3l,3r,3s,4,4l,4r,4s,id,1_2,1_3,1_4,2_1,2_3,2_4,3_1,3_2,3_4,4_1,4_2,4_3,p1,p2,p3,p4,speed0,speed1,speed2,speed3,speed4,stop0,stop1,stop2,stop3,stop4,time,timeloss0,timeloss1,timeloss2,timeloss3,timeloss4,travel0,travel1,travel2,travel3,travel4,wait0,wait1,wait2,wait3,wait4,rrsssll_rsl_rsl_rrsll_0,rrsssll_rsl_rsl_rrsll_1,rrsssll_rsl_rsl_rrsll_2,rrsssll_rsl_rsl_rrsll_3,performance measure
0,7,2,2,3,3,1,1,1,3,1,1,1,5,2,2,1,rrsssll_rsl_rsl_rrsll,428.0,296.0,283.0,303.0,120.0,95.0,111.0,237.0,167.0,607.0,350.0,473.0,12.0,5.0,12.0,12.0,9.212306390289594,8.49181494668402,8.970304217137679,9.313289601045833,9.060215000573342,0.771856786011657,0.9857262804366079,0.8137583892617449,0.7241079199303743,0.7885763000852515,3.3166751861572266,23.02776852622812,32.62769941225864,25.03624999999998,21.514003481288075,24.326069906223353,67.69691923397168,77.33585222502099,69.75251677852349,66.19930374238469,69.03495311167946,15.025811823480433,22.497061293031066,16.703859060402685,13.872062663185378,16.208866155157715,12.0,5.0,12.0,12.0,16.861532199051453
