,1,1l,1r,1s,2,2l,2r,2s,3,3l,3r,3s,4,4l,4r,4s,id,1_2,1_3,1_4,2_1,2_3,2_4,3_1,3_2,3_4,4_1,4_2,4_3,p1,p2,p3,p4,speed0,speed1,speed2,speed3,speed4,stop0,stop1,stop2,stop3,stop4,time,timeloss0,timeloss1,timeloss2,timeloss3,timeloss4,travel0,travel1,travel2,travel3,travel4,wait0,wait1,wait2,wait3,wait4,rrsslll_rrsll_rsssl_rrsslll_0,rrsslll_rrsll_rsssl_rrsslll_1,rrsslll_rrsll_rsssl_rrsslll_2,rrsslll_rrsll_rsssl_rrsslll_3,performance measure
0,7,3,2,2,5,2,2,1,5,1,1,3,7,3,2,2,rrsslll_rrsll_rsssl_rrsslll,277.0,694.0,209.0,618.0,475.0,97.0,992.0,241.0,194.0,354.0,465.0,551.0,12.0,20.0,12.0,12.0,8.908684885600431,8.879210433533236,8.980869255545286,8.872620202983853,9.01710031496491,0.7334102712060011,0.7527568195008706,0.7212643678160919,0.7552998182919443,0.726693688477128,4.547029256820679,25.032429313329526,25.20654672083577,24.59370689655173,25.29979406420355,24.20685581933995,69.54183496826313,69.7893209518282,69.1764367816092,69.84009691096306,68.74116965836711,17.10790536641662,17.372605919907137,16.80344827586207,17.318594791035736,16.44238563983787,12.0,20.0,12.0,12.0,17.008987998611886
