,1,1l,1r,1s,2,2l,2r,2s,3,3l,3r,3s,4,4l,4r,4s,id,1_2,1_3,1_4,2_1,2_3,2_4,3_1,3_2,3_4,4_1,4_2,4_3,p1,p2,p3,p4,speed0,speed1,speed2,speed3,speed4,stop0,stop1,stop2,stop3,stop4,time,timeloss0,timeloss1,timeloss2,timeloss3,timeloss4,travel0,travel1,travel2,travel3,travel4,wait0,wait1,wait2,wait3,wait4,rsssl_rrsll_rsl_rsslll_0,rsssl_rrsll_rsl_rsslll_1,rsssl_rrsll_rsl_rsslll_2,rsssl_rrsll_rsl_rsslll_3,performance measure
0,5,1,1,3,5,2,2,1,3,1,1,1,6,3,1,2,rsssl_rrsll_rsl_rsslll,269.0,961.0,164.0,148.0,631.0,207.0,289.0,36.0,308.0,902.0,592.0,281.0,12.0,12.0,12.0,12.0,7.84845490145549,8.005137669150852,7.647762410214332,7.924620796009775,7.562748276791928,0.998769987699877,0.9518586227909811,1.0806549423893268,1.0201822916666667,1.164727495407226,4.282732248306274,36.41893603936043,34.01865326020725,39.058817465130375,36.75181640624998,43.84554194733616,81.45387453874538,79.03595368677635,84.05518496058217,81.79361979166667,88.87997550520514,26.303813038130382,24.43144424131627,28.321406913280775,26.443359375,32.091243110838946,12.0,12.0,12.0,12.0,27.518253335713275
