,1,1l,1r,1s,2,2l,2r,2s,3,3l,3r,3s,4,4l,4r,4s,id,1_2,1_3,1_4,2_1,2_3,2_4,3_1,3_2,3_4,4_1,4_2,4_3,p1,p2,p3,p4,speed0,speed1,speed2,speed3,speed4,stop0,stop1,stop2,stop3,stop4,time,timeloss0,timeloss1,timeloss2,timeloss3,timeloss4,travel0,travel1,travel2,travel3,travel4,wait0,wait1,wait2,wait3,wait4,rssslll_rssll_rsssl_rrssl_0,rssslll_rssll_rsssl_rrssl_1,rssslll_rssll_rsssl_rrssl_2,rssslll_rssll_rsssl_rrssl_3,performance measure
0,7,3,1,3,5,2,1,2,5,1,1,3,5,1,2,2,rssslll_rssll_rsssl_rrssl,384.0,425.0,166.0,300.0,309.0,579.0,885.0,146.0,273.0,182.0,499.0,345.0,12.0,12.0,12.0,12.0,8.74832882164326,8.776267589495447,8.786966942183064,8.799443375973391,8.841254990024428,0.8033333333333333,0.7850287907869482,0.8135376756066411,0.8079331941544885,0.7959459459459459,3.885516405105591,26.817093333333375,26.380953294945645,26.37005108556833,26.065956854558095,25.78775675675676,71.616,71.15419065898912,71.19284802043423,70.8580375782881,70.57837837837837,18.542666666666666,18.320537428023034,18.104086845466156,17.92971468336813,17.85810810810811,12.0,12.0,12.0,12.0,18.15102274632642
