,1,1l,1r,1s,2,2l,2r,2s,3,3l,3r,3s,4,4l,4r,4s,id,1_2,1_3,1_4,2_1,2_3,2_4,3_1,3_2,3_4,4_1,4_2,4_3,p1,p2,p3,p4,speed0,speed1,speed2,speed3,speed4,stop0,stop1,stop2,stop3,stop4,time,timeloss0,timeloss1,timeloss2,timeloss3,timeloss4,travel0,travel1,travel2,travel3,travel4,wait0,wait1,wait2,wait3,wait4,rsssssl_rssssll_rsl_rssll_0,rsssssl_rssssll_rsl_rssll_1,rsssssl_rssssll_rsl_rssll_2,rsssssl_rssssll_rsl_rssll_3,performance measure
0,7,1,1,5,7,2,1,4,3,1,1,1,5,2,1,2,rsssssl_rssssll_rsl_rssll,75.0,206.0,112.0,206.0,203.0,1124.0,349.0,175.0,284.0,483.0,443.0,249.0,12.0,12.0,12.0,12.0,8.259059482639687,8.572121716467237,8.38494048322807,8.228574586044498,8.714876922681178,1.0269230769230768,0.8674157303370786,0.9311355311355312,1.0069551777434311,0.8314087759815243,3.8910958766937256,36.65720000000007,30.005370786516835,31.6600512820513,35.6197913446677,27.722193995381087,81.4076923076923,74.73932584269663,76.47838827838828,80.38176197836167,72.4626635873749,26.206923076923076,21.006741573033707,22.33113553113553,25.402627511591962,19.23094688221709,12.0,12.0,12.0,12.0,22.835674914980274
