,1,1l,1r,1s,2,2l,2r,2s,3,3l,3r,3s,4,4l,4r,4s,id,1_2,1_3,1_4,2_1,2_3,2_4,3_1,3_2,3_4,4_1,4_2,4_3,p1,p2,p3,p4,speed0,speed1,speed2,speed3,speed4,stop0,stop1,stop2,stop3,stop4,time,timeloss0,timeloss1,timeloss2,timeloss3,timeloss4,travel0,travel1,travel2,travel3,travel4,wait0,wait1,wait2,wait3,wait4,rrssl_rrssl_rrsslll_rrsslll_0,rrssl_rrssl_rrsslll_rrsslll_1,rrssl_rrssl_rrsslll_rrsslll_2,rrssl_rrssl_rrsslll_rrsslll_3,performance measure
0,5,1,2,2,5,1,2,2,7,3,2,2,7,3,2,2,rrssl_rrssl_rrsslll_rrsslll,152.0,214.0,609.0,307.0,106.0,659.0,435.0,274.0,514.0,150.0,535.0,280.0,12.0,12.0,5.0,12.0,9.318786234061315,9.320365475570682,9.236097639203592,9.319519315163033,9.236812912462076,0.7439779766001376,0.7239176721078779,0.750996015936255,0.7266187050359713,0.7401520387007602,3.9567246437072754,21.548947006194087,21.13537970191622,21.97953519256308,21.181395683453236,22.0155494125777,66.10185822436338,65.71469127040454,66.53851261620186,65.72302158273381,66.59087767795438,13.947006194081212,13.62597586941093,14.253652058432936,13.733812949640289,14.404284727021423,12.0,12.0,5.0,12.0,13.992946359717356
