,1,1l,1r,1s,2,2l,2r,2s,3,3l,3r,3s,4,4l,4r,4s,id,1_2,1_3,1_4,2_1,2_3,2_4,3_1,3_2,3_4,4_1,4_2,4_3,p1,p2,p3,p4,speed0,speed1,speed2,speed3,speed4,stop0,stop1,stop2,stop3,stop4,time,timeloss0,timeloss1,timeloss2,timeloss3,timeloss4,travel0,travel1,travel2,travel3,travel4,wait0,wait1,wait2,wait3,wait4,rsssssl_rsl_rrsslll_rsssll_0,rsssssl_rsl_rrsslll_rsssll_1,rsssssl_rsl_rrsslll_rsssll_2,rsssssl_rsl_rrsslll_rsssll_3,performance measure
0,7,1,1,5,3,1,1,1,7,3,2,2,6,2,1,3,rsssssl_rsl_rrsslll_rsssll,180.0,261.0,122.0,268.0,148.0,162.0,466.0,138.0,228.0,171.0,269.0,231.0,12.0,12.0,12.0,12.0,9.095575957991828,9.363686206305685,9.165898404773706,9.116616299139185,9.319062510893518,0.7366120218579235,0.681044267877412,0.7269807280513919,0.7425287356321839,0.6840909090909091,2.90622615814209,23.440448087431676,21.768399545970492,22.633190578158473,23.071586206896562,21.61820454545452,68.01530054644809,66.36095346197503,67.26338329764454,67.63563218390804,66.21477272727273,15.86448087431694,14.717366628830874,15.135974304068522,15.602298850574712,14.610227272727272,12.0,12.0,12.0,12.0,15.186069586103665
