,1,1l,1r,1s,2,2l,2r,2s,3,3l,3r,3s,4,4l,4r,4s,id,1_2,1_3,1_4,2_1,2_3,2_4,3_1,3_2,3_4,4_1,4_2,4_3,p1,p2,p3,p4,speed0,speed1,speed2,speed3,speed4,stop0,stop1,stop2,stop3,stop4,time,timeloss0,timeloss1,timeloss2,timeloss3,timeloss4,travel0,travel1,travel2,travel3,travel4,wait0,wait1,wait2,wait3,wait4,rsl_rsssssl_rsll_rrssl_0,rsl_rsssssl_rsll_rrssl_1,rsl_rsssssl_rsll_rrssl_2,rsl_rsssssl_rsll_rrssl_3,performance measure
0,3,1,1,1,7,1,1,5,4,2,1,1,5,1,2,2,rsl_rsssssl_rsll_rrssl,231.0,119.0,137.0,163.0,117.0,326.0,158.0,275.0,246.0,265.0,570.0,389.0,12.0,12.0,12.0,12.0,9.095335560998398,9.100058017972094,8.938754957245077,9.135979689383525,9.138032924528963,0.7364864864864865,0.7283349561830574,0.7833969465648855,0.7378238341968912,0.7297560975609756,3.296842098236084,23.431476833976813,24.312745861733216,25.07799618320611,22.885709844559578,23.049131707317077,68.1911196911197,69.10126582278481,69.82156488549619,67.64248704663213,67.79317073170732,15.829150579150578,16.643622200584225,17.09446564885496,15.334715025906736,15.477073170731707,12.0,12.0,12.0,12.0,16.07580532504564
