,1,1l,1r,1s,2,2l,2r,2s,3,3l,3r,3s,4,4l,4r,4s,id,1_2,1_3,1_4,2_1,2_3,2_4,3_1,3_2,3_4,4_1,4_2,4_3,p1,p2,p3,p4,speed0,speed1,speed2,speed3,speed4,stop0,stop1,stop2,stop3,stop4,time,timeloss0,timeloss1,timeloss2,timeloss3,timeloss4,travel0,travel1,travel2,travel3,travel4,wait0,wait1,wait2,wait3,wait4,rsl_rsl_rsl_rrssll_0,rsl_rsl_rsl_rrssll_1,rsl_rsl_rsl_rrssll_2,rsl_rsl_rsl_rrssll_3,performance measure
0,3,1,1,1,3,1,1,1,3,1,1,1,6,2,2,2,rsl_rsl_rsl_rrssll,185.0,359.0,142.0,183.0,303.0,173.0,146.0,151.0,157.0,261.0,259.0,321.0,12.0,20.0,20.0,12.0,8.479183906738658,8.509794985093393,8.381860733597215,8.527331472724336,8.614299703727658,0.7751937984496124,0.7781420765027323,0.794341675734494,0.761849710982659,0.7486095661846496,3.1031785011291504,31.835725359911375,29.69605464480874,31.024330794341658,29.62430057803469,28.38299221357065,76.79180509413068,74.67322404371585,76.00652883569097,74.57225433526011,73.3781979977753,23.421926910299003,21.591256830601093,22.500544069640913,21.67630057803468,20.343715239154616,12.0,20.0,20.0,12.0,21.906748725546063
