,1,1l,1r,1s,2,2l,2r,2s,3,3l,3r,3s,4,4l,4r,4s,id,1_2,1_3,1_4,2_1,2_3,2_4,3_1,3_2,3_4,4_1,4_2,4_3,p1,p2,p3,p4,speed0,speed1,speed2,speed3,speed4,stop0,stop1,stop2,stop3,stop4,time,timeloss0,timeloss1,timeloss2,timeloss3,timeloss4,travel0,travel1,travel2,travel3,travel4,wait0,wait1,wait2,wait3,wait4,rsl_rrsl_rssslll_rssssl_0,rsl_rrsl_rssslll_rssssl_1,rsl_rrsl_rssslll_rssssl_2,rsl_rrsl_rssslll_rssssl_3,performance measure
0,3,1,1,1,4,1,2,1,7,3,1,3,6,1,1,4,rsl_rrsl_rssslll_rssssl,127.0,290.0,188.0,318.0,113.0,110.0,856.0,189.0,393.0,192.0,330.0,218.0,12.0,12.0,12.0,5.0,9.143099288180682,9.115243039587122,9.147963086120363,9.255221742232703,9.151692557940754,0.8116710875331565,0.7676678445229682,0.7736976942783945,0.7422586520947176,0.7708146821844225,3.468552589416504,25.005411140583522,23.20977031802118,22.783390264731025,21.720728597449924,23.41313339301702,69.71971706454465,67.98586572438163,67.51921434671222,66.43260473588343,68.08594449418084,17.0026525198939,15.38250883392226,14.83859948761742,14.092896174863387,15.588182632050135,12.0,12.0,12.0,5.0,15.38096792966942
