,1,1l,1r,1s,2,2l,2r,2s,3,3l,3r,3s,4,4l,4r,4s,id,1_2,1_3,1_4,2_1,2_3,2_4,3_1,3_2,3_4,4_1,4_2,4_3,p1,p2,p3,p4,speed0,speed1,speed2,speed3,speed4,stop0,stop1,stop2,stop3,stop4,time,timeloss0,timeloss1,timeloss2,timeloss3,timeloss4,travel0,travel1,travel2,travel3,travel4,wait0,wait1,wait2,wait3,wait4,rsssl_rrsll_rsl_rsslll_0,rsssl_rrsll_rsl_rsslll_1,rsssl_rrsll_rsl_rsslll_2,rsssl_rrsll_rsl_rsslll_3,performance measure
0,5,1,1,3,5,2,2,1,3,1,1,1,6,3,1,2,rsssl_rrsll_rsl_rsslll,58.0,335.0,219.0,291.0,458.0,120.0,141.0,74.0,145.0,283.0,272.0,85.0,5.0,5.0,12.0,5.0,9.324195134031292,9.670010585260773,9.355939583312624,9.471271799677336,9.704223231145741,0.9161747343565525,0.7553444180522565,0.8674285714285714,0.835820895522388,0.7417452830188679,2.833737373352051,24.396162927981127,18.943123515439428,22.757268571428572,21.102835820895518,19.19687500000001,69.18299881936245,63.736342042755346,67.56,65.86567164179104,63.96108490566038,16.055489964580875,11.722090261282661,14.849142857142857,13.506218905472636,11.950471698113208,5.0,5.0,12.0,5.0,13.616682737318447
