,1,1l,1r,1s,2,2l,2r,2s,3,3l,3r,3s,4,4l,4r,4s,id,1_2,1_3,1_4,2_1,2_3,2_4,3_1,3_2,3_4,4_1,4_2,4_3,p1,p2,p3,p4,speed0,speed1,speed2,speed3,speed4,stop0,stop1,stop2,stop3,stop4,time,timeloss0,timeloss1,timeloss2,timeloss3,timeloss4,travel0,travel1,travel2,travel3,travel4,wait0,wait1,wait2,wait3,wait4,rslll_rsl_rrslll_rsl_0,rslll_rsl_rrslll_rsl_1,rslll_rsl_rrslll_rsl_2,rslll_rsl_rrslll_rsl_3,performance measure
0,5,3,1,1,3,1,1,1,6,3,2,1,3,1,1,1,rslll_rsl_rrslll_rsl,737.0,252.0,74.0,318.0,193.0,142.0,276.0,465.0,138.0,256.0,171.0,62.0,12.0,12.0,12.0,12.0,8.87561238137461,8.751460457446049,8.64750798881908,8.91999156440469,8.929313528093004,0.7835538752362949,0.7912621359223301,0.8351351351351352,0.7863984674329502,0.7537239324726912,3.296879529953003,25.898015122873357,26.959621359223302,27.88929729729732,24.712001915708797,25.2036742800397,70.7835538752363,71.85922330097087,72.6981981981982,69.59291187739464,70.08440913604767,17.60302457466919,18.54854368932039,19.034234234234233,16.61015325670498,17.08540218470705,12.0,12.0,12.0,12.0,17.776271587927166
