,1,1l,1r,1s,2,2l,2r,2s,3,3l,3r,3s,4,4l,4r,4s,id,1_2,1_3,1_4,2_1,2_3,2_4,3_1,3_2,3_4,4_1,4_2,4_3,p1,p2,p3,p4,speed0,speed1,speed2,speed3,speed4,stop0,stop1,stop2,stop3,stop4,time,timeloss0,timeloss1,timeloss2,timeloss3,timeloss4,travel0,travel1,travel2,travel3,travel4,wait0,wait1,wait2,wait3,wait4,rsl_rsl_rsl_rrssll_0,rsl_rsl_rsl_rrssll_1,rsl_rsl_rsl_rrssll_2,rsl_rsl_rsl_rrssll_3,performance measure
0,3,1,1,1,3,1,1,1,3,1,1,1,6,2,2,2,rsl_rsl_rsl_rrssll,202.0,163.0,63.0,292.0,216.0,147.0,67.0,236.0,184.0,125.0,436.0,231.0,12.0,12.0,12.0,12.0,9.067550401295724,9.18793560017062,9.148018233067733,9.180384582578492,9.328683981156017,0.7345679012345679,0.6954248366013072,0.7391304347826086,0.7188328912466844,0.6778350515463918,2.7500510215759277,23.345395061728382,22.750117647058815,22.77596944770858,22.55988063660477,21.46103092783508,68.19259259259259,67.60392156862746,67.61457109283197,67.34084880636605,66.32087628865979,15.598765432098766,15.283660130718955,14.99647473560517,14.921750663129973,14.22938144329897,12.0,12.0,12.0,12.0,15.006006480970365
