,1,1l,1r,1s,2,2l,2r,2s,3,3l,3r,3s,4,4l,4r,4s,id,1_2,1_3,1_4,2_1,2_3,2_4,3_1,3_2,3_4,4_1,4_2,4_3,p1,p2,p3,p4,speed0,speed1,speed2,speed3,speed4,stop0,stop1,stop2,stop3,stop4,time,timeloss0,timeloss1,timeloss2,timeloss3,timeloss4,travel0,travel1,travel2,travel3,travel4,wait0,wait1,wait2,wait3,wait4,rrsslll_rrsll_rsssl_rrsslll_0,rrsslll_rrsll_rsssl_rrsslll_1,rrsslll_rrsll_rsssl_rrsslll_2,rrsslll_rrsll_rsssl_rrsslll_3,performance measure
0,7,3,2,2,5,2,2,1,5,1,1,3,7,3,2,2,rrsslll_rrsll_rsssl_rrsslll,145.0,380.0,267.0,188.0,389.0,216.0,234.0,215.0,190.0,321.0,334.0,327.0,12.0,12.0,12.0,12.0,9.168102752831775,9.388880144731438,9.253244192796357,9.233200751200123,9.420530214307725,0.7252252252252253,0.6612612612612613,0.7186379928315412,0.721042471042471,0.6897810218978102,3.2189176082611084,23.07467567567567,21.37951351351354,22.120689964157663,22.215781853281847,20.861158759124084,67.49549549549549,65.7990990990991,66.56899641577061,66.7123552123552,65.27828467153284,15.777477477477477,14.435135135135136,14.824372759856631,15.013513513513514,13.834854014598541,12.0,12.0,12.0,12.0,14.77707058011626
