,1,1l,1r,1s,2,2l,2r,2s,3,3l,3r,3s,4,4l,4r,4s,id,1_2,1_3,1_4,2_1,2_3,2_4,3_1,3_2,3_4,4_1,4_2,4_3,p1,p2,p3,p4,speed0,speed1,speed2,speed3,speed4,stop0,stop1,stop2,stop3,stop4,time,timeloss0,timeloss1,timeloss2,timeloss3,timeloss4,travel0,travel1,travel2,travel3,travel4,wait0,wait1,wait2,wait3,wait4,rrsll_rssl_rsssll_rsl_0,rrsll_rssl_rsssll_rsl_1,rrsll_rssl_rsssll_rsl_2,rrsll_rssl_rsssll_rsl_3,performance measure
0,5,2,2,1,4,1,1,2,6,2,1,3,3,1,1,1,rrsll_rssl_rsssll_rsl,296.0,88.0,625.0,123.0,252.0,442.0,224.0,86.0,604.0,257.0,320.0,246.0,12.0,5.0,12.0,12.0,9.147998402869604,9.066211785311989,8.958440823815344,9.045034326626062,9.040262683729257,0.7528180354267311,0.7710547833197057,0.7998411437648928,0.7880851063829787,0.7905236907730673,3.34889817237854,22.373792270531396,23.397089125102244,23.8514535345512,23.513029787234018,24.151795511221955,67.19162640901772,68.20196238757154,68.66481334392375,68.35489361702128,68.95428096425603,14.485507246376812,15.343417825020442,15.600476568705322,15.342127659574468,15.97838736492103,12.0,5.0,12.0,12.0,15.349983332919615
