,1,1l,1r,1s,2,2l,2r,2s,3,3l,3r,3s,4,4l,4r,4s,id,1_2,1_3,1_4,2_1,2_3,2_4,3_1,3_2,3_4,4_1,4_2,4_3,p1,p2,p3,p4,speed0,speed1,speed2,speed3,speed4,stop0,stop1,stop2,stop3,stop4,time,timeloss0,timeloss1,timeloss2,timeloss3,timeloss4,travel0,travel1,travel2,travel3,travel4,wait0,wait1,wait2,wait3,wait4,rsl_rrsll_rsl_rslll_0,rsl_rrsll_rsl_rslll_1,rsl_rrsll_rsl_rslll_2,rsl_rrsll_rsl_rslll_3,performance measure
0,3,1,1,1,5,2,2,1,3,1,1,1,5,3,1,1,rsl_rrsll_rsl_rslll,292.0,326.0,145.0,78.0,198.0,265.0,59.0,161.0,211.0,946.0,206.0,160.0,20.0,20.0,20.0,20.0,7.937558538062089,7.861727558399548,7.822067360537131,7.678499423900354,7.963287825994859,0.8200956937799043,0.7996127783155856,0.8065727699530516,0.8496605237633366,0.8197507190795782,3.328092575073242,36.89577033492823,37.008373668925465,38.18696713615023,39.30304558680893,37.900431447746904,82.0354066985646,82.1403678606002,83.28075117370892,84.40931134820562,83.00767018216682,27.736842105263158,28.0648596321394,29.107981220657276,30.03976721629486,28.699904122722916,20.0,20.0,20.0,20.0,28.729870859415524
