,1,1l,1r,1s,2,2l,2r,2s,3,3l,3r,3s,4,4l,4r,4s,id,1_2,1_3,1_4,2_1,2_3,2_4,3_1,3_2,3_4,4_1,4_2,4_3,p1,p2,p3,p4,speed0,speed1,speed2,speed3,speed4,stop0,stop1,stop2,stop3,stop4,time,timeloss0,timeloss1,timeloss2,timeloss3,timeloss4,travel0,travel1,travel2,travel3,travel4,wait0,wait1,wait2,wait3,wait4,rssslll_rrsssl_rsssssl_rsl_0,rssslll_rrsssl_rsssssl_rsl_1,rssslll_rrsssl_rsssssl_rsl_2,rssslll_rrsssl_rsssssl_rsl_3,performance measure
0,7,3,1,3,6,1,2,3,7,1,1,5,3,1,1,1,rssslll_rrsssl_rsssssl_rsl,183.0,298.0,260.0,490.0,149.0,628.0,1699.0,141.0,89.0,57.0,75.0,172.0,5.0,12.0,5.0,12.0,9.60643738741368,9.521223759604007,9.502077062735982,9.518439096384848,9.438179555163794,0.7217081850533807,0.740662438336857,0.7675050985723997,0.8034934497816594,0.7619047619047619,4.031201362609863,19.20366548042706,19.60133897110643,20.865288919102667,22.7225036390102,20.59409663865543,63.887544483985764,64.33051444679352,65.5601631543168,67.38646288209607,65.28151260504201,11.6,11.881606765327696,12.976206662134603,14.483988355167394,12.832633053221288,5.0,12.0,5.0,12.0,12.754886967170197
