,1,1l,1r,1s,2,2l,2r,2s,3,3l,3r,3s,4,4l,4r,4s,id,1_2,1_3,1_4,2_1,2_3,2_4,3_1,3_2,3_4,4_1,4_2,4_3,p1,p2,p3,p4,speed0,speed1,speed2,speed3,speed4,stop0,stop1,stop2,stop3,stop4,time,timeloss0,timeloss1,timeloss2,timeloss3,timeloss4,travel0,travel1,travel2,travel3,travel4,wait0,wait1,wait2,wait3,wait4,rslll_rsl_rrslll_rsl_0,rslll_rsl_rrslll_rsl_1,rslll_rsl_rrslll_rsl_2,rslll_rsl_rrslll_rsl_3,performance measure
0,5,3,1,1,3,1,1,1,6,3,2,1,3,1,1,1,rslll_rsl_rrslll_rsl,464.0,199.0,293.0,280.0,72.0,60.0,151.0,415.0,399.0,150.0,48.0,99.0,12.0,12.0,12.0,5.0,9.55338399345159,9.601506299383981,9.559274138557885,9.721540471702545,9.536930734586143,0.694078947368421,0.6655052264808362,0.6791878172588832,0.6488636363636363,0.6707726763717805,3.1566548347473145,19.642302631578982,18.835307781649245,19.303431472081225,18.048784090909074,19.197558790593515,64.38157894736842,63.59233449477352,64.0720812182741,62.76136363636363,63.920492721164614,12.266447368421053,11.727061556329849,12.01522842639594,11.128409090909091,11.97424412094065,12.0,12.0,12.0,5.0,11.822278112599317
