,1,1l,1r,1s,2,2l,2r,2s,3,3l,3r,3s,4,4l,4r,4s,id,1_2,1_3,1_4,2_1,2_3,2_4,3_1,3_2,3_4,4_1,4_2,4_3,p1,p2,p3,p4,speed0,speed1,speed2,speed3,speed4,stop0,stop1,stop2,stop3,stop4,time,timeloss0,timeloss1,timeloss2,timeloss3,timeloss4,travel0,travel1,travel2,travel3,travel4,wait0,wait1,wait2,wait3,wait4,rslll_rsl_rrslll_rsl_0,rslll_rsl_rrslll_rsl_1,rslll_rsl_rrslll_rsl_2,rslll_rsl_rrslll_rsl_3,performance measure
0,5,3,1,1,3,1,1,1,6,3,2,1,3,1,1,1,rslll_rsl_rrslll_rsl,111.0,200.0,245.0,87.0,171.0,352.0,48.0,534.0,635.0,179.0,297.0,88.0,12.0,12.0,12.0,20.0,8.776555479963191,8.75766031971237,8.664558080629249,8.709014562102318,8.954775641779362,0.7702044790652386,0.7624481327800829,0.7889733840304183,0.7752100840336135,0.7275419545903258,3.0733039379119873,26.046679649464448,26.569014522821583,27.501026615969607,26.487100840336126,24.82403751233961,70.95034079844207,71.48236514522821,72.34505703422053,71.37710084033614,69.69792694965449,17.843232716650437,18.4097510373444,19.200570342205324,18.441176470588236,16.767028627838105,12.0,12.0,12.0,20.0,18.1323518389253
