,1,1l,1r,1s,2,2l,2r,2s,3,3l,3r,3s,4,4l,4r,4s,id,1_2,1_3,1_4,2_1,2_3,2_4,3_1,3_2,3_4,4_1,4_2,4_3,p1,p2,p3,p4,speed0,speed1,speed2,speed3,speed4,stop0,stop1,stop2,stop3,stop4,time,timeloss0,timeloss1,timeloss2,timeloss3,timeloss4,travel0,travel1,travel2,travel3,travel4,wait0,wait1,wait2,wait3,wait4,rrsslll_rrsll_rsssl_rrsslll_0,rrsslll_rrsll_rsssl_rrsslll_1,rrsslll_rrsll_rsssl_rrsslll_2,rrsslll_rrsll_rsssl_rrsslll_3,performance measure
0,7,3,2,2,5,2,2,1,5,1,1,3,7,3,2,2,rrsslll_rrsll_rsssl_rrsslll,700.0,159.0,227.0,390.0,408.0,270.0,1009.0,88.0,145.0,918.0,716.0,469.0,12.0,20.0,20.0,20.0,7.946429011707624,7.9483209400340735,7.912654570578245,8.226626274932034,8.18813464831519,0.8705189941144997,0.856687898089172,0.9063829787234042,0.7947598253275109,0.7956043956043956,4.890629768371582,38.27297485286247,37.76534501061578,40.67873404255318,32.980393013100496,32.73006593406591,82.94756554307116,82.49097664543524,85.39308510638298,77.71724890829694,77.4543956043956,29.080791867308722,28.66135881104034,31.256382978723405,24.604803493449783,24.27747252747253,12.0,20.0,20.0,20.0,27.576161935598957
