,1,1l,1r,1s,2,2l,2r,2s,3,3l,3r,3s,4,4l,4r,4s,id,1_2,1_3,1_4,2_1,2_3,2_4,3_1,3_2,3_4,4_1,4_2,4_3,p1,p2,p3,p4,speed0,speed1,speed2,speed3,speed4,stop0,stop1,stop2,stop3,stop4,time,timeloss0,timeloss1,timeloss2,timeloss3,timeloss4,travel0,travel1,travel2,travel3,travel4,wait0,wait1,wait2,wait3,wait4,rsl_rsssll_rrssl_rrsslll_0,rsl_rsssll_rrssl_rrsslll_1,rsl_rsssll_rrssl_rrsslll_2,rsl_rsssll_rrssl_rrsslll_3,performance measure
0,3,1,1,1,6,2,1,3,5,1,2,2,7,3,2,2,rsl_rsssll_rrssl_rrsslll,249.0,104.0,285.0,165.0,250.0,628.0,325.0,222.0,110.0,128.0,267.0,613.0,12.0,12.0,5.0,12.0,9.448423228702065,9.369358637515456,9.20620498699075,9.280022977576714,9.444031221533159,0.6994072819644369,0.7195767195767195,0.796229802513465,0.8014505893019039,0.6933920704845815,3.390615463256836,20.359220999153276,21.33526455026453,24.60156193895873,25.43893925657299,20.305118942731283,64.83573243014395,65.84391534391534,69.13464991023339,69.92384406165004,64.78766519823789,12.999153259949196,13.970017636684304,16.8016157989228,17.534904805077062,13.03259911894273,12.0,12.0,5.0,12.0,14.867658123915216
