,1,1l,1r,1s,2,2l,2r,2s,3,3l,3r,3s,4,4l,4r,4s,id,1_2,1_3,1_4,2_1,2_3,2_4,3_1,3_2,3_4,4_1,4_2,4_3,p1,p2,p3,p4,speed0,speed1,speed2,speed3,speed4,stop0,stop1,stop2,stop3,stop4,time,timeloss0,timeloss1,timeloss2,timeloss3,timeloss4,travel0,travel1,travel2,travel3,travel4,wait0,wait1,wait2,wait3,wait4,rsssl_rrsll_rsl_rsslll_0,rsssl_rrsll_rsl_rsslll_1,rsssl_rrsll_rsl_rsslll_2,rsssl_rrsll_rsl_rsslll_3,performance measure
0,5,1,1,3,5,2,2,1,3,1,1,1,6,3,1,2,rsssl_rrsll_rsl_rsslll,280.0,542.0,125.0,210.0,139.0,259.0,179.0,175.0,216.0,210.0,145.0,233.0,12.0,12.0,5.0,12.0,9.05311676967652,9.218255313174051,9.036825342502432,9.32662398856608,9.31560575116322,0.7993562231759657,0.7411003236245954,0.7942681678607983,0.7281213535589265,0.7012847965738758,3.1188318729400635,24.392371244635203,22.18781014023727,23.89116683725687,21.38786464410733,21.23944325481798,69.20493562231759,67.02049622437971,68.69907881269191,66.14235705950992,66.0610278372591,16.215665236051503,14.752966558791801,15.841351074718526,13.921820303383898,13.81370449678801,12.0,12.0,5.0,12.0,14.909101533946748
