,1,1l,1r,1s,2,2l,2r,2s,3,3l,3r,3s,4,4l,4r,4s,id,1_2,1_3,1_4,2_1,2_3,2_4,3_1,3_2,3_4,4_1,4_2,4_3,p1,p2,p3,p4,speed0,speed1,speed2,speed3,speed4,stop0,stop1,stop2,stop3,stop4,time,timeloss0,timeloss1,timeloss2,timeloss3,timeloss4,travel0,travel1,travel2,travel3,travel4,wait0,wait1,wait2,wait3,wait4,rsl_rsl_rsl_rrssll_0,rsl_rsl_rsl_rrssll_1,rsl_rsl_rsl_rrssll_2,rsl_rsl_rsl_rrssll_3,performance measure
0,3,1,1,1,3,1,1,1,3,1,1,1,6,2,2,2,rsl_rsl_rsl_rrssll,216.0,108.0,112.0,287.0,265.0,130.0,158.0,201.0,282.0,374.0,243.0,541.0,12.0,5.0,12.0,5.0,8.915347784089628,9.265718474520446,8.943285906075742,9.201662442354506,9.287478783771794,1.0865290068829891,0.8024564994882293,1.0079840319361277,0.8259067357512954,0.8162217659137577,3.0648066997528076,34.445083579154385,22.791443193449325,30.646556886227547,23.68410362694301,23.766344969199228,79.31071779744346,67.68884339815763,75.55189620758483,68.55854922279792,68.64168377823408,24.081612586037366,14.85568065506653,21.052894211576845,15.585492227979275,15.611909650924025,12.0,5.0,12.0,5.0,18.237517866316807
