,1,1l,1r,1s,2,2l,2r,2s,3,3l,3r,3s,4,4l,4r,4s,id,1_2,1_3,1_4,2_1,2_3,2_4,3_1,3_2,3_4,4_1,4_2,4_3,p1,p2,p3,p4,speed0,speed1,speed2,speed3,speed4,stop0,stop1,stop2,stop3,stop4,time,timeloss0,timeloss1,timeloss2,timeloss3,timeloss4,travel0,travel1,travel2,travel3,travel4,wait0,wait1,wait2,wait3,wait4,rsll_rsl_rssslll_rrsssll_0,rsll_rsl_rssslll_rrsssll_1,rsll_rsl_rssslll_rrsssll_2,rsll_rsl_rssslll_rrsssll_3,performance measure
0,4,2,1,1,3,1,1,1,7,3,1,3,7,2,2,3,rsll_rsl_rssslll_rrsssll,296.0,238.0,123.0,185.0,247.0,125.0,677.0,192.0,447.0,152.0,1027.0,265.0,12.0,12.0,12.0,20.0,8.868863284792049,8.766640930957903,8.526369583391265,8.72402208956196,8.811520438903393,0.7488619119878603,0.7679762787249814,0.8479196556671449,0.8165354330708662,0.7571214392803598,3.812366485595703,26.045477996965094,27.1279021497405,31.19187948350071,29.18910236220475,26.483583208395785,70.78300455235205,71.90733876945886,76.03228120516499,73.91968503937008,71.22488755622189,18.245827010622154,19.1882876204596,22.591104734576756,20.9503937007874,18.54047976011994,12.0,12.0,12.0,20.0,19.90321856531317
