,1,1l,1r,1s,2,2l,2r,2s,3,3l,3r,3s,4,4l,4r,4s,id,1_2,1_3,1_4,2_1,2_3,2_4,3_1,3_2,3_4,4_1,4_2,4_3,p1,p2,p3,p4,speed0,speed1,speed2,speed3,speed4,stop0,stop1,stop2,stop3,stop4,time,timeloss0,timeloss1,timeloss2,timeloss3,timeloss4,travel0,travel1,travel2,travel3,travel4,wait0,wait1,wait2,wait3,wait4,rsssssl_rssssll_rsl_rssll_0,rsssssl_rssssll_rsl_rssll_1,rsssssl_rssssll_rsl_rssll_2,rsssssl_rssssll_rsl_rssll_3,performance measure
0,7,1,1,5,7,2,1,4,3,1,1,1,5,2,1,2,rsssssl_rssssll_rsl_rssll,77.0,1585.0,74.0,64.0,536.0,1281.0,99.0,182.0,51.0,525.0,623.0,46.0,5.0,12.0,12.0,12.0,9.001121123524024,8.938343271615512,8.92019990031986,9.107152444643777,8.962444965801067,0.7976744186046512,0.8150724637681159,0.8209459459459459,0.7779097387173397,0.8199300699300699,4.828193426132202,23.469587209302354,24.04810434782612,24.42346283783782,22.716009501187653,23.787756410256435,68.55639534883721,69.13217391304347,69.48198198198199,67.79691211401425,68.87762237762237,15.21860465116279,15.721739130434782,15.951576576576576,14.644299287410927,15.455128205128204,5.0,12.0,12.0,12.0,15.398269570142656
