,1,1l,1r,1s,2,2l,2r,2s,3,3l,3r,3s,4,4l,4r,4s,id,1_2,1_3,1_4,2_1,2_3,2_4,3_1,3_2,3_4,4_1,4_2,4_3,p1,p2,p3,p4,speed0,speed1,speed2,speed3,speed4,stop0,stop1,stop2,stop3,stop4,time,timeloss0,timeloss1,timeloss2,timeloss3,timeloss4,travel0,travel1,travel2,travel3,travel4,wait0,wait1,wait2,wait3,wait4,rrsslll_rrsll_rsssl_rrsslll_0,rrsslll_rrsll_rsssl_rrsslll_1,rrsslll_rrsll_rsssl_rrsslll_2,rrsslll_rrsll_rsssl_rrsslll_3,performance measure
0,7,3,2,2,5,2,2,1,5,1,1,3,7,3,2,2,rrsslll_rrsll_rsssl_rrsslll,875.0,644.0,190.0,256.0,351.0,283.0,909.0,52.0,141.0,906.0,465.0,184.0,12.0,12.0,12.0,12.0,8.33377193137678,7.947872862793395,8.261132443911197,8.45120977438802,8.343649784798746,0.9343786295005807,0.9872717210846708,0.9360400444938821,0.8752941176470588,0.919026047565119,4.765667200088501,32.474483159117334,35.924897620365236,32.11069521690771,29.111847058823564,31.688063420158464,77.40940766550523,80.89762036524627,77.027808676307,74.06294117647059,76.599093997735,22.969221835075494,26.032650802434976,22.768075639599555,20.398235294117647,22.508493771234427,12.0,12.0,12.0,12.0,22.93533546849242
