,1,1l,1r,1s,2,2l,2r,2s,3,3l,3r,3s,4,4l,4r,4s,id,1_2,1_3,1_4,2_1,2_3,2_4,3_1,3_2,3_4,4_1,4_2,4_3,p1,p2,p3,p4,speed0,speed1,speed2,speed3,speed4,stop0,stop1,stop2,stop3,stop4,time,timeloss0,timeloss1,timeloss2,timeloss3,timeloss4,travel0,travel1,travel2,travel3,travel4,wait0,wait1,wait2,wait3,wait4,rsl_rsssssl_rsll_rrssl_0,rsl_rsssssl_rsll_rrssl_1,rsl_rsssssl_rsll_rrssl_2,rsl_rsssssl_rsll_rrssl_3,performance measure
0,3,1,1,1,7,1,1,5,4,2,1,1,5,1,2,2,rsl_rsssssl_rsll_rrssl,309.0,301.0,173.0,241.0,125.0,744.0,266.0,301.0,108.0,288.0,451.0,81.0,12.0,12.0,12.0,12.0,8.420344128106782,8.399770345621706,7.975068038340017,8.657082915072694,8.556195640950856,0.8915871639202082,0.9195100612423447,1.1227467811158798,0.8425760286225402,0.8653516295025729,3.3750126361846924,30.970277536860355,32.88014873140857,41.31795708154505,28.275796064400723,30.190506003430542,75.7398091934085,77.62379702537183,86.08583690987125,73.00536672629696,74.93825042881646,21.73894189071986,23.511811023622048,29.907296137339056,19.610017889087658,21.163807890222984,12.0,12.0,12.0,12.0,23.186374966198322
