,1,1l,1r,1s,2,2l,2r,2s,3,3l,3r,3s,4,4l,4r,4s,id,1_2,1_3,1_4,2_1,2_3,2_4,3_1,3_2,3_4,4_1,4_2,4_3,p1,p2,p3,p4,speed0,speed1,speed2,speed3,speed4,stop0,stop1,stop2,stop3,stop4,time,timeloss0,timeloss1,timeloss2,timeloss3,timeloss4,travel0,travel1,travel2,travel3,travel4,wait0,wait1,wait2,wait3,wait4,rsl_rsl_rsl_rrssssl_0,rsl_rsl_rsl_rrssssl_1,rsl_rsl_rsl_rrssssl_2,rsl_rsl_rsl_rrssssl_3,performance measure
0,3,1,1,1,3,1,1,1,3,1,1,1,7,1,2,4,rsl_rsl_rsl_rrssssl,122.0,88.0,318.0,166.0,189.0,253.0,63.0,153.0,247.0,162.0,160.0,108.0,12.0,5.0,12.0,12.0,9.023774082333745,9.317381412986535,9.230674797524284,9.311112910989555,9.272056493894139,0.7851239669421488,0.7092511013215859,0.7432624113475177,0.7357910906298003,0.7256267409470752,2.6410393714904785,24.308264462809927,21.409118942731272,21.875531914893624,21.152703533026102,21.80155988857939,69.04132231404958,66.16593245227607,66.65390070921985,65.89247311827957,66.53064066852367,16.09917355371901,13.969162995594713,14.160283687943263,13.536098310291859,14.204735376044567,12.0,5.0,12.0,12.0,14.393890784718682
