,1,1l,1r,1s,2,2l,2r,2s,3,3l,3r,3s,4,4l,4r,4s,id,1_2,1_3,1_4,2_1,2_3,2_4,3_1,3_2,3_4,4_1,4_2,4_3,p1,p2,p3,p4,speed0,speed1,speed2,speed3,speed4,stop0,stop1,stop2,stop3,stop4,time,timeloss0,timeloss1,timeloss2,timeloss3,timeloss4,travel0,travel1,travel2,travel3,travel4,wait0,wait1,wait2,wait3,wait4,rssslll_rrsssl_rsssssl_rsl_0,rssslll_rrsssl_rsssssl_rsl_1,rssslll_rrsssl_rsssssl_rsl_2,rssslll_rrsssl_rsssssl_rsl_3,performance measure
0,7,3,1,3,6,1,2,3,7,1,1,5,3,1,1,1,rssslll_rrsssl_rsssssl_rsl,339.0,434.0,203.0,321.0,265.0,382.0,1033.0,221.0,167.0,298.0,293.0,124.0,12.0,12.0,12.0,12.0,8.952344325337949,8.735409584906753,8.840065196091766,8.810583310751207,8.891064780762044,0.7613138686131387,0.8306686046511628,0.813655761024182,0.8263518659558263,0.8018018018018018,4.122930526733398,25.09984671532848,28.649607558139525,26.387724039829287,26.792924600152308,26.42694444444446,69.78759124087591,73.38081395348837,71.14082503556187,71.44402132520945,71.13663663663664,17.28102189781022,20.213662790697676,18.147226173541963,18.594059405940595,18.36786786786787,12.0,12.0,12.0,12.0,18.520767627171665
