,1,1l,1r,1s,2,2l,2r,2s,3,3l,3r,3s,4,4l,4r,4s,id,1_2,1_3,1_4,2_1,2_3,2_4,3_1,3_2,3_4,4_1,4_2,4_3,p1,p2,p3,p4,speed0,speed1,speed2,speed3,speed4,stop0,stop1,stop2,stop3,stop4,time,timeloss0,timeloss1,timeloss2,timeloss3,timeloss4,travel0,travel1,travel2,travel3,travel4,wait0,wait1,wait2,wait3,wait4,rslll_rsl_rrslll_rsl_0,rslll_rsl_rrslll_rsl_1,rslll_rsl_rrslll_rsl_2,rslll_rsl_rrslll_rsl_3,performance measure
0,5,3,1,1,3,1,1,1,6,3,2,1,3,1,1,1,rslll_rsl_rrslll_rsl,941.0,199.0,41.0,273.0,213.0,252.0,169.0,461.0,276.0,211.0,325.0,71.0,20.0,12.0,12.0,20.0,8.494806688480258,8.142534070919655,8.293646631602549,8.447336812824716,8.504665662606502,0.7902813299232737,0.8826125330979699,0.8329218106995885,0.7970253718285214,0.774822695035461,3.6092894077301025,30.847953964194392,35.34448367166813,32.61926748971193,31.286780402449683,30.33671099290781,75.79795396419438,80.27272727272727,77.51358024691358,76.19685039370079,75.2331560283688,22.384484228473998,26.259488084730805,23.73909465020576,22.747156605424323,21.925531914893618,20.0,12.0,12.0,20.0,23.411151096745698
