,1,1l,1r,1s,2,2l,2r,2s,3,3l,3r,3s,4,4l,4r,4s,id,1_2,1_3,1_4,2_1,2_3,2_4,3_1,3_2,3_4,4_1,4_2,4_3,p1,p2,p3,p4,speed0,speed1,speed2,speed3,speed4,stop0,stop1,stop2,stop3,stop4,time,timeloss0,timeloss1,timeloss2,timeloss3,timeloss4,travel0,travel1,travel2,travel3,travel4,wait0,wait1,wait2,wait3,wait4,rrsll_rssl_rsssll_rsl_0,rrsll_rssl_rsssll_rsl_1,rrsll_rssl_rsssll_rsl_2,rrsll_rssl_rsssll_rsl_3,performance measure
0,5,2,2,1,4,1,1,2,6,2,1,3,3,1,1,1,rrsll_rssl_rsssll_rsl,120.0,153.0,593.0,125.0,152.0,427.0,170.0,267.0,638.0,180.0,168.0,309.0,20.0,12.0,12.0,12.0,8.857745378540027,8.997677348485338,8.896644294977905,8.962387233371553,8.992687115904179,0.7435456110154905,0.7229669347631814,0.7250423011844331,0.7203619909502262,0.7250437828371279,3.378491163253784,25.619130808950075,24.561197497765868,25.035939086294455,24.507502262443438,24.34950963222416,70.31411359724613,69.24218051831993,69.76818950930625,69.19547511312217,69.03590192644484,17.492254733218587,16.68990169794459,16.986463620981386,16.729411764705883,16.42556917688266,20.0,12.0,12.0,12.0,16.86472019874662
