,1,1l,1r,1s,2,2l,2r,2s,3,3l,3r,3s,4,4l,4r,4s,id,1_2,1_3,1_4,2_1,2_3,2_4,3_1,3_2,3_4,4_1,4_2,4_3,p1,p2,p3,p4,speed0,speed1,speed2,speed3,speed4,stop0,stop1,stop2,stop3,stop4,time,timeloss0,timeloss1,timeloss2,timeloss3,timeloss4,travel0,travel1,travel2,travel3,travel4,wait0,wait1,wait2,wait3,wait4,rsssssl_rssssll_rsl_rssll_0,rsssssl_rssssll_rsl_rssll_1,rsssssl_rssssll_rsl_rssll_2,rsssssl_rssssll_rsl_rssll_3,performance measure
0,7,1,1,5,7,2,1,4,3,1,1,1,5,2,1,2,rsssssl_rssssll_rsl_rssll,242.0,415.0,284.0,114.0,623.0,1342.0,43.0,91.0,138.0,627.0,426.0,141.0,12.0,5.0,12.0,12.0,8.9455060147872,8.656388372291092,8.712848737116161,8.874632709526239,8.86876412486187,0.8036935704514364,0.8590250329380764,0.8691709844559585,0.8186851211072664,0.8250336473755047,4.281330347061157,23.832578659370743,26.833544137022358,26.3357901554404,24.655709342560574,24.589751009421303,68.72571819425444,71.7266139657444,71.26101036269431,69.57508650519031,69.47106325706595,15.63611491108071,18.011857707509883,17.574481865284973,16.268512110726643,16.146702557200538,12.0,5.0,12.0,12.0,16.72753383036055
