,1,1l,1r,1s,2,2l,2r,2s,3,3l,3r,3s,4,4l,4r,4s,id,1_2,1_3,1_4,2_1,2_3,2_4,3_1,3_2,3_4,4_1,4_2,4_3,p1,p2,p3,p4,speed0,speed1,speed2,speed3,speed4,stop0,stop1,stop2,stop3,stop4,time,timeloss0,timeloss1,timeloss2,timeloss3,timeloss4,travel0,travel1,travel2,travel3,travel4,wait0,wait1,wait2,wait3,wait4,rsl_rsssssl_rsll_rrssl_0,rsl_rsssssl_rsll_rrssl_1,rsl_rsssssl_rsll_rrssl_2,rsl_rsssssl_rsll_rrssl_3,performance measure
0,3,1,1,1,7,1,1,5,4,2,1,1,5,1,2,2,rsl_rsssssl_rsll_rrssl,169.0,84.0,275.0,104.0,164.0,1138.0,199.0,158.0,169.0,178.0,596.0,226.0,12.0,12.0,12.0,12.0,8.922962027115792,9.036255715803275,8.793438192557115,9.006664594281595,9.031504820115858,0.7749790092359362,0.7474137931034482,0.8120300751879699,0.7669902912621359,0.7467921300256629,3.408754825592041,24.779462636439984,24.337594827586233,25.976775271512142,23.846831421006225,23.878100940975244,69.63056255247692,69.1655172413793,70.84210526315789,68.67519858781995,68.70487596236099,16.994962216624685,16.63448275862069,17.851294903926483,16.04854368932039,16.146278870829768,12.0,12.0,12.0,12.0,16.735112487864406
