,1,1l,1r,1s,2,2l,2r,2s,3,3l,3r,3s,4,4l,4r,4s,id,1_2,1_3,1_4,2_1,2_3,2_4,3_1,3_2,3_4,4_1,4_2,4_3,p1,p2,p3,p4,speed0,speed1,speed2,speed3,speed4,stop0,stop1,stop2,stop3,stop4,time,timeloss0,timeloss1,timeloss2,timeloss3,timeloss4,travel0,travel1,travel2,travel3,travel4,wait0,wait1,wait2,wait3,wait4,rrsll_rssl_rsssll_rsl_0,rrsll_rssl_rsssll_rsl_1,rrsll_rssl_rsssll_rsl_2,rrsll_rssl_rsssll_rsl_3,performance measure
0,5,2,2,1,4,1,1,2,6,2,1,3,3,1,1,1,rrsll_rssl_rsssll_rsl,636.0,117.0,248.0,227.0,36.0,482.0,863.0,70.0,282.0,210.0,44.0,54.0,20.0,12.0,12.0,12.0,8.191620418378234,8.318815482741222,8.482136101398222,8.525893744216503,8.549234844674741,0.9012237762237763,0.8965835641735919,0.8279756733275413,0.8101983002832861,0.8122710622710623,3.5624170303344727,33.70951923076928,33.90004616805175,29.93450043440482,29.040141643059513,29.245650183150143,78.64335664335664,78.81809787626962,74.86099044309296,74.01983002832861,74.10347985347985,24.82604895104895,24.881809787626963,21.439617723718506,20.748819641170915,20.979853479853478,20.0,12.0,12.0,12.0,22.57522991668376
