,1,1l,1r,1s,2,2l,2r,2s,3,3l,3r,3s,4,4l,4r,4s,id,1_2,1_3,1_4,2_1,2_3,2_4,3_1,3_2,3_4,4_1,4_2,4_3,p1,p2,p3,p4,speed0,speed1,speed2,speed3,speed4,stop0,stop1,stop2,stop3,stop4,time,timeloss0,timeloss1,timeloss2,timeloss3,timeloss4,travel0,travel1,travel2,travel3,travel4,wait0,wait1,wait2,wait3,wait4,rssll_rrssl_rssslll_rrssll_0,rssll_rrssl_rssslll_rrssll_1,rssll_rrssl_rssslll_rrssll_2,rssll_rrssl_rssslll_rrssll_3,performance measure
0,5,2,1,2,5,1,2,2,7,3,1,3,6,2,2,2,rssll_rrssl_rssslll_rrssll,246.0,517.0,294.0,322.0,192.0,270.0,534.0,61.0,769.0,152.0,126.0,157.0,12.0,12.0,12.0,5.0,9.01545888583193,8.992948911884229,9.055508148840023,9.113721138014938,9.059904416969419,0.9442165709598032,0.846530612244898,0.8118195956454122,0.8279932546374368,0.8154335719968179,3.5855841636657715,31.06090237899917,26.675061224489784,24.22694401244168,26.00887858347387,25.784359586316608,75.7850697292863,71.39020408163265,68.93234836702955,70.7141652613828,70.43357199681782,22.110746513535684,18.65877551020408,16.33203732503888,17.959527824620572,17.81304693715195,12.0,12.0,12.0,5.0,18.574826822110232
