,1,1l,1r,1s,2,2l,2r,2s,3,3l,3r,3s,4,4l,4r,4s,id,1_2,1_3,1_4,2_1,2_3,2_4,3_1,3_2,3_4,4_1,4_2,4_3,p1,p2,p3,p4,speed0,speed1,speed2,speed3,speed4,stop0,stop1,stop2,stop3,stop4,time,timeloss0,timeloss1,timeloss2,timeloss3,timeloss4,travel0,travel1,travel2,travel3,travel4,wait0,wait1,wait2,wait3,wait4,rsll_rsl_rssslll_rrsssll_0,rsll_rsl_rssslll_rrsssll_1,rsll_rsl_rssslll_rrsssll_2,rsll_rsl_rssslll_rrsssll_3,performance measure
0,4,2,1,1,3,1,1,1,7,3,1,3,7,2,2,3,rsll_rsl_rssslll_rrsssll,248.0,131.0,254.0,209.0,292.0,152.0,312.0,220.0,566.0,501.0,985.0,302.0,12.0,5.0,12.0,12.0,9.051795388616053,9.025229900418118,8.734421431729498,8.995137307601796,8.93000017422615,0.7926829268292683,0.8062015503875969,0.9895905621096461,0.82560706401766,0.8279944289693594,3.8128583431243896,23.429096126255356,24.227815362931675,32.60521859819568,25.319455481972028,25.324470752089148,68.18938307030129,69.04087385482734,77.42401110340042,70.03532008830022,70.11908077994428,15.464849354375897,16.195207892882312,22.947258848022205,17.084621044885946,17.043871866295266,12.0,5.0,12.0,12.0,17.747161801292325
