,1,1l,1r,1s,2,2l,2r,2s,3,3l,3r,3s,4,4l,4r,4s,id,1_2,1_3,1_4,2_1,2_3,2_4,3_1,3_2,3_4,4_1,4_2,4_3,p1,p2,p3,p4,speed0,speed1,speed2,speed3,speed4,stop0,stop1,stop2,stop3,stop4,time,timeloss0,timeloss1,timeloss2,timeloss3,timeloss4,travel0,travel1,travel2,travel3,travel4,wait0,wait1,wait2,wait3,wait4,rsssssl_rsl_rrsslll_rsssll_0,rsssssl_rsl_rrsslll_rsssll_1,rsssssl_rsl_rrsslll_rsssll_2,rsssssl_rsl_rrsslll_rsssll_3,performance measure
0,7,1,1,5,3,1,1,1,7,3,2,2,6,2,1,3,rsssssl_rsl_rrsslll_rsssll,318.0,955.0,200.0,78.0,69.0,202.0,313.0,173.0,913.0,425.0,572.0,204.0,20.0,12.0,12.0,12.0,8.624938339160607,8.709926812570593,8.709870876879103,8.71707457051267,8.688283986217575,0.7944929482874412,0.7849898580121704,0.780456026058632,0.7885024840312278,0.7842876165113183,4.531139373779297,28.379482874412343,26.927423935091255,26.797713355048877,26.982498225691955,27.065972037283586,73.2431161853593,71.84381338742394,71.69120521172638,71.88715400993613,71.96271637816245,20.202820685023507,18.8526031102096,18.667752442996743,18.956706884315118,19.047270306258323,20.0,12.0,12.0,12.0,19.145430685760658
