,1,1l,1r,1s,2,2l,2r,2s,3,3l,3r,3s,4,4l,4r,4s,id,1_2,1_3,1_4,2_1,2_3,2_4,3_1,3_2,3_4,4_1,4_2,4_3,p1,p2,p3,p4,speed0,speed1,speed2,speed3,speed4,stop0,stop1,stop2,stop3,stop4,time,timeloss0,timeloss1,timeloss2,timeloss3,timeloss4,travel0,travel1,travel2,travel3,travel4,wait0,wait1,wait2,wait3,wait4,rsssl_rrsll_rsl_rsslll_0,rsssl_rrsll_rsl_rsslll_1,rsssl_rrsll_rsl_rsslll_2,rsssl_rrsll_rsl_rsslll_3,performance measure
0,5,1,1,3,5,2,2,1,3,1,1,1,6,3,1,2,rsssl_rrsll_rsl_rsslll,257.0,779.0,248.0,315.0,302.0,299.0,68.0,309.0,279.0,780.0,375.0,158.0,12.0,12.0,12.0,12.0,8.551497414695424,8.781062355380032,8.548884772785,8.798057350267197,8.805186004080714,0.9373177842565598,0.7842857142857143,0.8794425087108014,0.8034251675353685,0.8312993539124193,4.031386613845825,32.80839650145774,26.43297142857143,29.25272473867597,26.018585256887565,27.637071069633897,77.61078717201165,71.32071428571429,74.10731707317073,70.81533879374534,72.4802584350323,22.989067055393587,18.181428571428572,20.26062717770035,17.75204765450484,18.969131371141422,12.0,12.0,12.0,12.0,19.630460366033752
