,1,1l,1r,1s,2,2l,2r,2s,3,3l,3r,3s,4,4l,4r,4s,id,1_2,1_3,1_4,2_1,2_3,2_4,3_1,3_2,3_4,4_1,4_2,4_3,p1,p2,p3,p4,speed0,speed1,speed2,speed3,speed4,stop0,stop1,stop2,stop3,stop4,time,timeloss0,timeloss1,timeloss2,timeloss3,timeloss4,travel0,travel1,travel2,travel3,travel4,wait0,wait1,wait2,wait3,wait4,rsl_rsl_rsl_rrssssl_0,rsl_rsl_rsl_rrssssl_1,rsl_rsl_rsl_rrssssl_2,rsl_rsl_rsl_rrssssl_3,performance measure
0,3,1,1,1,3,1,1,1,3,1,1,1,7,1,2,4,rsl_rsl_rsl_rrssssl,146.0,198.0,248.0,125.0,99.0,118.0,252.0,174.0,36.0,245.0,1170.0,302.0,12.0,12.0,12.0,12.0,8.830655095603086,8.775495759624945,8.804629538312913,9.055334905607541,8.899968689341321,0.7844423617619494,0.7924528301886793,0.8027272727272727,0.7532861476238625,0.7754716981132076,3.3597195148468018,25.83856607310215,27.09739622641508,26.476818181818185,23.548503538928216,25.356047169811337,70.72539831302718,72.02452830188679,71.33636363636364,68.48432760364004,70.23679245283019,17.66635426429241,18.723584905660378,18.028181818181817,15.82406471183013,17.232075471698113,12.0,12.0,12.0,12.0,17.49485223433257
