,1,1l,1r,1s,2,2l,2r,2s,3,3l,3r,3s,4,4l,4r,4s,id,1_2,1_3,1_4,2_1,2_3,2_4,3_1,3_2,3_4,4_1,4_2,4_3,p1,p2,p3,p4,speed0,speed1,speed2,speed3,speed4,stop0,stop1,stop2,stop3,stop4,time,timeloss0,timeloss1,timeloss2,timeloss3,timeloss4,travel0,travel1,travel2,travel3,travel4,wait0,wait1,wait2,wait3,wait4,rsssll_rssl_rsslll_rrsl_0,rsssll_rssl_rsslll_rrsl_1,rsssll_rssl_rsslll_rrsl_2,rsssll_rssl_rsslll_rrsl_3,performance measure
0,6,2,1,3,4,1,1,2,6,3,1,2,4,1,2,1,rsssll_rssl_rsslll_rrsl,330.0,651.0,203.0,262.0,58.0,610.0,485.0,193.0,674.0,53.0,60.0,367.0,12.0,12.0,5.0,12.0,9.26242866511949,9.314778633961167,9.271169585912116,9.473742556507462,9.295608578363877,0.751101321585903,0.7283763277693475,0.7469707769066286,0.7073359073359073,0.7240865026099925,3.7656548023223877,21.619199706314223,21.178391502276224,21.175260156806853,20.00969111969114,21.470447427293088,66.34287812041116,65.88088012139606,65.97790449037777,64.68339768339769,66.16331096196868,13.941997063142438,13.604704097116844,13.458303635067711,12.652509652509652,13.923937360178972,12.0,12.0,5.0,12.0,13.516290361603122
