,1,1l,1r,1s,2,2l,2r,2s,3,3l,3r,3s,4,4l,4r,4s,id,1_2,1_3,1_4,2_1,2_3,2_4,3_1,3_2,3_4,4_1,4_2,4_3,p1,p2,p3,p4,speed0,speed1,speed2,speed3,speed4,stop0,stop1,stop2,stop3,stop4,time,timeloss0,timeloss1,timeloss2,timeloss3,timeloss4,travel0,travel1,travel2,travel3,travel4,wait0,wait1,wait2,wait3,wait4,rsssssl_rssssll_rsl_rssll_0,rsssssl_rssssll_rsl_rssll_1,rsssssl_rssssll_rsl_rssll_2,rsssssl_rssssll_rsl_rssll_3,performance measure
0,7,1,1,5,7,2,1,4,3,1,1,1,5,2,1,2,rsssssl_rssssll_rsl_rssll,213.0,334.0,234.0,307.0,155.0,576.0,199.0,118.0,66.0,450.0,224.0,49.0,12.0,12.0,12.0,12.0,9.05532050577307,9.097626684818273,8.934784919986836,9.05599399664805,9.164207692379174,0.7339901477832512,0.7311507936507936,0.7902439024390244,0.7552083333333334,0.7097729516288253,3.3125739097595215,23.60003940886699,23.674394841269823,24.61713170731707,23.457822916666668,22.80537018756168,68.31822660098523,68.35714285714286,69.28780487804877,68.16979166666667,67.45409674234946,15.982266009852216,16.10218253968254,16.76292682926829,15.8625,15.407699901283317,12.0,12.0,12.0,12.0,16.023515056017274
