,1,1l,1r,1s,2,2l,2r,2s,3,3l,3r,3s,4,4l,4r,4s,id,1_2,1_3,1_4,2_1,2_3,2_4,3_1,3_2,3_4,4_1,4_2,4_3,p1,p2,p3,p4,speed0,speed1,speed2,speed3,speed4,stop0,stop1,stop2,stop3,stop4,time,timeloss0,timeloss1,timeloss2,timeloss3,timeloss4,travel0,travel1,travel2,travel3,travel4,wait0,wait1,wait2,wait3,wait4,rsl_rsl_rsl_rrssll_0,rsl_rsl_rsl_rrssll_1,rsl_rsl_rsl_rrssll_2,rsl_rsl_rsl_rrssll_3,performance measure
0,3,1,1,1,3,1,1,1,3,1,1,1,6,2,2,2,rsl_rsl_rsl_rrssll,113.0,327.0,162.0,90.0,305.0,315.0,202.0,180.0,319.0,403.0,320.0,643.0,20.0,20.0,20.0,20.0,7.935577059240113,8.080278345237154,7.930701479651519,7.935554149137592,7.936935688036223,0.8512605042016806,0.7739430543572045,0.8151041666666666,0.8438331854480923,0.8276157804459692,3.609454393386841,37.39358823529403,34.924616048317525,37.43557291666665,38.93384205856258,38.723044596912494,82.23193277310925,79.8067299396031,82.30642361111111,83.80834072759538,83.62607204116638,27.99327731092437,26.345987920621226,28.43923611111111,29.5075421472937,29.291595197255575,20.0,20.0,20.0,20.0,28.315527737441197
