,1,1l,1r,1s,2,2l,2r,2s,3,3l,3r,3s,4,4l,4r,4s,id,1_2,1_3,1_4,2_1,2_3,2_4,3_1,3_2,3_4,4_1,4_2,4_3,p1,p2,p3,p4,speed0,speed1,speed2,speed3,speed4,stop0,stop1,stop2,stop3,stop4,time,timeloss0,timeloss1,timeloss2,timeloss3,timeloss4,travel0,travel1,travel2,travel3,travel4,wait0,wait1,wait2,wait3,wait4,rsssll_rssl_rsslll_rrsl_0,rsssll_rssl_rsslll_rrsl_1,rsssll_rssl_rsslll_rrsl_2,rsssll_rssl_rsslll_rrsl_3,performance measure
0,6,2,1,3,4,1,1,2,6,3,1,2,4,1,2,1,rsssll_rssl_rsslll_rrsl,624.0,774.0,85.0,300.0,144.0,92.0,428.0,141.0,731.0,66.0,73.0,216.0,12.0,12.0,5.0,5.0,9.602627300030782,9.56718956125556,9.437957031993184,9.45682057463746,9.509201831391593,0.734959349593496,0.7327150084317032,0.7677075399847677,0.8030176026823135,0.7608517608517609,3.65179705619812,19.43172357723575,19.285741989881956,20.54561309977153,22.44031852472757,20.55402129402131,64.21869918699187,64.07841483979765,65.32977913175932,67.23218776194467,65.34561834561835,11.917886178861789,11.85160202360877,12.702970297029703,14.452640402347024,12.861588861588862,12.0,12.0,5.0,5.0,12.757337552687229
