,1,1l,1r,1s,2,2l,2r,2s,3,3l,3r,3s,4,4l,4r,4s,id,1_2,1_3,1_4,2_1,2_3,2_4,3_1,3_2,3_4,4_1,4_2,4_3,p1,p2,p3,p4,speed0,speed1,speed2,speed3,speed4,stop0,stop1,stop2,stop3,stop4,time,timeloss0,timeloss1,timeloss2,timeloss3,timeloss4,travel0,travel1,travel2,travel3,travel4,wait0,wait1,wait2,wait3,wait4,rsssl_rrsll_rsl_rsslll_0,rsssl_rrsll_rsl_rsslll_1,rsssl_rrsll_rsl_rsslll_2,rsssl_rrsll_rsl_rsslll_3,performance measure
0,5,1,1,3,5,2,2,1,3,1,1,1,6,3,1,2,rsssl_rrsll_rsl_rsslll,113.0,842.0,78.0,87.0,202.0,255.0,55.0,152.0,108.0,669.0,633.0,252.0,5.0,12.0,12.0,12.0,8.732931523432681,8.960520341601754,8.989048605568366,9.089077517125986,9.082157054484872,0.9727659574468085,0.8,0.8219409282700422,0.7994530537830447,0.7891939769707705,3.598013401031494,32.037285106383,24.270154506437773,24.653932489451478,24.49618960802192,23.596837909654532,76.86638297872341,69.16394849785408,69.55443037974683,69.38286235186874,68.46855624446412,22.86127659574468,16.23862660944206,16.448101265822785,16.546034639927075,15.694419840566873,5.0,12.0,12.0,12.0,17.557691790300698
