,1,1l,1r,1s,2,2l,2r,2s,3,3l,3r,3s,4,4l,4r,4s,id,1_2,1_3,1_4,2_1,2_3,2_4,3_1,3_2,3_4,4_1,4_2,4_3,p1,p2,p3,p4,speed0,speed1,speed2,speed3,speed4,stop0,stop1,stop2,stop3,stop4,time,timeloss0,timeloss1,timeloss2,timeloss3,timeloss4,travel0,travel1,travel2,travel3,travel4,wait0,wait1,wait2,wait3,wait4,rsl_rrsl_rssslll_rssssl_0,rsl_rrsl_rssslll_rssssl_1,rsl_rrsl_rssslll_rssssl_2,rsl_rrsl_rssslll_rssssl_3,performance measure
0,3,1,1,1,4,1,2,1,7,3,1,3,6,1,1,4,rsl_rrsl_rssslll_rssssl,318.0,52.0,64.0,556.0,241.0,83.0,317.0,317.0,541.0,48.0,1166.0,84.0,12.0,5.0,12.0,12.0,9.114187858996972,9.204993390267715,8.973062114017498,9.08802507482859,9.203368176032141,0.775175644028103,0.750801282051282,0.8400900900900901,0.7826784282277466,0.7588709677419355,3.6093058586120605,23.11022638563622,22.269607371794873,25.684406906906915,23.31610264635122,22.09794354838711,67.75800156128025,66.94391025641026,70.34909909909909,67.94787489975943,66.75806451612904,15.102263856362217,14.45272435897436,16.886636636636638,15.188452285485164,14.292741935483871,12.0,5.0,12.0,12.0,15.184563814588449
