,1,1l,1r,1s,2,2l,2r,2s,3,3l,3r,3s,4,4l,4r,4s,id,1_2,1_3,1_4,2_1,2_3,2_4,3_1,3_2,3_4,4_1,4_2,4_3,p1,p2,p3,p4,speed0,speed1,speed2,speed3,speed4,stop0,stop1,stop2,stop3,stop4,time,timeloss0,timeloss1,timeloss2,timeloss3,timeloss4,travel0,travel1,travel2,travel3,travel4,wait0,wait1,wait2,wait3,wait4,rslll_rsl_rrslll_rsl_0,rslll_rsl_rrslll_rsl_1,rslll_rsl_rrslll_rsl_2,rslll_rsl_rrslll_rsl_3,performance measure
0,5,3,1,1,3,1,1,1,6,3,2,1,3,1,1,1,rslll_rsl_rrslll_rsl,718.0,98.0,121.0,178.0,241.0,309.0,314.0,543.0,850.0,49.0,305.0,99.0,12.0,12.0,12.0,12.0,7.9944687152013065,8.462245991034147,8.467483176627491,8.325811308518151,8.398159904840755,1.1238244514106583,0.8726981585268214,0.8890532544378699,0.9512578616352201,0.9254559873116575,3.665830373764038,42.17496081504694,30.75253803042436,30.170954142011794,32.95088050314463,33.02091990483742,87.11442006269593,75.69815852682146,75.10576923076923,77.86556603773585,77.94369547977796,30.365987460815045,21.617293835068054,20.897189349112427,23.42688679245283,23.451229183187944,12.0,12.0,12.0,12.0,23.951717324127262
