,1,1l,1r,1s,2,2l,2r,2s,3,3l,3r,3s,4,4l,4r,4s,id,1_2,1_3,1_4,2_1,2_3,2_4,3_1,3_2,3_4,4_1,4_2,4_3,p1,p2,p3,p4,speed0,speed1,speed2,speed3,speed4,stop0,stop1,stop2,stop3,stop4,time,timeloss0,timeloss1,timeloss2,timeloss3,timeloss4,travel0,travel1,travel2,travel3,travel4,wait0,wait1,wait2,wait3,wait4,rsl_rssslll_rrsssl_rsslll_0,rsl_rssslll_rrsssl_rsslll_1,rsl_rssslll_rrsssl_rsslll_2,rsl_rssslll_rrsssl_rsslll_3,performance measure
0,3,1,1,1,7,3,1,3,6,1,2,3,6,3,1,2,rsl_rssslll_rrsssl_rsslll,153.0,253.0,323.0,79.0,730.0,857.0,615.0,308.0,161.0,965.0,502.0,286.0,12.0,12.0,12.0,12.0,8.614893155848847,8.426616391215696,8.383925602101227,8.343703801675401,8.714865253507218,0.8175099488345651,0.8899657924743444,0.9059734513274337,0.9130434782608695,0.8028169014084507,4.422426700592041,27.27003411028998,31.44311288483464,31.05558628318586,31.172162318840584,26.48894647887324,72.09948834565094,76.2976054732041,75.88661504424779,76.01391304347825,71.28507042253521,18.83172256964184,22.19042189281642,21.757190265486727,21.968115942028984,18.0856338028169,12.0,12.0,12.0,12.0,20.566616894558173
