,1,1l,1r,1s,2,2l,2r,2s,3,3l,3r,3s,4,4l,4r,4s,id,1_2,1_3,1_4,2_1,2_3,2_4,3_1,3_2,3_4,4_1,4_2,4_3,p1,p2,p3,p4,speed0,speed1,speed2,speed3,speed4,stop0,stop1,stop2,stop3,stop4,time,timeloss0,timeloss1,timeloss2,timeloss3,timeloss4,travel0,travel1,travel2,travel3,travel4,wait0,wait1,wait2,wait3,wait4,rsl_rsssll_rrssl_rrsslll_0,rsl_rsssll_rrssl_rrsslll_1,rsl_rsssll_rrssl_rrsslll_2,rsl_rsssll_rrssl_rrsslll_3,performance measure
0,3,1,1,1,6,2,1,3,5,1,2,2,7,3,2,2,rsl_rsssll_rrssl_rrsslll,206.0,310.0,295.0,132.0,488.0,735.0,647.0,466.0,238.0,240.0,511.0,76.0,12.0,20.0,12.0,12.0,8.520303016308276,8.637435772673284,8.625428675200723,8.523782020726921,8.652934410669546,0.8060402684563759,0.78601108033241,0.7875927174645988,0.8176638176638177,0.7811653116531165,4.1875152587890625,29.150684563758304,27.970443213296456,28.3424949426837,29.195690883190885,27.67984417344177,73.93422818791946,72.79362880886427,73.16318273769386,73.97934472934473,72.48441734417344,20.718791946308723,19.77285318559557,20.032366824005393,20.824786324786324,19.556233062330623,12.0,20.0,12.0,12.0,20.181006268605323
