,1,1l,1r,1s,2,2l,2r,2s,3,3l,3r,3s,4,4l,4r,4s,id,1_2,1_3,1_4,2_1,2_3,2_4,3_1,3_2,3_4,4_1,4_2,4_3,p1,p2,p3,p4,speed0,speed1,speed2,speed3,speed4,stop0,stop1,stop2,stop3,stop4,time,timeloss0,timeloss1,timeloss2,timeloss3,timeloss4,travel0,travel1,travel2,travel3,travel4,wait0,wait1,wait2,wait3,wait4,rsssssl_rssssll_rsl_rssll_0,rsssssl_rssssll_rsl_rssll_1,rsssssl_rssssll_rsl_rssll_2,rsssssl_rssssll_rsl_rssll_3,performance measure
0,7,1,1,5,7,2,1,4,3,1,1,1,5,2,1,2,rsssssl_rssssll_rsl_rssll,64.0,1645.0,222.0,295.0,403.0,1343.0,83.0,249.0,176.0,207.0,563.0,148.0,12.0,20.0,12.0,20.0,8.57399468906073,8.586070557791954,8.555236609249267,8.609044893186127,8.557847791890259,0.7635854341736694,0.7761611639619473,0.7919571045576408,0.7651775486827033,0.7734072022160665,4.734400987625122,28.688140056022416,28.376961387800794,28.81328686327078,28.324644902634635,28.717152354570658,73.58487394957983,73.2865137101287,73.64879356568365,73.21191294387171,73.53628808864266,20.443697478991595,20.00111919418019,20.308310991957104,20.121420389461626,20.46869806094183,12.0,20.0,12.0,20.0,20.268649223106472
