,1,1l,1r,1s,2,2l,2r,2s,3,3l,3r,3s,4,4l,4r,4s,id,1_2,1_3,1_4,2_1,2_3,2_4,3_1,3_2,3_4,4_1,4_2,4_3,p1,p2,p3,p4,speed0,speed1,speed2,speed3,speed4,stop0,stop1,stop2,stop3,stop4,time,timeloss0,timeloss1,timeloss2,timeloss3,timeloss4,travel0,travel1,travel2,travel3,travel4,wait0,wait1,wait2,wait3,wait4,rsl_rsl_rsssl_rsl_0,rsl_rsl_rsssl_rsl_1,rsl_rsl_rsssl_rsl_2,rsl_rsl_rsssl_rsl_3,performance measure
0,3,1,1,1,3,1,1,1,5,1,1,3,3,1,1,1,rsl_rsl_rsssl_rsl,223.0,268.0,171.0,147.0,250.0,218.0,184.0,123.0,274.0,218.0,68.0,162.0,12.0,12.0,12.0,12.0,8.719374284973266,8.735731785034902,8.241786266908486,8.415458196076717,8.970662765678757,0.8029925187032418,0.7784810126582279,0.937424789410349,0.9007936507936508,0.7545219638242894,2.859379291534424,27.286421446384026,27.52870886075948,32.37054151624549,31.114960317460298,25.050090439276524,72.32668329177058,72.58607594936709,77.41516245487365,76.06746031746032,70.05684754521964,18.865336658354114,19.256962025316454,23.014440433212997,22.177248677248677,17.065891472868216,12.0,12.0,12.0,12.0,20.075975853400088
