,1,1l,1r,1s,2,2l,2r,2s,3,3l,3r,3s,4,4l,4r,4s,id,1_2,1_3,1_4,2_1,2_3,2_4,3_1,3_2,3_4,4_1,4_2,4_3,p1,p2,p3,p4,speed0,speed1,speed2,speed3,speed4,stop0,stop1,stop2,stop3,stop4,time,timeloss0,timeloss1,timeloss2,timeloss3,timeloss4,travel0,travel1,travel2,travel3,travel4,wait0,wait1,wait2,wait3,wait4,rsl_rsl_rsl_rrssll_0,rsl_rsl_rsl_rrssll_1,rsl_rsl_rsl_rrssll_2,rsl_rsl_rsl_rrssll_3,performance measure
0,3,1,1,1,3,1,1,1,3,1,1,1,6,2,2,2,rsl_rsl_rsl_rrssll,319.0,249.0,92.0,97.0,293.0,62.0,87.0,247.0,186.0,490.0,696.0,634.0,12.0,12.0,12.0,12.0,8.303582923838839,8.168534326450313,7.678446051607854,8.344589422145884,8.389774056856034,0.968013468013468,0.984641638225256,1.193929173693086,0.9218612818261633,0.9030837004405287,3.5157110691070557,35.35202861952861,36.67406996587038,44.90235244519393,31.97490781387183,31.987224669603556,80.22643097643098,81.60750853242321,89.82630691399663,76.88323090430202,76.8863436123348,25.175084175084177,26.429180887372013,32.82967959527824,22.70237050043898,22.615859030837004,12.0,12.0,12.0,12.0,25.950434837802085
