,1,1l,1r,1s,2,2l,2r,2s,3,3l,3r,3s,4,4l,4r,4s,id,1_2,1_3,1_4,2_1,2_3,2_4,3_1,3_2,3_4,4_1,4_2,4_3,p1,p2,p3,p4,speed0,speed1,speed2,speed3,speed4,stop0,stop1,stop2,stop3,stop4,time,timeloss0,timeloss1,timeloss2,timeloss3,timeloss4,travel0,travel1,travel2,travel3,travel4,wait0,wait1,wait2,wait3,wait4,rsssll_rssl_rsslll_rrsl_0,rsssll_rssl_rsslll_rrsl_1,rsssll_rssl_rsslll_rrsl_2,rsssll_rssl_rsslll_rrsl_3,performance measure
0,6,2,1,3,4,1,1,2,6,3,1,2,4,1,2,1,rsssll_rssl_rsslll_rrsl,273.0,268.0,205.0,124.0,211.0,501.0,163.0,99.0,573.0,246.0,186.0,560.0,12.0,5.0,12.0,12.0,9.293864281277958,9.388025920627088,9.219018760384849,9.437730787391004,9.278752016895451,0.7441666666666666,0.7167235494880546,0.7495769881556683,0.7090747330960854,0.726027397260274,3.468783140182495,21.877683333333355,20.805204778157034,22.113494077834176,20.239670818505353,21.612029109589063,66.53416666666666,65.47013651877133,66.81641285956007,64.91014234875445,66.29366438356165,14.260833333333334,13.367747440273037,14.564297800338409,12.974199288256228,14.13013698630137,12.0,5.0,12.0,12.0,13.859442969700476
