,1,1l,1r,1s,2,2l,2r,2s,3,3l,3r,3s,4,4l,4r,4s,id,1_2,1_3,1_4,2_1,2_3,2_4,3_1,3_2,3_4,4_1,4_2,4_3,p1,p2,p3,p4,speed0,speed1,speed2,speed3,speed4,stop0,stop1,stop2,stop3,stop4,time,timeloss0,timeloss1,timeloss2,timeloss3,timeloss4,travel0,travel1,travel2,travel3,travel4,wait0,wait1,wait2,wait3,wait4,rssll_rrssl_rssslll_rrssll_0,rssll_rrssl_rssslll_rrssll_1,rssll_rrssl_rssslll_rrssll_2,rssll_rrssl_rssslll_rrssll_3,performance measure
0,5,2,1,2,5,1,2,2,7,3,1,3,6,2,2,2,rssll_rrssl_rssslll_rrssll,578.0,482.0,188.0,371.0,66.0,373.0,600.0,168.0,650.0,608.0,465.0,160.0,12.0,12.0,12.0,12.0,8.883075284343334,8.301890676952766,8.440905446745614,8.783923381726074,8.842816013613984,0.7778497409326425,0.9703095388502843,0.895808383233533,0.8083989501312336,0.7895069532237674,4.531000852584839,25.185220207253906,35.53693619709411,30.162598802395202,26.048543307086593,25.549646017699082,70.00518134715026,80.40240050536956,75.00239520958084,70.85039370078741,70.3944374209861,17.2830310880829,25.70056854074542,21.29760479041916,17.978346456692915,17.564475347661187,12.0,12.0,12.0,12.0,19.964805244720317
