,1,1l,1r,1s,2,2l,2r,2s,3,3l,3r,3s,4,4l,4r,4s,id,1_2,1_3,1_4,2_1,2_3,2_4,3_1,3_2,3_4,4_1,4_2,4_3,p1,p2,p3,p4,speed0,speed1,speed2,speed3,speed4,stop0,stop1,stop2,stop3,stop4,time,timeloss0,timeloss1,timeloss2,timeloss3,timeloss4,travel0,travel1,travel2,travel3,travel4,wait0,wait1,wait2,wait3,wait4,rsssssl_rssssll_rsl_rssll_0,rsssssl_rssssll_rsl_rssll_1,rsssssl_rssssll_rsl_rssll_2,rsssssl_rssssll_rsl_rssll_3,performance measure
0,7,1,1,5,7,2,1,4,3,1,1,1,5,2,1,2,rsssssl_rssssll_rsl_rssll,143.0,1783.0,46.0,243.0,568.0,962.0,331.0,181.0,226.0,648.0,178.0,250.0,12.0,20.0,20.0,12.0,8.261924078077447,8.218222479629423,8.217612491630925,8.105250389746288,8.245602165074787,0.8178438661710037,0.8288770053475936,0.8327272727272728,0.8630434782608696,0.8214867064568638,4.973660707473755,31.930191184280414,32.17324598930483,31.801298701298695,34.37670108695655,31.906570808464433,76.83590015932023,77.08342245989304,76.68519480519481,79.30271739130434,76.81389039609333,23.091874668082845,23.33101604278075,22.84155844155844,25.11413043478261,23.138361367335865,12.0,20.0,20.0,12.0,23.5033881909081
