,1,1l,1r,1s,2,2l,2r,2s,3,3l,3r,3s,4,4l,4r,4s,id,1_2,1_3,1_4,2_1,2_3,2_4,3_1,3_2,3_4,4_1,4_2,4_3,p1,p2,p3,p4,speed0,speed1,speed2,speed3,speed4,stop0,stop1,stop2,stop3,stop4,time,timeloss0,timeloss1,timeloss2,timeloss3,timeloss4,travel0,travel1,travel2,travel3,travel4,wait0,wait1,wait2,wait3,wait4,rrslll_rssll_rsl_rssssll_0,rrslll_rssll_rsl_rssssll_1,rrslll_rssll_rsl_rssssll_2,rrslll_rssll_rsl_rssssll_3,performance measure
0,6,3,2,1,5,2,1,2,3,1,1,1,7,2,1,4,rrslll_rssll_rsl_rssssll,512.0,226.0,526.0,271.0,301.0,407.0,253.0,48.0,90.0,219.0,1435.0,82.0,12.0,12.0,12.0,20.0,8.69883063922418,8.87949061449801,8.721636178278667,8.779626981403846,8.861519712103982,0.8025780189959294,0.7525218560860794,0.8016476552598225,0.775177304964539,0.7562797012898846,4.249995708465576,28.20727272727273,25.707061197041025,27.76859315589358,26.413957446808535,25.99792260692464,73.15196743554952,70.62743779421655,72.68314321926489,71.35177304964539,70.89952477936184,19.932835820895523,17.626765299260256,19.279467680608366,18.380141843971632,17.89613034623218,12.0,12.0,12.0,20.0,18.62306819819359
