,1,1l,1r,1s,2,2l,2r,2s,3,3l,3r,3s,4,4l,4r,4s,id,1_2,1_3,1_4,2_1,2_3,2_4,3_1,3_2,3_4,4_1,4_2,4_3,p1,p2,p3,p4,speed0,speed1,speed2,speed3,speed4,stop0,stop1,stop2,stop3,stop4,time,timeloss0,timeloss1,timeloss2,timeloss3,timeloss4,travel0,travel1,travel2,travel3,travel4,wait0,wait1,wait2,wait3,wait4,rsl_rssslll_rrsssl_rsslll_0,rsl_rssslll_rrsssl_rsslll_1,rsl_rssslll_rrsssl_rsslll_2,rsl_rssslll_rrsssl_rsslll_3,performance measure
0,3,1,1,1,7,3,1,3,6,1,2,3,6,3,1,2,rsl_rssslll_rrsssl_rsslll,188.0,346.0,294.0,114.0,484.0,397.0,504.0,261.0,56.0,476.0,349.0,282.0,12.0,20.0,12.0,12.0,8.926256589415809,8.906313395035735,8.844317296396545,8.906815208694827,8.9677970540196,0.7196911196911197,0.7432327919566899,0.7501951600312255,0.7391304347826086,0.7268482490272373,3.781230926513672,25.383235521235544,25.313341067285346,25.928196721311462,25.211747333880236,24.696583657587553,70.01853281853282,69.9907192575406,70.60499609679937,69.86300246103363,69.32996108949416,17.752895752895753,17.62799690641918,18.163153786104605,17.588187038556192,16.992217898832685,12.0,20.0,12.0,12.0,17.624890276561683
