,1,1l,1r,1s,2,2l,2r,2s,3,3l,3r,3s,4,4l,4r,4s,id,1_2,1_3,1_4,2_1,2_3,2_4,3_1,3_2,3_4,4_1,4_2,4_3,p1,p2,p3,p4,speed0,speed1,speed2,speed3,speed4,stop0,stop1,stop2,stop3,stop4,time,timeloss0,timeloss1,timeloss2,timeloss3,timeloss4,travel0,travel1,travel2,travel3,travel4,wait0,wait1,wait2,wait3,wait4,rsl_rsl_rsssl_rsl_0,rsl_rsl_rsssl_rsl_1,rsl_rsl_rsssl_rsl_2,rsl_rsl_rsssl_rsl_3,performance measure
0,3,1,1,1,3,1,1,1,5,1,1,3,3,1,1,1,rsl_rsl_rsssl_rsl,312.0,181.0,174.0,279.0,150.0,114.0,886.0,135.0,72.0,152.0,267.0,66.0,12.0,12.0,12.0,12.0,8.47127567280411,8.438351332143823,8.51258915238969,8.475141994598298,8.79057227934066,0.8600212089077413,0.8819810326659642,0.9308176100628931,0.8803986710963455,0.7894168466522679,3.3593389987945557,29.758663838812343,31.486322444678642,32.11377358490569,29.860852713178293,26.721652267818573,74.81442205726405,76.5131717597471,77.16561844863732,74.86600221483943,71.71922246220302,20.872746553552492,22.34035827186512,22.5083857442348,21.003322259136212,18.446004319654428,12.0,12.0,12.0,12.0,21.03416342968861
