,1,1l,1r,1s,2,2l,2r,2s,3,3l,3r,3s,4,4l,4r,4s,id,1_2,1_3,1_4,2_1,2_3,2_4,3_1,3_2,3_4,4_1,4_2,4_3,p1,p2,p3,p4,speed0,speed1,speed2,speed3,speed4,stop0,stop1,stop2,stop3,stop4,time,timeloss0,timeloss1,timeloss2,timeloss3,timeloss4,travel0,travel1,travel2,travel3,travel4,wait0,wait1,wait2,wait3,wait4,rsl_rssslll_rrsssl_rsslll_0,rsl_rssslll_rrsssl_rsslll_1,rsl_rssslll_rrsssl_rsslll_2,rsl_rssslll_rrsssl_rsslll_3,performance measure
0,3,1,1,1,7,3,1,3,6,1,2,3,6,3,1,2,rsl_rssslll_rrsssl_rsslll,143.0,332.0,287.0,166.0,931.0,891.0,988.0,101.0,123.0,851.0,663.0,311.0,5.0,12.0,12.0,12.0,8.653703187419538,8.651633688451453,8.630249384119153,8.745224312527082,8.707077673171343,1.047569262937794,0.8930208863983699,0.9087628865979381,0.8912591050988553,0.8833162743091095,4.9997217655181885,35.83907997909037,28.104004075394812,28.824252577319584,27.937617065556708,27.534600818833137,80.6842655514898,72.94243504839531,73.67680412371134,72.8054110301769,72.37819856704196,25.432305279665446,19.16352521650535,19.62319587628866,19.04318418314256,18.477482088024566,5.0,12.0,12.0,12.0,20.347938528725315
