,1,1l,1r,1s,2,2l,2r,2s,3,3l,3r,3s,4,4l,4r,4s,id,1_2,1_3,1_4,2_1,2_3,2_4,3_1,3_2,3_4,4_1,4_2,4_3,p1,p2,p3,p4,speed0,speed1,speed2,speed3,speed4,stop0,stop1,stop2,stop3,stop4,time,timeloss0,timeloss1,timeloss2,timeloss3,timeloss4,travel0,travel1,travel2,travel3,travel4,wait0,wait1,wait2,wait3,wait4,rsl_rrsll_rsl_rslll_0,rsl_rrsll_rsl_rslll_1,rsl_rrsll_rsl_rslll_2,rsl_rrsll_rsl_rslll_3,performance measure
0,3,1,1,1,5,2,2,1,3,1,1,1,5,3,1,1,rsl_rrsll_rsl_rslll,118.0,315.0,207.0,511.0,347.0,265.0,84.0,171.0,92.0,249.0,353.0,210.0,5.0,12.0,12.0,12.0,8.602355898275547,8.64746872931984,8.895945211095636,9.123932300024855,8.9021235920455,0.9821428571428571,0.9558067831449126,0.8389662027833003,0.783068783068783,0.8397177419354839,3.4220340251922607,33.94171626984124,31.804265159301117,26.307296222664036,24.20033862433863,26.52110887096777,78.81448412698413,76.68550873586845,71.16500994035785,69.05925925925926,71.33266129032258,24.07936507936508,21.97944501541624,17.66600397614314,16.203174603174602,17.679435483870968,5.0,12.0,12.0,12.0,19.521484831594005
