,1,1l,1r,1s,2,2l,2r,2s,3,3l,3r,3s,4,4l,4r,4s,id,1_2,1_3,1_4,2_1,2_3,2_4,3_1,3_2,3_4,4_1,4_2,4_3,p1,p2,p3,p4,speed0,speed1,speed2,speed3,speed4,stop0,stop1,stop2,stop3,stop4,time,timeloss0,timeloss1,timeloss2,timeloss3,timeloss4,travel0,travel1,travel2,travel3,travel4,wait0,wait1,wait2,wait3,wait4,rrslll_rssll_rsl_rssssll_0,rrslll_rssll_rsl_rssssll_1,rrslll_rssll_rsl_rssssll_2,rrslll_rssll_rsl_rssssll_3,performance measure
0,6,3,2,1,5,2,1,2,3,1,1,1,7,2,1,4,rrslll_rssll_rsl_rssssll,616.0,348.0,598.0,129.0,369.0,570.0,243.0,275.0,217.0,460.0,234.0,221.0,12.0,20.0,12.0,12.0,8.364660090940045,8.338693102170057,8.4584305826748,8.452093798174651,8.549699517868868,0.8667591950034698,0.8677573278800272,0.8215465961665566,0.8451794510907812,0.821256038647343,4.093828201293945,33.6807147814018,32.5354055896387,30.58282220753472,30.720218156227983,30.046714975845397,78.3969465648855,77.27880027266531,75.33840052875082,75.45742434904996,74.76673567977916,24.550312283136712,23.702113156100886,21.828155981493722,22.053483462350457,21.461697722567287,12.0,20.0,12.0,12.0,22.719152521129814
