,1,1l,1r,1s,2,2l,2r,2s,3,3l,3r,3s,4,4l,4r,4s,id,1_2,1_3,1_4,2_1,2_3,2_4,3_1,3_2,3_4,4_1,4_2,4_3,p1,p2,p3,p4,speed0,speed1,speed2,speed3,speed4,stop0,stop1,stop2,stop3,stop4,time,timeloss0,timeloss1,timeloss2,timeloss3,timeloss4,travel0,travel1,travel2,travel3,travel4,wait0,wait1,wait2,wait3,wait4,rsl_rrsll_rsl_rslll_0,rsl_rrsll_rsl_rslll_1,rsl_rrsll_rsl_rslll_2,rsl_rrsll_rsl_rslll_3,performance measure
0,3,1,1,1,5,2,2,1,3,1,1,1,5,3,1,1,rsl_rrsll_rsl_rslll,295.0,114.0,166.0,311.0,615.0,308.0,122.0,270.0,78.0,929.0,186.0,280.0,12.0,5.0,12.0,12.0,8.499680540769573,8.746130914852268,8.494641071951788,8.828793812432798,8.778223482105032,0.9936305732484076,0.8477198697068404,1.0260869565217392,0.8325123152709359,0.8529176658673061,3.606279134750366,32.76960987261149,26.44801302931598,34.4464426877471,26.073415435139573,26.637665867306143,77.70461783439491,71.38436482084691,79.38498023715415,71.04433497536945,71.54756195043964,22.57563694267516,17.82328990228013,24.284584980237153,17.469622331691298,17.848121502797763,12.0,5.0,12.0,12.0,20.000251131936302
