,1,1l,1r,1s,2,2l,2r,2s,3,3l,3r,3s,4,4l,4r,4s,id,1_2,1_3,1_4,2_1,2_3,2_4,3_1,3_2,3_4,4_1,4_2,4_3,p1,p2,p3,p4,speed0,speed1,speed2,speed3,speed4,stop0,stop1,stop2,stop3,stop4,time,timeloss0,timeloss1,timeloss2,timeloss3,timeloss4,travel0,travel1,travel2,travel3,travel4,wait0,wait1,wait2,wait3,wait4,rsl_rssslll_rrsssl_rsslll_0,rsl_rssslll_rrsssl_rsslll_1,rsl_rssslll_rrsssl_rsslll_2,rsl_rssslll_rrsssl_rsslll_3,performance measure
0,3,1,1,1,7,3,1,3,6,1,2,3,6,3,1,2,rsl_rssslll_rrsssl_rsslll,192.0,49.0,99.0,234.0,775.0,620.0,493.0,244.0,102.0,500.0,549.0,267.0,12.0,12.0,12.0,12.0,8.928772584396182,9.047354536346539,8.969827890111661,8.931723618232011,8.978143018348355,0.759018759018759,0.7411347517730497,0.7652482269503547,0.7763837638376384,0.7594575303354747,3.9062254428863525,24.442402597402587,23.915226950354604,24.048709219858146,24.43740221402214,24.20752319771595,69.2034632034632,68.66382978723404,68.80283687943262,69.14907749077491,68.97430406852249,16.58152958152958,16.146099290780143,16.105673758865247,16.50258302583026,16.389721627408992,12.0,12.0,12.0,12.0,16.345121456882843
