,1,1l,1r,1s,2,2l,2r,2s,3,3l,3r,3s,4,4l,4r,4s,id,1_2,1_3,1_4,2_1,2_3,2_4,3_1,3_2,3_4,4_1,4_2,4_3,p1,p2,p3,p4,speed0,speed1,speed2,speed3,speed4,stop0,stop1,stop2,stop3,stop4,time,timeloss0,timeloss1,timeloss2,timeloss3,timeloss4,travel0,travel1,travel2,travel3,travel4,wait0,wait1,wait2,wait3,wait4,rsl_rsssssl_rsll_rrssl_0,rsl_rsssssl_rsll_rrssl_1,rsl_rsssssl_rsll_rrssl_2,rsl_rsssssl_rsll_rrssl_3,performance measure
0,3,1,1,1,7,1,1,5,4,2,1,1,5,1,2,2,rsl_rsssssl_rsll_rrssl,168.0,118.0,60.0,324.0,177.0,347.0,336.0,183.0,406.0,120.0,656.0,333.0,12.0,20.0,12.0,20.0,8.78504458650361,8.609832830617274,8.395644584535987,8.758783131156326,8.653541555995455,0.7296819787985865,0.7675925925925926,0.8161512027491409,0.7306616961789375,0.7396883593033914,3.390995740890503,27.56051236749122,28.699629629629598,31.20277491408933,27.19300093196646,28.154729605866166,72.32420494699646,73.46481481481482,75.9553264604811,71.91798695246972,72.91567369385885,19.713780918727917,20.567592592592593,22.61512027491409,19.309412861136998,20.11640696608616,12.0,20.0,12.0,20.0,20.46446272269155
