,1,1l,1r,1s,2,2l,2r,2s,3,3l,3r,3s,4,4l,4r,4s,id,1_2,1_3,1_4,2_1,2_3,2_4,3_1,3_2,3_4,4_1,4_2,4_3,p1,p2,p3,p4,speed0,speed1,speed2,speed3,speed4,stop0,stop1,stop2,stop3,stop4,time,timeloss0,timeloss1,timeloss2,timeloss3,timeloss4,travel0,travel1,travel2,travel3,travel4,wait0,wait1,wait2,wait3,wait4,rrsll_rssl_rsssll_rsl_0,rrsll_rssl_rsssll_rsl_1,rrsll_rssl_rsssll_rsl_2,rrsll_rssl_rsssll_rsl_3,performance measure
0,5,2,2,1,4,1,1,2,6,2,1,3,3,1,1,1,rrsll_rssl_rsssll_rsl,224.0,247.0,125.0,37.0,125.0,243.0,638.0,120.0,147.0,85.0,165.0,170.0,5.0,12.0,5.0,5.0,9.403239074781487,9.39123382538703,9.33650916524671,9.608456450645189,9.608328271859067,0.8562577447335812,0.910371318822023,0.8534798534798534,0.7848605577689243,0.8233799237611181,2.812481164932251,21.76411400247831,24.04702944942382,22.64995115995116,19.438087649402384,21.317839898348172,66.65799256505576,69.01152368758002,67.58485958485959,64.27490039840637,66.24904701397713,13.85625774473358,15.727272727272727,14.628815628815628,11.871181938911022,13.607369758576874,5.0,12.0,5.0,5.0,13.938179559661966
