,1,1l,1r,1s,2,2l,2r,2s,3,3l,3r,3s,4,4l,4r,4s,id,1_2,1_3,1_4,2_1,2_3,2_4,3_1,3_2,3_4,4_1,4_2,4_3,p1,p2,p3,p4,speed0,speed1,speed2,speed3,speed4,stop0,stop1,stop2,stop3,stop4,time,timeloss0,timeloss1,timeloss2,timeloss3,timeloss4,travel0,travel1,travel2,travel3,travel4,wait0,wait1,wait2,wait3,wait4,rsl_rsssssl_rsll_rrssl_0,rsl_rsssssl_rsll_rrssl_1,rsl_rsssssl_rsll_rrssl_2,rsl_rsssssl_rsll_rrssl_3,performance measure
0,3,1,1,1,7,1,1,5,4,2,1,1,5,1,2,2,rsl_rsssssl_rsll_rrssl,196.0,302.0,106.0,105.0,251.0,1106.0,253.0,201.0,238.0,140.0,649.0,263.0,12.0,12.0,12.0,12.0,8.592831350952121,8.66023755439967,8.031237300714047,8.725551270431295,8.520281311196516,0.8400309119010819,0.8245888801879405,1.0406932931424264,0.8377952755905512,0.8853102906520032,4.043012380599976,28.068616692426595,28.254737666405635,37.324167294649534,26.902952755905524,30.891594658287573,72.97836166924266,73.16758026624902,82.22984174830445,71.82125984251968,75.78633150039278,19.66228748068006,19.832419733750978,26.982667671439337,18.53937007874016,21.903377847604084,12.0,12.0,12.0,12.0,21.384024562442924
