,1,1l,1r,1s,2,2l,2r,2s,3,3l,3r,3s,4,4l,4r,4s,id,1_2,1_3,1_4,2_1,2_3,2_4,3_1,3_2,3_4,4_1,4_2,4_3,p1,p2,p3,p4,speed0,speed1,speed2,speed3,speed4,stop0,stop1,stop2,stop3,stop4,time,timeloss0,timeloss1,timeloss2,timeloss3,timeloss4,travel0,travel1,travel2,travel3,travel4,wait0,wait1,wait2,wait3,wait4,rsl_rrsll_rsl_rslll_0,rsl_rrsll_rsl_rslll_1,rsl_rrsll_rsl_rslll_2,rsl_rrsll_rsl_rslll_3,performance measure
0,3,1,1,1,5,2,2,1,3,1,1,1,5,3,1,1,rsl_rrsll_rsl_rslll,271.0,93.0,62.0,315.0,529.0,237.0,159.0,239.0,213.0,715.0,220.0,66.0,12.0,12.0,12.0,12.0,8.673294315494545,8.745314997577847,8.519257996650444,8.746913940923788,8.78205542431293,0.8176744186046512,0.7883698760724499,0.8826764436296975,0.8139980824544583,0.7960151802656547,3.410580635070801,27.746148837209304,26.528560533841794,29.532025664527975,26.28337488015339,26.072049335863348,72.78883720930233,71.61201143946616,74.58753437213565,71.35858101629914,71.13472485768501,19.21581395348837,18.31077216396568,20.549954170485794,17.949185043144773,17.896584440227706,12.0,12.0,12.0,12.0,18.78446195426247
