,1,1l,1r,1s,2,2l,2r,2s,3,3l,3r,3s,4,4l,4r,4s,id,1_2,1_3,1_4,2_1,2_3,2_4,3_1,3_2,3_4,4_1,4_2,4_3,p1,p2,p3,p4,speed0,speed1,speed2,speed3,speed4,stop0,stop1,stop2,stop3,stop4,time,timeloss0,timeloss1,timeloss2,timeloss3,timeloss4,travel0,travel1,travel2,travel3,travel4,wait0,wait1,wait2,wait3,wait4,rslll_rsl_rrslll_rsl_0,rslll_rsl_rrslll_rsl_1,rslll_rsl_rrslll_rsl_2,rslll_rsl_rrslll_rsl_3,performance measure
0,5,3,1,1,3,1,1,1,6,3,2,1,3,1,1,1,rslll_rsl_rrslll_rsl,329.0,65.0,252.0,272.0,111.0,166.0,126.0,544.0,581.0,106.0,50.0,100.0,12.0,5.0,5.0,5.0,9.468762299839355,9.745522358284777,9.694428387362715,9.690216548278698,9.590992039757971,1.0180851063829788,0.7488584474885844,0.7617107942973523,0.7665544332210998,0.7849462365591398,2.937748432159424,27.566957446808498,18.07167808219179,18.65175152749491,19.03123456790122,19.97708602150537,72.27765957446809,62.7865296803653,63.39816700610998,63.7384960718294,64.71397849462366,17.847872340425532,10.801369863013699,11.075356415478614,11.520763187429854,12.179569892473118,12.0,5.0,5.0,5.0,12.684986339764164
