,1,1l,1r,1s,2,2l,2r,2s,3,3l,3r,3s,4,4l,4r,4s,id,1_2,1_3,1_4,2_1,2_3,2_4,3_1,3_2,3_4,4_1,4_2,4_3,p1,p2,p3,p4,speed0,speed1,speed2,speed3,speed4,stop0,stop1,stop2,stop3,stop4,time,timeloss0,timeloss1,timeloss2,timeloss3,timeloss4,travel0,travel1,travel2,travel3,travel4,wait0,wait1,wait2,wait3,wait4,rsssll_rssl_rsslll_rrsl_0,rsssll_rssl_rsslll_rrsl_1,rsssll_rssl_rsslll_rrsl_2,rsssll_rssl_rsslll_rrsl_3,performance measure
0,6,2,1,3,4,1,1,2,6,3,1,2,4,1,2,1,rsssll_rssl_rsslll_rrsl,350.0,142.0,196.0,71.0,193.0,340.0,568.0,198.0,232.0,271.0,112.0,319.0,12.0,12.0,12.0,12.0,8.938381815348599,8.95675100536715,9.081595340594955,9.075084662829447,9.059763011473557,0.7697368421052632,0.7546798029556651,0.7654440154440154,0.7528438469493278,0.7359437751004017,3.361532211303711,25.233731203007505,25.68539901477834,23.669662162162137,23.490599793174795,23.911636546184763,69.96522556390977,70.45517241379311,68.38706563706563,68.2440537745605,68.64257028112449,17.468984962406015,17.875862068965517,15.951737451737452,15.97828335056877,16.313253012048193,12.0,12.0,12.0,12.0,16.71762416914519
