,1,1l,1r,1s,2,2l,2r,2s,3,3l,3r,3s,4,4l,4r,4s,id,1_2,1_3,1_4,2_1,2_3,2_4,3_1,3_2,3_4,4_1,4_2,4_3,p1,p2,p3,p4,speed0,speed1,speed2,speed3,speed4,stop0,stop1,stop2,stop3,stop4,time,timeloss0,timeloss1,timeloss2,timeloss3,timeloss4,travel0,travel1,travel2,travel3,travel4,wait0,wait1,wait2,wait3,wait4,rsl_rsl_rsl_rrssssl_0,rsl_rsl_rsl_rrssssl_1,rsl_rsl_rsl_rrssssl_2,rsl_rsl_rsl_rrssssl_3,performance measure
0,3,1,1,1,3,1,1,1,3,1,1,1,7,1,2,4,rsl_rsl_rsl_rrssssl,138.0,231.0,208.0,309.0,316.0,227.0,71.0,274.0,203.0,62.0,919.0,498.0,12.0,12.0,12.0,12.0,8.929641273186247,9.081955722433834,8.913162059376981,8.850224095910718,9.119031159065532,0.7704507512520868,0.7198237885462555,0.7964527027027027,0.8337874659400545,0.7200335289186923,3.6719374656677246,25.194332220367308,24.05666079295155,25.722787162162177,28.106167120799277,23.323889354568323,69.89565943238732,68.78237885462555,70.4704391891892,72.77293369663941,68.0452640402347,16.884808013355592,16.068722466960352,17.19256756756757,19.219800181653042,15.324392288348701,12.0,12.0,12.0,12.0,16.938058103577053
