,1,1l,1r,1s,2,2l,2r,2s,3,3l,3r,3s,4,4l,4r,4s,id,1_2,1_3,1_4,2_1,2_3,2_4,3_1,3_2,3_4,4_1,4_2,4_3,p1,p2,p3,p4,speed0,speed1,speed2,speed3,speed4,stop0,stop1,stop2,stop3,stop4,time,timeloss0,timeloss1,timeloss2,timeloss3,timeloss4,travel0,travel1,travel2,travel3,travel4,wait0,wait1,wait2,wait3,wait4,rsll_rsl_rssslll_rrsssll_0,rsll_rsl_rssslll_rrsssll_1,rsll_rsl_rssslll_rrsssll_2,rsll_rsl_rssslll_rrsssll_3,performance measure
0,4,2,1,1,3,1,1,1,7,3,1,3,7,2,2,3,rsll_rsl_rssslll_rrsssll,79.0,286.0,185.0,272.0,117.0,320.0,453.0,145.0,703.0,130.0,732.0,533.0,12.0,12.0,5.0,12.0,9.038908572896984,9.220156523539691,9.177908195704376,9.240992013805194,8.980499101530796,0.8411078717201166,0.7501892505677517,0.7752727272727272,0.781078967943706,0.8228031953522149,3.983985662460327,25.772128279883407,22.229197577592725,22.932719999999996,23.396168881938994,25.78552650689905,70.36516034985422,66.86298258894777,67.66181818181818,68.02423768569194,70.46913580246914,17.032798833819243,14.476911430734292,14.940363636363637,15.437060203283815,17.320987654320987,12.0,12.0,5.0,12.0,15.841624351704393
