,1,1l,1r,1s,2,2l,2r,2s,3,3l,3r,3s,4,4l,4r,4s,id,1_2,1_3,1_4,2_1,2_3,2_4,3_1,3_2,3_4,4_1,4_2,4_3,p1,p2,p3,p4,speed0,speed1,speed2,speed3,speed4,stop0,stop1,stop2,stop3,stop4,time,timeloss0,timeloss1,timeloss2,timeloss3,timeloss4,travel0,travel1,travel2,travel3,travel4,wait0,wait1,wait2,wait3,wait4,rssl_rrsslll_rsl_rrsll_0,rssl_rrsslll_rsl_rrsll_1,rssl_rrsslll_rsl_rrsll_2,rssl_rrsslll_rsl_rrsll_3,performance measure
0,4,1,1,2,7,3,2,2,3,1,1,1,5,2,2,1,rssl_rrsslll_rsl_rrsll,214.0,555.0,316.0,478.0,907.0,595.0,291.0,244.0,204.0,609.0,328.0,141.0,12.0,20.0,20.0,20.0,8.07778490494304,8.086008755802997,8.210939546936086,8.26674635486322,8.107403787445934,0.856272838002436,0.826271186440678,0.8104693140794224,0.7901311680199875,0.8124621899576527,4.37932276725769,37.002813641900055,34.75959443099273,34.3339109506619,33.43708931917553,33.809933454325474,81.90316686967114,79.65980629539952,79.2057761732852,78.30106183635228,78.70477918935269,27.763702801461633,25.803874092009686,25.41756919374248,24.694565896314803,24.872958257713247,12.0,20.0,20.0,20.0,25.710534048248366
