,1,1l,1r,1s,2,2l,2r,2s,3,3l,3r,3s,4,4l,4r,4s,id,1_2,1_3,1_4,2_1,2_3,2_4,3_1,3_2,3_4,4_1,4_2,4_3,p1,p2,p3,p4,speed0,speed1,speed2,speed3,speed4,stop0,stop1,stop2,stop3,stop4,time,timeloss0,timeloss1,timeloss2,timeloss3,timeloss4,travel0,travel1,travel2,travel3,travel4,wait0,wait1,wait2,wait3,wait4,rrsssll_rsl_rsl_rrsll_0,rrsssll_rsl_rsl_rrsll_1,rrsssll_rsl_rsl_rrsll_2,rrsssll_rsl_rsl_rrsll_3,performance measure
0,7,2,2,3,3,1,1,1,3,1,1,1,5,2,2,1,rrsssll_rsl_rsl_rrsll,609.0,688.0,121.0,183.0,231.0,216.0,104.0,273.0,192.0,88.0,135.0,500.0,20.0,12.0,12.0,12.0,8.799257108779196,8.977705906672503,8.939395494962527,8.795367731554652,9.118931889777027,0.7743362831858407,0.7221223021582733,0.7340889276373147,0.8,0.7064631956912029,3.343334913253784,27.488097345132754,24.942535971223045,25.18020052310375,28.626260465116268,23.535574506283663,72.21061946902655,69.69874100719424,69.96338273757628,73.37302325581395,68.2262118491921,19.316814159292036,17.194244604316548,17.32868352223191,20.330232558139535,15.867145421903052,20.0,12.0,12.0,12.0,18.007424053176617
