,1,1l,1r,1s,2,2l,2r,2s,3,3l,3r,3s,4,4l,4r,4s,id,1_2,1_3,1_4,2_1,2_3,2_4,3_1,3_2,3_4,4_1,4_2,4_3,p1,p2,p3,p4,speed0,speed1,speed2,speed3,speed4,stop0,stop1,stop2,stop3,stop4,time,timeloss0,timeloss1,timeloss2,timeloss3,timeloss4,travel0,travel1,travel2,travel3,travel4,wait0,wait1,wait2,wait3,wait4,rsssl_rrsll_rsl_rsslll_0,rsssl_rrsll_rsl_rsslll_1,rsssl_rrsll_rsl_rsslll_2,rsssl_rrsll_rsl_rsslll_3,performance measure
0,5,1,1,3,5,2,2,1,3,1,1,1,6,3,1,2,rsssl_rrsll_rsl_rsslll,63.0,336.0,302.0,334.0,630.0,319.0,268.0,238.0,151.0,112.0,554.0,234.0,5.0,12.0,12.0,12.0,8.63491888503579,9.003266534511463,8.892671512242018,9.055437041796111,8.736616960381914,1.079668049792531,0.825571549534293,0.8924818108326596,0.8756660746003553,0.9079804560260586,3.734626531600952,37.530058091286286,26.599220999153292,28.14483427647534,28.21505328596803,29.562133550488603,82.2298755186722,71.29551227773074,72.86661277283751,72.91207815275311,74.25325732899023,26.6298755186722,18.254022015241322,19.35489086499596,19.432504440497336,20.36400651465798,5.0,12.0,12.0,12.0,20.807059870812964
