,1,1l,1r,1s,2,2l,2r,2s,3,3l,3r,3s,4,4l,4r,4s,id,1_2,1_3,1_4,2_1,2_3,2_4,3_1,3_2,3_4,4_1,4_2,4_3,p1,p2,p3,p4,speed0,speed1,speed2,speed3,speed4,stop0,stop1,stop2,stop3,stop4,time,timeloss0,timeloss1,timeloss2,timeloss3,timeloss4,travel0,travel1,travel2,travel3,travel4,wait0,wait1,wait2,wait3,wait4,rsl_rrsll_rsl_rslll_0,rsl_rrsll_rsl_rslll_1,rsl_rrsll_rsl_rslll_2,rsl_rrsll_rsl_rslll_3,performance measure
0,3,1,1,1,5,2,2,1,3,1,1,1,5,3,1,1,rsl_rrsll_rsl_rslll,88.0,314.0,160.0,346.0,269.0,310.0,147.0,320.0,280.0,537.0,73.0,263.0,20.0,20.0,12.0,20.0,8.251905091484621,8.340787529439687,8.353655997458002,8.539433097709214,8.239160533723018,0.7704609595484478,0.7594339622641509,0.7735004476275739,0.7359223300970874,0.7760765550239235,3.478581666946411,32.90190028222014,32.141726415094325,31.910725156669603,29.763873786407796,32.8028325358852,77.78457196613358,77.03962264150944,76.7538048343778,74.6378640776699,77.63923444976076,24.30291627469426,23.841509433962266,23.346463742166517,21.633009708737863,24.333014354066986,20.0,20.0,12.0,20.0,23.49138270272558
