,1,1l,1r,1s,2,2l,2r,2s,3,3l,3r,3s,4,4l,4r,4s,id,1_2,1_3,1_4,2_1,2_3,2_4,3_1,3_2,3_4,4_1,4_2,4_3,p1,p2,p3,p4,speed0,speed1,speed2,speed3,speed4,stop0,stop1,stop2,stop3,stop4,time,timeloss0,timeloss1,timeloss2,timeloss3,timeloss4,travel0,travel1,travel2,travel3,travel4,wait0,wait1,wait2,wait3,wait4,rsl_rsssl_rssssl_rssll_0,rsl_rsssl_rssssl_rssll_1,rsl_rsssl_rssssl_rssll_2,rsl_rsssl_rssssl_rssll_3,performance measure
0,3,1,1,1,5,1,1,3,6,1,1,4,5,2,1,2,rsl_rsssl_rssssl_rssll,283.0,322.0,275.0,198.0,139.0,838.0,575.0,309.0,75.0,415.0,258.0,91.0,12.0,12.0,12.0,12.0,8.749883032788006,8.638378499516609,8.28695676765954,8.645160817615755,8.521788233536672,0.8107680126682502,0.8325545171339563,1.0116369278510473,0.8375594294770206,0.953184957789716,3.734232187271118,26.51272367379254,28.70780373831779,36.316353762606674,27.3524088748019,34.05528779739064,71.29612034837687,73.49610591900311,81.12800620636152,72.12440570522979,78.83422870299309,18.15518606492478,19.97507788161994,25.96121024049651,18.838351822503963,24.01304681504221,12.0,12.0,12.0,12.0,21.38857456491748
