,1,1l,1r,1s,2,2l,2r,2s,3,3l,3r,3s,4,4l,4r,4s,id,1_2,1_3,1_4,2_1,2_3,2_4,3_1,3_2,3_4,4_1,4_2,4_3,p1,p2,p3,p4,speed0,speed1,speed2,speed3,speed4,stop0,stop1,stop2,stop3,stop4,time,timeloss0,timeloss1,timeloss2,timeloss3,timeloss4,travel0,travel1,travel2,travel3,travel4,wait0,wait1,wait2,wait3,wait4,rsssssl_rssssll_rsl_rssll_0,rsssssl_rssssll_rsl_rssll_1,rsssssl_rssssll_rsl_rssll_2,rsssssl_rssssll_rsl_rssll_3,performance measure
0,7,1,1,5,7,2,1,4,3,1,1,1,5,2,1,2,rsssssl_rssssll_rsl_rssll,234.0,230.0,39.0,126.0,452.0,1004.0,310.0,120.0,237.0,625.0,656.0,206.0,12.0,12.0,12.0,12.0,8.347971482191596,7.9944686527502435,7.6746194373995,8.260746721290374,8.382674852331098,0.8823943661971831,1.027503526093089,1.132062627637849,0.9173144876325088,0.8858965272856131,4.156135559082031,30.655901408450717,38.001650211565604,41.549727705922436,31.21602826855122,30.54829199149535,75.65352112676057,82.95486600846262,86.52552756977536,76.19081272084806,75.53082919914954,21.72605633802817,27.619181946403383,30.328114363512594,22.065017667844522,21.576187101346562,12.0,12.0,12.0,12.0,24.662911483427045
