,1,1l,1r,1s,2,2l,2r,2s,3,3l,3r,3s,4,4l,4r,4s,id,1_2,1_3,1_4,2_1,2_3,2_4,3_1,3_2,3_4,4_1,4_2,4_3,p1,p2,p3,p4,speed0,speed1,speed2,speed3,speed4,stop0,stop1,stop2,stop3,stop4,time,timeloss0,timeloss1,timeloss2,timeloss3,timeloss4,travel0,travel1,travel2,travel3,travel4,wait0,wait1,wait2,wait3,wait4,rssslll_rssll_rsssl_rrssl_0,rssslll_rssll_rsssl_rrssl_1,rssslll_rssll_rsssl_rrssl_2,rssslll_rssll_rsssl_rrssl_3,performance measure
0,7,3,1,3,5,2,1,2,5,1,1,3,5,1,2,2,rssslll_rssll_rsssl_rrssl,969.0,120.0,250.0,120.0,230.0,206.0,774.0,228.0,196.0,145.0,224.0,569.0,12.0,12.0,5.0,5.0,9.370359604801632,9.23366041361056,9.35769990426628,9.412406329964288,9.424560409733987,0.7891012031139419,0.9279411764705883,0.7891610987379362,0.781038374717833,0.7813673929376409,3.968759775161743,21.620268931351692,27.201977941176484,21.56466221232367,21.319932279909718,22.1674154770849,66.24416135881104,71.85514705882353,66.23088344469191,65.92400300978179,66.77761081893313,13.725406935598018,18.216176470588234,13.686711210096512,13.612490594431904,14.270473328324568,12.0,12.0,5.0,5.0,14.702251707807847
