,1,1l,1r,1s,2,2l,2r,2s,3,3l,3r,3s,4,4l,4r,4s,id,1_2,1_3,1_4,2_1,2_3,2_4,3_1,3_2,3_4,4_1,4_2,4_3,p1,p2,p3,p4,speed0,speed1,speed2,speed3,speed4,stop0,stop1,stop2,stop3,stop4,time,timeloss0,timeloss1,timeloss2,timeloss3,timeloss4,travel0,travel1,travel2,travel3,travel4,wait0,wait1,wait2,wait3,wait4,rsl_rsssll_rrssl_rrsslll_0,rsl_rsssll_rrssl_rrsslll_1,rsl_rsssll_rrssl_rrsslll_2,rsl_rsssll_rrssl_rrsslll_3,performance measure
0,3,1,1,1,6,2,1,3,5,1,2,2,7,3,2,2,rsl_rsssll_rrssl_rrsslll,222.0,61.0,318.0,304.0,333.0,558.0,470.0,340.0,206.0,529.0,164.0,363.0,12.0,12.0,12.0,12.0,9.098309206766519,9.235972070835892,9.122272983430616,9.162879393976374,9.280706497582988,0.7316341829085458,0.704954954954955,0.7379002233804914,0.7275541795665634,0.7034749034749035,3.7340030670166016,23.399685157421278,22.324872372372386,22.71533134772898,22.70063467492258,21.63891119691117,67.95652173913044,66.87987987987988,67.25763216679077,67.22368421052632,66.16138996138996,15.75712143928036,14.84984984984985,15.060312732688011,15.154024767801857,14.318146718146718,12.0,12.0,12.0,12.0,15.02789110155336
