,1,1l,1r,1s,2,2l,2r,2s,3,3l,3r,3s,4,4l,4r,4s,id,1_2,1_3,1_4,2_1,2_3,2_4,3_1,3_2,3_4,4_1,4_2,4_3,p1,p2,p3,p4,speed0,speed1,speed2,speed3,speed4,stop0,stop1,stop2,stop3,stop4,time,timeloss0,timeloss1,timeloss2,timeloss3,timeloss4,travel0,travel1,travel2,travel3,travel4,wait0,wait1,wait2,wait3,wait4,rsl_rsl_rsl_rrssssl_0,rsl_rsl_rsl_rrssssl_1,rsl_rsl_rsl_rrssssl_2,rsl_rsl_rsl_rrssssl_3,performance measure
0,3,1,1,1,3,1,1,1,3,1,1,1,7,1,2,4,rsl_rsl_rsl_rrssssl,252.0,56.0,202.0,187.0,156.0,299.0,104.0,231.0,270.0,198.0,919.0,571.0,12.0,5.0,12.0,12.0,8.885382682328684,9.236708570644835,9.058336224921442,9.356450514594439,9.258906715222702,0.8743882544861338,0.7480383609415867,0.793073593073593,0.7217153284671532,0.7375527426160338,3.609161376953125,27.39911092985317,22.183103748910202,24.136406926406934,21.184333941605818,22.02381434599156,72.12887438825449,66.93461203138622,68.93593073593074,65.92883211678833,66.76708860759494,18.294453507340947,14.396687009590236,15.883116883116884,13.522810218978103,14.175527426160338,12.0,5.0,12.0,12.0,15.2545190090373
