,1,1l,1r,1s,2,2l,2r,2s,3,3l,3r,3s,4,4l,4r,4s,id,1_2,1_3,1_4,2_1,2_3,2_4,3_1,3_2,3_4,4_1,4_2,4_3,p1,p2,p3,p4,speed0,speed1,speed2,speed3,speed4,stop0,stop1,stop2,stop3,stop4,time,timeloss0,timeloss1,timeloss2,timeloss3,timeloss4,travel0,travel1,travel2,travel3,travel4,wait0,wait1,wait2,wait3,wait4,rsssssl_rsl_rrsslll_rsssll_0,rsssssl_rsl_rrsslll_rsssll_1,rsssssl_rsl_rrsslll_rsssll_2,rsssssl_rsl_rrsslll_rsssll_3,performance measure
0,7,1,1,5,3,1,1,1,7,3,2,2,6,2,1,3,rsssssl_rsl_rrsslll_rsssll,145.0,837.0,277.0,80.0,282.0,99.0,319.0,408.0,797.0,571.0,412.0,132.0,12.0,12.0,12.0,5.0,9.043053262496294,8.79596298283156,8.878861070604575,9.026543533232756,8.928874441495502,0.8112560054907344,0.8680792891319207,0.8431893687707641,0.8078817733990148,0.8431105047748977,4.0625245571136475,24.6612834591627,28.41704716336291,25.663036544850495,24.720760028149193,26.60124147339704,69.45161290322581,73.22146274777853,70.42591362126245,69.47220267417312,71.3656207366985,16.675360329444064,19.88995215311005,17.36810631229236,16.549612948627725,18.37994542974079,12.0,12.0,12.0,5.0,17.772595434642998
