,1,1l,1r,1s,2,2l,2r,2s,3,3l,3r,3s,4,4l,4r,4s,id,1_2,1_3,1_4,2_1,2_3,2_4,3_1,3_2,3_4,4_1,4_2,4_3,p1,p2,p3,p4,speed0,speed1,speed2,speed3,speed4,stop0,stop1,stop2,stop3,stop4,time,timeloss0,timeloss1,timeloss2,timeloss3,timeloss4,travel0,travel1,travel2,travel3,travel4,wait0,wait1,wait2,wait3,wait4,rsl_rrsll_rsl_rslll_0,rsl_rrsll_rsl_rslll_1,rsl_rrsll_rsl_rslll_2,rsl_rrsll_rsl_rslll_3,performance measure
0,3,1,1,1,5,2,2,1,3,1,1,1,5,3,1,1,rsl_rrsll_rsl_rslll,267.0,145.0,181.0,546.0,264.0,144.0,49.0,152.0,142.0,571.0,236.0,309.0,12.0,12.0,12.0,12.0,9.120324167456333,9.221444632969805,9.070373887609218,9.084008145130698,9.224794473650778,0.7265547877591313,0.7003968253968254,0.746268656716418,0.7467336683417085,0.7075664621676891,3.484414577484131,23.333208292201387,22.409553571428578,23.97486007462683,23.30931658291462,22.738936605316965,68.21322803553801,67.27777777777777,68.76865671641791,68.15276381909548,67.56748466257669,15.609081934846989,14.818452380952381,15.817164179104477,15.573869346733668,15.159509202453988,12.0,12.0,12.0,12.0,15.395615408818298
