,1,1l,1r,1s,2,2l,2r,2s,3,3l,3r,3s,4,4l,4r,4s,id,1_2,1_3,1_4,2_1,2_3,2_4,3_1,3_2,3_4,4_1,4_2,4_3,p1,p2,p3,p4,speed0,speed1,speed2,speed3,speed4,stop0,stop1,stop2,stop3,stop4,time,timeloss0,timeloss1,timeloss2,timeloss3,timeloss4,travel0,travel1,travel2,travel3,travel4,wait0,wait1,wait2,wait3,wait4,rssll_rrsl_rsssl_rrsl_0,rssll_rrsl_rsssl_rrsl_1,rssll_rrsl_rsssl_rrsl_2,rssll_rrsl_rsssl_rrsl_3,performance measure
0,5,2,1,2,4,1,2,1,5,1,1,3,4,1,2,1,rssll_rrsl_rsssl_rrsl,396.0,468.0,195.0,429.0,178.0,192.0,627.0,151.0,284.0,293.0,355.0,603.0,12.0,12.0,12.0,12.0,8.79728878875151,8.544727357757516,8.574594953230772,8.733121910482755,8.662156195203364,0.796950796950797,0.9280626780626781,0.8888888888888888,0.8411764705882353,0.8776249094858798,3.972151279449463,26.83871101871102,33.702827635327615,29.968665269042656,27.873735294117626,31.059753801592997,71.61746361746361,78.50854700854701,74.77638015373864,72.61838235294118,75.82331643736423,18.43035343035343,23.875356125356124,20.909154437456323,19.236029411764704,21.82983345401883,12.0,12.0,12.0,12.0,20.856145371789882
