,1,1l,1r,1s,2,2l,2r,2s,3,3l,3r,3s,4,4l,4r,4s,id,1_2,1_3,1_4,2_1,2_3,2_4,3_1,3_2,3_4,4_1,4_2,4_3,p1,p2,p3,p4,speed0,speed1,speed2,speed3,speed4,stop0,stop1,stop2,stop3,stop4,time,timeloss0,timeloss1,timeloss2,timeloss3,timeloss4,travel0,travel1,travel2,travel3,travel4,wait0,wait1,wait2,wait3,wait4,rrssl_rrssl_rrsslll_rrsslll_0,rrssl_rrssl_rrsslll_rrsslll_1,rrssl_rrssl_rrsslll_rrsslll_2,rrssl_rrssl_rrsslll_rrsslll_3,performance measure
0,5,1,2,2,5,1,2,2,7,3,2,2,7,3,2,2,rrssl_rrssl_rrsslll_rrsslll,112.0,101.0,305.0,221.0,241.0,546.0,140.0,75.0,631.0,928.0,345.0,162.0,12.0,5.0,20.0,12.0,9.016981268597153,9.258410858307425,9.152640968214156,9.190764603150702,9.195428417284496,0.7577160493827161,0.7275518035303147,0.7273408239700374,0.7174922600619195,0.7262914417887433,3.825181007385254,25.088387345679,22.233722179585584,23.157318352059942,23.012631578947353,22.91357748650732,69.87268518518519,67.01688411358404,67.93932584269663,67.78637770897832,67.66615265998458,17.36111111111111,14.76899462778204,15.669662921348314,15.592879256965944,15.51195065535852,12.0,5.0,20.0,12.0,15.780919714513185
