,1,1l,1r,1s,2,2l,2r,2s,3,3l,3r,3s,4,4l,4r,4s,id,1_2,1_3,1_4,2_1,2_3,2_4,3_1,3_2,3_4,4_1,4_2,4_3,p1,p2,p3,p4,speed0,speed1,speed2,speed3,speed4,stop0,stop1,stop2,stop3,stop4,time,timeloss0,timeloss1,timeloss2,timeloss3,timeloss4,travel0,travel1,travel2,travel3,travel4,wait0,wait1,wait2,wait3,wait4,rslll_rsl_rrslll_rsl_0,rslll_rsl_rrslll_rsl_1,rslll_rsl_rrslll_rsl_2,rslll_rsl_rrslll_rsl_3,performance measure
0,5,3,1,1,3,1,1,1,6,3,2,1,3,1,1,1,rslll_rsl_rrslll_rsl,270.0,135.0,293.0,125.0,197.0,265.0,139.0,498.0,208.0,169.0,232.0,74.0,5.0,12.0,12.0,12.0,9.270525466433812,9.315715523048844,9.264588157333742,9.391503537799268,9.399589037369807,0.7551020408163265,0.7094907407407407,0.7406989853438557,0.7094907407407407,0.7007874015748031,3.015557050704956,22.734790547798056,21.31827546296299,22.010214205186013,20.727476851851822,20.865916760404936,67.51127819548873,66.0625,66.76888387824127,65.45833333333333,65.62092238470191,14.70891514500537,13.83912037037037,14.420518602029313,13.42013888888889,13.3037120359955,5.0,12.0,12.0,12.0,13.93848100845789
