,1,1l,1r,1s,2,2l,2r,2s,3,3l,3r,3s,4,4l,4r,4s,id,1_2,1_3,1_4,2_1,2_3,2_4,3_1,3_2,3_4,4_1,4_2,4_3,p1,p2,p3,p4,speed0,speed1,speed2,speed3,speed4,stop0,stop1,stop2,stop3,stop4,time,timeloss0,timeloss1,timeloss2,timeloss3,timeloss4,travel0,travel1,travel2,travel3,travel4,wait0,wait1,wait2,wait3,wait4,rsl_rsl_rsl_rrssll_0,rsl_rsl_rsl_rrssll_1,rsl_rsl_rsl_rrssll_2,rsl_rsl_rsl_rrssll_3,performance measure
0,3,1,1,1,3,1,1,1,3,1,1,1,6,2,2,2,rsl_rsl_rsl_rrssll,192.0,40.0,159.0,106.0,73.0,186.0,258.0,170.0,43.0,153.0,433.0,600.0,12.0,12.0,5.0,12.0,9.366615809915656,9.38307936076348,9.43921303687465,9.613313061353614,9.526130638967663,0.7198177676537585,0.7066666666666667,0.7047970479704797,0.66796875,0.6698564593301436,2.9529950618743896,20.929396355353067,21.158133333333335,20.161758917589182,19.03768229166666,19.925155502392347,65.66400911161732,65.91151515151515,64.93111931119311,63.756510416666664,64.64952153110048,13.194760820045557,13.692121212121211,12.763837638376383,11.975260416666666,12.645933014354068,12.0,12.0,5.0,12.0,12.854382620312776
