,1,1l,1r,1s,2,2l,2r,2s,3,3l,3r,3s,4,4l,4r,4s,id,1_2,1_3,1_4,2_1,2_3,2_4,3_1,3_2,3_4,4_1,4_2,4_3,p1,p2,p3,p4,speed0,speed1,speed2,speed3,speed4,stop0,stop1,stop2,stop3,stop4,time,timeloss0,timeloss1,timeloss2,timeloss3,timeloss4,travel0,travel1,travel2,travel3,travel4,wait0,wait1,wait2,wait3,wait4,rssslll_rrsssl_rsssssl_rsl_0,rssslll_rrsssl_rsssssl_rsl_1,rssslll_rrsssl_rsssssl_rsl_2,rssslll_rrsssl_rsssssl_rsl_3,performance measure
0,7,3,1,3,6,1,2,3,7,1,1,5,3,1,1,1,rssslll_rrsssl_rsssssl_rsl,804.0,954.0,204.0,455.0,183.0,850.0,1131.0,137.0,213.0,178.0,52.0,124.0,12.0,12.0,12.0,12.0,8.739802201941027,8.630996985474393,8.622297202279757,8.716582056354417,8.767130933859928,0.8039772727272727,0.8257448004496908,0.8357963875205254,0.8312284730195177,0.8064516129032258,4.640575885772705,26.398539772727265,27.682287802136006,27.271149425287337,26.304156142365095,26.781739631336436,71.22386363636363,72.49578414839797,72.0656814449918,71.12801377726751,71.58582949308756,18.10340909090909,19.139966273187184,18.685823754789272,17.902985074626866,18.433179723502302,12.0,12.0,12.0,12.0,18.453072783402945
