,1,1l,1r,1s,2,2l,2r,2s,3,3l,3r,3s,4,4l,4r,4s,id,1_2,1_3,1_4,2_1,2_3,2_4,3_1,3_2,3_4,4_1,4_2,4_3,p1,p2,p3,p4,speed0,speed1,speed2,speed3,speed4,stop0,stop1,stop2,stop3,stop4,time,timeloss0,timeloss1,timeloss2,timeloss3,timeloss4,travel0,travel1,travel2,travel3,travel4,wait0,wait1,wait2,wait3,wait4,rsll_rsl_rssslll_rrsssll_0,rsll_rsl_rssslll_rrsssll_1,rsll_rsl_rssslll_rrsssll_2,rsll_rsl_rssslll_rrsssll_3,performance measure
0,4,2,1,1,3,1,1,1,7,3,1,3,7,2,2,3,rsll_rsl_rssslll_rrsssll,506.0,111.0,209.0,309.0,57.0,355.0,126.0,150.0,496.0,96.0,974.0,84.0,12.0,5.0,5.0,12.0,9.333480528640205,9.433666242830887,9.29669155813286,9.520999797465993,9.330168966637514,0.7981099656357389,0.7577854671280276,0.812199036918138,0.7341092211280215,0.7818791946308725,3.6562089920043945,21.621821305841916,20.091366782006897,22.716677367576214,19.391692032229177,21.02080536912752,66.39432989690722,64.88494809688581,67.48394863563404,64.12444046553267,65.79362416107382,13.338487972508592,12.28287197231834,14.39406099518459,11.830796777081469,12.901845637583893,12.0,5.0,5.0,12.0,12.949612670935377
