,1,1l,1r,1s,2,2l,2r,2s,3,3l,3r,3s,4,4l,4r,4s,id,1_2,1_3,1_4,2_1,2_3,2_4,3_1,3_2,3_4,4_1,4_2,4_3,p1,p2,p3,p4,speed0,speed1,speed2,speed3,speed4,stop0,stop1,stop2,stop3,stop4,time,timeloss0,timeloss1,timeloss2,timeloss3,timeloss4,travel0,travel1,travel2,travel3,travel4,wait0,wait1,wait2,wait3,wait4,rsssssl_rssssll_rsl_rssll_0,rsssssl_rssssll_rsl_rssll_1,rsssssl_rssssll_rsl_rssll_2,rsssssl_rssssll_rsl_rssll_3,performance measure
0,7,1,1,5,7,2,1,4,3,1,1,1,5,2,1,2,rsssssl_rssssll_rsl_rssll,277.0,1000.0,218.0,311.0,414.0,336.0,186.0,269.0,215.0,295.0,674.0,310.0,12.0,12.0,12.0,12.0,8.74347945756264,8.853680520930663,8.490892985740631,8.840010684285895,8.817827705714258,0.7935691318327974,0.783068783068783,0.8960619754680439,0.7951388888888888,0.7931726907630522,4.984380483627319,26.352366559485553,26.314021164021142,30.011755971594567,25.609534722222214,26.065689424364137,71.08681672025723,71.08465608465609,74.76113621691414,70.37291666666667,70.80923694779116,18.011575562700965,18.110449735449734,20.848289218850873,17.408333333333335,17.783132530120483,12.0,12.0,12.0,12.0,18.43235607609108
