,1,1l,1r,1s,2,2l,2r,2s,3,3l,3r,3s,4,4l,4r,4s,id,1_2,1_3,1_4,2_1,2_3,2_4,3_1,3_2,3_4,4_1,4_2,4_3,p1,p2,p3,p4,speed0,speed1,speed2,speed3,speed4,stop0,stop1,stop2,stop3,stop4,time,timeloss0,timeloss1,timeloss2,timeloss3,timeloss4,travel0,travel1,travel2,travel3,travel4,wait0,wait1,wait2,wait3,wait4,rsl_rsl_rsssl_rsl_0,rsl_rsl_rsssl_rsl_1,rsl_rsl_rsssl_rsl_2,rsl_rsl_rsssl_rsl_3,performance measure
0,3,1,1,1,3,1,1,1,5,1,1,3,3,1,1,1,rsl_rsl_rsssl_rsl,134.0,290.0,129.0,261.0,186.0,184.0,142.0,88.0,164.0,274.0,240.0,42.0,12.0,12.0,12.0,12.0,8.764271850913492,8.208935370244744,8.261552671744104,8.710889281098938,8.525238742405891,0.7899045020463847,0.9805013927576601,0.9707835325365206,0.8328571428571429,0.8924137931034483,2.9209816455841064,26.614747612551206,36.98577994428972,34.08586985391768,27.03502857142855,32.25237241379311,71.55934515688949,81.95403899721448,79.04249667994688,71.93,77.15448275862069,18.3806275579809,26.92757660167131,24.411686586985393,18.728571428571428,22.973793103448276,12.0,12.0,12.0,12.0,22.28445105573146
