,1,1l,1r,1s,2,2l,2r,2s,3,3l,3r,3s,4,4l,4r,4s,id,1_2,1_3,1_4,2_1,2_3,2_4,3_1,3_2,3_4,4_1,4_2,4_3,p1,p2,p3,p4,speed0,speed1,speed2,speed3,speed4,stop0,stop1,stop2,stop3,stop4,time,timeloss0,timeloss1,timeloss2,timeloss3,timeloss4,travel0,travel1,travel2,travel3,travel4,wait0,wait1,wait2,wait3,wait4,rsssl_rrsll_rsl_rsslll_0,rsssl_rrsll_rsl_rsslll_1,rsssl_rrsll_rsl_rsslll_2,rsssl_rrsll_rsl_rsslll_3,performance measure
0,5,1,1,3,5,2,2,1,3,1,1,1,6,3,1,2,rsssl_rrsll_rsl_rsslll,90.0,329.0,248.0,563.0,430.0,42.0,234.0,127.0,122.0,124.0,568.0,213.0,12.0,12.0,12.0,12.0,9.142905437249203,9.260771184805408,9.03659223690583,9.192620216217325,9.235127614664874,0.727530747398297,0.6888888888888889,0.7357980162308386,0.7220512820512821,0.7123681687440077,3.3907792568206787,23.330075685903495,22.17973913043478,23.942822362488684,22.264646153846165,22.270201342281908,67.97918637653737,66.87632850241546,68.59422903516682,66.98461538461538,66.94534995206136,15.680227057710502,14.809661835748793,16.036068530207395,14.741538461538461,14.801534036433365,12.0,12.0,12.0,12.0,15.213805984327703
