,1,1l,1r,1s,2,2l,2r,2s,3,3l,3r,3s,4,4l,4r,4s,id,1_2,1_3,1_4,2_1,2_3,2_4,3_1,3_2,3_4,4_1,4_2,4_3,p1,p2,p3,p4,speed0,speed1,speed2,speed3,speed4,stop0,stop1,stop2,stop3,stop4,time,timeloss0,timeloss1,timeloss2,timeloss3,timeloss4,travel0,travel1,travel2,travel3,travel4,wait0,wait1,wait2,wait3,wait4,rsl_rsssll_rrssl_rrsslll_0,rsl_rsssll_rrssl_rrsslll_1,rsl_rsssll_rrssl_rrsslll_2,rsl_rsssll_rrssl_rrsslll_3,performance measure
0,3,1,1,1,6,2,1,3,5,1,2,2,7,3,2,2,rsl_rsssll_rrssl_rrsslll,232.0,173.0,97.0,158.0,594.0,787.0,565.0,352.0,174.0,334.0,106.0,330.0,12.0,12.0,12.0,12.0,8.711243569549064,8.871023689575459,8.803019323789718,8.882527007467477,8.876347604651865,0.8155339805825242,0.7641653905053599,0.8106287425149701,0.7915057915057915,0.7786259541984732,3.7232558727264404,27.32037341299475,25.563928024502268,26.259648203592803,25.042972972972976,25.44305343511447,72.0,70.27947932618683,70.94610778443113,69.70965250965251,70.1175572519084,19.038834951456312,17.7052067381317,17.982784431137723,17.07181467181467,17.48702290076336,12.0,12.0,12.0,12.0,17.857132738660756
