,1,1l,1r,1s,2,2l,2r,2s,3,3l,3r,3s,4,4l,4r,4s,id,1_2,1_3,1_4,2_1,2_3,2_4,3_1,3_2,3_4,4_1,4_2,4_3,p1,p2,p3,p4,speed0,speed1,speed2,speed3,speed4,stop0,stop1,stop2,stop3,stop4,time,timeloss0,timeloss1,timeloss2,timeloss3,timeloss4,travel0,travel1,travel2,travel3,travel4,wait0,wait1,wait2,wait3,wait4,rsl_rsl_rsl_rrssll_0,rsl_rsl_rsl_rrssll_1,rsl_rsl_rsl_rrssll_2,rsl_rsl_rsl_rrssll_3,performance measure
0,3,1,1,1,3,1,1,1,3,1,1,1,6,2,2,2,rsl_rsl_rsl_rrssll,104.0,55.0,70.0,171.0,140.0,234.0,137.0,221.0,84.0,559.0,629.0,637.0,5.0,5.0,12.0,12.0,9.411114587923683,9.377119834338735,9.436938550241717,9.57920235519318,9.61045774738554,0.815813953488372,0.7750730282375852,0.7912713472485768,0.7162837162837162,0.7064485081809432,3.1095986366271973,23.53407441860468,20.99754625121715,22.14272296015182,19.210209790209788,18.850789220404245,68.36651162790697,65.91723466407011,67.01423149905123,64.1008991008991,63.723772858517805,15.156279069767441,13.090555014605647,14.056925996204933,11.620379620379621,11.308950914340713,5.0,5.0,12.0,12.0,13.04661812305967
