,1,1l,1r,1s,2,2l,2r,2s,3,3l,3r,3s,4,4l,4r,4s,id,1_2,1_3,1_4,2_1,2_3,2_4,3_1,3_2,3_4,4_1,4_2,4_3,p1,p2,p3,p4,speed0,speed1,speed2,speed3,speed4,stop0,stop1,stop2,stop3,stop4,time,timeloss0,timeloss1,timeloss2,timeloss3,timeloss4,travel0,travel1,travel2,travel3,travel4,wait0,wait1,wait2,wait3,wait4,rrsll_rssl_rsssll_rsl_0,rrsll_rssl_rsssll_rsl_1,rrsll_rssl_rsssll_rsl_2,rrsll_rssl_rsssll_rsl_3,performance measure
0,5,2,2,1,4,1,1,2,6,2,1,3,3,1,1,1,rrsll_rssl_rsssll_rsl,123.0,198.0,428.0,246.0,38.0,293.0,418.0,86.0,390.0,267.0,193.0,279.0,12.0,12.0,12.0,12.0,9.161819165364502,9.05022192618967,9.061345897556935,9.244850660821589,9.169736283358388,0.7175792507204611,0.7423795476892822,0.7530981887511916,0.7186512118018967,0.7173489278752436,3.078270435333252,22.738338136407307,24.783117010816124,23.392259294566244,22.033445732349797,23.02302144249513,67.51296829971182,69.55653883972468,68.17159199237369,66.83667017913594,67.76023391812865,15.274735830931796,16.95968534906588,15.489037178265015,14.604847207586934,15.46393762183236,12.0,12.0,12.0,12.0,15.558448637536397
