,1,1l,1r,1s,2,2l,2r,2s,3,3l,3r,3s,4,4l,4r,4s,id,1_2,1_3,1_4,2_1,2_3,2_4,3_1,3_2,3_4,4_1,4_2,4_3,p1,p2,p3,p4,speed0,speed1,speed2,speed3,speed4,stop0,stop1,stop2,stop3,stop4,time,timeloss0,timeloss1,timeloss2,timeloss3,timeloss4,travel0,travel1,travel2,travel3,travel4,wait0,wait1,wait2,wait3,wait4,rrsssll_rsl_rsl_rrsll_0,rrsssll_rsl_rsl_rrsll_1,rrsssll_rsl_rsl_rrsll_2,rrsssll_rsl_rsl_rrsll_3,performance measure
0,7,2,2,3,3,1,1,1,3,1,1,1,5,2,2,1,rrsssll_rsl_rsl_rrsll,116.0,228.0,74.0,135.0,318.0,76.0,255.0,150.0,273.0,314.0,255.0,280.0,12.0,12.0,12.0,12.0,8.77441507322735,8.840078404120863,8.49289451576802,8.308723975463908,8.726615944216073,0.8002336448598131,0.7772455089820359,0.905788876276958,0.9962825278810409,0.8230403800475059,2.7064812183380127,27.17882009345796,26.88498203592813,31.228161180476743,36.077323420074336,28.269038004750612,71.98364485981308,71.66586826347306,76.05107832009081,80.90706319702602,73.06769596199526,19.110981308411215,18.78443113772455,22.13734392735528,26.1090458488228,19.858669833729216,12.0,12.0,12.0,12.0,21.200094411208614
