,1,1l,1r,1s,2,2l,2r,2s,3,3l,3r,3s,4,4l,4r,4s,id,1_2,1_3,1_4,2_1,2_3,2_4,3_1,3_2,3_4,4_1,4_2,4_3,p1,p2,p3,p4,speed0,speed1,speed2,speed3,speed4,stop0,stop1,stop2,stop3,stop4,time,timeloss0,timeloss1,timeloss2,timeloss3,timeloss4,travel0,travel1,travel2,travel3,travel4,wait0,wait1,wait2,wait3,wait4,rsl_rsl_rsl_rrssssl_0,rsl_rsl_rsl_rrssssl_1,rsl_rsl_rsl_rrssssl_2,rsl_rsl_rsl_rrssssl_3,performance measure
0,3,1,1,1,3,1,1,1,3,1,1,1,7,1,2,4,rsl_rsl_rsl_rrssssl,304.0,166.0,305.0,155.0,210.0,256.0,279.0,237.0,50.0,277.0,1185.0,270.0,12.0,12.0,12.0,12.0,8.210222220130131,8.432081627310444,8.36994128333761,8.631360602831673,8.586406992779475,0.9557661927330173,0.8907103825136612,0.9617784711388455,0.8411764705882353,0.8306581059390048,3.703101634979248,34.10477093206949,31.776299765807977,33.79996879875196,28.155798319327758,28.42025682182986,79.02290679304897,76.70413739266198,78.7176287051482,73.0689075630252,73.33948635634029,24.316745655608216,22.38953942232631,23.79173166926677,19.436134453781513,19.536115569823433,12.0,12.0,12.0,12.0,21.894053354161247
