,1,1l,1r,1s,2,2l,2r,2s,3,3l,3r,3s,4,4l,4r,4s,id,1_2,1_3,1_4,2_1,2_3,2_4,3_1,3_2,3_4,4_1,4_2,4_3,p1,p2,p3,p4,speed0,speed1,speed2,speed3,speed4,stop0,stop1,stop2,stop3,stop4,time,timeloss0,timeloss1,timeloss2,timeloss3,timeloss4,travel0,travel1,travel2,travel3,travel4,wait0,wait1,wait2,wait3,wait4,rrslll_rssll_rsl_rssssll_0,rrslll_rssll_rsl_rssssll_1,rrslll_rssll_rsl_rssssll_2,rrslll_rssll_rsl_rssssll_3,performance measure
0,6,3,2,1,5,2,1,2,3,1,1,1,7,2,1,4,rrslll_rssll_rsl_rssssll,153.0,218.0,137.0,300.0,228.0,665.0,333.0,320.0,202.0,89.0,567.0,129.0,12.0,12.0,5.0,12.0,8.890296120846553,8.941094339852448,8.784806546997528,8.591691677259108,9.1051250817164,0.835431654676259,0.810958904109589,0.8463497453310697,0.9470802919708029,0.751346499102334,3.5004303455352783,25.322248201438853,24.86231963470314,26.944838709677402,31.112189781021918,23.141005385996426,70.04496402877697,69.6027397260274,71.66044142614601,75.83120437956204,67.85188509874327,16.74910071942446,16.587214611872145,18.38030560271647,21.794708029197082,15.18491921005386,12.0,12.0,5.0,12.0,17.739249634652804
