,1,1l,1r,1s,2,2l,2r,2s,3,3l,3r,3s,4,4l,4r,4s,id,1_2,1_3,1_4,2_1,2_3,2_4,3_1,3_2,3_4,4_1,4_2,4_3,p1,p2,p3,p4,speed0,speed1,speed2,speed3,speed4,stop0,stop1,stop2,stop3,stop4,time,timeloss0,timeloss1,timeloss2,timeloss3,timeloss4,travel0,travel1,travel2,travel3,travel4,wait0,wait1,wait2,wait3,wait4,rrsssll_rsl_rsl_rrsll_0,rrsssll_rsl_rsl_rrsll_1,rrsssll_rsl_rsl_rrsll_2,rrsssll_rsl_rsl_rrsll_3,performance measure
0,7,2,2,3,3,1,1,1,3,1,1,1,5,2,2,1,rrsssll_rsl_rsl_rrsll,582.0,543.0,241.0,310.0,303.0,173.0,241.0,135.0,87.0,351.0,348.0,125.0,12.0,12.0,12.0,12.0,8.41661894299819,8.234660781153174,8.28230411210089,8.313091407972157,8.520270274481648,0.8912855910267472,1.01725625539258,0.9361525704809287,0.9490445859872612,0.8911149825783972,3.6249728202819824,31.602088006902516,38.37675582398619,32.760215588723035,33.469772520473185,31.149120209059177,76.55737704918033,83.36065573770492,77.73051409618574,78.4140127388535,76.06968641114983,22.42622950819672,27.737704918032787,23.223880597014926,23.88535031847134,22.035714285714285,12.0,12.0,12.0,12.0,23.86177592548601
