,1,1l,1r,1s,2,2l,2r,2s,3,3l,3r,3s,4,4l,4r,4s,id,1_2,1_3,1_4,2_1,2_3,2_4,3_1,3_2,3_4,4_1,4_2,4_3,p1,p2,p3,p4,speed0,speed1,speed2,speed3,speed4,stop0,stop1,stop2,stop3,stop4,time,timeloss0,timeloss1,timeloss2,timeloss3,timeloss4,travel0,travel1,travel2,travel3,travel4,wait0,wait1,wait2,wait3,wait4,rsl_rssslll_rrsssl_rsslll_0,rsl_rssslll_rrsssl_rsslll_1,rsl_rssslll_rrsssl_rsslll_2,rsl_rssslll_rrsssl_rsslll_3,performance measure
0,3,1,1,1,7,3,1,3,6,1,2,3,6,3,1,2,rsl_rssslll_rrsssl_rsslll,72.0,266.0,170.0,163.0,652.0,1066.0,890.0,120.0,310.0,761.0,156.0,36.0,20.0,20.0,20.0,20.0,7.967259231061486,7.920153874090852,7.7660048865203555,7.434079293141483,7.941408390760568,0.8312020460358056,0.8101503759398496,0.8325123152709359,0.9129052765416402,0.8021766965428937,4.52467155456543,35.60911125319696,36.35555137844611,37.948355911330054,43.20385886840427,36.50428937259926,80.59782608695652,81.34461152882206,82.95689655172414,88.17546090273363,81.47247119078105,26.833759590792837,27.6265664160401,28.966133004926107,33.446916719643994,27.843790012804096,20.0,20.0,20.0,20.0,28.94343314884143
