,1,1l,1r,1s,2,2l,2r,2s,3,3l,3r,3s,4,4l,4r,4s,id,1_2,1_3,1_4,2_1,2_3,2_4,3_1,3_2,3_4,4_1,4_2,4_3,p1,p2,p3,p4,speed0,speed1,speed2,speed3,speed4,stop0,stop1,stop2,stop3,stop4,time,timeloss0,timeloss1,timeloss2,timeloss3,timeloss4,travel0,travel1,travel2,travel3,travel4,wait0,wait1,wait2,wait3,wait4,rrsll_rssl_rsssll_rsl_0,rrsll_rssl_rsssll_rsl_1,rrsll_rssl_rsssll_rsl_2,rrsll_rssl_rsssll_rsl_3,performance measure
0,5,2,2,1,4,1,1,2,6,2,1,3,3,1,1,1,rrsll_rssl_rsssll_rsl,348.0,190.0,128.0,71.0,176.0,609.0,273.0,53.0,439.0,124.0,204.0,180.0,12.0,12.0,12.0,20.0,8.762271549372517,8.80893865838067,8.700429714202773,8.823775889291992,8.88237801428917,0.7693898655635988,0.7629083245521602,0.7882117882117882,0.7655913978494624,0.7481402763018066,3.359640121459961,26.528169596690827,26.47865121180191,27.728331668331673,26.277129032258085,25.74384697130711,71.57394002068253,71.57007376185459,72.77522477522477,71.31397849462365,70.77045696068012,18.648397104446744,18.813487881981033,19.778221778221777,18.586021505376344,18.09776833156217,12.0,12.0,12.0,20.0,18.78477932031761
