,1,1l,1r,1s,2,2l,2r,2s,3,3l,3r,3s,4,4l,4r,4s,id,1_2,1_3,1_4,2_1,2_3,2_4,3_1,3_2,3_4,4_1,4_2,4_3,p1,p2,p3,p4,speed0,speed1,speed2,speed3,speed4,stop0,stop1,stop2,stop3,stop4,time,timeloss0,timeloss1,timeloss2,timeloss3,timeloss4,travel0,travel1,travel2,travel3,travel4,wait0,wait1,wait2,wait3,wait4,rsl_rsl_rsssl_rsl_0,rsl_rsl_rsssl_rsl_1,rsl_rsl_rsssl_rsl_2,rsl_rsl_rsssl_rsl_3,performance measure
0,3,1,1,1,3,1,1,1,5,1,1,3,3,1,1,1,rsl_rsl_rsssl_rsl,234.0,246.0,179.0,115.0,200.0,81.0,767.0,96.0,260.0,301.0,244.0,233.0,12.0,12.0,12.0,12.0,8.486743577329829,8.454515346651991,8.352143163264511,8.371362884979932,8.668727674806405,0.8466135458167331,0.8728897715988083,0.9221674876847291,0.9006342494714588,0.828140703517588,3.156381845474243,29.42878486055774,31.96179741807348,31.786679802955682,30.952642706131062,28.647145728643224,74.59561752988049,77.10427010923536,76.89162561576354,76.08562367864694,73.77688442211056,20.666334661354583,22.892750744786493,22.5064039408867,21.993657505285412,20.073366834170855,12.0,12.0,12.0,12.0,21.62650273729681
