,1,1l,1r,1s,2,2l,2r,2s,3,3l,3r,3s,4,4l,4r,4s,id,1_2,1_3,1_4,2_1,2_3,2_4,3_1,3_2,3_4,4_1,4_2,4_3,p1,p2,p3,p4,speed0,speed1,speed2,speed3,speed4,stop0,stop1,stop2,stop3,stop4,time,timeloss0,timeloss1,timeloss2,timeloss3,timeloss4,travel0,travel1,travel2,travel3,travel4,wait0,wait1,wait2,wait3,wait4,rsl_rsl_rsssl_rsl_0,rsl_rsl_rsssl_rsl_1,rsl_rsl_rsssl_rsl_2,rsl_rsl_rsssl_rsl_3,performance measure
0,3,1,1,1,3,1,1,1,5,1,1,3,3,1,1,1,rsl_rsl_rsssl_rsl,320.0,299.0,278.0,155.0,270.0,155.0,543.0,133.0,96.0,171.0,214.0,292.0,12.0,12.0,12.0,12.0,8.401362165695213,8.459657928210586,8.044967887524534,8.502238307286099,8.671412362226235,0.950544015825915,0.9033864541832669,1.0853031860226106,0.8680851063829788,0.8448275862068966,3.390758991241455,34.39110781404553,32.82954183266932,40.31203494347377,30.176468085106375,29.598113590263726,79.42631058358062,77.87151394422311,85.32065775950667,75.22446808510638,74.63590263691684,24.21562809099901,23.30776892430279,29.144912641315518,21.21276595744681,20.572008113590265,12.0,12.0,12.0,12.0,23.69061674553088
