,1,1l,1r,1s,2,2l,2r,2s,3,3l,3r,3s,4,4l,4r,4s,id,1_2,1_3,1_4,2_1,2_3,2_4,3_1,3_2,3_4,4_1,4_2,4_3,p1,p2,p3,p4,speed0,speed1,speed2,speed3,speed4,stop0,stop1,stop2,stop3,stop4,time,timeloss0,timeloss1,timeloss2,timeloss3,timeloss4,travel0,travel1,travel2,travel3,travel4,wait0,wait1,wait2,wait3,wait4,rssl_rrsslll_rsl_rrsll_0,rssl_rrsslll_rsl_rrsll_1,rssl_rrsslll_rsl_rrsll_2,rssl_rrsslll_rsl_rrsll_3,performance measure
0,4,1,1,2,7,3,2,2,3,1,1,1,5,2,2,1,rssl_rrsslll_rsl_rrsll,141.0,629.0,192.0,467.0,240.0,644.0,211.0,75.0,192.0,646.0,163.0,237.0,12.0,20.0,20.0,20.0,8.37035386308022,8.285855940530647,8.311119118203298,8.412735221163745,8.137658400548457,0.7745173745173746,0.7815829528158296,0.7761521580102414,0.7713147410358566,0.8142857142857143,3.952709197998047,31.331088803088843,32.47329528158296,32.1568544257498,31.684557768924282,33.80107142857145,76.09189189189189,77.23972602739725,76.91953182150695,76.44860557768925,78.53968253968254,23.055598455598457,24.01902587519026,23.650329188002924,23.525099601593624,25.382539682539683,12.0,20.0,20.0,20.0,23.926518560584988
