,1,1l,1r,1s,2,2l,2r,2s,3,3l,3r,3s,4,4l,4r,4s,id,1_2,1_3,1_4,2_1,2_3,2_4,3_1,3_2,3_4,4_1,4_2,4_3,p1,p2,p3,p4,speed0,speed1,speed2,speed3,speed4,stop0,stop1,stop2,stop3,stop4,time,timeloss0,timeloss1,timeloss2,timeloss3,timeloss4,travel0,travel1,travel2,travel3,travel4,wait0,wait1,wait2,wait3,wait4,rslll_rsl_rrslll_rsl_0,rslll_rsl_rrslll_rsl_1,rslll_rsl_rrslll_rsl_2,rslll_rsl_rrslll_rsl_3,performance measure
0,5,3,1,1,3,1,1,1,6,3,2,1,3,1,1,1,rslll_rsl_rrslll_rsl,723.0,120.0,247.0,120.0,112.0,210.0,212.0,230.0,375.0,192.0,135.0,143.0,12.0,12.0,12.0,12.0,8.983619137265327,9.080936330451085,8.9112387218716,9.092153892757173,9.145923596289402,0.7575757575757576,0.7270811380400422,0.7874875868917577,0.7457446808510638,0.7136842105263158,3.0778887271881104,24.63796969696968,23.625732349841922,25.052274081429957,23.19860638297872,22.828094736842132,69.61515151515151,68.61327713382508,70.04667328699107,68.17553191489361,67.77368421052631,16.82121212121212,16.020021074815595,16.900695134061568,15.507446808510638,15.277894736842105,12.0,12.0,12.0,12.0,16.105453975088402
