,1,1l,1r,1s,2,2l,2r,2s,3,3l,3r,3s,4,4l,4r,4s,id,1_2,1_3,1_4,2_1,2_3,2_4,3_1,3_2,3_4,4_1,4_2,4_3,p1,p2,p3,p4,speed0,speed1,speed2,speed3,speed4,stop0,stop1,stop2,stop3,stop4,time,timeloss0,timeloss1,timeloss2,timeloss3,timeloss4,travel0,travel1,travel2,travel3,travel4,wait0,wait1,wait2,wait3,wait4,rsl_rrsll_rsl_rslll_0,rsl_rrsll_rsl_rslll_1,rsl_rrsll_rsl_rslll_2,rsl_rrsll_rsl_rslll_3,performance measure
0,3,1,1,1,5,2,2,1,3,1,1,1,5,3,1,1,rsl_rrsll_rsl_rslll,309.0,109.0,137.0,646.0,156.0,129.0,287.0,221.0,136.0,750.0,353.0,188.0,12.0,12.0,12.0,12.0,8.351527728079335,8.316882605471102,8.394710246195691,8.548688448112294,8.611355364505563,0.9207161125319693,1.018308631211857,0.9402859545836838,0.8702090592334495,0.9136690647482014,3.468524694442749,33.59638533674338,37.84523103748914,32.44519764507993,29.655879790940777,32.6245503597122,78.43648763853368,82.75414123801221,77.3313708999159,74.51393728222996,77.47212230215827,23.774936061381073,27.05492589363557,22.476871320437343,20.61672473867596,22.985611510791365,12.0,12.0,12.0,12.0,23.381813904984263
