,1,1l,1r,1s,2,2l,2r,2s,3,3l,3r,3s,4,4l,4r,4s,id,1_2,1_3,1_4,2_1,2_3,2_4,3_1,3_2,3_4,4_1,4_2,4_3,p1,p2,p3,p4,speed0,speed1,speed2,speed3,speed4,stop0,stop1,stop2,stop3,stop4,time,timeloss0,timeloss1,timeloss2,timeloss3,timeloss4,travel0,travel1,travel2,travel3,travel4,wait0,wait1,wait2,wait3,wait4,rssll_rrssl_rssslll_rrssll_0,rssll_rrssl_rssslll_rrssll_1,rssll_rrssl_rssslll_rrssll_2,rssll_rrssl_rssslll_rrssll_3,performance measure
0,5,2,1,2,5,1,2,2,7,3,1,3,6,2,2,2,rssll_rrssl_rssslll_rrssll,215.0,549.0,52.0,505.0,101.0,683.0,666.0,54.0,427.0,129.0,102.0,356.0,12.0,12.0,5.0,12.0,9.050814238680449,9.23995235693319,9.189434686916218,9.311910003727471,9.1533369075483,0.801659125188537,0.7520912547528517,0.7682215743440233,0.7412420382165605,0.7676609105180534,3.765387773513794,24.450407239819018,22.200235741444875,22.620517492711368,21.82035828025476,23.409167974882255,69.11085972850678,66.8638783269962,67.28498542274052,66.4625796178344,68.08477237048666,16.34841628959276,14.542205323193917,14.837463556851311,14.254777070063694,15.65149136577708,12.0,12.0,5.0,12.0,15.126870721095752
