,1,1l,1r,1s,2,2l,2r,2s,3,3l,3r,3s,4,4l,4r,4s,id,1_2,1_3,1_4,2_1,2_3,2_4,3_1,3_2,3_4,4_1,4_2,4_3,p1,p2,p3,p4,speed0,speed1,speed2,speed3,speed4,stop0,stop1,stop2,stop3,stop4,time,timeloss0,timeloss1,timeloss2,timeloss3,timeloss4,travel0,travel1,travel2,travel3,travel4,wait0,wait1,wait2,wait3,wait4,rrsll_rssl_rsssll_rsl_0,rrsll_rssl_rsssll_rsl_1,rrsll_rssl_rsssll_rsl_2,rrsll_rssl_rsssll_rsl_3,performance measure
0,5,2,2,1,4,1,1,2,6,2,1,3,3,1,1,1,rrsll_rssl_rsssll_rsl,444.0,84.0,186.0,318.0,296.0,709.0,555.0,311.0,280.0,96.0,286.0,233.0,12.0,12.0,12.0,20.0,8.543850630387636,8.724321038835651,8.571702901039936,8.65100387881707,8.565617578002207,0.8095238095238095,0.7774244833068362,0.8280890253261703,0.8401278976818545,0.8450592885375494,3.6879475116729736,29.392319508448526,27.824451510333866,30.299063699155806,30.87760991207033,31.576956521739135,74.19047619047619,72.6335453100159,75.09132770529547,75.65467625899281,76.37312252964426,20.788018433179722,19.521462639109696,21.624712202609363,21.904076738609113,22.562845849802372,12.0,12.0,12.0,20.0,21.280223172662055
