,1,1l,1r,1s,2,2l,2r,2s,3,3l,3r,3s,4,4l,4r,4s,id,1_2,1_3,1_4,2_1,2_3,2_4,3_1,3_2,3_4,4_1,4_2,4_3,p1,p2,p3,p4,speed0,speed1,speed2,speed3,speed4,stop0,stop1,stop2,stop3,stop4,time,timeloss0,timeloss1,timeloss2,timeloss3,timeloss4,travel0,travel1,travel2,travel3,travel4,wait0,wait1,wait2,wait3,wait4,rsll_rsl_rssslll_rrsssll_0,rsll_rsl_rssslll_rrsssll_1,rsll_rsl_rssslll_rrsssll_2,rsll_rsl_rssslll_rrsssll_3,performance measure
0,4,2,1,1,3,1,1,1,7,3,1,3,7,2,2,3,rsll_rsl_rssslll_rrsssll,309.0,224.0,173.0,165.0,301.0,165.0,241.0,264.0,358.0,595.0,460.0,442.0,12.0,12.0,20.0,12.0,8.932793441163213,9.004336468118161,8.787561889012737,8.988392968052418,8.958276182565163,0.7344365642237982,0.7299610894941634,0.767816091954023,0.7240816326530612,0.7352941176470589,3.7816216945648193,25.09055161544524,24.559408560311283,26.741908045977024,24.41275918367346,24.899069952305265,69.71394799054373,69.21322957198444,71.4168582375479,69.00326530612244,69.53338632750398,17.32466509062254,16.832684824902724,18.859003831417624,16.73551020408163,17.184419713831478,12.0,12.0,20.0,12.0,17.3872567329712
