,1,1l,1r,1s,2,2l,2r,2s,3,3l,3r,3s,4,4l,4r,4s,id,1_2,1_3,1_4,2_1,2_3,2_4,3_1,3_2,3_4,4_1,4_2,4_3,p1,p2,p3,p4,speed0,speed1,speed2,speed3,speed4,stop0,stop1,stop2,stop3,stop4,time,timeloss0,timeloss1,timeloss2,timeloss3,timeloss4,travel0,travel1,travel2,travel3,travel4,wait0,wait1,wait2,wait3,wait4,rsl_rsl_rsssl_rsl_0,rsl_rsl_rsssl_rsl_1,rsl_rsl_rsssl_rsl_2,rsl_rsl_rsssl_rsl_3,performance measure
0,3,1,1,1,3,1,1,1,5,1,1,3,3,1,1,1,rsl_rsl_rsssl_rsl,171.0,130.0,208.0,102.0,322.0,202.0,706.0,64.0,96.0,298.0,178.0,309.0,12.0,12.0,20.0,12.0,8.338089269410311,8.502215720739681,8.538658743174375,8.74003891654258,8.741283463940476,0.850418410041841,0.803347280334728,0.8,0.7705286839145107,0.778969957081545,3.46844744682312,31.47807531380754,28.841725941422578,28.099368983957202,26.72698537682788,26.900257510729606,76.58786610878661,73.9152719665272,73.20962566844919,71.77615298087738,71.99141630901288,22.482217573221757,20.255230125523013,19.710160427807487,18.608548931383577,18.621244635193133,12.0,12.0,20.0,12.0,19.935480338625794
