,1,1l,1r,1s,2,2l,2r,2s,3,3l,3r,3s,4,4l,4r,4s,id,1_2,1_3,1_4,2_1,2_3,2_4,3_1,3_2,3_4,4_1,4_2,4_3,p1,p2,p3,p4,speed0,speed1,speed2,speed3,speed4,stop0,stop1,stop2,stop3,stop4,time,timeloss0,timeloss1,timeloss2,timeloss3,timeloss4,travel0,travel1,travel2,travel3,travel4,wait0,wait1,wait2,wait3,wait4,rrssl_rrssl_rrsslll_rrsslll_0,rrssl_rrssl_rrsslll_rrsslll_1,rrssl_rrssl_rrsslll_rrsslll_2,rrssl_rrssl_rrsslll_rrsslll_3,performance measure
0,5,1,2,2,5,1,2,2,7,3,2,2,7,3,2,2,rrssl_rrssl_rrsslll_rrsslll,242.0,452.0,164.0,617.0,261.0,491.0,412.0,558.0,671.0,827.0,196.0,226.0,12.0,12.0,12.0,12.0,8.99743063131534,8.905820412068277,8.808389391694222,8.88023641337958,9.085143259555052,0.7469740634005764,0.7608187134502924,0.8093406593406594,0.7900293255131965,0.7266355140186916,4.609403133392334,24.179648414985536,25.149444444444473,26.188835164835123,25.378527859237543,23.34529205607475,68.74697406340057,69.74385964912281,70.71153846153847,69.924926686217,67.89953271028037,16.267435158501442,17.250292397660818,17.846153846153847,17.30557184750733,15.76927570093458,12.0,12.0,12.0,12.0,16.887745790151605
