,1,1l,1r,1s,2,2l,2r,2s,3,3l,3r,3s,4,4l,4r,4s,id,1_2,1_3,1_4,2_1,2_3,2_4,3_1,3_2,3_4,4_1,4_2,4_3,p1,p2,p3,p4,speed0,speed1,speed2,speed3,speed4,stop0,stop1,stop2,stop3,stop4,time,timeloss0,timeloss1,timeloss2,timeloss3,timeloss4,travel0,travel1,travel2,travel3,travel4,wait0,wait1,wait2,wait3,wait4,rrsslll_rrsll_rsssl_rrsslll_0,rrsslll_rrsll_rsssl_rrsslll_1,rrsslll_rrsll_rsssl_rrsslll_2,rrsslll_rrsll_rsssl_rrsslll_3,performance measure
0,7,3,2,2,5,2,2,1,5,1,1,3,7,3,2,2,rrsslll_rrsll_rsssl_rrsslll,496.0,495.0,620.0,638.0,394.0,306.0,851.0,137.0,214.0,170.0,471.0,138.0,12.0,12.0,12.0,12.0,8.751646009604125,8.934911281761726,8.91529779808233,8.983273776174912,8.992890295771844,0.8909426987060998,0.7521008403361344,0.7725421756835369,0.7701076630778974,0.7816944959802102,4.3281660079956055,31.177966728280996,24.817545018007213,25.19853984874923,24.22792906903108,25.600513296227582,75.79359211337031,69.47058823529412,69.81384525887144,68.85877137428753,70.23623995052567,21.608749229821317,16.900360144057622,16.954624781849912,16.283723875870805,17.385281385281385,12.0,12.0,12.0,12.0,17.82654788337621
