,1,1l,1r,1s,2,2l,2r,2s,3,3l,3r,3s,4,4l,4r,4s,id,1_2,1_3,1_4,2_1,2_3,2_4,3_1,3_2,3_4,4_1,4_2,4_3,p1,p2,p3,p4,speed0,speed1,speed2,speed3,speed4,stop0,stop1,stop2,stop3,stop4,time,timeloss0,timeloss1,timeloss2,timeloss3,timeloss4,travel0,travel1,travel2,travel3,travel4,wait0,wait1,wait2,wait3,wait4,rrssl_rrssl_rrsslll_rrsslll_0,rrssl_rrssl_rrsslll_rrsslll_1,rrssl_rrssl_rrsslll_rrsslll_2,rrssl_rrssl_rrsslll_rrsslll_3,performance measure
0,5,1,2,2,5,1,2,2,7,3,2,2,7,3,2,2,rrssl_rrssl_rrsslll_rrsslll,294.0,426.0,254.0,645.0,297.0,500.0,679.0,330.0,503.0,541.0,226.0,158.0,12.0,12.0,12.0,12.0,8.322086410123987,8.531281621672726,8.41234207765474,8.703712070501021,8.734238416571971,0.9871873093349604,0.8902513795217658,0.9441833137485312,0.8399495904221802,0.8132678132678133,4.4483466148376465,35.385906040268345,31.28129981606379,32.90802585193888,27.768122243226163,27.560915233415216,80.02928615009152,75.95708154506438,77.54230317273796,72.35475740390675,72.19164619164619,25.439292251372787,22.218884120171673,23.28084606345476,19.35538752362949,19.32985257985258,12.0,12.0,12.0,12.0,21.924852507696258
