,1,1l,1r,1s,2,2l,2r,2s,3,3l,3r,3s,4,4l,4r,4s,id,1_2,1_3,1_4,2_1,2_3,2_4,3_1,3_2,3_4,4_1,4_2,4_3,p1,p2,p3,p4,speed0,speed1,speed2,speed3,speed4,stop0,stop1,stop2,stop3,stop4,time,timeloss0,timeloss1,timeloss2,timeloss3,timeloss4,travel0,travel1,travel2,travel3,travel4,wait0,wait1,wait2,wait3,wait4,rslll_rsl_rrslll_rsl_0,rslll_rsl_rrslll_rsl_1,rslll_rsl_rrslll_rsl_2,rslll_rsl_rrslll_rsl_3,performance measure
0,5,3,1,1,3,1,1,1,6,3,2,1,3,1,1,1,rslll_rsl_rrslll_rsl,960.0,97.0,279.0,225.0,290.0,88.0,94.0,597.0,962.0,199.0,116.0,302.0,12.0,5.0,12.0,5.0,9.380142554918683,9.3817799974045,9.335148602654002,9.427337035493657,9.475166364424194,0.7665745856353591,0.7823275862068966,0.7660148347943359,0.7346647646219686,0.7227304714989444,3.703118324279785,20.559102209944772,20.772952586206895,20.64387053270395,19.637517831669047,19.58733990147781,65.48480662983425,65.69755747126437,65.5502360080917,64.56276747503567,64.48768472906404,12.55317679558011,12.701149425287356,12.316250842886042,11.587731811697575,11.738916256157635,12.0,5.0,12.0,5.0,12.179445026321744
