,1,1l,1r,1s,2,2l,2r,2s,3,3l,3r,3s,4,4l,4r,4s,id,1_2,1_3,1_4,2_1,2_3,2_4,3_1,3_2,3_4,4_1,4_2,4_3,p1,p2,p3,p4,speed0,speed1,speed2,speed3,speed4,stop0,stop1,stop2,stop3,stop4,time,timeloss0,timeloss1,timeloss2,timeloss3,timeloss4,travel0,travel1,travel2,travel3,travel4,wait0,wait1,wait2,wait3,wait4,rrslll_rssll_rsl_rssssll_0,rrslll_rssll_rsl_rssssll_1,rrslll_rssll_rsl_rssssll_2,rrslll_rssll_rsl_rssssll_3,performance measure
0,6,3,2,1,5,2,1,2,3,1,1,1,7,2,1,4,rrslll_rssll_rsl_rssssll,728.0,335.0,336.0,55.0,503.0,490.0,185.0,132.0,119.0,417.0,1065.0,228.0,12.0,12.0,12.0,12.0,8.68045513749397,8.606478649569242,8.352855064226087,8.81442825220512,8.446611640521601,0.8122186495176849,0.8574181117533719,1.015547263681592,0.8018867924528302,0.9934683213585892,4.175196886062622,27.310739549839255,29.751509312780975,36.13888681592033,25.647985175202162,35.52048334421948,72.2572347266881,74.72125883108542,81.1455223880597,70.65026954177898,80.45852384062704,19.001286173633442,20.870905587668595,25.57089552238806,17.451482479784367,25.203135205747877,12.0,12.0,12.0,12.0,21.61954099384447
