,1,1l,1r,1s,2,2l,2r,2s,3,3l,3r,3s,4,4l,4r,4s,id,1_2,1_3,1_4,2_1,2_3,2_4,3_1,3_2,3_4,4_1,4_2,4_3,p1,p2,p3,p4,speed0,speed1,speed2,speed3,speed4,stop0,stop1,stop2,stop3,stop4,time,timeloss0,timeloss1,timeloss2,timeloss3,timeloss4,travel0,travel1,travel2,travel3,travel4,wait0,wait1,wait2,wait3,wait4,rsl_rsssll_rrssl_rrsslll_0,rsl_rsssll_rrssl_rrsslll_1,rsl_rsssll_rrssl_rrsslll_2,rsl_rsssll_rrssl_rrsslll_3,performance measure
0,3,1,1,1,6,2,1,3,5,1,2,2,7,3,2,2,rsl_rsssll_rrssl_rrsslll,188.0,293.0,250.0,124.0,307.0,193.0,200.0,567.0,282.0,734.0,217.0,200.0,12.0,12.0,12.0,5.0,9.323076981716863,9.200514946914028,9.174220530036363,9.343643286186712,9.055330945156435,0.7260162601626017,0.7371048252911814,0.7635627530364373,0.7315208156329651,0.7980214344600165,3.4837448596954346,21.132788617886145,22.73133111480866,22.53077732793521,21.25527612574342,24.85384171475682,65.72195121951219,67.346921797005,67.12145748987854,65.80118946474087,69.41632316570487,13.560162601626017,15.052412645590682,14.708502024291498,13.62107051826678,16.70156636438582,12.0,12.0,12.0,5.0,14.728742830832157
