,1,1l,1r,1s,2,2l,2r,2s,3,3l,3r,3s,4,4l,4r,4s,id,1_2,1_3,1_4,2_1,2_3,2_4,3_1,3_2,3_4,4_1,4_2,4_3,p1,p2,p3,p4,speed0,speed1,speed2,speed3,speed4,stop0,stop1,stop2,stop3,stop4,time,timeloss0,timeloss1,timeloss2,timeloss3,timeloss4,travel0,travel1,travel2,travel3,travel4,wait0,wait1,wait2,wait3,wait4,rrslll_rssll_rsl_rssssll_0,rrslll_rssll_rsl_rssssll_1,rrslll_rssll_rsl_rssssll_2,rrslll_rssll_rsl_rssssll_3,performance measure
0,6,3,2,1,5,2,1,2,3,1,1,1,7,2,1,4,rrslll_rssll_rsl_rssssll,838.0,333.0,72.0,117.0,374.0,101.0,168.0,231.0,94.0,468.0,1154.0,208.0,12.0,12.0,12.0,12.0,8.674241762102566,8.165626915417993,8.251636459691163,8.667874737056065,8.30387338280826,0.8087272727272727,0.9777931991672449,1.0539046302695232,0.8288222384784198,1.0683321087435709,3.930455446243286,27.001738181818144,35.507945870922995,38.35496890117484,26.91665691294809,38.643299044819976,71.98545454545454,80.53643303261624,83.35590877677954,71.87856620336504,83.65172667156503,18.66690909090909,25.514920194309507,27.25639253628196,18.430870519385515,27.387950036737692,12.0,12.0,12.0,12.0,23.451408475524754
