,1,1l,1r,1s,2,2l,2r,2s,3,3l,3r,3s,4,4l,4r,4s,id,1_2,1_3,1_4,2_1,2_3,2_4,3_1,3_2,3_4,4_1,4_2,4_3,p1,p2,p3,p4,speed0,speed1,speed2,speed3,speed4,stop0,stop1,stop2,stop3,stop4,time,timeloss0,timeloss1,timeloss2,timeloss3,timeloss4,travel0,travel1,travel2,travel3,travel4,wait0,wait1,wait2,wait3,wait4,rrsssll_rsl_rsl_rrsll_0,rrsssll_rsl_rsl_rrsll_1,rrsssll_rsl_rsl_rrsll_2,rrsssll_rsl_rsl_rrsll_3,performance measure
0,7,2,2,3,3,1,1,1,3,1,1,1,5,2,2,1,rrsssll_rsl_rsl_rrsll,415.0,830.0,137.0,140.0,206.0,285.0,279.0,294.0,126.0,442.0,126.0,180.0,12.0,12.0,12.0,12.0,8.370130841543366,8.713132948548735,8.721212073118716,8.855788720482705,8.650769140370212,0.9770603228547153,0.7963424771404821,0.8225941422594142,0.7939339875111507,0.856637168141593,3.796417713165283,35.05666949872556,27.124014962593535,27.012569037656895,25.368153434433534,28.881743362831873,79.99065420560747,72.07564422277639,71.94979079497908,70.28456735057983,73.80353982300885,24.898895497026338,18.788029925187033,18.574058577405857,17.273862622658342,20.097345132743364,12.0,12.0,12.0,12.0,19.926438351004187
