,1,1l,1r,1s,2,2l,2r,2s,3,3l,3r,3s,4,4l,4r,4s,id,1_2,1_3,1_4,2_1,2_3,2_4,3_1,3_2,3_4,4_1,4_2,4_3,p1,p2,p3,p4,speed0,speed1,speed2,speed3,speed4,stop0,stop1,stop2,stop3,stop4,time,timeloss0,timeloss1,timeloss2,timeloss3,timeloss4,travel0,travel1,travel2,travel3,travel4,wait0,wait1,wait2,wait3,wait4,rsl_rrsl_rssslll_rssssl_0,rsl_rrsl_rssslll_rssssl_1,rsl_rrsl_rssslll_rssssl_2,rsl_rrsl_rssslll_rssssl_3,performance measure
0,3,1,1,1,4,1,2,1,7,3,1,3,6,1,1,4,rsl_rrsl_rssslll_rssssl,50.0,167.0,151.0,391.0,105.0,219.0,961.0,48.0,190.0,284.0,225.0,98.0,5.0,12.0,12.0,12.0,9.222744097309574,8.902150184048047,9.180142827299798,9.209264661899512,9.362322596409015,0.7456230690010298,0.8295918367346938,0.7529527559055118,0.7632135306553911,0.7181069958847737,3.224691390991211,22.3243254376931,25.204540816326524,22.258641732283415,22.057431289640625,21.06997942386832,67.1936148300721,70.09285714285714,67.08464566929133,66.9090909090909,65.94341563786008,14.481977342945417,16.84081632653061,14.539370078740157,14.373150105708245,13.621399176954732,5.0,12.0,12.0,12.0,14.77134260617583
