,1,1l,1r,1s,2,2l,2r,2s,3,3l,3r,3s,4,4l,4r,4s,id,1_2,1_3,1_4,2_1,2_3,2_4,3_1,3_2,3_4,4_1,4_2,4_3,p1,p2,p3,p4,speed0,speed1,speed2,speed3,speed4,stop0,stop1,stop2,stop3,stop4,time,timeloss0,timeloss1,timeloss2,timeloss3,timeloss4,travel0,travel1,travel2,travel3,travel4,wait0,wait1,wait2,wait3,wait4,rssll_rrssl_rssslll_rrssll_0,rssll_rrssl_rssslll_rrssll_1,rssll_rrssl_rssslll_rrssll_2,rssll_rrssl_rssslll_rrssll_3,performance measure
0,5,2,1,2,5,1,2,2,7,3,1,3,6,2,2,2,rssll_rrssl_rssslll_rrssll,131.0,152.0,57.0,533.0,133.0,426.0,830.0,66.0,763.0,199.0,502.0,289.0,12.0,12.0,5.0,12.0,9.28932040228425,9.227109214740386,9.21328377037529,9.251721661025885,9.156089408900778,0.7525325615050651,0.7696296296296297,0.7768595041322314,0.8113636363636364,0.8082595870206489,3.890672206878662,22.577966714905934,22.986718518518536,23.41185261707984,24.813810606060617,25.541843657817125,67.31837916063675,67.68518518518519,68.15426997245179,69.50378787878788,70.32743362831859,14.978292329956584,15.34962962962963,15.532369146005509,16.842424242424244,17.624631268436577,12.0,12.0,5.0,12.0,16.065469323290507
