,1,1l,1r,1s,2,2l,2r,2s,3,3l,3r,3s,4,4l,4r,4s,id,1_2,1_3,1_4,2_1,2_3,2_4,3_1,3_2,3_4,4_1,4_2,4_3,p1,p2,p3,p4,speed0,speed1,speed2,speed3,speed4,stop0,stop1,stop2,stop3,stop4,time,timeloss0,timeloss1,timeloss2,timeloss3,timeloss4,travel0,travel1,travel2,travel3,travel4,wait0,wait1,wait2,wait3,wait4,rssll_rrssl_rssslll_rrssll_0,rssll_rrssl_rssslll_rrssll_1,rssll_rrssl_rssslll_rrssll_2,rssll_rrssl_rssslll_rrssll_3,performance measure
0,5,2,1,2,5,1,2,2,7,3,1,3,6,2,2,2,rssll_rrssl_rssslll_rrssll,491.0,107.0,301.0,119.0,307.0,383.0,905.0,97.0,306.0,302.0,285.0,336.0,12.0,12.0,12.0,12.0,8.843010452831498,8.768274245472428,8.719127665275643,8.776065153717516,9.047468239914469,0.78640059127864,0.7874074074074074,0.828335832083958,0.8216216216216217,0.7468944099378882,3.8592782020568848,25.88793791574284,26.85192592592597,27.473088455772157,26.83450193050189,23.91950310559005,70.56541019955654,71.56222222222222,72.22263868065967,71.54749034749035,68.625,17.92387287509239,18.76222222222222,19.038980509745127,18.643243243243244,16.21972049689441,12.0,12.0,12.0,12.0,18.117607869439478
