,1,1l,1r,1s,2,2l,2r,2s,3,3l,3r,3s,4,4l,4r,4s,id,1_2,1_3,1_4,2_1,2_3,2_4,3_1,3_2,3_4,4_1,4_2,4_3,p1,p2,p3,p4,speed0,speed1,speed2,speed3,speed4,stop0,stop1,stop2,stop3,stop4,time,timeloss0,timeloss1,timeloss2,timeloss3,timeloss4,travel0,travel1,travel2,travel3,travel4,wait0,wait1,wait2,wait3,wait4,rrslll_rssll_rsl_rssssll_0,rrslll_rssll_rsl_rssssll_1,rrslll_rssll_rsl_rssssll_2,rrslll_rssll_rsl_rssssll_3,performance measure
0,6,3,2,1,5,2,1,2,3,1,1,1,7,2,1,4,rrslll_rssll_rsl_rssssll,461.0,95.0,243.0,44.0,411.0,251.0,216.0,128.0,156.0,304.0,937.0,271.0,12.0,12.0,12.0,12.0,9.019629227996688,9.14222133371482,9.043789505722168,9.043598241625334,9.069832508468288,0.7479270315091211,0.7177554438860971,0.7547169811320755,0.7652329749103942,0.7470288624787776,3.352130651473999,24.150356550580394,23.19882747068676,23.80358490566038,23.603037634408597,23.567657045840356,68.94941956882255,68.02345058626466,68.62100082034455,68.43996415770609,68.38455008488964,16.5530679933665,15.802345058626466,16.00656275635767,15.982078853046595,15.955857385398982,12.0,12.0,12.0,12.0,16.059982409359243
