,1,1l,1r,1s,2,2l,2r,2s,3,3l,3r,3s,4,4l,4r,4s,id,1_2,1_3,1_4,2_1,2_3,2_4,3_1,3_2,3_4,4_1,4_2,4_3,p1,p2,p3,p4,speed0,speed1,speed2,speed3,speed4,stop0,stop1,stop2,stop3,stop4,time,timeloss0,timeloss1,timeloss2,timeloss3,timeloss4,travel0,travel1,travel2,travel3,travel4,wait0,wait1,wait2,wait3,wait4,rsssl_rrsll_rsl_rsslll_0,rsssl_rrsll_rsl_rsslll_1,rsssl_rrsll_rsl_rsslll_2,rsssl_rrsll_rsl_rsslll_3,performance measure
0,5,1,1,3,5,2,2,1,3,1,1,1,6,3,1,2,rsssl_rrsll_rsl_rsslll,200.0,538.0,143.0,150.0,610.0,86.0,88.0,100.0,159.0,817.0,567.0,70.0,12.0,12.0,20.0,12.0,8.74993309705984,8.71586645745397,8.451166814357592,8.849215344212334,8.638845568493885,0.7835314091680815,0.7906197654941374,0.8585365853658536,0.7557932263814616,0.8037766830870279,3.5780577659606934,27.10797962648558,27.10234505862649,31.0699593495935,25.80432263814618,28.71323481116584,72.0848896434635,72.0896147403685,76.05284552845528,70.77272727272727,73.66338259441707,19.22835314091681,18.938023450586265,22.408943089430895,17.881461675579324,20.49671592775041,12.0,12.0,20.0,12.0,19.790699456852742
