,1,1l,1r,1s,2,2l,2r,2s,3,3l,3r,3s,4,4l,4r,4s,id,1_2,1_3,1_4,2_1,2_3,2_4,3_1,3_2,3_4,4_1,4_2,4_3,p1,p2,p3,p4,speed0,speed1,speed2,speed3,speed4,stop0,stop1,stop2,stop3,stop4,time,timeloss0,timeloss1,timeloss2,timeloss3,timeloss4,travel0,travel1,travel2,travel3,travel4,wait0,wait1,wait2,wait3,wait4,rsl_rssslll_rrsssl_rsslll_0,rsl_rssslll_rrsssl_rsslll_1,rsl_rssslll_rrsssl_rsslll_2,rsl_rssslll_rrsssl_rsslll_3,performance measure
0,3,1,1,1,7,3,1,3,6,1,2,3,6,3,1,2,rsl_rssslll_rrsssl_rsslll,321.0,275.0,57.0,214.0,624.0,238.0,994.0,263.0,191.0,391.0,547.0,261.0,20.0,20.0,12.0,12.0,8.108282217960717,8.26832219031992,8.108203260575426,8.29545389208099,8.147723614726077,0.8507157464212679,0.8283173734610123,0.885430463576159,0.8199858256555634,0.863950276243094,4.234349489212036,34.88107021131562,32.010485636114936,35.16925827814567,31.893196314670476,34.92111187845304,79.68575323790047,76.82216142270862,79.98278145695365,76.7165131112686,79.72790055248619,26.01499659168371,23.486320109439124,25.9682119205298,23.492558469170802,26.069060773480665,20.0,20.0,12.0,12.0,25.00622957286082
