,1,1l,1r,1s,2,2l,2r,2s,3,3l,3r,3s,4,4l,4r,4s,id,1_2,1_3,1_4,2_1,2_3,2_4,3_1,3_2,3_4,4_1,4_2,4_3,p1,p2,p3,p4,speed0,speed1,speed2,speed3,speed4,stop0,stop1,stop2,stop3,stop4,time,timeloss0,timeloss1,timeloss2,timeloss3,timeloss4,travel0,travel1,travel2,travel3,travel4,wait0,wait1,wait2,wait3,wait4,rssll_rrsl_rsssl_rrsl_0,rssll_rrsl_rsssl_rrsl_1,rssll_rrsl_rsssl_rrsl_2,rssll_rrsl_rsssl_rrsl_3,performance measure
0,5,2,1,2,4,1,2,1,5,1,1,3,4,1,2,1,rssll_rrsl_rsssl_rrsl,647.0,650.0,63.0,182.0,202.0,53.0,322.0,234.0,210.0,99.0,333.0,160.0,20.0,20.0,12.0,20.0,8.350002831406204,8.165645042733722,8.215386872269226,8.30570673450313,8.24277652137595,0.7652091254752852,0.8236415633937083,0.8088768115942029,0.7888015717092338,0.7894736842105263,3.266082286834717,31.984192015209114,34.39374642516679,33.948668478260856,33.63793713163066,32.840526315789475,76.89068441064639,79.34318398474738,78.80253623188406,78.54715127701375,77.73397129186603,23.692015209125476,25.678741658722593,25.326992753623188,25.3713163064833,24.524401913875597,20.0,20.0,12.0,20.0,24.91869356836603
