,1,1l,1r,1s,2,2l,2r,2s,3,3l,3r,3s,4,4l,4r,4s,id,1_2,1_3,1_4,2_1,2_3,2_4,3_1,3_2,3_4,4_1,4_2,4_3,p1,p2,p3,p4,speed0,speed1,speed2,speed3,speed4,stop0,stop1,stop2,stop3,stop4,time,timeloss0,timeloss1,timeloss2,timeloss3,timeloss4,travel0,travel1,travel2,travel3,travel4,wait0,wait1,wait2,wait3,wait4,rssslll_rrsssl_rsssssl_rsl_0,rssslll_rrsssl_rsssssl_rsl_1,rssslll_rrsssl_rsssssl_rsl_2,rssslll_rrsssl_rsssssl_rsl_3,performance measure
0,7,3,1,3,6,1,2,3,7,1,1,5,3,1,1,1,rssslll_rrsssl_rsssssl_rsl,267.0,792.0,324.0,144.0,231.0,813.0,1440.0,263.0,298.0,119.0,183.0,310.0,12.0,12.0,12.0,12.0,8.771422467079976,8.859490704441336,8.704129981125652,8.511122841818034,8.83674868774578,0.793002915451895,0.7813578826237054,0.8448956570783982,0.8940119760479042,0.7874423963133641,4.703312635421753,25.97106705539357,25.48579401611046,27.308037225042305,29.494041916167706,25.29998271889402,70.75451895043732,70.28711162255466,72.11167512690355,74.32754491017964,70.07027649769586,17.584839650145774,17.312428078250864,18.57980823463057,20.41497005988024,17.055299539170505,12.0,12.0,12.0,12.0,18.18946911241559
