,1,1l,1r,1s,2,2l,2r,2s,3,3l,3r,3s,4,4l,4r,4s,id,1_2,1_3,1_4,2_1,2_3,2_4,3_1,3_2,3_4,4_1,4_2,4_3,p1,p2,p3,p4,speed0,speed1,speed2,speed3,speed4,stop0,stop1,stop2,stop3,stop4,time,timeloss0,timeloss1,timeloss2,timeloss3,timeloss4,travel0,travel1,travel2,travel3,travel4,wait0,wait1,wait2,wait3,wait4,rsssssl_rsl_rrsslll_rsssll_0,rsssssl_rsl_rrsslll_rsssll_1,rsssssl_rsl_rrsslll_rsssll_2,rsssssl_rsl_rrsslll_rsssll_3,performance measure
0,7,1,1,5,3,1,1,1,7,3,2,2,6,2,1,3,rsssssl_rsl_rrsslll_rsssll,246.0,982.0,211.0,132.0,127.0,264.0,554.0,386.0,786.0,319.0,430.0,55.0,12.0,12.0,12.0,12.0,8.623884104593301,8.84735722120261,8.76187442635113,8.815098889458556,8.891491410517727,0.8653846153846154,0.7827841291190316,0.8184796854521625,0.7990230286113049,0.7715968586387435,4.1093738079071045,29.483189655172353,25.718345662407575,26.412332896461344,25.540334961619,24.92845549738221,74.34283819628648,70.57498318762609,71.24901703800786,70.38660153524076,69.75130890052355,20.588196286472147,17.78614660390047,18.117300131061597,17.381716678297277,16.95026178010471,12.0,12.0,12.0,12.0,18.16472429596724
