,1,1l,1r,1s,2,2l,2r,2s,3,3l,3r,3s,4,4l,4r,4s,id,1_2,1_3,1_4,2_1,2_3,2_4,3_1,3_2,3_4,4_1,4_2,4_3,p1,p2,p3,p4,speed0,speed1,speed2,speed3,speed4,stop0,stop1,stop2,stop3,stop4,time,timeloss0,timeloss1,timeloss2,timeloss3,timeloss4,travel0,travel1,travel2,travel3,travel4,wait0,wait1,wait2,wait3,wait4,rsssssl_rssssll_rsl_rssll_0,rsssssl_rssssll_rsl_rssll_1,rsssssl_rssssll_rsl_rssll_2,rsssssl_rssssll_rsl_rssll_3,performance measure
0,7,1,1,5,7,2,1,4,3,1,1,1,5,2,1,2,rsssssl_rssssll_rsl_rssll,123.0,1459.0,303.0,286.0,158.0,789.0,256.0,71.0,232.0,571.0,562.0,37.0,12.0,12.0,12.0,12.0,8.70668070952426,8.401951710495768,8.498074563847192,8.796976491031158,8.756099696541416,0.8075030750307504,0.873862947240752,0.8684834123222749,0.8030495552731893,0.7980652962515115,4.500203609466553,26.376918819188248,30.31177077016369,28.41485781990519,25.65654383735709,25.976541717049553,71.25645756457564,75.19648271679806,73.31635071090048,70.57560355781449,70.8615477629988,18.038130381303812,21.2116434202547,19.572274881516588,17.424396442185515,17.67049576783555,12.0,12.0,12.0,12.0,18.78338817861923
