,1,1l,1r,1s,2,2l,2r,2s,3,3l,3r,3s,4,4l,4r,4s,id,1_2,1_3,1_4,2_1,2_3,2_4,3_1,3_2,3_4,4_1,4_2,4_3,p1,p2,p3,p4,speed0,speed1,speed2,speed3,speed4,stop0,stop1,stop2,stop3,stop4,time,timeloss0,timeloss1,timeloss2,timeloss3,timeloss4,travel0,travel1,travel2,travel3,travel4,wait0,wait1,wait2,wait3,wait4,rsl_rsl_rsl_rrssll_0,rsl_rsl_rsl_rrssll_1,rsl_rsl_rsl_rrssll_2,rsl_rsl_rsl_rrssll_3,performance measure
0,3,1,1,1,3,1,1,1,3,1,1,1,6,2,2,2,rsl_rsl_rsl_rrssll,128.0,332.0,255.0,67.0,37.0,53.0,103.0,61.0,195.0,626.0,638.0,118.0,12.0,20.0,20.0,20.0,8.331771136397611,7.994358057968556,8.057894690132228,8.225334842313144,7.905518283131054,0.7800687285223368,0.8200692041522492,0.8304157549234136,0.804374240583232,0.8618421052631579,2.943176507949829,32.53418098510883,35.862295271049625,34.985601750547005,34.47714459295259,37.15894736842105,77.62313860252004,81.03690888119954,80.16301969365426,79.58566221142163,82.30263157894737,24.258877434135165,27.05997693194925,26.218818380743983,25.996354799513973,28.06030701754386,12.0,20.0,20.0,20.0,26.318866912777246
