,1,1l,1r,1s,2,2l,2r,2s,3,3l,3r,3s,4,4l,4r,4s,id,1_2,1_3,1_4,2_1,2_3,2_4,3_1,3_2,3_4,4_1,4_2,4_3,p1,p2,p3,p4,speed0,speed1,speed2,speed3,speed4,stop0,stop1,stop2,stop3,stop4,time,timeloss0,timeloss1,timeloss2,timeloss3,timeloss4,travel0,travel1,travel2,travel3,travel4,wait0,wait1,wait2,wait3,wait4,rsl_rsl_rsl_rrssssl_0,rsl_rsl_rsl_rrssssl_1,rsl_rsl_rsl_rrssssl_2,rsl_rsl_rsl_rrssssl_3,performance measure
0,3,1,1,1,3,1,1,1,3,1,1,1,7,1,2,4,rsl_rsl_rsl_rrssssl,302.0,41.0,120.0,49.0,101.0,40.0,46.0,40.0,129.0,161.0,1406.0,625.0,12.0,5.0,12.0,20.0,9.119689017459363,9.158186019589778,9.086318348881662,9.376300359974637,9.454462629708196,0.8014981273408239,0.7877312560856865,0.8355018587360595,0.7003027245206862,0.6801541425818882,3.2332100868225098,27.483333333333317,25.998928919182095,27.729944237918204,22.888768920282565,20.833005780346838,72.28183520599251,70.8666017526777,72.57527881040892,67.77093844601413,65.70616570327553,18.85112359550562,17.466407010710807,18.79832713754647,15.168516649848637,13.375722543352602,12.0,5.0,12.0,20.0,16.732019387392825
