,1,1l,1r,1s,2,2l,2r,2s,3,3l,3r,3s,4,4l,4r,4s,id,1_2,1_3,1_4,2_1,2_3,2_4,3_1,3_2,3_4,4_1,4_2,4_3,p1,p2,p3,p4,speed0,speed1,speed2,speed3,speed4,stop0,stop1,stop2,stop3,stop4,time,timeloss0,timeloss1,timeloss2,timeloss3,timeloss4,travel0,travel1,travel2,travel3,travel4,wait0,wait1,wait2,wait3,wait4,rsl_rssslll_rrsssl_rsslll_0,rsl_rssslll_rrsssl_rsslll_1,rsl_rssslll_rrsssl_rsslll_2,rsl_rssslll_rrsssl_rsslll_3,performance measure
0,3,1,1,1,7,3,1,3,6,1,2,3,6,3,1,2,rsl_rssslll_rrsssl_rsslll,239.0,330.0,87.0,92.0,826.0,142.0,436.0,300.0,280.0,252.0,382.0,272.0,20.0,20.0,20.0,12.0,8.447295498236318,8.448762110057944,8.35008848262385,8.445258873636638,8.26826978152206,0.7592295345104334,0.7717569786535303,0.7828525641025641,0.7562814070351759,0.7838056680161943,3.675455331802368,30.72982343499191,30.935287356321833,31.506826923076943,30.890142378559485,32.62425101214579,75.42054574638844,75.64860426929393,76.1963141025641,75.56867671691792,77.31902834008098,22.636436597110755,22.848932676518885,23.145833333333332,22.78894472361809,24.278542510121458,20.0,20.0,20.0,12.0,23.1397379681405
