,1,1l,1r,1s,2,2l,2r,2s,3,3l,3r,3s,4,4l,4r,4s,id,1_2,1_3,1_4,2_1,2_3,2_4,3_1,3_2,3_4,4_1,4_2,4_3,p1,p2,p3,p4,speed0,speed1,speed2,speed3,speed4,stop0,stop1,stop2,stop3,stop4,time,timeloss0,timeloss1,timeloss2,timeloss3,timeloss4,travel0,travel1,travel2,travel3,travel4,wait0,wait1,wait2,wait3,wait4,rrsll_rssl_rsssll_rsl_0,rrsll_rssl_rsssll_rsl_1,rrsll_rssl_rsssll_rsl_2,rrsll_rssl_rsssll_rsl_3,performance measure
0,5,2,2,1,4,1,1,2,6,2,1,3,3,1,1,1,rrsll_rssl_rsssll_rsl,257.0,145.0,310.0,223.0,235.0,161.0,567.0,178.0,487.0,72.0,185.0,185.0,12.0,12.0,12.0,12.0,9.115618612457974,9.136792098448534,9.026683952728412,8.942339180651585,9.19771268796813,0.7210216110019646,0.7061752988047809,0.7737864077669903,0.7744897959183673,0.7040618955512572,3.484374761581421,23.305245579567796,23.126414342629495,24.003048543689324,24.875234693877537,22.84214700193423,68.13261296660117,68.00498007968127,68.80194174757281,69.71122448979592,67.64023210831722,15.8762278978389,15.650398406374501,16.141747572815532,17.04591836734694,15.451644100580271,12.0,12.0,12.0,12.0,16.033187268991227
