,1,1l,1r,1s,2,2l,2r,2s,3,3l,3r,3s,4,4l,4r,4s,id,1_2,1_3,1_4,2_1,2_3,2_4,3_1,3_2,3_4,4_1,4_2,4_3,p1,p2,p3,p4,speed0,speed1,speed2,speed3,speed4,stop0,stop1,stop2,stop3,stop4,time,timeloss0,timeloss1,timeloss2,timeloss3,timeloss4,travel0,travel1,travel2,travel3,travel4,wait0,wait1,wait2,wait3,wait4,rssll_rrsl_rsssl_rrsl_0,rssll_rrsl_rsssl_rrsl_1,rssll_rrsl_rsssl_rrsl_2,rssll_rrsl_rsssl_rrsl_3,performance measure
0,5,2,1,2,4,1,2,1,5,1,1,3,4,1,2,1,rssll_rrsl_rsssl_rrsl,537.0,415.0,111.0,509.0,144.0,273.0,372.0,204.0,284.0,176.0,206.0,586.0,12.0,12.0,12.0,12.0,8.914829580188616,9.089861052098664,8.726306031854568,8.942157342832342,9.077752103645077,0.8211567732115678,0.734108527131783,0.8425435276305829,0.7821316614420063,0.7411487018095987,3.7500195503234863,28.031978691019773,23.857635658914717,28.642626797880386,24.91983542319753,23.986947285601865,72.69482496194826,68.55968992248062,73.34897804693414,69.62225705329153,68.66561762391818,19.235159817351597,16.115503875968994,19.941710825132475,16.837774294670847,16.209284028324156,12.0,12.0,12.0,12.0,17.66788656828961
