,1,1l,1r,1s,2,2l,2r,2s,3,3l,3r,3s,4,4l,4r,4s,id,1_2,1_3,1_4,2_1,2_3,2_4,3_1,3_2,3_4,4_1,4_2,4_3,p1,p2,p3,p4,speed0,speed1,speed2,speed3,speed4,stop0,stop1,stop2,stop3,stop4,time,timeloss0,timeloss1,timeloss2,timeloss3,timeloss4,travel0,travel1,travel2,travel3,travel4,wait0,wait1,wait2,wait3,wait4,rrslll_rssll_rsl_rssssll_0,rrslll_rssll_rsl_rssssll_1,rrslll_rssll_rsl_rssssll_2,rrslll_rssll_rsl_rssssll_3,performance measure
0,6,3,2,1,5,2,1,2,3,1,1,1,7,2,1,4,rrslll_rssll_rsl_rssssll,508.0,148.0,310.0,222.0,386.0,609.0,57.0,205.0,63.0,200.0,902.0,55.0,12.0,12.0,12.0,20.0,8.981937283451373,9.11539695770472,9.031305100206986,9.04075051704372,9.075636571390806,0.7319838056680162,0.7160292921074044,0.7321288295365279,0.729043183742591,0.7173566878980892,3.6760528087615967,24.756040485829928,23.71890154597231,24.51736056559304,24.343725656223537,24.049578025477704,69.60242914979757,68.57689178193654,69.37863315003928,69.1930567315834,68.84156050955414,17.175708502024293,16.274206672091132,17.00864100549882,16.911092294665536,16.65047770700637,12.0,12.0,12.0,20.0,16.80402523625723
