,1,1l,1r,1s,2,2l,2r,2s,3,3l,3r,3s,4,4l,4r,4s,id,1_2,1_3,1_4,2_1,2_3,2_4,3_1,3_2,3_4,4_1,4_2,4_3,p1,p2,p3,p4,speed0,speed1,speed2,speed3,speed4,stop0,stop1,stop2,stop3,stop4,time,timeloss0,timeloss1,timeloss2,timeloss3,timeloss4,travel0,travel1,travel2,travel3,travel4,wait0,wait1,wait2,wait3,wait4,rsl_rsl_rsl_rrssssl_0,rsl_rsl_rsl_rrssssl_1,rsl_rsl_rsl_rrssssl_2,rsl_rsl_rsl_rrssssl_3,performance measure
0,3,1,1,1,3,1,1,1,3,1,1,1,7,1,2,4,rsl_rsl_rsl_rrssssl,177.0,107.0,39.0,116.0,268.0,75.0,248.0,174.0,115.0,116.0,1103.0,585.0,12.0,12.0,12.0,12.0,8.912071697291086,8.993624415746098,8.752778481379545,8.843117862346402,9.04394399680816,0.7635694572217111,0.7455399061032864,0.8211981566820277,0.7947947947947948,0.7521531100478469,3.2695937156677246,25.16520699172033,24.437446009389664,27.19072811059903,26.357137137137148,23.884057416267947,69.90340386384544,69.26103286384976,72.00552995391705,71.1891891891892,68.67368421052632,17.1803127874885,16.460093896713616,18.61935483870968,18.06206206206206,16.05645933014354,12.0,12.0,12.0,12.0,17.27565658302348
