,1,1l,1r,1s,2,2l,2r,2s,3,3l,3r,3s,4,4l,4r,4s,id,1_2,1_3,1_4,2_1,2_3,2_4,3_1,3_2,3_4,4_1,4_2,4_3,p1,p2,p3,p4,speed0,speed1,speed2,speed3,speed4,stop0,stop1,stop2,stop3,stop4,time,timeloss0,timeloss1,timeloss2,timeloss3,timeloss4,travel0,travel1,travel2,travel3,travel4,wait0,wait1,wait2,wait3,wait4,rrsssll_rsl_rsl_rrsll_0,rrsssll_rsl_rsl_rrsll_1,rrsssll_rsl_rsl_rrsll_2,rrsssll_rsl_rsl_rrsll_3,performance measure
0,7,2,2,3,3,1,1,1,3,1,1,1,5,2,2,1,rrsssll_rsl_rsl_rrsll,232.0,127.0,564.0,197.0,94.0,82.0,40.0,166.0,57.0,74.0,104.0,380.0,5.0,5.0,5.0,5.0,10.224554526748147,10.385769454540375,10.233630110596124,10.304376054939802,10.363056541580777,0.6510695187165776,0.5980528511821975,0.6437086092715232,0.6353276353276354,0.5989304812834224,2.671994209289551,13.770815508021414,12.560778859527106,13.621867549668872,13.036737891737896,12.889478609625675,58.032085561497325,56.76356050069541,57.89271523178808,57.22079772079772,57.1644385026738,6.910427807486631,5.956884561891516,6.788079470198675,6.300569800569801,6.302139037433155,5.0,5.0,5.0,5.0,6.451620135515955
