,1,1l,1r,1s,2,2l,2r,2s,3,3l,3r,3s,4,4l,4r,4s,id,1_2,1_3,1_4,2_1,2_3,2_4,3_1,3_2,3_4,4_1,4_2,4_3,p1,p2,p3,p4,speed0,speed1,speed2,speed3,speed4,stop0,stop1,stop2,stop3,stop4,time,timeloss0,timeloss1,timeloss2,timeloss3,timeloss4,travel0,travel1,travel2,travel3,travel4,wait0,wait1,wait2,wait3,wait4,rsll_rsl_rssslll_rrsssll_0,rsll_rsl_rssslll_rrsssll_1,rsll_rsl_rssslll_rrsssll_2,rsll_rsl_rssslll_rrsssll_3,performance measure
0,4,2,1,1,3,1,1,1,7,3,1,3,7,2,2,3,rsll_rsl_rssslll_rrsssll,340.0,154.0,93.0,105.0,117.0,262.0,683.0,307.0,867.0,323.0,664.0,480.0,12.0,12.0,12.0,12.0,8.545454261636525,8.941320639072476,8.769618773707021,8.738209497931495,8.8766588535841,0.873921698739217,0.7450713800135962,0.8009383378016086,0.8176100628930818,0.7717536813922357,4.29685115814209,30.202003981420045,24.635098572399755,26.382345844503998,26.293640810621927,25.022831325301194,74.94625082946251,69.39972807613869,71.17627345844504,71.03144654088051,69.80053547523427,21.179827471798276,16.808293677770223,18.006702412868634,17.966457023060798,16.930388219544845,12.0,12.0,12.0,12.0,18.178333761008552
