,1,1l,1r,1s,2,2l,2r,2s,3,3l,3r,3s,4,4l,4r,4s,id,1_2,1_3,1_4,2_1,2_3,2_4,3_1,3_2,3_4,4_1,4_2,4_3,p1,p2,p3,p4,speed0,speed1,speed2,speed3,speed4,stop0,stop1,stop2,stop3,stop4,time,timeloss0,timeloss1,timeloss2,timeloss3,timeloss4,travel0,travel1,travel2,travel3,travel4,wait0,wait1,wait2,wait3,wait4,rsl_rssslll_rrsssl_rsslll_0,rsl_rssslll_rrsssl_rsslll_1,rsl_rssslll_rrsssl_rsslll_2,rsl_rssslll_rrsssl_rsslll_3,performance measure
0,3,1,1,1,7,3,1,3,6,1,2,3,6,3,1,2,rsl_rssslll_rrsssl_rsslll,238.0,165.0,297.0,274.0,271.0,706.0,682.0,145.0,195.0,838.0,556.0,322.0,12.0,12.0,12.0,12.0,8.853478670630656,8.814735143005827,8.777837853671974,8.796334823890248,8.851165001628878,0.7694267515923567,0.782608695652174,0.8038605230386052,0.7972885732730794,0.7664747280870121,4.3594136238098145,25.063853503184742,25.840962732919284,25.63661892901617,25.58923821820535,25.00955854126687,69.85859872611465,70.63229813664596,70.44520547945206,70.36023240800516,69.787587971849,16.943949044585988,17.625465838509317,17.30074719800747,17.37443511943189,16.949456174024313,12.0,12.0,12.0,12.0,17.238810674911797
