,1,1l,1r,1s,2,2l,2r,2s,3,3l,3r,3s,4,4l,4r,4s,id,1_2,1_3,1_4,2_1,2_3,2_4,3_1,3_2,3_4,4_1,4_2,4_3,p1,p2,p3,p4,speed0,speed1,speed2,speed3,speed4,stop0,stop1,stop2,stop3,stop4,time,timeloss0,timeloss1,timeloss2,timeloss3,timeloss4,travel0,travel1,travel2,travel3,travel4,wait0,wait1,wait2,wait3,wait4,rsll_rsl_rssslll_rrsssll_0,rsll_rsl_rssslll_rrsssll_1,rsll_rsl_rssslll_rrsssll_2,rsll_rsl_rssslll_rrsssll_3,performance measure
0,4,2,1,1,3,1,1,1,7,3,1,3,7,2,2,3,rsll_rsl_rssslll_rrsssll,466.0,173.0,206.0,77.0,150.0,344.0,296.0,179.0,524.0,347.0,816.0,381.0,12.0,12.0,12.0,20.0,8.809663856681283,8.889144182180534,8.597998963591369,8.93315869116012,8.948682258649123,0.7617668356263577,0.7477941176470588,0.8069919883466861,0.7498063516653757,0.7371134020618557,3.8904294967651367,26.295981173063034,25.747463235294134,28.973889293517818,25.265096824167305,24.95605301914578,71.05792903692976,70.52794117647059,73.79169701383832,69.99457784663052,69.70765832106038,18.19044170890659,17.938235294117646,20.73852876911872,17.483346243222307,17.21575846833579,12.0,12.0,12.0,20.0,18.31326209674021
