,1,1l,1r,1s,2,2l,2r,2s,3,3l,3r,3s,4,4l,4r,4s,id,1_2,1_3,1_4,2_1,2_3,2_4,3_1,3_2,3_4,4_1,4_2,4_3,p1,p2,p3,p4,speed0,speed1,speed2,speed3,speed4,stop0,stop1,stop2,stop3,stop4,time,timeloss0,timeloss1,timeloss2,timeloss3,timeloss4,travel0,travel1,travel2,travel3,travel4,wait0,wait1,wait2,wait3,wait4,rrsssll_rsl_rsl_rrsll_0,rrsssll_rsl_rsl_rrsll_1,rrsssll_rsl_rsl_rrsll_2,rrsssll_rsl_rsl_rrsll_3,performance measure
0,7,2,2,3,3,1,1,1,3,1,1,1,5,2,2,1,rrsssll_rsl_rsl_rrsll,162.0,609.0,265.0,177.0,41.0,193.0,114.0,84.0,123.0,264.0,287.0,401.0,5.0,12.0,5.0,12.0,9.399321582550128,9.363457495201844,9.49032139759724,9.631447993873694,9.522447702691776,0.768664563617245,0.790084388185654,0.7579281183932347,0.7132784958871915,0.7346072186836518,3.2030985355377197,21.5774658254469,22.004472573839745,20.258668076109934,19.139623971797903,20.213354564755832,66.27865404837014,66.71940928270043,65.00951374207189,63.75675675675676,64.90764331210191,13.987381703470032,14.363924050632912,12.783298097251585,12.008225616921269,12.809978768577494,5.0,12.0,5.0,12.0,13.190561647370657
