,1,1l,1r,1s,2,2l,2r,2s,3,3l,3r,3s,4,4l,4r,4s,id,1_2,1_3,1_4,2_1,2_3,2_4,3_1,3_2,3_4,4_1,4_2,4_3,p1,p2,p3,p4,speed0,speed1,speed2,speed3,speed4,stop0,stop1,stop2,stop3,stop4,time,timeloss0,timeloss1,timeloss2,timeloss3,timeloss4,travel0,travel1,travel2,travel3,travel4,wait0,wait1,wait2,wait3,wait4,rssl_rrsslll_rsl_rrsll_0,rssl_rrsslll_rsl_rrsll_1,rssl_rrsslll_rsl_rrsll_2,rssl_rrsslll_rsl_rrsll_3,performance measure
0,4,1,1,2,7,3,2,2,3,1,1,1,5,2,2,1,rssl_rrsslll_rsl_rrsll,305.0,583.0,212.0,269.0,199.0,277.0,325.0,257.0,308.0,569.0,305.0,126.0,12.0,12.0,12.0,12.0,8.246121211242968,7.827391934916795,7.845872341007396,8.22475515668319,8.393224964938499,0.9549763033175356,1.0573448546739985,1.0833333333333333,0.9699749791492911,0.8996789727126806,3.781658172607422,34.070055292259106,39.76941869599368,39.860578703703744,34.611109257714766,31.15663723916531,78.85545023696683,84.5962293794187,84.63348765432099,79.37281067556297,75.92455858747994,24.23696682464455,29.054202670856245,28.906635802469136,24.82819015846539,21.971910112359552,12.0,12.0,12.0,12.0,25.799581113758972
