,1,1l,1r,1s,2,2l,2r,2s,3,3l,3r,3s,4,4l,4r,4s,id,1_2,1_3,1_4,2_1,2_3,2_4,3_1,3_2,3_4,4_1,4_2,4_3,p1,p2,p3,p4,speed0,speed1,speed2,speed3,speed4,stop0,stop1,stop2,stop3,stop4,time,timeloss0,timeloss1,timeloss2,timeloss3,timeloss4,travel0,travel1,travel2,travel3,travel4,wait0,wait1,wait2,wait3,wait4,rrslll_rssll_rsl_rssssll_0,rrslll_rssll_rsl_rssssll_1,rrslll_rssll_rsl_rssssll_2,rrslll_rssll_rsl_rssssll_3,performance measure
0,6,3,2,1,5,2,1,2,3,1,1,1,7,2,1,4,rrslll_rssll_rsl_rssssll,464.0,134.0,589.0,92.0,619.0,708.0,319.0,210.0,122.0,436.0,1154.0,290.0,12.0,20.0,20.0,20.0,8.310626462947113,8.408983071034035,8.48508694578606,8.357552932686541,8.279463136081514,0.7806967447173044,0.7622857142857142,0.7498613422074321,0.7663768115942029,0.7837521917007598,4.364693880081177,31.73382067390058,30.88682857142849,29.788269550748716,31.590707246376777,31.79432495616594,76.54140491147915,75.72342857142857,74.60066555740433,76.43072463768117,76.60549386323787,23.21245002855511,22.536571428571428,21.490293954520244,23.20057971014493,23.341320864991232,12.0,20.0,20.0,20.0,22.75624319735659
