,1,1l,1r,1s,2,2l,2r,2s,3,3l,3r,3s,4,4l,4r,4s,id,1_2,1_3,1_4,2_1,2_3,2_4,3_1,3_2,3_4,4_1,4_2,4_3,p1,p2,p3,p4,speed0,speed1,speed2,speed3,speed4,stop0,stop1,stop2,stop3,stop4,time,timeloss0,timeloss1,timeloss2,timeloss3,timeloss4,travel0,travel1,travel2,travel3,travel4,wait0,wait1,wait2,wait3,wait4,rsssl_rrsll_rsl_rsslll_0,rsssl_rrsll_rsl_rsslll_1,rsssl_rrsll_rsl_rsslll_2,rsssl_rrsll_rsl_rsslll_3,performance measure
0,5,1,1,3,5,2,2,1,3,1,1,1,6,3,1,2,rsssl_rrsll_rsl_rsslll,192.0,1035.0,249.0,183.0,154.0,225.0,105.0,36.0,45.0,956.0,377.0,42.0,12.0,20.0,20.0,12.0,8.343838101354809,8.459491858625334,8.489814889816367,8.472009514021384,8.508311520167313,0.8989229494614748,0.7961165048543689,0.799835255354201,0.7828326180257511,0.7761437908496732,3.681877374649048,37.579983429991685,29.937702265372174,29.637265238879767,30.022420600858396,29.543954248366003,82.52609776304888,74.87216828478964,74.5988467874794,74.99055793991417,74.45588235294117,27.979287489643745,21.540453074433657,21.360790774299836,21.77596566523605,21.25326797385621,12.0,20.0,20.0,12.0,22.7819529954939
