,1,1l,1r,1s,2,2l,2r,2s,3,3l,3r,3s,4,4l,4r,4s,id,1_2,1_3,1_4,2_1,2_3,2_4,3_1,3_2,3_4,4_1,4_2,4_3,p1,p2,p3,p4,speed0,speed1,speed2,speed3,speed4,stop0,stop1,stop2,stop3,stop4,time,timeloss0,timeloss1,timeloss2,timeloss3,timeloss4,travel0,travel1,travel2,travel3,travel4,wait0,wait1,wait2,wait3,wait4,rrslll_rssll_rsl_rssssll_0,rrslll_rssll_rsl_rssssll_1,rrslll_rssll_rsl_rssssll_2,rrslll_rssll_rsl_rssssll_3,performance measure
0,6,3,2,1,5,2,1,2,3,1,1,1,7,2,1,4,rrslll_rssll_rsl_rssssll,764.0,234.0,159.0,301.0,542.0,255.0,107.0,200.0,102.0,442.0,402.0,89.0,12.0,12.0,12.0,5.0,8.755393070375789,8.940037828536216,8.981796556706188,9.101596784126484,8.946974294994869,0.9656616415410385,0.8024590163934426,0.8137490007993605,0.7906976744186046,0.8336079077429983,3.480095386505127,31.792604690117248,24.43590163934425,24.54456434852115,24.485365448504982,25.187001647446486,76.6859296482412,69.34180327868853,69.40687450039968,69.3812292358804,70.05601317957166,22.608040201005025,16.42704918032787,16.33812949640288,16.558970099667775,17.082372322899506,12.0,12.0,12.0,5.0,17.80291226006061
