,1,1l,1r,1s,2,2l,2r,2s,3,3l,3r,3s,4,4l,4r,4s,id,1_2,1_3,1_4,2_1,2_3,2_4,3_1,3_2,3_4,4_1,4_2,4_3,p1,p2,p3,p4,speed0,speed1,speed2,speed3,speed4,stop0,stop1,stop2,stop3,stop4,time,timeloss0,timeloss1,timeloss2,timeloss3,timeloss4,travel0,travel1,travel2,travel3,travel4,wait0,wait1,wait2,wait3,wait4,rrsssll_rsl_rsl_rrsll_0,rrsssll_rsl_rsl_rrsll_1,rrsssll_rsl_rsl_rrsll_2,rrsssll_rsl_rsl_rrsll_3,performance measure
0,7,2,2,3,3,1,1,1,3,1,1,1,5,2,2,1,rrsssll_rsl_rsl_rrsll,434.0,489.0,317.0,83.0,220.0,114.0,359.0,148.0,94.0,550.0,124.0,132.0,12.0,12.0,12.0,5.0,8.60536938565112,8.529209497908031,8.949605679635411,8.976537713678855,9.039947044703725,0.9704142011834319,0.9861367837338263,0.8348880597014925,0.832,0.8116817724068479,3.3437576293945312,32.15356015779095,33.45133086876161,25.843367537313444,25.721869999999996,24.94907351460222,77.14497041420118,78.40203327171903,70.74533582089552,70.686,69.88016112789526,22.613412228796843,23.944547134935306,17.461753731343283,17.369,16.842900302114803,12.0,12.0,12.0,5.0,19.646322679438047
