,1,1l,1r,1s,2,2l,2r,2s,3,3l,3r,3s,4,4l,4r,4s,id,1_2,1_3,1_4,2_1,2_3,2_4,3_1,3_2,3_4,4_1,4_2,4_3,p1,p2,p3,p4,speed0,speed1,speed2,speed3,speed4,stop0,stop1,stop2,stop3,stop4,time,timeloss0,timeloss1,timeloss2,timeloss3,timeloss4,travel0,travel1,travel2,travel3,travel4,wait0,wait1,wait2,wait3,wait4,rssslll_rrsssl_rsssssl_rsl_0,rssslll_rrsssl_rsssssl_rsl_1,rssslll_rrsssl_rsssssl_rsl_2,rssslll_rrsssl_rsssssl_rsl_3,performance measure
0,7,3,1,3,6,1,2,3,7,1,1,5,3,1,1,1,rssslll_rrsssl_rsssssl_rsl,797.0,872.0,179.0,355.0,272.0,651.0,1677.0,138.0,52.0,61.0,351.0,41.0,12.0,12.0,5.0,12.0,8.930550569042321,8.637505402082109,8.804444722692821,8.978716272433005,8.654132432735592,1.0722411831626848,1.101732811626607,1.1172873818788216,0.9831100757134537,1.193021947101857,5.171860218048096,35.87139931740614,37.46128563443264,38.18137298499167,32.638998252766434,41.893669105233435,80.76109215017065,82.34600335382895,83.10450250138966,77.55096097845079,86.76139561057963,24.976678043230944,26.37506987143656,26.86714841578655,22.64414676761794,29.678671918964547,12.0,12.0,5.0,12.0,26.108343003407306
