,1,1l,1r,1s,2,2l,2r,2s,3,3l,3r,3s,4,4l,4r,4s,id,1_2,1_3,1_4,2_1,2_3,2_4,3_1,3_2,3_4,4_1,4_2,4_3,p1,p2,p3,p4,speed0,speed1,speed2,speed3,speed4,stop0,stop1,stop2,stop3,stop4,time,timeloss0,timeloss1,timeloss2,timeloss3,timeloss4,travel0,travel1,travel2,travel3,travel4,wait0,wait1,wait2,wait3,wait4,rssslll_rrsssl_rsssssl_rsl_0,rssslll_rrsssl_rsssssl_rsl_1,rssslll_rrsssl_rsssssl_rsl_2,rssslll_rrsssl_rsssssl_rsl_3,performance measure
0,7,3,1,3,6,1,2,3,7,1,1,5,3,1,1,1,rssslll_rrsssl_rsssssl_rsl,483.0,281.0,67.0,549.0,96.0,164.0,1195.0,207.0,139.0,276.0,217.0,43.0,12.0,12.0,12.0,12.0,9.185530176230401,8.97739242758544,8.982882589480427,9.04014642411578,9.135232762842081,0.7148626817447497,0.7639000805801772,0.7696969696969697,0.7702922077922078,0.7358490566037735,3.7184503078460693,22.746252019386095,25.62419016921836,24.255840909090907,23.71935064935068,23.44385561936015,67.36752827140549,70.28767123287672,68.86590909090908,68.31655844155844,68.10172272354389,15.241518578352181,17.629331184528606,16.39242424242424,16.0137987012987,15.941755537325676,12.0,12.0,12.0,12.0,16.24376564878588
