,1,1l,1r,1s,2,2l,2r,2s,3,3l,3r,3s,4,4l,4r,4s,id,1_2,1_3,1_4,2_1,2_3,2_4,3_1,3_2,3_4,4_1,4_2,4_3,p1,p2,p3,p4,speed0,speed1,speed2,speed3,speed4,stop0,stop1,stop2,stop3,stop4,time,timeloss0,timeloss1,timeloss2,timeloss3,timeloss4,travel0,travel1,travel2,travel3,travel4,wait0,wait1,wait2,wait3,wait4,rssll_rrssl_rssslll_rrssll_0,rssll_rrssl_rssslll_rrssll_1,rssll_rrssl_rssslll_rrssll_2,rssll_rrssl_rssslll_rrssll_3,performance measure
0,5,2,1,2,5,1,2,2,7,3,1,3,6,2,2,2,rssll_rrssl_rssslll_rrssll,99.0,462.0,49.0,590.0,103.0,99.0,624.0,193.0,938.0,94.0,268.0,490.0,12.0,12.0,5.0,5.0,9.688209918974142,9.66290097105462,9.58054236918738,9.739679158999229,9.532141274567262,0.6947063089195069,0.7166416791604198,0.7221037668798863,0.6853252647503782,0.739067055393586,3.8509130477905273,18.31406091370555,18.44541979010496,18.8368301350391,17.925695915279878,19.85387755102039,62.8723712835388,63.00299850074963,63.44776119402985,62.430408472012104,64.4365889212828,11.071065989847716,11.098950524737631,11.344705046197584,10.790468986384266,12.252186588921283,12.0,12.0,5.0,5.0,11.311475427217697
