,1,1l,1r,1s,2,2l,2r,2s,3,3l,3r,3s,4,4l,4r,4s,id,1_2,1_3,1_4,2_1,2_3,2_4,3_1,3_2,3_4,4_1,4_2,4_3,p1,p2,p3,p4,speed0,speed1,speed2,speed3,speed4,stop0,stop1,stop2,stop3,stop4,time,timeloss0,timeloss1,timeloss2,timeloss3,timeloss4,travel0,travel1,travel2,travel3,travel4,wait0,wait1,wait2,wait3,wait4,rssll_rrssl_rssslll_rrssll_0,rssll_rrssl_rssslll_rrssll_1,rssll_rrssl_rssslll_rrssll_2,rssll_rrssl_rssslll_rrssll_3,performance measure
0,5,2,1,2,5,1,2,2,7,3,1,3,6,2,2,2,rssll_rrssl_rssslll_rrssll,109.0,231.0,161.0,195.0,100.0,583.0,754.0,73.0,566.0,208.0,370.0,343.0,12.0,12.0,5.0,12.0,9.303876413087144,9.165101398712467,9.26521351687622,9.426269505130008,9.192904814810909,0.7468253968253968,0.774746687451286,0.7628053585500394,0.7264386989157632,0.7661612130885874,3.7655868530273438,21.93191269841268,23.173382696804335,22.101914893617025,20.82502919099249,23.082673583399835,66.72380952380952,67.92205767731879,66.83451536643027,65.57130942452044,67.82043096568236,14.423809523809524,15.482462977396727,14.598896769109535,13.52627189324437,15.51316839584996,12.0,12.0,5.0,12.0,14.708921911882024
