,1,1l,1r,1s,2,2l,2r,2s,3,3l,3r,3s,4,4l,4r,4s,id,1_2,1_3,1_4,2_1,2_3,2_4,3_1,3_2,3_4,4_1,4_2,4_3,p1,p2,p3,p4,speed0,speed1,speed2,speed3,speed4,stop0,stop1,stop2,stop3,stop4,time,timeloss0,timeloss1,timeloss2,timeloss3,timeloss4,travel0,travel1,travel2,travel3,travel4,wait0,wait1,wait2,wait3,wait4,rsl_rsl_rsl_rrssll_0,rsl_rsl_rsl_rrssll_1,rsl_rsl_rsl_rrssll_2,rsl_rsl_rsl_rrssll_3,performance measure
0,3,1,1,1,3,1,1,1,3,1,1,1,6,2,2,2,rsl_rsl_rsl_rrssll,247.0,237.0,118.0,80.0,306.0,223.0,133.0,67.0,236.0,313.0,293.0,490.0,12.0,12.0,12.0,12.0,8.652811162725849,8.82164956521481,8.465339394351723,8.64373324958968,9.016702721974596,0.8255933952528379,0.780952380952381,0.9167556029882604,0.8710033076074972,0.7349137931034483,3.203126907348633,28.416016511867934,26.86307936507936,31.428110992529326,29.212976846747548,24.08170258620689,73.40970072239422,71.86243386243386,76.44823906083245,74.17640573318633,69.09482758620689,19.959752321981423,18.80952380952381,22.2145144076841,20.449834619625136,16.325431034482758,12.0,12.0,12.0,12.0,19.551811238659447
