,1,1l,1r,1s,2,2l,2r,2s,3,3l,3r,3s,4,4l,4r,4s,id,1_2,1_3,1_4,2_1,2_3,2_4,3_1,3_2,3_4,4_1,4_2,4_3,p1,p2,p3,p4,speed0,speed1,speed2,speed3,speed4,stop0,stop1,stop2,stop3,stop4,time,timeloss0,timeloss1,timeloss2,timeloss3,timeloss4,travel0,travel1,travel2,travel3,travel4,wait0,wait1,wait2,wait3,wait4,rsl_rsl_rsssl_rsl_0,rsl_rsl_rsssl_rsl_1,rsl_rsl_rsssl_rsl_2,rsl_rsl_rsssl_rsl_3,performance measure
0,3,1,1,1,3,1,1,1,5,1,1,3,3,1,1,1,rsl_rsl_rsssl_rsl,138.0,141.0,106.0,301.0,97.0,245.0,711.0,268.0,290.0,182.0,315.0,44.0,12.0,12.0,12.0,12.0,8.509966299865175,8.647732799438122,8.578442840576177,8.532409657254638,8.795598903063794,0.8664596273291926,0.8208333333333333,0.8766700924974307,0.9041394335511983,0.8031413612565445,3.1090588569641113,29.56213250517599,27.763937499999976,29.495981500513857,31.04777777777775,27.2021780104712,74.58488612836439,72.79583333333333,74.52106885919835,76.0359477124183,72.1958115183246,20.58385093167702,19.242708333333333,20.384378211716342,21.815904139433552,18.709947643979056,12.0,12.0,12.0,12.0,20.147357852027863
