,1,1l,1r,1s,2,2l,2r,2s,3,3l,3r,3s,4,4l,4r,4s,id,1_2,1_3,1_4,2_1,2_3,2_4,3_1,3_2,3_4,4_1,4_2,4_3,p1,p2,p3,p4,speed0,speed1,speed2,speed3,speed4,stop0,stop1,stop2,stop3,stop4,time,timeloss0,timeloss1,timeloss2,timeloss3,timeloss4,travel0,travel1,travel2,travel3,travel4,wait0,wait1,wait2,wait3,wait4,rssl_rrsslll_rsl_rrsll_0,rssl_rrsslll_rsl_rrsll_1,rssl_rrsslll_rsl_rrsll_2,rssl_rrsslll_rsl_rrsll_3,performance measure
0,4,1,1,2,7,3,2,2,3,1,1,1,5,2,2,1,rssl_rrsslll_rsl_rrsll,173.0,504.0,173.0,609.0,882.0,615.0,129.0,177.0,100.0,262.0,321.0,182.0,12.0,12.0,12.0,12.0,8.317053803127326,8.621516419856649,8.67655576290352,8.74482785105988,8.341099750928857,0.9167270094134685,0.8505747126436781,0.8186889818688982,0.8144023756495917,0.9142033165104542,4.034465074539185,31.907146994931228,28.822349137931024,27.020934449093428,26.241848552338528,32.39329488103815,76.75162925416365,73.67025862068965,71.82914923291493,71.04083147735709,77.267483777938,22.55756698044895,20.060344827586206,18.502092050209207,17.902746844840387,23.112472963229994,12.0,12.0,12.0,12.0,20.42704473326295
