,1,1l,1r,1s,2,2l,2r,2s,3,3l,3r,3s,4,4l,4r,4s,id,1_2,1_3,1_4,2_1,2_3,2_4,3_1,3_2,3_4,4_1,4_2,4_3,p1,p2,p3,p4,speed0,speed1,speed2,speed3,speed4,stop0,stop1,stop2,stop3,stop4,time,timeloss0,timeloss1,timeloss2,timeloss3,timeloss4,travel0,travel1,travel2,travel3,travel4,wait0,wait1,wait2,wait3,wait4,rrssl_rrssl_rrsslll_rrsslll_0,rrssl_rrssl_rrsslll_rrsslll_1,rrssl_rrssl_rrsslll_rrsslll_2,rrssl_rrssl_rrsslll_rrsslll_3,performance measure
0,5,1,2,2,5,1,2,2,7,3,2,2,7,3,2,2,rrssl_rrssl_rrsslll_rrsslll,133.0,703.0,604.0,531.0,56.0,309.0,691.0,211.0,694.0,508.0,443.0,547.0,12.0,20.0,12.0,12.0,8.950542568008139,9.083369995273314,9.009782007522249,9.002638321759195,9.007433776878218,0.7335149863760217,0.7159214830970556,0.7201492537313433,0.7257044278320874,0.7274689692390718,4.560309410095215,24.68105722070848,23.694651035986933,24.38679637526654,24.169591719378968,24.277096600107946,69.18692098092643,68.23118865866958,68.89925373134328,68.6676250718804,68.80895844576362,16.891008174386922,16.07197382769902,16.531449893390192,16.489936745255893,16.568807339449542,12.0,20.0,12.0,12.0,16.51063519603631
