,1,1l,1r,1s,2,2l,2r,2s,3,3l,3r,3s,4,4l,4r,4s,id,1_2,1_3,1_4,2_1,2_3,2_4,3_1,3_2,3_4,4_1,4_2,4_3,p1,p2,p3,p4,speed0,speed1,speed2,speed3,speed4,stop0,stop1,stop2,stop3,stop4,time,timeloss0,timeloss1,timeloss2,timeloss3,timeloss4,travel0,travel1,travel2,travel3,travel4,wait0,wait1,wait2,wait3,wait4,rrsslll_rrsll_rsssl_rrsslll_0,rrsslll_rrsll_rsssl_rrsslll_1,rrsslll_rrsll_rsssl_rrsslll_2,rrsslll_rrsll_rsssl_rrsslll_3,performance measure
0,7,3,2,2,5,2,2,1,5,1,1,3,7,3,2,2,rrsslll_rrsll_rsssl_rrsslll,933.0,297.0,599.0,563.0,161.0,135.0,200.0,145.0,136.0,321.0,227.0,325.0,12.0,5.0,5.0,5.0,9.760487682270975,9.913229309237051,9.816003704806917,9.897545348620357,9.745871284509734,0.7421704297159505,0.6884057971014492,0.7009873060648801,0.6762325239146432,0.7396142433234422,3.734384059906006,18.243605243991215,16.298079710144915,17.000634696755963,16.370765268579852,18.611943620178025,62.60524399126002,60.71666666666667,61.44992947813822,60.74981604120677,63.031157270029674,10.809905316824471,9.173913043478262,9.791960507757405,9.346578366445916,11.242581602373887,12.0,5.0,5.0,5.0,10.072987767375988
