,1,1l,1r,1s,2,2l,2r,2s,3,3l,3r,3s,4,4l,4r,4s,id,1_2,1_3,1_4,2_1,2_3,2_4,3_1,3_2,3_4,4_1,4_2,4_3,p1,p2,p3,p4,speed0,speed1,speed2,speed3,speed4,stop0,stop1,stop2,stop3,stop4,time,timeloss0,timeloss1,timeloss2,timeloss3,timeloss4,travel0,travel1,travel2,travel3,travel4,wait0,wait1,wait2,wait3,wait4,rsll_rsl_rssslll_rrsssll_0,rsll_rsl_rssslll_rrsssll_1,rsll_rsl_rssslll_rrsssll_2,rsll_rsl_rssslll_rrsssll_3,performance measure
0,4,2,1,1,3,1,1,1,7,3,1,3,7,2,2,3,rsll_rsl_rssslll_rrsssll,470.0,319.0,190.0,322.0,269.0,275.0,233.0,168.0,794.0,329.0,167.0,491.0,12.0,12.0,12.0,12.0,8.61417543458598,8.729860610187025,8.168768127042636,8.646099962318294,8.449028098999927,0.858273381294964,0.8047337278106509,1.128005657708628,0.845867460908414,0.9581190301249082,4.000011205673218,29.743280575539575,27.829674556213003,41.93009193776525,27.956396128071493,34.43248346803822,74.36546762589929,72.46301775147928,86.5997171145686,72.55100521221146,79.10506980161645,20.648201438848922,19.295118343195266,29.823903818953323,19.33209233060313,24.35929463629684,12.0,12.0,12.0,12.0,22.691722113579495
