,1,1l,1r,1s,2,2l,2r,2s,3,3l,3r,3s,4,4l,4r,4s,id,1_2,1_3,1_4,2_1,2_3,2_4,3_1,3_2,3_4,4_1,4_2,4_3,p1,p2,p3,p4,speed0,speed1,speed2,speed3,speed4,stop0,stop1,stop2,stop3,stop4,time,timeloss0,timeloss1,timeloss2,timeloss3,timeloss4,travel0,travel1,travel2,travel3,travel4,wait0,wait1,wait2,wait3,wait4,rrslll_rssll_rsl_rssssll_0,rrslll_rssll_rsl_rssssll_1,rrslll_rssll_rsl_rssssll_2,rrslll_rssll_rsl_rssssll_3,performance measure
0,6,3,2,1,5,2,1,2,3,1,1,1,7,2,1,4,rrslll_rssll_rsl_rssssll,519.0,207.0,214.0,50.0,264.0,492.0,297.0,142.0,197.0,270.0,194.0,36.0,12.0,12.0,12.0,12.0,8.611889103915935,8.93414316426158,8.720874347974597,8.958419719829303,8.863471112535043,0.8548548548548549,0.757201646090535,0.8517034068136272,0.7854889589905363,0.7860851505711319,3.2969255447387695,29.215565565565555,25.27517489711933,27.613026052104225,24.419905362776035,26.03033229491173,74.2042042042042,70.2746913580247,72.6432865731463,69.40273396424816,70.97507788161994,20.68168168168168,17.56687242798354,19.25250501002004,16.645636172450054,18.09968847352025,12.0,12.0,12.0,12.0,18.449276753131112
