,1,1l,1r,1s,2,2l,2r,2s,3,3l,3r,3s,4,4l,4r,4s,id,1_2,1_3,1_4,2_1,2_3,2_4,3_1,3_2,3_4,4_1,4_2,4_3,p1,p2,p3,p4,speed0,speed1,speed2,speed3,speed4,stop0,stop1,stop2,stop3,stop4,time,timeloss0,timeloss1,timeloss2,timeloss3,timeloss4,travel0,travel1,travel2,travel3,travel4,wait0,wait1,wait2,wait3,wait4,rsl_rssslll_rrsssl_rsslll_0,rsl_rssslll_rrsssl_rsslll_1,rsl_rssslll_rrsssl_rsslll_2,rsl_rssslll_rrsssl_rsslll_3,performance measure
0,3,1,1,1,7,3,1,3,6,1,2,3,6,3,1,2,rsl_rssslll_rrsssl_rsslll,225.0,74.0,234.0,223.0,303.0,201.0,244.0,123.0,166.0,587.0,299.0,97.0,12.0,5.0,12.0,12.0,9.339096617562305,9.33037344233045,9.228410143470946,9.284019704871401,9.356381709233723,0.7273673257023934,0.7269906928645294,0.7542016806722689,0.7393258426966293,0.7319371727748691,3.0229127407073975,21.210707596253894,21.006504653567724,21.966281512605033,21.49373033707864,20.95678534031413,65.9146722164412,65.7187176835574,66.66701680672269,66.14382022471911,65.61256544502618,13.861602497398543,13.702171664943123,14.51155462184874,14.156179775280899,13.633507853403142,12.0,5.0,12.0,12.0,13.973003282574888
