,1,1l,1r,1s,2,2l,2r,2s,3,3l,3r,3s,4,4l,4r,4s,id,1_2,1_3,1_4,2_1,2_3,2_4,3_1,3_2,3_4,4_1,4_2,4_3,p1,p2,p3,p4,speed0,speed1,speed2,speed3,speed4,stop0,stop1,stop2,stop3,stop4,time,timeloss0,timeloss1,timeloss2,timeloss3,timeloss4,travel0,travel1,travel2,travel3,travel4,wait0,wait1,wait2,wait3,wait4,rssslll_rssll_rsssl_rrssl_0,rssslll_rssll_rsssl_rrssl_1,rssslll_rssll_rsssl_rrssl_2,rssslll_rssll_rsssl_rrssl_3,performance measure
0,7,3,1,3,5,2,1,2,5,1,1,3,5,1,2,2,rssslll_rssll_rsssl_rrssl,149.0,889.0,220.0,125.0,568.0,213.0,1024.0,149.0,52.0,66.0,106.0,283.0,5.0,12.0,12.0,5.0,9.453690743834523,9.59495499516226,9.535028385140293,9.622177446831843,9.695071337407335,0.758594346829641,0.7315384615384616,0.7329240214888718,0.7229508196721312,0.6762870514820593,3.6874136924743652,20.24479755538581,18.718276923076946,19.176953184957764,18.76839344262295,18.121786271450816,64.99312452253629,63.45,63.93553338449731,63.5344262295082,62.861934477379094,12.580595874713522,11.123846153846154,11.613200306983883,11.40327868852459,10.911076443057722,5.0,12.0,12.0,5.0,11.526399493425174
