,1,1l,1r,1s,2,2l,2r,2s,3,3l,3r,3s,4,4l,4r,4s,id,1_2,1_3,1_4,2_1,2_3,2_4,3_1,3_2,3_4,4_1,4_2,4_3,p1,p2,p3,p4,speed0,speed1,speed2,speed3,speed4,stop0,stop1,stop2,stop3,stop4,time,timeloss0,timeloss1,timeloss2,timeloss3,timeloss4,travel0,travel1,travel2,travel3,travel4,wait0,wait1,wait2,wait3,wait4,rsll_rsl_rssslll_rrsssll_0,rsll_rsl_rssslll_rrsssll_1,rsll_rsl_rssslll_rrsssll_2,rsll_rsl_rssslll_rrsssll_3,performance measure
0,4,2,1,1,3,1,1,1,7,3,1,3,7,2,2,3,rsll_rsl_rssslll_rrsssll,93.0,89.0,155.0,262.0,261.0,167.0,839.0,259.0,828.0,520.0,352.0,375.0,12.0,12.0,12.0,12.0,8.735471584115361,8.798747358250335,8.699153290001467,8.757028299484103,8.932211846210047,0.7967764540995095,0.7781617138908086,0.8280386740331491,0.805176132278936,0.7639484978540773,3.984027862548828,26.343538892782053,26.186454733932287,27.243825966850803,26.266046010064695,24.559005722460657,71.06937631394534,70.93780234968901,72.01933701657458,70.97340043134436,69.31545064377683,17.99929922915207,18.05321354526607,18.676795580110497,18.02803738317757,16.545779685264662,12.0,12.0,12.0,12.0,17.860625084594172
