,1,1l,1r,1s,2,2l,2r,2s,3,3l,3r,3s,4,4l,4r,4s,id,1_2,1_3,1_4,2_1,2_3,2_4,3_1,3_2,3_4,4_1,4_2,4_3,p1,p2,p3,p4,speed0,speed1,speed2,speed3,speed4,stop0,stop1,stop2,stop3,stop4,time,timeloss0,timeloss1,timeloss2,timeloss3,timeloss4,travel0,travel1,travel2,travel3,travel4,wait0,wait1,wait2,wait3,wait4,rssll_rrssl_rssslll_rrssll_0,rssll_rrssl_rssslll_rrssll_1,rssll_rrssl_rssslll_rrssll_2,rssll_rrssl_rssslll_rrssll_3,performance measure
0,5,2,1,2,5,1,2,2,7,3,1,3,6,2,2,2,rssll_rrssl_rssslll_rrssll,642.0,131.0,207.0,575.0,307.0,719.0,221.0,84.0,351.0,574.0,562.0,109.0,12.0,5.0,12.0,12.0,8.476177317141936,8.56405779365807,8.701908103853127,8.807063235552743,9.026105113119543,0.9668918918918918,0.8978246539222149,0.8682896379525593,0.8646112600536193,0.7907293796864349,4.143924951553345,30.955972972972916,28.13530652603826,26.826292134831498,26.525442359249357,23.57543285616904,75.73851351351351,72.89914304548451,71.60861423220973,71.27613941018767,68.34764826175869,21.267567567567568,19.155570204350692,17.963171036204745,17.742627345844504,15.473755964553511,12.0,5.0,12.0,12.0,18.320538423704203
