,1,1l,1r,1s,2,2l,2r,2s,3,3l,3r,3s,4,4l,4r,4s,id,1_2,1_3,1_4,2_1,2_3,2_4,3_1,3_2,3_4,4_1,4_2,4_3,p1,p2,p3,p4,speed0,speed1,speed2,speed3,speed4,stop0,stop1,stop2,stop3,stop4,time,timeloss0,timeloss1,timeloss2,timeloss3,timeloss4,travel0,travel1,travel2,travel3,travel4,wait0,wait1,wait2,wait3,wait4,rsssl_rrsll_rsl_rsslll_0,rsssl_rrsll_rsl_rsslll_1,rsssl_rrsll_rsl_rsslll_2,rsssl_rrsll_rsl_rsslll_3,performance measure
0,5,1,1,3,5,2,2,1,3,1,1,1,6,3,1,2,rsssl_rrsll_rsl_rsslll,205.0,596.0,283.0,460.0,110.0,200.0,191.0,246.0,313.0,803.0,545.0,37.0,12.0,12.0,12.0,12.0,8.777529274196587,8.678202276578531,8.533778580880009,8.626286937279032,8.820303707180077,0.7930780559646539,0.8250555967383247,0.8975817923186344,0.8824451410658307,0.7830609212481426,3.937708616256714,26.34764359351987,27.776901408450712,29.843662873399726,30.143518808777426,25.992176820208023,71.10677466863034,72.6056338028169,74.74039829302987,74.93025078369907,70.82689450222882,17.981590574374078,19.215715344699777,20.820056899004268,21.029780564263323,17.713967310549776,12.0,12.0,12.0,12.0,19.352222138578245
