,1,1l,1r,1s,2,2l,2r,2s,3,3l,3r,3s,4,4l,4r,4s,id,1_2,1_3,1_4,2_1,2_3,2_4,3_1,3_2,3_4,4_1,4_2,4_3,p1,p2,p3,p4,speed0,speed1,speed2,speed3,speed4,stop0,stop1,stop2,stop3,stop4,time,timeloss0,timeloss1,timeloss2,timeloss3,timeloss4,travel0,travel1,travel2,travel3,travel4,wait0,wait1,wait2,wait3,wait4,rrslll_rssll_rsl_rssssll_0,rrslll_rssll_rsl_rssssll_1,rrslll_rssll_rsl_rssssll_2,rrslll_rssll_rsl_rssssll_3,performance measure
0,6,3,2,1,5,2,1,2,3,1,1,1,7,2,1,4,rrslll_rssll_rsl_rssssll,527.0,344.0,610.0,142.0,271.0,273.0,357.0,43.0,123.0,363.0,334.0,202.0,12.0,20.0,12.0,12.0,8.837827792528508,8.934057059828602,8.947124493740906,8.946790451382515,8.947597454542427,0.742014742014742,0.7396257119609438,0.7233704292527822,0.7372448979591837,0.7261306532663316,3.7511556148529053,25.99163800163798,24.95398698128564,25.053767885532576,24.755765306122434,24.924539363484087,70.68304668304668,69.64524003254678,69.7456279809221,69.47789115646259,69.58877721943048,18.195741195741196,17.183889340927582,17.221780604133546,17.03996598639456,17.19430485762144,12.0,20.0,12.0,12.0,17.367136396963666
