,1,1l,1r,1s,2,2l,2r,2s,3,3l,3r,3s,4,4l,4r,4s,id,1_2,1_3,1_4,2_1,2_3,2_4,3_1,3_2,3_4,4_1,4_2,4_3,p1,p2,p3,p4,speed0,speed1,speed2,speed3,speed4,stop0,stop1,stop2,stop3,stop4,time,timeloss0,timeloss1,timeloss2,timeloss3,timeloss4,travel0,travel1,travel2,travel3,travel4,wait0,wait1,wait2,wait3,wait4,rrssl_rrssl_rrsslll_rrsslll_0,rrssl_rrssl_rrsslll_rrsslll_1,rrssl_rrssl_rrsslll_rrsslll_2,rrssl_rrssl_rrsslll_rrsslll_3,performance measure
0,5,1,2,2,5,1,2,2,7,3,2,2,7,3,2,2,rrssl_rrssl_rrsslll_rrsslll,235.0,464.0,119.0,119.0,223.0,536.0,631.0,384.0,811.0,462.0,503.0,607.0,12.0,12.0,12.0,12.0,8.553145406470719,8.79218121508663,8.789809073372467,8.761367561473739,8.779085182684504,0.8579643473260494,0.7835820895522388,0.8049605411499436,0.8058717795086878,0.7976878612716763,4.5629706382751465,29.158976423231753,26.21429391504019,25.9851634723788,26.18204313960456,26.161919075144493,73.80333525014376,70.92996555683123,70.66967305524238,70.8615937687238,70.8456647398844,20.472685451408857,18.120551090700346,17.767756482525368,17.905931695626123,17.990173410404623,12.0,12.0,12.0,12.0,18.451419626133063
