,1,1l,1r,1s,2,2l,2r,2s,3,3l,3r,3s,4,4l,4r,4s,id,1_2,1_3,1_4,2_1,2_3,2_4,3_1,3_2,3_4,4_1,4_2,4_3,p1,p2,p3,p4,speed0,speed1,speed2,speed3,speed4,stop0,stop1,stop2,stop3,stop4,time,timeloss0,timeloss1,timeloss2,timeloss3,timeloss4,travel0,travel1,travel2,travel3,travel4,wait0,wait1,wait2,wait3,wait4,rssll_rrsl_rsssl_rrsl_0,rssll_rrsl_rsssl_rrsl_1,rssll_rrsl_rsssl_rrsl_2,rssll_rrsl_rsssl_rrsl_3,performance measure
0,5,2,1,2,4,1,2,1,5,1,1,3,4,1,2,1,rssll_rrsl_rsssl_rrsl,189.0,633.0,305.0,574.0,275.0,320.0,520.0,106.0,288.0,70.0,143.0,105.0,12.0,12.0,12.0,12.0,8.553899504259777,8.32079238561526,8.360862001301347,8.55397186735929,8.35961632531021,0.9383445945945946,0.9161676646706587,0.9622641509433962,0.8965209634255129,0.947098976109215,3.6093616485595703,33.226106418918924,32.74021385799829,33.567145200984434,31.458376449598575,34.18693686006826,77.95523648648648,77.52437981180496,78.2994257588187,76.16592328278323,78.94112627986348,23.392736486486488,23.35928143712575,23.853978671041837,22.216770740410347,24.4419795221843,12.0,12.0,12.0,12.0,23.45294937144974
