,1,1l,1r,1s,2,2l,2r,2s,3,3l,3r,3s,4,4l,4r,4s,id,1_2,1_3,1_4,2_1,2_3,2_4,3_1,3_2,3_4,4_1,4_2,4_3,p1,p2,p3,p4,speed0,speed1,speed2,speed3,speed4,stop0,stop1,stop2,stop3,stop4,time,timeloss0,timeloss1,timeloss2,timeloss3,timeloss4,travel0,travel1,travel2,travel3,travel4,wait0,wait1,wait2,wait3,wait4,rsssl_rrsll_rsl_rsslll_0,rsssl_rrsll_rsl_rsslll_1,rsssl_rrsll_rsl_rsslll_2,rsssl_rrsll_rsl_rsslll_3,performance measure
0,5,1,1,3,5,2,2,1,3,1,1,1,6,3,1,2,rsssl_rrsll_rsl_rsslll,91.0,882.0,314.0,544.0,372.0,249.0,355.0,98.0,121.0,453.0,391.0,77.0,5.0,12.0,12.0,12.0,8.812962281049414,8.972206991222418,9.049468630083352,8.968528959859785,9.142633234410907,0.9194977843426884,0.8203991130820399,0.8016467065868264,0.8321400159108989,0.7735271614384086,3.828183174133301,29.771255539143336,25.19453067257944,24.40075598802399,25.907056483691296,23.12364192807956,74.59231905465288,70.02882483370288,69.21032934131736,70.72871917263325,67.92272379495027,20.649187592319056,16.85291943828529,16.157185628742514,17.54494828957836,15.210405508798775,5.0,12.0,12.0,12.0,17.282929291544797
