,1,1l,1r,1s,2,2l,2r,2s,3,3l,3r,3s,4,4l,4r,4s,id,1_2,1_3,1_4,2_1,2_3,2_4,3_1,3_2,3_4,4_1,4_2,4_3,p1,p2,p3,p4,speed0,speed1,speed2,speed3,speed4,stop0,stop1,stop2,stop3,stop4,time,timeloss0,timeloss1,timeloss2,timeloss3,timeloss4,travel0,travel1,travel2,travel3,travel4,wait0,wait1,wait2,wait3,wait4,rsll_rsl_rssslll_rrsssll_0,rsll_rsl_rssslll_rrsssll_1,rsll_rsl_rssslll_rrsssll_2,rsll_rsl_rssslll_rrsssll_3,performance measure
0,4,2,1,1,3,1,1,1,7,3,1,3,7,2,2,3,rsll_rsl_rssslll_rrsssll,236.0,96.0,107.0,236.0,243.0,106.0,137.0,160.0,898.0,378.0,716.0,348.0,12.0,5.0,12.0,12.0,9.25248696444754,9.237730201679636,9.029175399876763,9.307260408519495,9.272392320601828,0.7376916868442293,0.7444897959183674,0.7995319812792512,0.7340513670256835,0.740829346092504,3.6697139739990234,21.613325262308315,21.730473469387782,23.657769110764402,21.27758906379455,21.58291068580543,66.32768361581921,66.44081632653061,68.35491419656786,65.95691797845899,66.29186602870813,14.084745762711865,14.104489795918367,15.617004680187208,13.705882352941176,13.93939393939394,12.0,5.0,12.0,12.0,14.29030330623051
