,1,1l,1r,1s,2,2l,2r,2s,3,3l,3r,3s,4,4l,4r,4s,id,1_2,1_3,1_4,2_1,2_3,2_4,3_1,3_2,3_4,4_1,4_2,4_3,p1,p2,p3,p4,speed0,speed1,speed2,speed3,speed4,stop0,stop1,stop2,stop3,stop4,time,timeloss0,timeloss1,timeloss2,timeloss3,timeloss4,travel0,travel1,travel2,travel3,travel4,wait0,wait1,wait2,wait3,wait4,rsl_rrsl_rssslll_rssssl_0,rsl_rrsl_rssslll_rssssl_1,rsl_rrsl_rssslll_rssssl_2,rsl_rrsl_rssslll_rssssl_3,performance measure
0,3,1,1,1,4,1,2,1,7,3,1,3,6,1,1,4,rsl_rrsl_rssslll_rssssl,153.0,342.0,278.0,491.0,168.0,191.0,282.0,76.0,337.0,314.0,1154.0,69.0,5.0,12.0,12.0,12.0,8.87457785237411,8.60497006767904,8.334022777534265,8.765116054700215,8.69918518906258,1.0543228768171384,0.9452582883577486,1.075768942235559,0.9244372990353698,0.9165390505359877,3.7656190395355225,36.38615149196631,31.252012336160348,36.42889722430609,30.298504823151134,28.9794640122512,81.20122417750574,76.07247494217425,81.24756189047262,75.09003215434083,73.80474732006125,25.882172915072687,22.03392444101773,26.003000750187546,21.484726688102892,19.625574272588054,5.0,12.0,12.0,12.0,23.005879813393783
