,1,1l,1r,1s,2,2l,2r,2s,3,3l,3r,3s,4,4l,4r,4s,id,1_2,1_3,1_4,2_1,2_3,2_4,3_1,3_2,3_4,4_1,4_2,4_3,p1,p2,p3,p4,speed0,speed1,speed2,speed3,speed4,stop0,stop1,stop2,stop3,stop4,time,timeloss0,timeloss1,timeloss2,timeloss3,timeloss4,travel0,travel1,travel2,travel3,travel4,wait0,wait1,wait2,wait3,wait4,rsl_rsl_rsssl_rsl_0,rsl_rsl_rsssl_rsl_1,rsl_rsl_rsssl_rsl_2,rsl_rsl_rsssl_rsl_3,performance measure
0,3,1,1,1,3,1,1,1,5,1,1,3,3,1,1,1,rsl_rsl_rsssl_rsl,122.0,162.0,143.0,98.0,135.0,174.0,795.0,319.0,76.0,62.0,203.0,314.0,5.0,12.0,5.0,12.0,9.304227846751038,9.556457303880997,9.348560035521729,9.345284148490018,9.478701759061892,0.8372615039281706,0.7390300230946882,0.7853107344632768,0.8596698113207547,0.7681818181818182,2.8885862827301025,24.09202020202022,19.456270207852203,22.336022598870052,25.254445754717004,20.97346590909092,68.98204264870931,64.3498845265589,67.26440677966102,70.13089622641509,65.9159090909091,15.637485970819304,11.841801385681293,14.256497175141243,16.778301886792452,13.160227272727273,5.0,12.0,5.0,12.0,14.334862738232312
