,1,1l,1r,1s,2,2l,2r,2s,3,3l,3r,3s,4,4l,4r,4s,id,1_2,1_3,1_4,2_1,2_3,2_4,3_1,3_2,3_4,4_1,4_2,4_3,p1,p2,p3,p4,speed0,speed1,speed2,speed3,speed4,stop0,stop1,stop2,stop3,stop4,time,timeloss0,timeloss1,timeloss2,timeloss3,timeloss4,travel0,travel1,travel2,travel3,travel4,wait0,wait1,wait2,wait3,wait4,rsl_rsssssl_rsll_rrssl_0,rsl_rsssssl_rsll_rrssl_1,rsl_rsssssl_rsll_rrssl_2,rsl_rsssssl_rsll_rrssl_3,performance measure
0,3,1,1,1,7,1,1,5,4,2,1,1,5,1,2,2,rsl_rsssssl_rsll_rrssl,173.0,328.0,278.0,106.0,117.0,1557.0,334.0,191.0,179.0,53.0,380.0,327.0,5.0,12.0,5.0,12.0,9.24012995578695,9.322664166027295,9.109146754573386,9.342533633004992,9.331575637545155,1.0680977054034049,0.8966292134831461,0.9110947832476121,0.8249235474006116,0.7846607669616519,3.771013021469116,32.80919319022953,25.895565543071157,26.470080822924324,23.274740061162035,21.632809734513266,77.65655070318283,70.70037453183521,71.36884643644379,68.10550458715596,66.5,22.226498889711326,16.89887640449438,17.46069066862601,14.984709480122325,13.550884955752212,5.0,12.0,5.0,12.0,17.02433207974125
