,1,1l,1r,1s,2,2l,2r,2s,3,3l,3r,3s,4,4l,4r,4s,id,1_2,1_3,1_4,2_1,2_3,2_4,3_1,3_2,3_4,4_1,4_2,4_3,p1,p2,p3,p4,speed0,speed1,speed2,speed3,speed4,stop0,stop1,stop2,stop3,stop4,time,timeloss0,timeloss1,timeloss2,timeloss3,timeloss4,travel0,travel1,travel2,travel3,travel4,wait0,wait1,wait2,wait3,wait4,rrsslll_rrsll_rsssl_rrsslll_0,rrsslll_rrsll_rsssl_rrsslll_1,rrsslll_rrsll_rsssl_rrsslll_2,rrsslll_rrsll_rsssl_rrsslll_3,performance measure
0,7,3,2,2,5,2,2,1,5,1,1,3,7,3,2,2,rrsslll_rrsll_rsssl_rrsslll,888.0,127.0,74.0,564.0,393.0,324.0,987.0,306.0,173.0,297.0,609.0,404.0,20.0,20.0,12.0,20.0,8.369928165422115,8.47153590954347,8.491871881784641,8.450742942216044,8.345717371610794,0.7674285714285715,0.7463893703061814,0.7581920903954802,0.7614035087719299,0.7665094339622641,4.521916151046753,31.68497142857138,30.283911034084333,30.300322033898322,30.411081871345033,31.850854952830154,76.34857142857143,75.00693240901214,75.01186440677967,75.08304093567251,76.54540094339623,23.221714285714285,22.09589832466782,21.991525423728813,22.12923976608187,23.50825471698113,20.0,20.0,12.0,20.0,22.589326503434783
