,1,1l,1r,1s,2,2l,2r,2s,3,3l,3r,3s,4,4l,4r,4s,id,1_2,1_3,1_4,2_1,2_3,2_4,3_1,3_2,3_4,4_1,4_2,4_3,p1,p2,p3,p4,speed0,speed1,speed2,speed3,speed4,stop0,stop1,stop2,stop3,stop4,time,timeloss0,timeloss1,timeloss2,timeloss3,timeloss4,travel0,travel1,travel2,travel3,travel4,wait0,wait1,wait2,wait3,wait4,rsl_rsssl_rssssl_rssll_0,rsl_rsssl_rssssl_rssll_1,rsl_rsssl_rssssl_rssll_2,rsl_rsssl_rssssl_rssll_3,performance measure
0,3,1,1,1,5,1,1,3,6,1,1,4,5,2,1,2,rsl_rsssl_rssssl_rssll,97.0,350.0,211.0,71.0,147.0,468.0,425.0,285.0,73.0,549.0,445.0,72.0,5.0,12.0,12.0,12.0,9.298726375000971,8.926855333057066,8.453230293203715,9.23614917967912,8.76178145967063,0.7461328480436761,0.8319405756731661,1.121129326047359,0.7569913211186113,0.9750922509225092,3.4816579818725586,22.351956323930803,25.383175487465206,37.06475409836066,22.398360655737683,31.51953874538743,67.221110100091,70.28690807799443,81.94444444444444,67.27290260366442,76.34594095940959,14.692447679708826,17.042711234911792,25.62568306010929,14.655737704918034,21.59132841328413,5.0,12.0,12.0,12.0,18.721581618586416
