,1,1l,1r,1s,2,2l,2r,2s,3,3l,3r,3s,4,4l,4r,4s,id,1_2,1_3,1_4,2_1,2_3,2_4,3_1,3_2,3_4,4_1,4_2,4_3,p1,p2,p3,p4,speed0,speed1,speed2,speed3,speed4,stop0,stop1,stop2,stop3,stop4,time,timeloss0,timeloss1,timeloss2,timeloss3,timeloss4,travel0,travel1,travel2,travel3,travel4,wait0,wait1,wait2,wait3,wait4,rsl_rsssl_rssssl_rssll_0,rsl_rsssl_rssssl_rssll_1,rsl_rsssl_rssssl_rssll_2,rsl_rsssl_rssssl_rssll_3,performance measure
0,3,1,1,1,5,1,1,3,6,1,1,4,5,2,1,2,rsl_rsssl_rssssl_rssll,156.0,197.0,251.0,239.0,57.0,382.0,1387.0,296.0,90.0,498.0,403.0,143.0,12.0,20.0,12.0,12.0,8.857726573197889,8.482991385994358,8.67030512639829,8.82721382752058,8.932450900040486,0.7433234421364985,0.8642335766423358,0.7913413768630234,0.7647058823529411,0.745493871665465,4.046847105026245,25.670348664688397,31.34188321167885,28.612150461320052,26.133361344537835,25.148565248738265,70.50593471810089,76.2043795620438,73.53584102200142,70.9449961802903,70.03316510454218,17.770029673590503,22.4021897810219,20.085166784953866,18.06340718105424,17.173035328046144,12.0,20.0,12.0,12.0,19.09876574973333
