,1,1l,1r,1s,2,2l,2r,2s,3,3l,3r,3s,4,4l,4r,4s,id,1_2,1_3,1_4,2_1,2_3,2_4,3_1,3_2,3_4,4_1,4_2,4_3,p1,p2,p3,p4,speed0,speed1,speed2,speed3,speed4,stop0,stop1,stop2,stop3,stop4,time,timeloss0,timeloss1,timeloss2,timeloss3,timeloss4,travel0,travel1,travel2,travel3,travel4,wait0,wait1,wait2,wait3,wait4,rsll_rsl_rssslll_rrsssll_0,rsll_rsl_rssslll_rrsssll_1,rsll_rsl_rssslll_rrsssll_2,rsll_rsl_rssslll_rrsssll_3,performance measure
0,4,2,1,1,3,1,1,1,7,3,1,3,7,2,2,3,rsll_rsl_rssslll_rrsssll,173.0,158.0,204.0,184.0,283.0,212.0,516.0,236.0,816.0,310.0,153.0,118.0,12.0,12.0,12.0,12.0,8.780542349830835,8.991115859276139,8.751355958385787,8.725900202480531,9.056277897804478,0.7887817703768624,0.7378815080789947,0.8387372013651877,0.8259292837715322,0.7435008665511266,3.765564203262329,26.055407537247984,24.322226211849173,27.18124573378838,27.265702629193147,23.644948006932392,70.76424189307625,69.03680430879713,71.88993174061433,71.97552130553038,68.33535528596187,17.90008764241893,16.636445242369838,18.646757679180887,18.97914777878513,15.935008665511265,12.0,12.0,12.0,12.0,17.619489401653208
