,1,1l,1r,1s,2,2l,2r,2s,3,3l,3r,3s,4,4l,4r,4s,id,1_2,1_3,1_4,2_1,2_3,2_4,3_1,3_2,3_4,4_1,4_2,4_3,p1,p2,p3,p4,speed0,speed1,speed2,speed3,speed4,stop0,stop1,stop2,stop3,stop4,time,timeloss0,timeloss1,timeloss2,timeloss3,timeloss4,travel0,travel1,travel2,travel3,travel4,wait0,wait1,wait2,wait3,wait4,rsl_rssslll_rrsssl_rsslll_0,rsl_rssslll_rrsssl_rsslll_1,rsl_rssslll_rrsssl_rsslll_2,rsl_rssslll_rrsssl_rsslll_3,performance measure
0,3,1,1,1,7,3,1,3,6,1,2,3,6,3,1,2,rsl_rssslll_rrsssl_rsslll,195.0,290.0,209.0,303.0,789.0,1070.0,493.0,438.0,72.0,109.0,540.0,66.0,12.0,12.0,12.0,20.0,8.652339872080805,8.54752847433606,8.451278040129148,8.54165828410708,8.478684632708074,0.791828793774319,0.8360107095046854,0.9539432176656152,0.8219448094612353,0.9106002554278416,4.258424520492554,27.82675097276269,30.575140562249032,36.902958990536334,29.2273981603154,34.030606641123846,72.53501945525292,75.32797858099063,81.61324921135646,73.95137976346912,78.74584929757343,19.51815823605707,21.70883534136546,26.813880126182966,20.703022339027594,24.448275862068964,12.0,12.0,12.0,20.0,22.638434380940414
