,1,1l,1r,1s,2,2l,2r,2s,3,3l,3r,3s,4,4l,4r,4s,id,1_2,1_3,1_4,2_1,2_3,2_4,3_1,3_2,3_4,4_1,4_2,4_3,p1,p2,p3,p4,speed0,speed1,speed2,speed3,speed4,stop0,stop1,stop2,stop3,stop4,time,timeloss0,timeloss1,timeloss2,timeloss3,timeloss4,travel0,travel1,travel2,travel3,travel4,wait0,wait1,wait2,wait3,wait4,rrssl_rrssl_rrsslll_rrsslll_0,rrssl_rrssl_rrsslll_rrsslll_1,rrssl_rrssl_rrsslll_rrsslll_2,rrssl_rrssl_rrsslll_rrsslll_3,performance measure
0,5,1,2,2,5,1,2,2,7,3,2,2,7,3,2,2,rrssl_rrssl_rrsslll_rrsslll,170.0,179.0,100.0,397.0,150.0,625.0,299.0,490.0,635.0,453.0,97.0,368.0,12.0,12.0,12.0,20.0,8.952974043062552,9.115015178264994,9.071435554885408,9.032964780839492,9.134337907456539,0.7412023460410557,0.700589970501475,0.7120567375886525,0.7151291512915129,0.7083021690351533,3.999983310699463,24.733438416422285,23.833864306784655,23.948957446808485,24.289402214022147,23.420022438294705,69.13563049853373,68.28318584070796,68.44468085106384,68.6819188191882,67.88107703814511,17.11217008797654,16.530973451327434,16.517021276595745,16.853136531365315,16.05759162303665,12.0,12.0,12.0,20.0,16.614178594060338
