,1,1l,1r,1s,2,2l,2r,2s,3,3l,3r,3s,4,4l,4r,4s,id,1_2,1_3,1_4,2_1,2_3,2_4,3_1,3_2,3_4,4_1,4_2,4_3,p1,p2,p3,p4,speed0,speed1,speed2,speed3,speed4,stop0,stop1,stop2,stop3,stop4,time,timeloss0,timeloss1,timeloss2,timeloss3,timeloss4,travel0,travel1,travel2,travel3,travel4,wait0,wait1,wait2,wait3,wait4,rsl_rssslll_rrsssl_rsslll_0,rsl_rssslll_rrsssl_rsslll_1,rsl_rssslll_rrsssl_rsslll_2,rsl_rssslll_rrsssl_rsslll_3,performance measure
0,3,1,1,1,7,3,1,3,6,1,2,3,6,3,1,2,rsl_rssslll_rrsssl_rsslll,111.0,60.0,196.0,316.0,587.0,221.0,354.0,437.0,263.0,709.0,454.0,324.0,12.0,5.0,12.0,12.0,9.190319479857887,9.207867533709702,9.241097914344481,9.155526511924915,9.279547891206649,0.7552045944005743,0.75,0.7411933860531992,0.7799547852298417,0.7366468842729971,3.8584628105163574,22.54503948312993,22.164623493975895,21.69472322070451,22.918372268274336,21.41262611275965,67.12060301507537,66.71536144578313,66.28900071890726,67.4114544084401,65.97700296735906,14.784637473079684,14.485692771084338,13.925233644859814,15.104747550866616,13.877596439169139,12.0,5.0,12.0,12.0,14.435581575811918
