,1,1l,1r,1s,2,2l,2r,2s,3,3l,3r,3s,4,4l,4r,4s,id,1_2,1_3,1_4,2_1,2_3,2_4,3_1,3_2,3_4,4_1,4_2,4_3,p1,p2,p3,p4,speed0,speed1,speed2,speed3,speed4,stop0,stop1,stop2,stop3,stop4,time,timeloss0,timeloss1,timeloss2,timeloss3,timeloss4,travel0,travel1,travel2,travel3,travel4,wait0,wait1,wait2,wait3,wait4,rsl_rrsll_rsl_rslll_0,rsl_rrsll_rsl_rslll_1,rsl_rrsll_rsl_rslll_2,rsl_rrsll_rsl_rslll_3,performance measure
0,3,1,1,1,5,2,2,1,3,1,1,1,5,3,1,1,rsl_rrsll_rsl_rslll,103.0,185.0,119.0,397.0,138.0,62.0,123.0,183.0,188.0,782.0,291.0,48.0,12.0,12.0,12.0,12.0,9.091679154242058,8.806140185848932,8.8625917565743,8.86683707189725,8.927849257866098,0.7142857142857143,0.7844925883694412,0.7948442534908701,0.796149490373726,0.7835990888382688,3.203193426132202,23.368537414966003,26.190832383124317,25.32030075187971,25.123374858437124,26.226845102505692,68.32766439909297,71.1835803876853,70.31041890440386,70.06908267270668,71.19589977220957,15.667800453514738,18.006841505131128,17.12567132116004,17.141562853907136,18.112756264236904,12.0,12.0,12.0,12.0,17.21092647958999
