,1,1l,1r,1s,2,2l,2r,2s,3,3l,3r,3s,4,4l,4r,4s,id,1_2,1_3,1_4,2_1,2_3,2_4,3_1,3_2,3_4,4_1,4_2,4_3,p1,p2,p3,p4,speed0,speed1,speed2,speed3,speed4,stop0,stop1,stop2,stop3,stop4,time,timeloss0,timeloss1,timeloss2,timeloss3,timeloss4,travel0,travel1,travel2,travel3,travel4,wait0,wait1,wait2,wait3,wait4,rsl_rsl_rsl_rrssssl_0,rsl_rsl_rsl_rrssssl_1,rsl_rsl_rsl_rrssssl_2,rsl_rsl_rsl_rrssssl_3,performance measure
0,3,1,1,1,3,1,1,1,3,1,1,1,7,1,2,4,rsl_rsl_rsl_rrssssl,172.0,155.0,107.0,239.0,76.0,356.0,136.0,207.0,77.0,240.0,924.0,583.0,12.0,12.0,12.0,20.0,8.942749713750793,9.067529944485758,9.182567956531559,9.316046310427874,9.185956670463826,0.7428323197219809,0.7277628032345014,0.7025595763459841,0.6780952380952381,0.7026793431287813,3.468651056289673,25.79304083405732,25.468122192273132,23.547060900264796,22.118285714285733,23.580345721694044,70.51694178974805,70.22282120395327,68.34157105030891,66.8552380952381,68.3267070008643,17.709817549956558,17.5822102425876,15.932921447484555,14.699047619047619,15.759723422644772,12.0,12.0,12.0,20.0,16.336744056344223
