,1,1l,1r,1s,2,2l,2r,2s,3,3l,3r,3s,4,4l,4r,4s,id,1_2,1_3,1_4,2_1,2_3,2_4,3_1,3_2,3_4,4_1,4_2,4_3,p1,p2,p3,p4,speed0,speed1,speed2,speed3,speed4,stop0,stop1,stop2,stop3,stop4,time,timeloss0,timeloss1,timeloss2,timeloss3,timeloss4,travel0,travel1,travel2,travel3,travel4,wait0,wait1,wait2,wait3,wait4,rsl_rsssll_rrssl_rrsslll_0,rsl_rsssll_rrssl_rrsslll_1,rsl_rsssll_rrssl_rrsslll_2,rsl_rsssll_rrssl_rrsslll_3,performance measure
0,3,1,1,1,6,2,1,3,5,1,2,2,7,3,2,2,rsl_rsssll_rrssl_rrsslll,195.0,56.0,110.0,100.0,544.0,510.0,485.0,564.0,67.0,669.0,414.0,85.0,12.0,12.0,12.0,12.0,8.846014420879179,8.928885326294989,8.986457248705218,8.856059963060199,9.06782647298732,0.78125,0.7589214908802537,0.7629969418960245,0.7890127388535032,0.7317460317460317,3.84365177154541,25.56514481707315,24.78770023790643,24.105053516819545,25.245414012738873,23.49499206349205,70.23932926829268,69.52022204599524,68.77905198776759,69.92993630573248,68.18809523809524,17.564786585365855,16.98334655035686,16.328746177370032,17.226910828025478,15.934920634920635,12.0,12.0,12.0,12.0,16.80774215520777
