,1,1l,1r,1s,2,2l,2r,2s,3,3l,3r,3s,4,4l,4r,4s,id,1_2,1_3,1_4,2_1,2_3,2_4,3_1,3_2,3_4,4_1,4_2,4_3,p1,p2,p3,p4,speed0,speed1,speed2,speed3,speed4,stop0,stop1,stop2,stop3,stop4,time,timeloss0,timeloss1,timeloss2,timeloss3,timeloss4,travel0,travel1,travel2,travel3,travel4,wait0,wait1,wait2,wait3,wait4,rsl_rssslll_rrsssl_rsslll_0,rsl_rssslll_rrsssl_rsslll_1,rsl_rssslll_rrsssl_rsslll_2,rsl_rssslll_rrsssl_rsslll_3,performance measure
0,3,1,1,1,7,3,1,3,6,1,2,3,6,3,1,2,rsl_rssslll_rrsssl_rsslll,184.0,131.0,81.0,249.0,459.0,847.0,128.0,118.0,206.0,573.0,556.0,87.0,12.0,5.0,12.0,12.0,9.205410272188015,9.132041982144328,8.9652022792596,9.016014528776985,9.09361080378266,0.7641666666666667,0.7918032786885246,0.945324881141046,0.8194092827004219,0.8014827018121911,3.7590785026550293,22.58757499999998,23.70433606557377,30.863240887480245,25.062135021097056,24.47813014827015,67.3725,68.51639344262296,75.65055467511885,69.87763713080169,69.25700164744646,15.005833333333333,15.88360655737705,21.75515055467512,17.10295358649789,16.5831960461285,12.0,5.0,12.0,12.0,17.26614801560238
