,1,1l,1r,1s,2,2l,2r,2s,3,3l,3r,3s,4,4l,4r,4s,id,1_2,1_3,1_4,2_1,2_3,2_4,3_1,3_2,3_4,4_1,4_2,4_3,p1,p2,p3,p4,speed0,speed1,speed2,speed3,speed4,stop0,stop1,stop2,stop3,stop4,time,timeloss0,timeloss1,timeloss2,timeloss3,timeloss4,travel0,travel1,travel2,travel3,travel4,wait0,wait1,wait2,wait3,wait4,rsl_rrsl_rssslll_rssssl_0,rsl_rrsl_rssslll_rssssl_1,rsl_rrsl_rssslll_rssssl_2,rsl_rrsl_rssslll_rssssl_3,performance measure
0,3,1,1,1,4,1,2,1,7,3,1,3,6,1,1,4,rsl_rrsl_rssslll_rssssl,149.0,212.0,200.0,230.0,113.0,59.0,690.0,41.0,921.0,92.0,235.0,287.0,12.0,12.0,5.0,5.0,9.605014532061938,9.573248224522006,9.47726215054167,9.528279688954735,9.449185079846814,0.7242009132420091,0.724624060150376,0.7530434782608696,0.7305848513902206,0.7457777777777778,3.5312013626098633,19.239315068493166,18.98460526315791,19.885608695652177,19.75134228187919,20.197360000000003,64.11689497716895,63.85244360902256,64.75130434782609,64.68839884947268,65.05777777777777,11.673972602739726,11.511278195488721,12.110434782608696,12.245445829338447,12.492444444444445,12.0,12.0,5.0,5.0,12.006715170924007
