,1,1l,1r,1s,2,2l,2r,2s,3,3l,3r,3s,4,4l,4r,4s,id,1_2,1_3,1_4,2_1,2_3,2_4,3_1,3_2,3_4,4_1,4_2,4_3,p1,p2,p3,p4,speed0,speed1,speed2,speed3,speed4,stop0,stop1,stop2,stop3,stop4,time,timeloss0,timeloss1,timeloss2,timeloss3,timeloss4,travel0,travel1,travel2,travel3,travel4,wait0,wait1,wait2,wait3,wait4,rsl_rsl_rsl_rrssssl_0,rsl_rsl_rsl_rrssssl_1,rsl_rsl_rsl_rrssssl_2,rsl_rsl_rsl_rrssssl_3,performance measure
0,3,1,1,1,3,1,1,1,3,1,1,1,7,1,2,4,rsl_rsl_rsl_rrssssl,173.0,336.0,131.0,101.0,56.0,74.0,157.0,252.0,272.0,262.0,874.0,504.0,12.0,20.0,12.0,12.0,8.541230615373756,8.475390758648492,8.556593975855895,8.669370518803566,8.640969532139497,0.8066847335140018,0.8871119473189087,0.8263254113345521,0.8282630029440629,0.7924187725631769,3.189880847930908,29.6475971093044,33.976142991533415,30.38816270566727,29.736771344455338,28.421119133574013,74.37669376693766,78.78645343367828,75.19744058500915,74.53091265947008,73.20036101083032,21.206865401987354,24.80903104421449,21.73583180987203,21.16584887144259,20.10198555956679,12.0,20.0,12.0,12.0,21.80391253741665
