,1,1l,1r,1s,2,2l,2r,2s,3,3l,3r,3s,4,4l,4r,4s,id,1_2,1_3,1_4,2_1,2_3,2_4,3_1,3_2,3_4,4_1,4_2,4_3,p1,p2,p3,p4,speed0,speed1,speed2,speed3,speed4,stop0,stop1,stop2,stop3,stop4,time,timeloss0,timeloss1,timeloss2,timeloss3,timeloss4,travel0,travel1,travel2,travel3,travel4,wait0,wait1,wait2,wait3,wait4,rsl_rsssssl_rsll_rrssl_0,rsl_rsssssl_rsll_rrssl_1,rsl_rsssssl_rsll_rrssl_2,rsl_rsssssl_rsll_rrssl_3,performance measure
0,3,1,1,1,7,1,1,5,4,2,1,1,5,1,2,2,rsl_rsssssl_rsll_rrssl,282.0,69.0,300.0,71.0,102.0,1312.0,118.0,129.0,342.0,44.0,213.0,263.0,12.0,5.0,5.0,12.0,9.448105301798273,9.470759722119316,9.443795831652661,9.52084112791293,9.47134546741117,0.7872727272727272,0.7632311977715878,0.7688888888888888,0.7450611476952023,0.7438468550592525,3.4339723587036133,21.355227272727262,20.343147632311986,20.5861333333333,20.209811853245544,20.223381950774836,66.16,65.15784586815228,65.43822222222222,65.03574788334902,65.02370100273473,13.620909090909091,12.634168987929433,12.864,12.619002822201317,12.593436645396537,12.0,5.0,5.0,12.0,12.866303509287274
