,1,1l,1r,1s,2,2l,2r,2s,3,3l,3r,3s,4,4l,4r,4s,id,1_2,1_3,1_4,2_1,2_3,2_4,3_1,3_2,3_4,4_1,4_2,4_3,p1,p2,p3,p4,speed0,speed1,speed2,speed3,speed4,stop0,stop1,stop2,stop3,stop4,time,timeloss0,timeloss1,timeloss2,timeloss3,timeloss4,travel0,travel1,travel2,travel3,travel4,wait0,wait1,wait2,wait3,wait4,rsl_rrsll_rsl_rslll_0,rsl_rrsll_rsl_rslll_1,rsl_rrsll_rsl_rslll_2,rsl_rrsll_rsl_rslll_3,performance measure
0,3,1,1,1,5,2,2,1,3,1,1,1,5,3,1,1,rsl_rrsll_rsl_rslll,221.0,298.0,135.0,330.0,188.0,191.0,58.0,132.0,99.0,109.0,58.0,99.0,12.0,12.0,5.0,12.0,9.304174040631274,9.186718222872106,9.113598556001532,9.364864296571897,9.167242229413441,0.7162162162162162,0.7555205047318612,0.7790697674418605,0.7160883280757098,0.7584615384615384,2.4219677448272705,21.76486486486486,22.500504731861184,23.817049418604647,21.183611987381706,23.271799999999992,66.49849849849849,67.26971608832808,68.57267441860465,65.90536277602524,67.98153846153846,14.205705705705705,15.001577287066246,15.863372093023257,13.861198738170348,15.476923076923077,12.0,12.0,5.0,12.0,14.881755380177726
