,1,1l,1r,1s,2,2l,2r,2s,3,3l,3r,3s,4,4l,4r,4s,id,1_2,1_3,1_4,2_1,2_3,2_4,3_1,3_2,3_4,4_1,4_2,4_3,p1,p2,p3,p4,speed0,speed1,speed2,speed3,speed4,stop0,stop1,stop2,stop3,stop4,time,timeloss0,timeloss1,timeloss2,timeloss3,timeloss4,travel0,travel1,travel2,travel3,travel4,wait0,wait1,wait2,wait3,wait4,rrssl_rrssl_rrsslll_rrsslll_0,rrssl_rrssl_rrsslll_rrsslll_1,rrssl_rrssl_rrsslll_rrsslll_2,rrssl_rrssl_rrsslll_rrsslll_3,performance measure
0,5,1,2,2,5,1,2,2,7,3,2,2,7,3,2,2,rrssl_rrssl_rrsslll_rrsslll,177.0,514.0,371.0,567.0,193.0,260.0,432.0,626.0,881.0,547.0,263.0,338.0,12.0,12.0,12.0,5.0,9.103059931515658,9.076985611512018,9.10301952010499,9.189321155298009,9.080492594790025,0.8823866896156053,0.8062104657849338,0.7924424972617744,0.7706260971328263,0.8035714285714286,4.546501874923706,28.058565691336767,25.448562392179397,23.58947973713032,23.82109420713872,25.27453341013828,72.45152036718302,69.94652098907419,67.99069003285871,68.28964306612053,69.73041474654377,19.44807802639128,17.49683726279471,15.618291347207009,16.009947337624343,17.183755760368662,12.0,12.0,12.0,5.0,17.1513819468772
