,1,1l,1r,1s,2,2l,2r,2s,3,3l,3r,3s,4,4l,4r,4s,id,1_2,1_3,1_4,2_1,2_3,2_4,3_1,3_2,3_4,4_1,4_2,4_3,p1,p2,p3,p4,speed0,speed1,speed2,speed3,speed4,stop0,stop1,stop2,stop3,stop4,time,timeloss0,timeloss1,timeloss2,timeloss3,timeloss4,travel0,travel1,travel2,travel3,travel4,wait0,wait1,wait2,wait3,wait4,rsl_rssslll_rrsssl_rsslll_0,rsl_rssslll_rrsssl_rsslll_1,rsl_rssslll_rrsssl_rsslll_2,rsl_rssslll_rrsssl_rsslll_3,performance measure
0,3,1,1,1,7,3,1,3,6,1,2,3,6,3,1,2,rsl_rssslll_rrsssl_rsslll,82.0,202.0,287.0,168.0,265.0,760.0,818.0,228.0,183.0,546.0,536.0,273.0,12.0,12.0,12.0,12.0,8.886477550690982,8.913990643249589,8.849415015830475,8.925034870147075,9.048381350496115,0.7670572019297036,0.758183032732131,0.7899603698811096,0.7815602836879433,0.7439945092656143,3.799830913543701,24.879634734665757,24.82796927187707,25.198824306472932,24.43561702127659,23.466053534660258,69.67953135768435,69.63593854375418,70.02906208718626,69.2482269503546,68.24708304735758,17.020675396278428,16.899131596526384,17.079260237780712,16.533333333333335,15.685655456417296,12.0,12.0,12.0,12.0,16.64361120406723
