,1,1l,1r,1s,2,2l,2r,2s,3,3l,3r,3s,4,4l,4r,4s,id,1_2,1_3,1_4,2_1,2_3,2_4,3_1,3_2,3_4,4_1,4_2,4_3,p1,p2,p3,p4,speed0,speed1,speed2,speed3,speed4,stop0,stop1,stop2,stop3,stop4,time,timeloss0,timeloss1,timeloss2,timeloss3,timeloss4,travel0,travel1,travel2,travel3,travel4,wait0,wait1,wait2,wait3,wait4,rsl_rsssl_rssssl_rssll_0,rsl_rsssl_rssssl_rssll_1,rsl_rsssl_rssssl_rssll_2,rsl_rsssl_rssssl_rssll_3,performance measure
0,3,1,1,1,5,1,1,3,6,1,1,4,5,2,1,2,rsl_rsssl_rssssl_rssll,60.0,198.0,110.0,291.0,36.0,415.0,917.0,266.0,298.0,620.0,710.0,259.0,12.0,12.0,12.0,12.0,8.425606713686856,7.778847466559236,7.765012416923456,8.354326900082473,8.318893120523695,0.8703170028818443,1.1431639226914818,1.1299862448418156,0.9163609684519443,0.9700948212983224,3.9845988750457764,30.53614553314124,44.21117394416605,41.45602475928472,31.749420396184842,34.36980306345734,75.39913544668588,89.12168933428777,86.37345254470426,76.62362435803375,79.25309992706055,21.52377521613833,32.38511095204009,30.10522696011004,22.428466617754953,24.453683442742523,12.0,12.0,12.0,12.0,26.179252637757184
