,1,1l,1r,1s,2,2l,2r,2s,3,3l,3r,3s,4,4l,4r,4s,id,1_2,1_3,1_4,2_1,2_3,2_4,3_1,3_2,3_4,4_1,4_2,4_3,p1,p2,p3,p4,speed0,speed1,speed2,speed3,speed4,stop0,stop1,stop2,stop3,stop4,time,timeloss0,timeloss1,timeloss2,timeloss3,timeloss4,travel0,travel1,travel2,travel3,travel4,wait0,wait1,wait2,wait3,wait4,rssslll_rssll_rsssl_rrssl_0,rssslll_rssll_rsssl_rrssl_1,rssslll_rssll_rsssl_rrssl_2,rssslll_rssll_rsssl_rrssl_3,performance measure
0,7,3,1,3,5,2,1,2,5,1,1,3,5,1,2,2,rssslll_rssll_rsssl_rrssl,341.0,798.0,168.0,205.0,110.0,417.0,596.0,71.0,281.0,140.0,166.0,484.0,12.0,12.0,5.0,12.0,9.259517167740732,9.25117899276379,9.164712998101281,9.356256403522677,9.351383403214756,0.8113636363636364,0.8995290423861853,0.8255188316679477,0.7493713327745181,0.7563694267515924,3.999995231628418,25.222507575757557,29.508602825745694,25.083535741737148,21.61173512154231,23.484132165605093,69.88181818181818,74.1585557299843,69.75941583397386,66.26823134953898,68.13296178343948,17.129545454545454,20.62087912087912,17.019215987701767,14.067896060352053,15.810509554140127,12.0,12.0,5.0,12.0,16.929609235523706
