,1,1l,1r,1s,2,2l,2r,2s,3,3l,3r,3s,4,4l,4r,4s,id,1_2,1_3,1_4,2_1,2_3,2_4,3_1,3_2,3_4,4_1,4_2,4_3,p1,p2,p3,p4,speed0,speed1,speed2,speed3,speed4,stop0,stop1,stop2,stop3,stop4,time,timeloss0,timeloss1,timeloss2,timeloss3,timeloss4,travel0,travel1,travel2,travel3,travel4,wait0,wait1,wait2,wait3,wait4,rrssl_rrssl_rrsslll_rrsslll_0,rrssl_rrssl_rrsslll_rrsslll_1,rrssl_rrssl_rrsslll_rrsslll_2,rrssl_rrssl_rrsslll_rrsslll_3,performance measure
0,5,1,2,2,5,1,2,2,7,3,2,2,7,3,2,2,rrssl_rrssl_rrsslll_rrsslll,206.0,714.0,631.0,283.0,90.0,384.0,135.0,322.0,787.0,422.0,179.0,574.0,12.0,20.0,12.0,12.0,8.884058772216932,8.977459623934978,8.888441345095083,8.85650291237245,8.992495979300324,0.73053152039555,0.7172808132147395,0.7496947496947497,0.7547292889758643,0.723170731707317,4.425733327865601,25.899171817058082,24.649529860228732,25.96536630036632,26.439080234833664,24.69496341463416,70.35723114956737,69.13405336721728,70.46703296703296,70.89367253750815,69.19024390243902,18.03461063040791,16.990470139771283,18.084249084249084,18.570123939986953,17.002439024390245,12.0,20.0,12.0,12.0,17.736378563761097
