,1,1l,1r,1s,2,2l,2r,2s,3,3l,3r,3s,4,4l,4r,4s,id,1_2,1_3,1_4,2_1,2_3,2_4,3_1,3_2,3_4,4_1,4_2,4_3,p1,p2,p3,p4,speed0,speed1,speed2,speed3,speed4,stop0,stop1,stop2,stop3,stop4,time,timeloss0,timeloss1,timeloss2,timeloss3,timeloss4,travel0,travel1,travel2,travel3,travel4,wait0,wait1,wait2,wait3,wait4,rsl_rrsl_rssslll_rssssl_0,rsl_rrsl_rssslll_rssssl_1,rsl_rrsl_rssslll_rssssl_2,rsl_rrsl_rssslll_rssssl_3,performance measure
0,3,1,1,1,4,1,2,1,7,3,1,3,6,1,1,4,rsl_rrsl_rssslll_rssssl,309.0,329.0,304.0,138.0,74.0,115.0,558.0,148.0,786.0,302.0,1258.0,198.0,12.0,12.0,12.0,12.0,8.37917057405181,8.13039419987878,7.733075731853378,8.294782622469874,8.149296423385227,0.8863337713534822,0.9698360655737704,1.1850162866449512,0.905777166437414,1.0557717250324254,4.374717473983765,30.953699080157676,34.969921311475474,44.5362540716612,31.475474552957397,38.7832555123216,75.96254927726676,79.9888524590164,89.57263843648208,76.4697386519945,83.78858625162127,21.83705650459921,25.07672131147541,32.28078175895765,22.257909215955983,27.750972762645915,12.0,12.0,12.0,12.0,25.840688310726836
