,1,1l,1r,1s,2,2l,2r,2s,3,3l,3r,3s,4,4l,4r,4s,id,1_2,1_3,1_4,2_1,2_3,2_4,3_1,3_2,3_4,4_1,4_2,4_3,p1,p2,p3,p4,speed0,speed1,speed2,speed3,speed4,stop0,stop1,stop2,stop3,stop4,time,timeloss0,timeloss1,timeloss2,timeloss3,timeloss4,travel0,travel1,travel2,travel3,travel4,wait0,wait1,wait2,wait3,wait4,rrslll_rssll_rsl_rssssll_0,rrslll_rssll_rsl_rssssll_1,rrslll_rssll_rsl_rssssll_2,rrslll_rssll_rsl_rssssll_3,performance measure
0,6,3,2,1,5,2,1,2,3,1,1,1,7,2,1,4,rrslll_rssll_rsl_rssssll,254.0,190.0,338.0,145.0,429.0,318.0,149.0,107.0,90.0,317.0,361.0,83.0,5.0,12.0,12.0,12.0,9.404134698220663,9.430939675649874,9.270029743644587,9.421755264770184,9.473066584914442,0.7177083333333333,0.6991525423728814,0.755863539445629,0.715261958997722,0.7120253164556962,3.1092171669006348,20.95400000000001,20.903135593220316,22.061577825159937,20.858633257403195,20.327921940928256,65.75625,65.75317796610169,66.89125799573561,65.65489749430525,65.08966244725738,13.767708333333333,13.870762711864407,14.695095948827293,13.824601366742597,13.147679324894515,5.0,12.0,12.0,12.0,13.86116953713243
