,1,1l,1r,1s,2,2l,2r,2s,3,3l,3r,3s,4,4l,4r,4s,id,1_2,1_3,1_4,2_1,2_3,2_4,3_1,3_2,3_4,4_1,4_2,4_3,p1,p2,p3,p4,speed0,speed1,speed2,speed3,speed4,stop0,stop1,stop2,stop3,stop4,time,timeloss0,timeloss1,timeloss2,timeloss3,timeloss4,travel0,travel1,travel2,travel3,travel4,wait0,wait1,wait2,wait3,wait4,rssslll_rrsssl_rsssssl_rsl_0,rssslll_rrsssl_rsssssl_rsl_1,rssslll_rrsssl_rsssssl_rsl_2,rssslll_rrsssl_rsssssl_rsl_3,performance measure
0,7,3,1,3,6,1,2,3,7,1,1,5,3,1,1,1,rssslll_rrsssl_rsssssl_rsl,360.0,696.0,231.0,617.0,303.0,733.0,499.0,207.0,69.0,239.0,211.0,276.0,5.0,12.0,12.0,12.0,8.99725317244966,9.01633459034618,8.988468774596246,9.18134304375226,9.283512150168049,0.8110079575596817,0.803763440860215,0.8302631578947368,0.7597222222222222,0.7286980231765507,4.2656049728393555,25.229005305039795,24.615974462365596,25.571835526315834,22.640270833333368,21.30754601226992,69.79708222811671,69.20967741935483,70.13552631578948,67.225,65.88820722563054,17.072944297082227,16.519489247311828,17.238815789473684,14.889583333333333,13.735514655760054,5.0,12.0,12.0,12.0,15.891269464592224
