,1,1l,1r,1s,2,2l,2r,2s,3,3l,3r,3s,4,4l,4r,4s,id,1_2,1_3,1_4,2_1,2_3,2_4,3_1,3_2,3_4,4_1,4_2,4_3,p1,p2,p3,p4,speed0,speed1,speed2,speed3,speed4,stop0,stop1,stop2,stop3,stop4,time,timeloss0,timeloss1,timeloss2,timeloss3,timeloss4,travel0,travel1,travel2,travel3,travel4,wait0,wait1,wait2,wait3,wait4,rsl_rsl_rsssl_rsl_0,rsl_rsl_rsssl_rsl_1,rsl_rsl_rsssl_rsl_2,rsl_rsl_rsssl_rsl_3,performance measure
0,3,1,1,1,3,1,1,1,5,1,1,3,3,1,1,1,rsl_rsl_rsssl_rsl,291.0,139.0,302.0,213.0,124.0,263.0,328.0,249.0,165.0,318.0,312.0,138.0,12.0,5.0,12.0,12.0,8.53797146951065,8.46866978827024,8.265447427901897,8.708229079113014,8.415693174227112,0.914914914914915,0.9728317659352143,1.227320125130344,0.8815931108719053,0.9948559670781894,3.26523494720459,29.296336336336335,32.82226750261235,45.002252346193934,28.71705059203441,34.37127572016461,74.30630630630631,77.8171368861024,89.97810218978103,73.69537136706136,79.33641975308642,20.11811811811812,23.354231974921632,32.94056308654849,19.86221743810549,24.623456790123456,12.0,5.0,12.0,12.0,24.179717481563436
