,1,1l,1r,1s,2,2l,2r,2s,3,3l,3r,3s,4,4l,4r,4s,id,1_2,1_3,1_4,2_1,2_3,2_4,3_1,3_2,3_4,4_1,4_2,4_3,p1,p2,p3,p4,speed0,speed1,speed2,speed3,speed4,stop0,stop1,stop2,stop3,stop4,time,timeloss0,timeloss1,timeloss2,timeloss3,timeloss4,travel0,travel1,travel2,travel3,travel4,wait0,wait1,wait2,wait3,wait4,rsl_rsssl_rssssl_rssll_0,rsl_rsssl_rssssl_rssll_1,rsl_rsssl_rssssl_rssll_2,rsl_rsssl_rssssl_rssll_3,performance measure
0,3,1,1,1,5,1,1,3,6,1,1,4,5,2,1,2,rsl_rsssl_rssssl_rssll,107.0,331.0,65.0,142.0,188.0,280.0,650.0,106.0,129.0,247.0,244.0,183.0,5.0,12.0,12.0,5.0,9.073909435252022,9.267078886253056,9.273617975139821,9.279405661645242,9.085968850197368,0.8809523809523809,0.7967032967032966,0.8113207547169812,0.8011494252873563,0.8496659242761693,3.218475341796875,25.393798701298692,22.321824175824183,22.39057713651497,22.65794252873562,24.069944320712693,70.26515151515152,67.22967032967033,67.33296337402885,67.51724137931035,69.00556792873051,17.35822510822511,14.595604395604395,14.510543840177581,15.03103448275862,16.065701559020045,5.0,12.0,12.0,5.0,15.51222187715715
