,1,1l,1r,1s,2,2l,2r,2s,3,3l,3r,3s,4,4l,4r,4s,id,1_2,1_3,1_4,2_1,2_3,2_4,3_1,3_2,3_4,4_1,4_2,4_3,p1,p2,p3,p4,speed0,speed1,speed2,speed3,speed4,stop0,stop1,stop2,stop3,stop4,time,timeloss0,timeloss1,timeloss2,timeloss3,timeloss4,travel0,travel1,travel2,travel3,travel4,wait0,wait1,wait2,wait3,wait4,rrsll_rssl_rsssll_rsl_0,rrsll_rssl_rsssll_rsl_1,rrsll_rssl_rsssll_rsl_2,rrsll_rssl_rsssll_rsl_3,performance measure
0,5,2,2,1,4,1,1,2,6,2,1,3,3,1,1,1,rrsll_rssl_rsssll_rsl,112.0,201.0,97.0,106.0,244.0,334.0,793.0,99.0,441.0,258.0,337.0,182.0,12.0,12.0,12.0,12.0,8.521282264333554,8.300880556655901,8.440365879336953,8.516552463555787,8.642808542812801,0.8527493010251631,0.9495875343721356,0.8964896489648965,0.8648130393096836,0.8571428571428571,3.4215316772460938,29.140027958993468,35.12979835013752,30.583861386138633,29.04797698945347,29.189847619047598,74.1304753028891,80.12098991750688,75.60396039603961,74.03643336529242,74.18285714285715,20.68592730661696,25.424381301558203,21.523852385238524,20.496644295302012,20.515238095238097,12.0,12.0,12.0,12.0,21.729208676790755
