,1,1l,1r,1s,2,2l,2r,2s,3,3l,3r,3s,4,4l,4r,4s,id,1_2,1_3,1_4,2_1,2_3,2_4,3_1,3_2,3_4,4_1,4_2,4_3,p1,p2,p3,p4,speed0,speed1,speed2,speed3,speed4,stop0,stop1,stop2,stop3,stop4,time,timeloss0,timeloss1,timeloss2,timeloss3,timeloss4,travel0,travel1,travel2,travel3,travel4,wait0,wait1,wait2,wait3,wait4,rrslll_rssll_rsl_rssssll_0,rrslll_rssll_rsl_rssssll_1,rrslll_rssll_rsl_rssssll_2,rrslll_rssll_rsl_rssssll_3,performance measure
0,6,3,2,1,5,2,1,2,3,1,1,1,7,2,1,4,rrslll_rssll_rsl_rssssll,929.0,118.0,81.0,295.0,416.0,212.0,335.0,124.0,243.0,297.0,380.0,276.0,12.0,12.0,12.0,5.0,8.566703327504012,8.73921816115682,8.628409689524108,8.875769327826596,8.966324057865256,0.9451840250587314,0.8438985736925515,0.8632478632478633,0.8200325732899023,0.8036006546644845,3.8272204399108887,29.89271730618638,26.328034865293176,27.014195804195808,24.94909609120524,24.019754500818326,74.7368833202819,71.20443740095087,71.86402486402487,69.82003257328991,68.87234042553192,20.80031323414252,17.820919175911254,18.126651126651126,16.59201954397394,15.943535188216039,12.0,12.0,12.0,5.0,17.856687653778977
