,1,1l,1r,1s,2,2l,2r,2s,3,3l,3r,3s,4,4l,4r,4s,id,1_2,1_3,1_4,2_1,2_3,2_4,3_1,3_2,3_4,4_1,4_2,4_3,p1,p2,p3,p4,speed0,speed1,speed2,speed3,speed4,stop0,stop1,stop2,stop3,stop4,time,timeloss0,timeloss1,timeloss2,timeloss3,timeloss4,travel0,travel1,travel2,travel3,travel4,wait0,wait1,wait2,wait3,wait4,rssll_rrssl_rssslll_rrssll_0,rssll_rrssl_rssslll_rrssll_1,rssll_rrssl_rssslll_rrssll_2,rssll_rrssl_rssslll_rrssll_3,performance measure
0,5,2,1,2,5,1,2,2,7,3,1,3,6,2,2,2,rssll_rrssl_rssslll_rrssll,177.0,140.0,65.0,200.0,292.0,194.0,175.0,275.0,708.0,518.0,531.0,104.0,12.0,5.0,12.0,12.0,9.23302534738631,9.205005519168532,9.02375581051904,9.190373814541703,9.28886025492998,0.7440212577502214,0.7552816901408451,0.7985197368421053,0.7531760435571688,0.7401032702237521,3.7028720378875732,21.91959255978743,22.08150528169011,23.653470394736804,22.38926497277673,21.481299483648865,66.64216120460584,66.80457746478874,68.40213815789474,67.0399274047187,66.19621342512909,14.354295837023916,14.51144366197183,15.634868421052632,14.689655172413794,13.859724612736661,12.0,5.0,12.0,12.0,14.609997541039766
