,1,1l,1r,1s,2,2l,2r,2s,3,3l,3r,3s,4,4l,4r,4s,id,1_2,1_3,1_4,2_1,2_3,2_4,3_1,3_2,3_4,4_1,4_2,4_3,p1,p2,p3,p4,speed0,speed1,speed2,speed3,speed4,stop0,stop1,stop2,stop3,stop4,time,timeloss0,timeloss1,timeloss2,timeloss3,timeloss4,travel0,travel1,travel2,travel3,travel4,wait0,wait1,wait2,wait3,wait4,rssll_rrsl_rsssl_rrsl_0,rssll_rrsl_rsssl_rrsl_1,rssll_rrsl_rsssl_rrsl_2,rssll_rrsl_rsssl_rrsl_3,performance measure
0,5,2,1,2,4,1,2,1,5,1,1,3,4,1,2,1,rssll_rrsl_rsssl_rrsl,159.0,339.0,204.0,531.0,59.0,107.0,475.0,296.0,71.0,207.0,254.0,119.0,5.0,12.0,12.0,12.0,9.484828766381204,9.417895183611352,9.453662402343252,9.621651612901402,9.52337240401053,0.688659793814433,0.7044711014176663,0.6940822467402207,0.6717391304347826,0.690625,3.1091508865356445,19.88109278350517,20.585463467829886,20.053971915747244,18.9038804347826,19.72786458333335,64.56391752577319,65.27153762268266,64.73319959879639,63.56195652173913,64.396875,12.407216494845361,13.187568157033805,12.713139418254764,11.83804347826087,12.515625,5.0,12.0,12.0,12.0,12.53231850967896
