,1,1l,1r,1s,2,2l,2r,2s,3,3l,3r,3s,4,4l,4r,4s,id,1_2,1_3,1_4,2_1,2_3,2_4,3_1,3_2,3_4,4_1,4_2,4_3,p1,p2,p3,p4,speed0,speed1,speed2,speed3,speed4,stop0,stop1,stop2,stop3,stop4,time,timeloss0,timeloss1,timeloss2,timeloss3,timeloss4,travel0,travel1,travel2,travel3,travel4,wait0,wait1,wait2,wait3,wait4,rslll_rsl_rrslll_rsl_0,rslll_rsl_rrslll_rsl_1,rslll_rsl_rrslll_rsl_2,rslll_rsl_rrslll_rsl_3,performance measure
0,5,3,1,1,3,1,1,1,6,3,2,1,3,1,1,1,rslll_rsl_rrslll_rsl,650.0,139.0,131.0,224.0,218.0,162.0,200.0,242.0,682.0,50.0,214.0,135.0,12.0,12.0,12.0,12.0,8.983670708280599,9.08581860092686,8.955394675950524,8.898408180877299,9.016525838679483,0.7598039215686274,0.7137096774193549,0.7652495378927912,0.7876106194690266,0.7414634146341463,3.312204122543335,24.34845098039213,23.560120967741923,24.42889094269871,24.89781710914457,24.403463414634153,69.33333333333333,68.57661290322581,69.3909426987061,69.90068829891838,69.36878048780488,16.555882352941175,16.050403225806452,16.49815157116451,16.968534906588005,16.64390243902439,12.0,12.0,12.0,12.0,16.543374899104908
