,1,1l,1r,1s,2,2l,2r,2s,3,3l,3r,3s,4,4l,4r,4s,id,1_2,1_3,1_4,2_1,2_3,2_4,3_1,3_2,3_4,4_1,4_2,4_3,p1,p2,p3,p4,speed0,speed1,speed2,speed3,speed4,stop0,stop1,stop2,stop3,stop4,time,timeloss0,timeloss1,timeloss2,timeloss3,timeloss4,travel0,travel1,travel2,travel3,travel4,wait0,wait1,wait2,wait3,wait4,rssslll_rssll_rsssl_rrssl_0,rssslll_rssll_rsssl_rrssl_1,rssslll_rssll_rsssl_rrssl_2,rssslll_rssll_rsssl_rrssl_3,performance measure
0,7,3,1,3,5,2,1,2,5,1,1,3,5,1,2,2,rssslll_rssll_rsssl_rrssl,343.0,1028.0,194.0,194.0,73.0,523.0,539.0,142.0,131.0,159.0,385.0,222.0,5.0,12.0,5.0,12.0,9.272980149158728,9.265163727196322,9.327103214059035,9.414337342699383,9.464645301840754,0.847940074906367,0.9654135338345865,0.8152914458743377,0.7737998372660699,0.7943640517897944,3.6718945503234863,23.99116853932584,28.8002180451128,23.066131718395148,21.147819365337668,22.22466108149279,68.77752808988764,73.57368421052631,67.85919757759274,65.94141578519121,66.96268088347296,15.831460674157304,19.542857142857144,15.143830431491294,13.498779495524817,14.415841584158416,5.0,12.0,5.0,12.0,15.686553865637796
