,1,1l,1r,1s,2,2l,2r,2s,3,3l,3r,3s,4,4l,4r,4s,id,1_2,1_3,1_4,2_1,2_3,2_4,3_1,3_2,3_4,4_1,4_2,4_3,p1,p2,p3,p4,speed0,speed1,speed2,speed3,speed4,stop0,stop1,stop2,stop3,stop4,time,timeloss0,timeloss1,timeloss2,timeloss3,timeloss4,travel0,travel1,travel2,travel3,travel4,wait0,wait1,wait2,wait3,wait4,rssl_rrsslll_rsl_rrsll_0,rssl_rrsslll_rsl_rrsll_1,rssl_rrsslll_rsl_rrsll_2,rssl_rrsslll_rsl_rrsll_3,performance measure
0,4,1,1,2,7,3,2,2,3,1,1,1,5,2,2,1,rssl_rrsslll_rsl_rrsll,156.0,209.0,97.0,297.0,872.0,521.0,265.0,241.0,216.0,310.0,46.0,253.0,12.0,12.0,12.0,12.0,8.656490761849595,8.951398231282571,8.724665040983197,8.836799221077966,8.915458105003372,0.8202614379084967,0.7463581833761782,0.8167877320419693,0.8039552880481513,0.766156462585034,3.401221513748169,27.754991830065382,24.789460154241645,26.813284907183192,25.571152192605357,25.19923469387754,72.61601307189542,69.65209940017138,71.66020984665053,70.41014617368873,70.05357142857143,19.376633986928105,17.09083119108826,18.372881355932204,17.427343078245915,17.23469387755102,12.0,12.0,12.0,12.0,17.900476697949102
