,1,1l,1r,1s,2,2l,2r,2s,3,3l,3r,3s,4,4l,4r,4s,id,1_2,1_3,1_4,2_1,2_3,2_4,3_1,3_2,3_4,4_1,4_2,4_3,p1,p2,p3,p4,speed0,speed1,speed2,speed3,speed4,stop0,stop1,stop2,stop3,stop4,time,timeloss0,timeloss1,timeloss2,timeloss3,timeloss4,travel0,travel1,travel2,travel3,travel4,wait0,wait1,wait2,wait3,wait4,rssslll_rssll_rsssl_rrssl_0,rssslll_rssll_rsssl_rrssl_1,rssslll_rssll_rsssl_rrssl_2,rssslll_rssll_rsssl_rrssl_3,performance measure
0,7,3,1,3,5,2,1,2,5,1,1,3,5,1,2,2,rssslll_rssll_rsssl_rrssl,659.0,502.0,138.0,260.0,525.0,310.0,665.0,322.0,95.0,144.0,136.0,580.0,12.0,12.0,12.0,12.0,9.062108097861104,9.191718832242232,9.114805375373722,9.147397621767917,9.240941790530739,0.7318548387096774,0.6929347826086957,0.7352150537634409,0.7354838709677419,0.704623878536922,4.218736410140991,23.314106182795683,22.536345108695627,22.95891801075267,22.512702508960547,21.99389924085578,67.98454301075269,67.21739130434783,67.67002688172043,67.13333333333334,66.65700483091787,15.551747311827956,15.060461956521738,15.202956989247312,14.807168458781362,14.48033126293996,12.0,12.0,12.0,12.0,15.020533195863667
