,1,1l,1r,1s,2,2l,2r,2s,3,3l,3r,3s,4,4l,4r,4s,id,1_2,1_3,1_4,2_1,2_3,2_4,3_1,3_2,3_4,4_1,4_2,4_3,p1,p2,p3,p4,speed0,speed1,speed2,speed3,speed4,stop0,stop1,stop2,stop3,stop4,time,timeloss0,timeloss1,timeloss2,timeloss3,timeloss4,travel0,travel1,travel2,travel3,travel4,wait0,wait1,wait2,wait3,wait4,rrsslll_rrsll_rsssl_rrsslll_0,rrsslll_rrsll_rsssl_rrsslll_1,rrsslll_rrsll_rsssl_rrsslll_2,rrsslll_rrsll_rsssl_rrsslll_3,performance measure
0,7,3,2,2,5,2,2,1,5,1,1,3,7,3,2,2,rrsslll_rrsll_rsssl_rrsslll,790.0,162.0,81.0,249.0,435.0,124.0,561.0,275.0,321.0,845.0,207.0,322.0,12.0,12.0,12.0,5.0,8.986286310822253,8.988714397929755,8.904058307236898,8.970853902666502,9.027710209619375,0.8449453551912568,0.8173794976238968,0.8436050364479788,0.8509485094850948,0.7940974605353466,4.203495979309082,25.823142076502744,25.388153428377475,25.52573227302849,26.351951219512173,24.283321894303356,70.56215846994536,70.13306177868296,70.26441351888668,71.11246612466125,69.05010295126974,17.471994535519126,17.302104548540395,17.041749502982107,17.59010840108401,16.336993822923816,12.0,12.0,12.0,5.0,17.148590162209892
