,1,1l,1r,1s,2,2l,2r,2s,3,3l,3r,3s,4,4l,4r,4s,id,1_2,1_3,1_4,2_1,2_3,2_4,3_1,3_2,3_4,4_1,4_2,4_3,p1,p2,p3,p4,speed0,speed1,speed2,speed3,speed4,stop0,stop1,stop2,stop3,stop4,time,timeloss0,timeloss1,timeloss2,timeloss3,timeloss4,travel0,travel1,travel2,travel3,travel4,wait0,wait1,wait2,wait3,wait4,rrsssll_rsl_rsl_rrsll_0,rrsssll_rsl_rsl_rrsll_1,rrsssll_rsl_rsl_rrsll_2,rrsssll_rsl_rsl_rrsll_3,performance measure
0,7,2,2,3,3,1,1,1,3,1,1,1,5,2,2,1,rrsssll_rsl_rsl_rrsll,624.0,469.0,200.0,87.0,104.0,62.0,100.0,71.0,161.0,83.0,282.0,319.0,12.0,5.0,5.0,12.0,9.299214419644434,8.611876830335337,8.502489579719043,9.299679414338684,8.36956874026091,0.7802325581395348,1.1,1.1376248612652609,0.7743526510480888,1.2461538461538462,3.0151593685150146,22.220430232558144,35.11444705882351,36.82806881243064,21.912983970406902,41.007834319526644,67.02325581395348,79.95411764705882,81.73584905660377,66.76818742293464,85.86745562130177,14.493023255813954,25.551764705882352,26.881243063263042,14.305795314426634,30.398816568047337,12.0,5.0,5.0,12.0,22.326128581486664
