,1,1l,1r,1s,2,2l,2r,2s,3,3l,3r,3s,4,4l,4r,4s,id,1_2,1_3,1_4,2_1,2_3,2_4,3_1,3_2,3_4,4_1,4_2,4_3,p1,p2,p3,p4,speed0,speed1,speed2,speed3,speed4,stop0,stop1,stop2,stop3,stop4,time,timeloss0,timeloss1,timeloss2,timeloss3,timeloss4,travel0,travel1,travel2,travel3,travel4,wait0,wait1,wait2,wait3,wait4,rsl_rsl_rsssl_rsl_0,rsl_rsl_rsssl_rsl_1,rsl_rsl_rsssl_rsl_2,rsl_rsl_rsssl_rsl_3,performance measure
0,3,1,1,1,3,1,1,1,5,1,1,3,3,1,1,1,rsl_rsl_rsssl_rsl,107.0,211.0,217.0,234.0,50.0,59.0,131.0,200.0,152.0,145.0,142.0,309.0,12.0,12.0,12.0,12.0,9.279853347556832,9.382712203993094,9.229701930877429,9.323860148602574,9.529899415559589,0.6734397677793904,0.637329286798179,0.7136871508379888,0.6826625386996904,0.6427525622254758,2.3893744945526123,21.80719883889695,21.28660091047039,22.08216480446926,21.15676470588234,19.79105417276722,66.49637155297533,65.9742033383915,66.79608938547486,65.8219814241486,64.42459736456809,14.190130624092888,14.025796661608497,14.32122905027933,13.719814241486068,12.36163982430454,12.0,12.0,12.0,12.0,13.723722080354264
