,1,1l,1r,1s,2,2l,2r,2s,3,3l,3r,3s,4,4l,4r,4s,id,1_2,1_3,1_4,2_1,2_3,2_4,3_1,3_2,3_4,4_1,4_2,4_3,p1,p2,p3,p4,speed0,speed1,speed2,speed3,speed4,stop0,stop1,stop2,stop3,stop4,time,timeloss0,timeloss1,timeloss2,timeloss3,timeloss4,travel0,travel1,travel2,travel3,travel4,wait0,wait1,wait2,wait3,wait4,rsll_rsl_rssslll_rrsssll_0,rsll_rsl_rssslll_rrsssll_1,rsll_rsl_rssslll_rrsssll_2,rsll_rsl_rssslll_rrsssll_3,performance measure
0,4,2,1,1,3,1,1,1,7,3,1,3,7,2,2,3,rsll_rsl_rssslll_rrsssll,271.0,286.0,91.0,192.0,86.0,231.0,512.0,76.0,355.0,301.0,533.0,222.0,12.0,12.0,12.0,12.0,8.980467508118638,8.952850905040197,8.805126836620094,8.941811552479267,8.884282865859811,0.7617702448210922,0.7628865979381443,0.8273381294964028,0.7840796019900498,0.8254410399257196,3.562330961227417,25.053870056497157,25.556213683224,27.397886690647464,24.937741293532298,27.61341689879299,69.91148775894538,70.40393626991565,72.19064748201438,69.83781094527363,72.45403899721448,17.351224105461394,17.836925960637302,19.178956834532375,17.255721393034825,19.444753946146704,12.0,12.0,12.0,12.0,18.21351644796252
