,1,1l,1r,1s,2,2l,2r,2s,3,3l,3r,3s,4,4l,4r,4s,id,1_2,1_3,1_4,2_1,2_3,2_4,3_1,3_2,3_4,4_1,4_2,4_3,p1,p2,p3,p4,speed0,speed1,speed2,speed3,speed4,stop0,stop1,stop2,stop3,stop4,time,timeloss0,timeloss1,timeloss2,timeloss3,timeloss4,travel0,travel1,travel2,travel3,travel4,wait0,wait1,wait2,wait3,wait4,rrsssll_rsl_rsl_rrsll_0,rrsssll_rsl_rsl_rrsll_1,rrsssll_rsl_rsl_rrsll_2,rrsssll_rsl_rsl_rrsll_3,performance measure
0,7,2,2,3,3,1,1,1,3,1,1,1,5,2,2,1,rrsssll_rsl_rsl_rrsll,470.0,495.0,260.0,265.0,252.0,259.0,281.0,320.0,142.0,643.0,173.0,511.0,12.0,12.0,20.0,12.0,8.192959325181803,8.522669974337937,8.501399755622627,8.653083192483312,8.6442542532601,0.9875366568914956,0.8322626695217702,0.8368945868945868,0.8107302533532041,0.8073188946975355,3.7494847774505615,39.50439149560116,30.51094218415419,30.46304843304846,28.288047690014874,29.284174757281544,84.23533724340176,75.34689507494647,75.33689458689459,73.0193740685544,74.03584764749813,29.030791788856305,21.715203426124198,21.59259259259259,19.78614008941878,20.57580283793876,12.0,12.0,20.0,12.0,22.540106146986126
