,1,1l,1r,1s,2,2l,2r,2s,3,3l,3r,3s,4,4l,4r,4s,id,1_2,1_3,1_4,2_1,2_3,2_4,3_1,3_2,3_4,4_1,4_2,4_3,p1,p2,p3,p4,speed0,speed1,speed2,speed3,speed4,stop0,stop1,stop2,stop3,stop4,time,timeloss0,timeloss1,timeloss2,timeloss3,timeloss4,travel0,travel1,travel2,travel3,travel4,wait0,wait1,wait2,wait3,wait4,rssll_rrssl_rssslll_rrssll_0,rssll_rrssl_rssslll_rrssll_1,rssll_rrssl_rssslll_rrssll_2,rssll_rrssl_rssslll_rrssll_3,performance measure
0,5,2,1,2,5,1,2,2,7,3,1,3,6,2,2,2,rssll_rrssl_rssslll_rrssll,215.0,230.0,129.0,525.0,283.0,173.0,487.0,201.0,339.0,567.0,287.0,554.0,5.0,5.0,12.0,12.0,8.961133803805357,9.225415587071929,8.89031722390441,8.97181157050323,9.209955355919762,1.0226442658875092,0.8175725986597171,0.9195979899497487,0.8822641509433963,0.8152914458743377,3.9332833290100098,31.993425858290717,22.85755026061056,27.409834888729378,25.757584905660394,23.409969719909164,76.42293644996347,67.31124348473567,71.93323761665471,70.18566037735849,67.87130961392884,22.630387143900656,15.011169024571855,18.897343862167983,17.47924528301887,15.535957607872824,5.0,5.0,12.0,12.0,17.910820584306435
