,1,1l,1r,1s,2,2l,2r,2s,3,3l,3r,3s,4,4l,4r,4s,id,1_2,1_3,1_4,2_1,2_3,2_4,3_1,3_2,3_4,4_1,4_2,4_3,p1,p2,p3,p4,speed0,speed1,speed2,speed3,speed4,stop0,stop1,stop2,stop3,stop4,time,timeloss0,timeloss1,timeloss2,timeloss3,timeloss4,travel0,travel1,travel2,travel3,travel4,wait0,wait1,wait2,wait3,wait4,rsl_rssslll_rrsssl_rsslll_0,rsl_rssslll_rrsssl_rsslll_1,rsl_rssslll_rrsssl_rsslll_2,rsl_rssslll_rrsssl_rsslll_3,performance measure
0,3,1,1,1,7,3,1,3,6,1,2,3,6,3,1,2,rsl_rssslll_rrsssl_rsslll,89.0,199.0,114.0,126.0,397.0,995.0,702.0,465.0,293.0,154.0,202.0,159.0,12.0,12.0,5.0,12.0,8.811993194607906,8.906158172808885,8.850115994193692,8.381027503182128,8.94146165902677,0.8603945371775418,0.8390357698289269,0.8751879699248121,0.9704739704739704,0.827027027027027,3.904989242553711,27.02336874051593,26.03258164852256,26.72271428571428,32.46676767676766,25.915289575289595,71.71016691957512,70.75894245723173,71.4,77.16161616161617,70.62471042471043,18.748103186646436,17.91135303265941,18.293233082706767,23.13053613053613,17.823938223938224,12.0,12.0,5.0,12.0,19.181432731297395
