,1,1l,1r,1s,2,2l,2r,2s,3,3l,3r,3s,4,4l,4r,4s,id,1_2,1_3,1_4,2_1,2_3,2_4,3_1,3_2,3_4,4_1,4_2,4_3,p1,p2,p3,p4,speed0,speed1,speed2,speed3,speed4,stop0,stop1,stop2,stop3,stop4,time,timeloss0,timeloss1,timeloss2,timeloss3,timeloss4,travel0,travel1,travel2,travel3,travel4,wait0,wait1,wait2,wait3,wait4,rsl_rrsl_rssslll_rssssl_0,rsl_rrsl_rssslll_rssssl_1,rsl_rrsl_rssslll_rssssl_2,rsl_rrsl_rssslll_rssssl_3,performance measure
0,3,1,1,1,4,1,2,1,7,3,1,3,6,1,1,4,rsl_rrsl_rssslll_rssssl,265.0,84.0,146.0,349.0,86.0,338.0,988.0,101.0,351.0,241.0,256.0,76.0,12.0,20.0,12.0,20.0,7.967706621828317,8.10848037379204,8.252950149527083,8.508815659572766,8.423929951506606,1.0008944543828264,0.9270927092709271,0.8897777777777778,0.800369685767098,0.8147810218978102,3.4843246936798096,44.68851520572449,39.132367236723645,35.609608888888886,31.80425138632167,32.67578467153286,89.52146690518784,83.97479747974798,80.43288888888888,76.61460258780036,77.50638686131387,34.17173524150268,29.551755175517552,26.38577777777778,23.478743068391868,24.107664233576642,12.0,20.0,12.0,20.0,27.539135099353302
