,1,1l,1r,1s,2,2l,2r,2s,3,3l,3r,3s,4,4l,4r,4s,id,1_2,1_3,1_4,2_1,2_3,2_4,3_1,3_2,3_4,4_1,4_2,4_3,p1,p2,p3,p4,speed0,speed1,speed2,speed3,speed4,stop0,stop1,stop2,stop3,stop4,time,timeloss0,timeloss1,timeloss2,timeloss3,timeloss4,travel0,travel1,travel2,travel3,travel4,wait0,wait1,wait2,wait3,wait4,rsl_rsssssl_rsll_rrssl_0,rsl_rsssssl_rsll_rrssl_1,rsl_rsssssl_rsll_rrssl_2,rsl_rsssssl_rsll_rrssl_3,performance measure
0,3,1,1,1,7,1,1,5,4,2,1,1,5,1,2,2,rsl_rsssssl_rsll_rrssl,75.0,237.0,50.0,89.0,258.0,1729.0,41.0,296.0,450.0,91.0,440.0,253.0,12.0,12.0,12.0,20.0,8.862163439842014,8.835439162642846,8.51600033075237,8.628148482666168,8.77647243302088,0.7597641857037583,0.7728635682158921,0.8566408995080815,0.8386605783866058,0.7759764185703758,4.03246808052063,25.712616064848923,26.610464767616207,31.24172874209419,30.51278538812785,27.061901252763434,70.64480471628592,71.54197901049476,76.2789880534083,75.46727549467275,71.99336772291821,17.620486366985997,18.466266866566716,22.354884047786367,21.659817351598175,18.80987472365512,12.0,12.0,12.0,20.0,19.782265871318476
