,1,1l,1r,1s,2,2l,2r,2s,3,3l,3r,3s,4,4l,4r,4s,id,1_2,1_3,1_4,2_1,2_3,2_4,3_1,3_2,3_4,4_1,4_2,4_3,p1,p2,p3,p4,speed0,speed1,speed2,speed3,speed4,stop0,stop1,stop2,stop3,stop4,time,timeloss0,timeloss1,timeloss2,timeloss3,timeloss4,travel0,travel1,travel2,travel3,travel4,wait0,wait1,wait2,wait3,wait4,rrsll_rssl_rsssll_rsl_0,rrsll_rssl_rsssll_rsl_1,rrsll_rssl_rsssll_rsl_2,rrsll_rssl_rsssll_rsl_3,performance measure
0,5,2,2,1,4,1,1,2,6,2,1,3,3,1,1,1,rrsll_rssl_rsssll_rsl,296.0,91.0,73.0,68.0,112.0,177.0,894.0,175.0,294.0,294.0,215.0,288.0,12.0,12.0,12.0,12.0,8.720316590820723,8.526785255669436,8.846743998784374,8.761771409810084,8.757801454995597,0.7949709864603481,0.850956696878147,0.8140900195694716,0.8106448311156602,0.8016194331983806,3.1561777591705322,27.034303675048353,30.300020140986902,25.983757338551893,26.209242579324442,27.00307692307693,72.01934235976789,75.30715005035246,70.94911937377691,71.16888433981576,71.9665991902834,18.89458413926499,21.546827794561935,17.65068493150685,18.031729785056296,18.822874493927124,12.0,12.0,12.0,12.0,18.989340228863437
