,1,1l,1r,1s,2,2l,2r,2s,3,3l,3r,3s,4,4l,4r,4s,id,1_2,1_3,1_4,2_1,2_3,2_4,3_1,3_2,3_4,4_1,4_2,4_3,p1,p2,p3,p4,speed0,speed1,speed2,speed3,speed4,stop0,stop1,stop2,stop3,stop4,time,timeloss0,timeloss1,timeloss2,timeloss3,timeloss4,travel0,travel1,travel2,travel3,travel4,wait0,wait1,wait2,wait3,wait4,rslll_rsl_rrslll_rsl_0,rslll_rsl_rrslll_rsl_1,rslll_rsl_rrslll_rsl_2,rslll_rsl_rrslll_rsl_3,performance measure
0,5,3,1,1,3,1,1,1,6,3,2,1,3,1,1,1,rslll_rsl_rrslll_rsl,245.0,282.0,211.0,98.0,77.0,271.0,197.0,362.0,491.0,124.0,95.0,151.0,12.0,12.0,5.0,12.0,8.899184970135478,8.940921204434632,9.092966809846242,9.460428447759925,9.00431380500735,0.856988082340195,0.9600456621004566,0.7911857292759706,0.7033603707995365,0.8195819581958196,3.0624661445617676,26.92721560130009,33.06781963470314,24.07644281217209,20.166709154113565,25.513465346534637,71.80823401950163,77.95433789954338,68.96117523609654,64.99188876013905,70.38063806380639,18.47670639219935,23.660958904109588,16.203567681007346,12.869061413673233,17.365236523652364,12.0,12.0,5.0,12.0,17.715106182928377
