,1,1l,1r,1s,2,2l,2r,2s,3,3l,3r,3s,4,4l,4r,4s,id,1_2,1_3,1_4,2_1,2_3,2_4,3_1,3_2,3_4,4_1,4_2,4_3,p1,p2,p3,p4,speed0,speed1,speed2,speed3,speed4,stop0,stop1,stop2,stop3,stop4,time,timeloss0,timeloss1,timeloss2,timeloss3,timeloss4,travel0,travel1,travel2,travel3,travel4,wait0,wait1,wait2,wait3,wait4,rsssssl_rsl_rrsslll_rsssll_0,rsssssl_rsl_rrsslll_rsssll_1,rsssssl_rsl_rrsslll_rsssll_2,rsssssl_rsl_rrsslll_rsssll_3,performance measure
0,7,1,1,5,3,1,1,1,7,3,2,2,6,2,1,3,rsssssl_rsl_rrsslll_rsssll,296.0,309.0,164.0,110.0,309.0,190.0,366.0,616.0,557.0,481.0,812.0,58.0,12.0,12.0,12.0,12.0,8.69258134569509,8.663395732463414,8.644044555853549,8.702210893790287,8.907185260537076,0.8164819944598338,0.8257887517146777,0.8910823689584751,0.8350071736011477,0.763013698630137,3.988476037979126,27.515533240997204,28.358751714677624,30.09965963240295,27.489454806312718,24.89368493150684,72.21468144044321,73.14677640603567,74.83730428863173,72.21592539454807,69.62397260273973,19.25207756232687,19.843621399176953,21.005445881552077,19.014347202295554,16.95068493150685,12.0,12.0,12.0,12.0,19.21323539537166
