,1,1l,1r,1s,2,2l,2r,2s,3,3l,3r,3s,4,4l,4r,4s,id,1_2,1_3,1_4,2_1,2_3,2_4,3_1,3_2,3_4,4_1,4_2,4_3,p1,p2,p3,p4,speed0,speed1,speed2,speed3,speed4,stop0,stop1,stop2,stop3,stop4,time,timeloss0,timeloss1,timeloss2,timeloss3,timeloss4,travel0,travel1,travel2,travel3,travel4,wait0,wait1,wait2,wait3,wait4,rrslll_rssll_rsl_rssssll_0,rrslll_rssll_rsl_rssssll_1,rrslll_rssll_rsl_rssssll_2,rrslll_rssll_rsl_rssssll_3,performance measure
0,6,3,2,1,5,2,1,2,3,1,1,1,7,2,1,4,rrslll_rssll_rsl_rssssll,289.0,194.0,517.0,273.0,519.0,408.0,307.0,303.0,258.0,380.0,650.0,217.0,12.0,12.0,12.0,12.0,8.778290449614355,9.083332165930225,8.820898364975164,8.850035587888103,8.937014132788804,0.7995951417004049,0.7238493723849372,0.8079734219269104,0.8071428571428572,0.7684495599187542,4.203526020050049,26.64456815114706,23.680683403068354,26.545401993355494,26.047250000000027,24.9559986459039,71.35560053981106,68.37377963737796,71.26777408637874,70.73357142857142,69.67163168584969,18.294871794871796,15.901673640167363,18.059800664451828,17.79357142857143,16.895057549085983,12.0,12.0,12.0,12.0,17.38899501542968
