,1,1l,1r,1s,2,2l,2r,2s,3,3l,3r,3s,4,4l,4r,4s,id,1_2,1_3,1_4,2_1,2_3,2_4,3_1,3_2,3_4,4_1,4_2,4_3,p1,p2,p3,p4,speed0,speed1,speed2,speed3,speed4,stop0,stop1,stop2,stop3,stop4,time,timeloss0,timeloss1,timeloss2,timeloss3,timeloss4,travel0,travel1,travel2,travel3,travel4,wait0,wait1,wait2,wait3,wait4,rssl_rrsslll_rsl_rrsll_0,rssl_rrsslll_rsl_rrsll_1,rssl_rrsslll_rsl_rrsll_2,rssl_rrsslll_rsl_rrsll_3,performance measure
0,4,1,1,2,7,3,2,2,3,1,1,1,5,2,2,1,rssl_rrsslll_rsl_rrsll,240.0,697.0,198.0,588.0,760.0,169.0,92.0,135.0,42.0,495.0,156.0,636.0,12.0,12.0,12.0,5.0,9.006864170633737,8.84156972166242,8.8239342128367,9.24104089538009,8.890151306532587,0.7995795374912403,0.9323943661971831,0.9682539682539683,0.743421052631579,0.8789363191042687,4.000037431716919,24.334225648213014,30.54375352112674,31.69909592822638,22.367872807017555,28.32107767669699,69.03573931324456,75.26830985915493,76.41614906832298,67.03143274853801,73.0482855143457,16.011212333566924,21.178169014084506,22.094547964113183,14.488304093567251,19.414275717284813,12.0,12.0,12.0,5.0,18.637301824523334
