,1,1l,1r,1s,2,2l,2r,2s,3,3l,3r,3s,4,4l,4r,4s,id,1_2,1_3,1_4,2_1,2_3,2_4,3_1,3_2,3_4,4_1,4_2,4_3,p1,p2,p3,p4,speed0,speed1,speed2,speed3,speed4,stop0,stop1,stop2,stop3,stop4,time,timeloss0,timeloss1,timeloss2,timeloss3,timeloss4,travel0,travel1,travel2,travel3,travel4,wait0,wait1,wait2,wait3,wait4,rsl_rsl_rsssl_rsl_0,rsl_rsl_rsssl_rsl_1,rsl_rsl_rsssl_rsl_2,rsl_rsl_rsssl_rsl_3,performance measure
0,3,1,1,1,3,1,1,1,5,1,1,3,3,1,1,1,rsl_rsl_rsssl_rsl,37.0,86.0,107.0,280.0,248.0,77.0,518.0,137.0,290.0,46.0,194.0,41.0,20.0,12.0,12.0,12.0,8.820984605711347,8.719826331693751,8.54319185199139,8.394657866640065,8.752567962154835,0.752112676056338,0.7943786982248521,0.8115107913669065,0.874251497005988,0.7835497835497836,2.738140344619751,26.509253521126748,28.130902366863893,30.454762589928094,32.94172155688622,27.607662337662358,71.40140845070422,73.01331360946746,75.32661870503597,77.81437125748504,72.45743145743145,18.543661971830986,19.95562130177515,21.91223021582734,23.940119760479043,19.548340548340548,20.0,12.0,12.0,12.0,20.779994759650613
