,1,1l,1r,1s,2,2l,2r,2s,3,3l,3r,3s,4,4l,4r,4s,id,1_2,1_3,1_4,2_1,2_3,2_4,3_1,3_2,3_4,4_1,4_2,4_3,p1,p2,p3,p4,speed0,speed1,speed2,speed3,speed4,stop0,stop1,stop2,stop3,stop4,time,timeloss0,timeloss1,timeloss2,timeloss3,timeloss4,travel0,travel1,travel2,travel3,travel4,wait0,wait1,wait2,wait3,wait4,rsl_rsssl_rssssl_rssll_0,rsl_rsssl_rssssl_rssll_1,rsl_rsssl_rssssl_rssll_2,rsl_rsssl_rssssl_rssll_3,performance measure
0,3,1,1,1,5,1,1,3,6,1,1,4,5,2,1,2,rsl_rsssl_rssssl_rssll,50.0,45.0,220.0,63.0,192.0,412.0,449.0,199.0,238.0,123.0,317.0,88.0,12.0,5.0,12.0,12.0,9.093166722115148,9.124615721639069,9.155929617847782,9.046137266317517,9.175844680255041,0.7795823665893271,0.7596513075965131,0.7691373025516404,0.8002577319587629,0.7573891625615764,3.1090986728668213,23.59069605568448,22.97053549190537,22.87245443499392,23.77557989690722,22.41274630541871,68.40255220417633,67.81818181818181,67.69623329283111,68.53350515463917,67.1588669950739,15.973317865429234,15.606475716064757,15.331713244228432,16.181701030927837,14.985221674876847,12.0,5.0,12.0,12.0,15.615685906305425
