,1,1l,1r,1s,2,2l,2r,2s,3,3l,3r,3s,4,4l,4r,4s,id,1_2,1_3,1_4,2_1,2_3,2_4,3_1,3_2,3_4,4_1,4_2,4_3,p1,p2,p3,p4,speed0,speed1,speed2,speed3,speed4,stop0,stop1,stop2,stop3,stop4,time,timeloss0,timeloss1,timeloss2,timeloss3,timeloss4,travel0,travel1,travel2,travel3,travel4,wait0,wait1,wait2,wait3,wait4,rslll_rsl_rrslll_rsl_0,rslll_rsl_rrslll_rsl_1,rslll_rsl_rrslll_rsl_2,rslll_rsl_rrslll_rsl_3,performance measure
0,5,3,1,1,3,1,1,1,6,3,2,1,3,1,1,1,rslll_rsl_rrslll_rsl,731.0,343.0,66.0,233.0,271.0,273.0,188.0,216.0,826.0,57.0,326.0,160.0,12.0,12.0,12.0,12.0,8.207008864315405,8.149804128624883,7.8914797216512085,8.466917786246439,7.940360723528002,0.9597423510466989,1.0132890365448506,1.239080459770115,0.8891605541972291,1.2366474938373049,3.8963770866394043,34.472342995169065,37.50095514950166,46.50961685823754,29.654319478402613,47.384346754313896,79.50644122383252,82.53322259136213,91.5272030651341,74.65281173594133,92.40673788003286,24.533816425120772,27.10548172757475,33.3088122605364,20.592502037489812,34.277732128184056,12.0,12.0,12.0,12.0,27.96366891578116
