,1,1l,1r,1s,2,2l,2r,2s,3,3l,3r,3s,4,4l,4r,4s,id,1_2,1_3,1_4,2_1,2_3,2_4,3_1,3_2,3_4,4_1,4_2,4_3,p1,p2,p3,p4,speed0,speed1,speed2,speed3,speed4,stop0,stop1,stop2,stop3,stop4,time,timeloss0,timeloss1,timeloss2,timeloss3,timeloss4,travel0,travel1,travel2,travel3,travel4,wait0,wait1,wait2,wait3,wait4,rsl_rrsll_rsl_rslll_0,rsl_rrsll_rsl_rslll_1,rsl_rrsll_rsl_rslll_2,rsl_rrsll_rsl_rslll_3,performance measure
0,3,1,1,1,5,2,2,1,3,1,1,1,5,3,1,1,rsl_rrsll_rsl_rslll,107.0,313.0,67.0,537.0,277.0,164.0,329.0,285.0,266.0,270.0,59.0,112.0,20.0,20.0,12.0,12.0,8.739482101630902,8.69444840153287,8.793546477660325,8.754434035626826,8.700739767184615,0.7240663900414938,0.7329670329670329,0.7365805168986084,0.7247311827956989,0.7211328976034859,3.343763828277588,28.030674273858917,27.557604395604432,26.57117296222664,27.012139784946246,27.385773420479307,72.89834024896265,72.47692307692307,71.43936381709742,71.87956989247311,72.30065359477125,20.024896265560166,19.584615384615386,18.543737574552683,19.008602150537634,19.260348583877995,20.0,20.0,12.0,12.0,19.28443999182877
