,1,1l,1r,1s,2,2l,2r,2s,3,3l,3r,3s,4,4l,4r,4s,id,1_2,1_3,1_4,2_1,2_3,2_4,3_1,3_2,3_4,4_1,4_2,4_3,p1,p2,p3,p4,speed0,speed1,speed2,speed3,speed4,stop0,stop1,stop2,stop3,stop4,time,timeloss0,timeloss1,timeloss2,timeloss3,timeloss4,travel0,travel1,travel2,travel3,travel4,wait0,wait1,wait2,wait3,wait4,rrsslll_rrsll_rsssl_rrsslll_0,rrsslll_rrsll_rsssl_rrsslll_1,rrsslll_rrsll_rsssl_rrsslll_2,rrsslll_rrsll_rsssl_rrsslll_3,performance measure
0,7,3,2,2,5,2,2,1,5,1,1,3,7,3,2,2,rrsslll_rrsll_rsssl_rrsslll,596.0,133.0,513.0,323.0,293.0,358.0,195.0,120.0,196.0,195.0,393.0,566.0,12.0,5.0,5.0,12.0,9.48379336976766,9.5417398337396,9.393890865558676,9.449114905453573,9.592482791119325,0.7449962935507783,0.7251328777524677,0.7885628291948834,0.8074484944532488,0.7194076383476228,4.437527894973755,20.437828020756143,19.594464692482934,21.99461249059444,23.700095087163223,19.519360872954003,64.71979243884358,63.89597570235384,66.33634311512415,67.98019017432647,63.82385035074045,12.67457375833951,12.244495064540622,14.17005267118134,15.782884310618067,12.109119251753702,12.0,5.0,5.0,12.0,13.39622501128665
