,1,1l,1r,1s,2,2l,2r,2s,3,3l,3r,3s,4,4l,4r,4s,id,1_2,1_3,1_4,2_1,2_3,2_4,3_1,3_2,3_4,4_1,4_2,4_3,p1,p2,p3,p4,speed0,speed1,speed2,speed3,speed4,stop0,stop1,stop2,stop3,stop4,time,timeloss0,timeloss1,timeloss2,timeloss3,timeloss4,travel0,travel1,travel2,travel3,travel4,wait0,wait1,wait2,wait3,wait4,rssslll_rssll_rsssl_rrssl_0,rssslll_rssll_rsssl_rrssl_1,rssslll_rssll_rsssl_rrssl_2,rssslll_rssll_rsssl_rrssl_3,performance measure
0,7,3,1,3,5,2,1,2,5,1,1,3,5,1,2,2,rssslll_rssll_rsssl_rrssl,694.0,314.0,243.0,196.0,322.0,507.0,1077.0,252.0,50.0,283.0,329.0,254.0,12.0,20.0,12.0,12.0,8.406472794798331,8.513174288302281,8.539605064273724,8.708990427213065,8.645284777878055,0.8542914171656687,0.8836601307189542,0.816793893129771,0.7910652920962199,0.810126582278481,4.316923141479492,31.87314038589488,32.864856209150325,29.84847328244274,27.345113402061834,28.65324450366425,76.70991350632069,77.70653594771242,74.68129770992367,72.16701030927835,73.46502331778814,23.117099135063206,23.68562091503268,21.384223918575064,19.310652920962198,20.430379746835442,12.0,20.0,12.0,12.0,21.585595327293717
