,1,1l,1r,1s,2,2l,2r,2s,3,3l,3r,3s,4,4l,4r,4s,id,1_2,1_3,1_4,2_1,2_3,2_4,3_1,3_2,3_4,4_1,4_2,4_3,p1,p2,p3,p4,speed0,speed1,speed2,speed3,speed4,stop0,stop1,stop2,stop3,stop4,time,timeloss0,timeloss1,timeloss2,timeloss3,timeloss4,travel0,travel1,travel2,travel3,travel4,wait0,wait1,wait2,wait3,wait4,rrslll_rssll_rsl_rssssll_0,rrslll_rssll_rsl_rssssll_1,rrslll_rssll_rsl_rssssll_2,rrslll_rssll_rsl_rssssll_3,performance measure
0,6,3,2,1,5,2,1,2,3,1,1,1,7,2,1,4,rrslll_rssll_rsl_rssssll,557.0,222.0,591.0,94.0,622.0,548.0,119.0,236.0,89.0,412.0,500.0,188.0,12.0,12.0,12.0,12.0,8.654251936392983,8.892062124374467,8.734873930326492,8.834849123282767,8.37908689582875,0.8244869072894551,0.7601713062098501,0.8122033898305084,0.8001453488372093,0.9412176347095871,3.886826515197754,27.64527246992218,25.648236973590283,26.789966101694947,25.57699854651162,32.86456962911128,72.42392073602265,70.40899357601712,71.56745762711864,70.34738372093024,77.63960811756473,19.24699221514508,17.654532476802284,18.447457627118645,17.409156976744185,23.385584324702588,12.0,12.0,12.0,12.0,19.228744724102558
