,1,1l,1r,1s,2,2l,2r,2s,3,3l,3r,3s,4,4l,4r,4s,id,1_2,1_3,1_4,2_1,2_3,2_4,3_1,3_2,3_4,4_1,4_2,4_3,p1,p2,p3,p4,speed0,speed1,speed2,speed3,speed4,stop0,stop1,stop2,stop3,stop4,time,timeloss0,timeloss1,timeloss2,timeloss3,timeloss4,travel0,travel1,travel2,travel3,travel4,wait0,wait1,wait2,wait3,wait4,rsssssl_rssssll_rsl_rssll_0,rsssssl_rssssll_rsl_rssll_1,rsssssl_rssssll_rsl_rssll_2,rsssssl_rssssll_rsl_rssll_3,performance measure
0,7,1,1,5,7,2,1,4,3,1,1,1,5,2,1,2,rsssssl_rssssll_rsl_rssll,212.0,557.0,137.0,324.0,470.0,407.0,75.0,182.0,91.0,139.0,486.0,113.0,12.0,5.0,12.0,12.0,9.172975153754624,9.09603571719155,9.091543544960809,9.276164654325974,9.159538655878974,0.7588454376163873,0.7726415094339623,0.7825704225352113,0.7366834170854272,0.7575205104831358,3.5311686992645264,22.844562383612647,23.364066037735828,23.33911971830986,21.499537688442228,22.87196900638105,67.6024208566108,68.13490566037736,68.08274647887323,66.28542713567839,67.59525979945306,15.222532588454376,15.716981132075471,15.554577464788732,14.057286432160804,15.360984503190519,12.0,5.0,12.0,12.0,15.182472424133982
