,1,1l,1r,1s,2,2l,2r,2s,3,3l,3r,3s,4,4l,4r,4s,id,1_2,1_3,1_4,2_1,2_3,2_4,3_1,3_2,3_4,4_1,4_2,4_3,p1,p2,p3,p4,speed0,speed1,speed2,speed3,speed4,stop0,stop1,stop2,stop3,stop4,time,timeloss0,timeloss1,timeloss2,timeloss3,timeloss4,travel0,travel1,travel2,travel3,travel4,wait0,wait1,wait2,wait3,wait4,rssll_rrsl_rsssl_rrsl_0,rssll_rrsl_rsssl_rrsl_1,rssll_rrsl_rsssl_rrsl_2,rssll_rrsl_rsssl_rrsl_3,performance measure
0,5,2,1,2,4,1,2,1,5,1,1,3,4,1,2,1,rssll_rrsl_rsssl_rrsl,494.0,90.0,216.0,613.0,101.0,315.0,1075.0,250.0,311.0,291.0,234.0,307.0,20.0,20.0,20.0,20.0,7.892871175963718,7.944497102374029,7.96521435250374,7.967418529689157,8.098826765597481,0.8443235893949694,0.802924791086351,0.8013377926421404,0.8221288515406162,0.7995810055865922,5.140492677688599,38.10316111488781,36.86711002785519,36.78868896321074,36.83264705882357,34.93167597765361,82.89191026512576,81.69150417827298,81.62608695652175,81.62675070028011,79.73743016759776,28.721957851801495,27.908774373259053,27.85752508361204,27.817927170868348,25.972067039106147,20.0,20.0,20.0,20.0,27.655650303729413
