,1,1l,1r,1s,2,2l,2r,2s,3,3l,3r,3s,4,4l,4r,4s,id,1_2,1_3,1_4,2_1,2_3,2_4,3_1,3_2,3_4,4_1,4_2,4_3,p1,p2,p3,p4,speed0,speed1,speed2,speed3,speed4,stop0,stop1,stop2,stop3,stop4,time,timeloss0,timeloss1,timeloss2,timeloss3,timeloss4,travel0,travel1,travel2,travel3,travel4,wait0,wait1,wait2,wait3,wait4,rrsssll_rsl_rsl_rrsll_0,rrsssll_rsl_rsl_rrsll_1,rrsssll_rsl_rsl_rrsll_2,rrsssll_rsl_rsl_rrsll_3,performance measure
0,7,2,2,3,3,1,1,1,3,1,1,1,5,2,2,1,rrsssll_rsl_rsl_rrsll,253.0,748.0,326.0,127.0,101.0,289.0,202.0,38.0,241.0,528.0,326.0,264.0,12.0,12.0,12.0,12.0,8.418615372507283,8.445217330916616,8.363685658808867,8.74370742753998,8.502599484964456,0.9648370497427101,0.885547201336675,0.927860696517413,0.8024007386888273,0.9028960817717206,3.5543863773345947,34.6461835334477,30.879030910609924,31.283747927031524,26.700738688827307,31.330826235093685,79.45883361921098,75.70258980785296,76.1542288557214,71.54293628808864,76.15247018739353,24.734991423670667,21.918964076858813,21.997512437810947,18.445983379501385,22.131175468483818,12.0,12.0,12.0,12.0,21.845725357265128
