,1,1l,1r,1s,2,2l,2r,2s,3,3l,3r,3s,4,4l,4r,4s,id,1_2,1_3,1_4,2_1,2_3,2_4,3_1,3_2,3_4,4_1,4_2,4_3,p1,p2,p3,p4,speed0,speed1,speed2,speed3,speed4,stop0,stop1,stop2,stop3,stop4,time,timeloss0,timeloss1,timeloss2,timeloss3,timeloss4,travel0,travel1,travel2,travel3,travel4,wait0,wait1,wait2,wait3,wait4,rsssll_rssl_rsslll_rrsl_0,rsssll_rssl_rsslll_rrsl_1,rsssll_rssl_rsslll_rrsl_2,rsssll_rssl_rsslll_rrsl_3,performance measure
0,6,2,1,3,4,1,1,2,6,3,1,2,4,1,2,1,rsssll_rssl_rsslll_rrsl,595.0,187.0,254.0,96.0,163.0,243.0,249.0,310.0,679.0,180.0,161.0,550.0,12.0,5.0,5.0,5.0,9.25529469805735,9.194232602241518,9.22481199103907,9.547259539421512,9.292774496201591,0.891575663026521,1.1146341463414635,0.9354587869362364,0.8520953163516845,0.9114126097366321,3.6091792583465576,23.244446177847124,31.21169105691056,24.996213063763587,22.11735414954807,24.210734237829175,67.80733229329174,75.85772357723577,69.62597200622083,66.68364831553,68.76775738228253,14.900936037441499,20.90813008130081,16.242612752721616,13.779786359901397,15.69832402234637,12.0,5.0,5.0,5.0,16.305957850742338
