,1,1l,1r,1s,2,2l,2r,2s,3,3l,3r,3s,4,4l,4r,4s,id,1_2,1_3,1_4,2_1,2_3,2_4,3_1,3_2,3_4,4_1,4_2,4_3,p1,p2,p3,p4,speed0,speed1,speed2,speed3,speed4,stop0,stop1,stop2,stop3,stop4,time,timeloss0,timeloss1,timeloss2,timeloss3,timeloss4,travel0,travel1,travel2,travel3,travel4,wait0,wait1,wait2,wait3,wait4,rssl_rrsslll_rsl_rrsll_0,rssl_rrsslll_rsl_rrsll_1,rssl_rrsslll_rsl_rrsll_2,rssl_rrsslll_rsl_rrsll_3,performance measure
0,4,1,1,2,7,3,2,2,3,1,1,1,5,2,2,1,rssl_rrsslll_rsl_rrsll,121.0,451.0,42.0,647.0,929.0,362.0,70.0,324.0,134.0,386.0,84.0,222.0,12.0,12.0,20.0,12.0,8.900118051300469,9.10159951050077,8.984712503859814,8.915401196022762,9.042533157376402,0.7374517374517374,0.7205414012738853,0.7251851851851852,0.7363344051446945,0.7178294573643411,3.7656071186065674,25.04691119691119,23.514036624203804,24.34784444444441,24.61716237942122,23.97821705426358,69.81467181467181,68.2874203821656,69.06592592592592,69.35128617363344,68.75891472868217,17.1992277992278,15.909235668789808,16.588148148148147,16.7491961414791,16.227131782945737,12.0,12.0,20.0,12.0,16.53458790811812
