,1,1l,1r,1s,2,2l,2r,2s,3,3l,3r,3s,4,4l,4r,4s,id,1_2,1_3,1_4,2_1,2_3,2_4,3_1,3_2,3_4,4_1,4_2,4_3,p1,p2,p3,p4,speed0,speed1,speed2,speed3,speed4,stop0,stop1,stop2,stop3,stop4,time,timeloss0,timeloss1,timeloss2,timeloss3,timeloss4,travel0,travel1,travel2,travel3,travel4,wait0,wait1,wait2,wait3,wait4,rssl_rrsslll_rsl_rrsll_0,rssl_rrsslll_rsl_rrsll_1,rssl_rrsslll_rsl_rrsll_2,rssl_rrsslll_rsl_rrsll_3,performance measure
0,4,1,1,2,7,3,2,2,3,1,1,1,5,2,2,1,rssl_rrsslll_rsl_rrsll,246.0,295.0,145.0,333.0,419.0,330.0,70.0,166.0,76.0,366.0,71.0,133.0,12.0,12.0,12.0,12.0,9.101530214380787,9.275351665209419,9.08368771937229,9.170673886163621,9.414465335258168,0.7289823008849557,0.6889632107023411,0.7702564102564102,0.7373271889400922,0.6666666666666666,3.0312201976776123,23.777511061946917,22.345206243032326,23.517825641025638,22.498018433179706,20.861220338983053,68.53650442477876,67.08807134894091,68.28923076923077,67.213133640553,65.61242937853108,16.325221238938052,15.22742474916388,15.982564102564103,15.15552995391705,13.856497175141243,12.0,12.0,12.0,12.0,15.309447443944865
