,1,1l,1r,1s,2,2l,2r,2s,3,3l,3r,3s,4,4l,4r,4s,id,1_2,1_3,1_4,2_1,2_3,2_4,3_1,3_2,3_4,4_1,4_2,4_3,p1,p2,p3,p4,speed0,speed1,speed2,speed3,speed4,stop0,stop1,stop2,stop3,stop4,time,timeloss0,timeloss1,timeloss2,timeloss3,timeloss4,travel0,travel1,travel2,travel3,travel4,wait0,wait1,wait2,wait3,wait4,rsl_rsl_rsssl_rsl_0,rsl_rsl_rsssl_rsl_1,rsl_rsl_rsssl_rsl_2,rsl_rsl_rsssl_rsl_3,performance measure
0,3,1,1,1,3,1,1,1,5,1,1,3,3,1,1,1,rsl_rsl_rsssl_rsl,128.0,226.0,113.0,77.0,303.0,195.0,437.0,289.0,49.0,69.0,185.0,249.0,5.0,12.0,12.0,12.0,8.97974795824965,9.219026998036563,8.962269609444144,9.054050146572921,9.25868906273428,0.9925093632958801,0.7565104166666666,0.855,0.8292367399741267,0.751269035532995,2.9102890491485596,34.874993757802734,23.125585937500006,27.23969999999999,25.86204398447611,22.06434010152286,79.80024968789014,68.046875,72.15,70.69598965071151,66.95685279187818,25.0374531835206,15.260416666666666,18.69125,17.503234152652006,14.361675126903553,5.0,12.0,12.0,12.0,18.170805825948566
