,1,1l,1r,1s,2,2l,2r,2s,3,3l,3r,3s,4,4l,4r,4s,id,1_2,1_3,1_4,2_1,2_3,2_4,3_1,3_2,3_4,4_1,4_2,4_3,p1,p2,p3,p4,speed0,speed1,speed2,speed3,speed4,stop0,stop1,stop2,stop3,stop4,time,timeloss0,timeloss1,timeloss2,timeloss3,timeloss4,travel0,travel1,travel2,travel3,travel4,wait0,wait1,wait2,wait3,wait4,rssl_rrsslll_rsl_rrsll_0,rssl_rrsslll_rsl_rrsll_1,rssl_rrsslll_rsl_rrsll_2,rssl_rrsslll_rsl_rrsll_3,performance measure
0,4,1,1,2,7,3,2,2,3,1,1,1,5,2,2,1,rssl_rrsslll_rsl_rrsll,169.0,399.0,48.0,299.0,163.0,398.0,85.0,249.0,196.0,437.0,127.0,392.0,12.0,12.0,12.0,12.0,9.132294693415094,9.266411117659798,9.122925714332862,9.31875490032705,9.294592488111833,0.7179980750721848,0.6893491124260355,0.7462121212121212,0.7063655030800822,0.7027027027027027,3.340585470199585,22.921482194417703,22.364723865877686,22.9918465909091,21.46404517453798,21.625955955955934,67.65928777670837,67.08579881656804,67.66666666666667,66.16837782340862,66.34934934934935,15.399422521655438,15.032544378698224,15.334280303030303,14.19917864476386,14.404404404404405,12.0,12.0,12.0,12.0,14.873966050510447
