,1,1l,1r,1s,2,2l,2r,2s,3,3l,3r,3s,4,4l,4r,4s,id,1_2,1_3,1_4,2_1,2_3,2_4,3_1,3_2,3_4,4_1,4_2,4_3,p1,p2,p3,p4,speed0,speed1,speed2,speed3,speed4,stop0,stop1,stop2,stop3,stop4,time,timeloss0,timeloss1,timeloss2,timeloss3,timeloss4,travel0,travel1,travel2,travel3,travel4,wait0,wait1,wait2,wait3,wait4,rsl_rsssssl_rsll_rrssl_0,rsl_rsssssl_rsll_rrssl_1,rsl_rsssssl_rsll_rrssl_2,rsl_rsssssl_rsll_rrssl_3,performance measure
0,3,1,1,1,7,1,1,5,4,2,1,1,5,1,2,2,rsl_rsssssl_rsll_rrssl,118.0,341.0,214.0,124.0,257.0,299.0,306.0,45.0,638.0,184.0,585.0,222.0,20.0,20.0,20.0,20.0,8.130465148845621,8.000147924835433,7.560502666190958,7.839564000503873,7.818329418501313,0.7967914438502673,0.7888692579505301,0.8893617021276595,0.8465116279069768,0.8541666666666666,3.843844175338745,34.127967914438514,36.410220848056504,43.38956595744679,37.7994976744186,40.18520833333334,79.06595365418895,81.29946996466431,88.32,82.76279069767442,85.09809027777777,25.637254901960784,27.881625441696112,33.865531914893616,28.986046511627908,30.868055555555557,20.0,20.0,20.0,20.0,29.447702865146795
