,1,1l,1r,1s,2,2l,2r,2s,3,3l,3r,3s,4,4l,4r,4s,id,1_2,1_3,1_4,2_1,2_3,2_4,3_1,3_2,3_4,4_1,4_2,4_3,p1,p2,p3,p4,speed0,speed1,speed2,speed3,speed4,stop0,stop1,stop2,stop3,stop4,time,timeloss0,timeloss1,timeloss2,timeloss3,timeloss4,travel0,travel1,travel2,travel3,travel4,wait0,wait1,wait2,wait3,wait4,rsl_rsssll_rrssl_rrsslll_0,rsl_rsssll_rrssl_rrsslll_1,rsl_rsssll_rrssl_rrsslll_2,rsl_rsssll_rrssl_rrsslll_3,performance measure
0,3,1,1,1,6,2,1,3,5,1,2,2,7,3,2,2,rsl_rsssll_rrssl_rrsslll,66.0,295.0,320.0,91.0,204.0,853.0,535.0,557.0,283.0,113.0,375.0,152.0,12.0,12.0,5.0,12.0,9.132020419121877,9.164629206299548,9.099932466760304,8.88529595829584,9.012154584470842,0.7733537519142419,0.7494181536074477,0.7964939024390244,0.8352941176470589,0.8065522620904836,3.7969648838043213,22.51773353751913,22.515655546935594,23.38884146341462,25.08235294117644,24.008619344773823,67.13476263399694,67.19239720713732,68.0,69.69176470588235,68.65132605304213,14.52833078101072,14.69433669511249,15.207317073170731,16.751372549019607,15.776911076443058,12.0,12.0,5.0,12.0,15.391653634951322
