,1,1l,1r,1s,2,2l,2r,2s,3,3l,3r,3s,4,4l,4r,4s,id,1_2,1_3,1_4,2_1,2_3,2_4,3_1,3_2,3_4,4_1,4_2,4_3,p1,p2,p3,p4,speed0,speed1,speed2,speed3,speed4,stop0,stop1,stop2,stop3,stop4,time,timeloss0,timeloss1,timeloss2,timeloss3,timeloss4,travel0,travel1,travel2,travel3,travel4,wait0,wait1,wait2,wait3,wait4,rssll_rrssl_rssslll_rrssll_0,rssll_rrssl_rssslll_rrssll_1,rssll_rrssl_rssslll_rrssll_2,rssll_rrssl_rssslll_rrssll_3,performance measure
0,5,2,1,2,5,1,2,2,7,3,1,3,6,2,2,2,rssll_rrssl_rssslll_rrssll,370.0,192.0,142.0,574.0,189.0,385.0,363.0,92.0,532.0,435.0,224.0,133.0,12.0,5.0,12.0,12.0,9.179921804281792,9.207037357074249,9.188004478866517,9.19111989522698,9.325337702418159,0.7711522965350524,0.7724306688417618,0.770735524256651,0.7775020678246485,0.7319327731092437,3.656245470046997,23.439838839645457,22.48629690048941,23.471478873239477,23.2930686517783,21.544302521008383,68.0692989524577,67.14437194127242,68.07981220657277,67.89991728701406,66.20252100840337,15.878323932312652,15.00978792822186,15.858372456964005,15.767576509511994,14.235294117647058,12.0,5.0,12.0,12.0,15.349870988931514
