,1,1l,1r,1s,2,2l,2r,2s,3,3l,3r,3s,4,4l,4r,4s,id,1_2,1_3,1_4,2_1,2_3,2_4,3_1,3_2,3_4,4_1,4_2,4_3,p1,p2,p3,p4,speed0,speed1,speed2,speed3,speed4,stop0,stop1,stop2,stop3,stop4,time,timeloss0,timeloss1,timeloss2,timeloss3,timeloss4,travel0,travel1,travel2,travel3,travel4,wait0,wait1,wait2,wait3,wait4,rsssssl_rssssll_rsl_rssll_0,rsssssl_rssssll_rsl_rssll_1,rsssssl_rssssll_rsl_rssll_2,rsssssl_rssssll_rsl_rssll_3,performance measure
0,7,1,1,5,7,2,1,4,3,1,1,1,5,2,1,2,rsssssl_rssssll_rsl_rssll,73.0,833.0,319.0,79.0,541.0,641.0,68.0,255.0,274.0,181.0,515.0,89.0,12.0,12.0,12.0,12.0,8.797338162042807,9.05914262687431,8.801221869807156,8.901588433069314,9.014809059986268,0.7948717948717948,0.7324052590873936,0.823088455772114,0.7912541254125413,0.7615793470007594,3.8019726276397705,25.742488687782824,23.749945862335675,26.414355322338796,25.56118811881187,24.075846621108568,70.52865761689291,68.53364269141531,71.23238380809595,70.33415841584159,68.81548974943053,17.569381598793363,16.20494972931168,18.197901049475263,17.47029702970297,16.29081245254366,12.0,12.0,12.0,12.0,17.146668371965387
