,1,1l,1r,1s,2,2l,2r,2s,3,3l,3r,3s,4,4l,4r,4s,id,1_2,1_3,1_4,2_1,2_3,2_4,3_1,3_2,3_4,4_1,4_2,4_3,p1,p2,p3,p4,speed0,speed1,speed2,speed3,speed4,stop0,stop1,stop2,stop3,stop4,time,timeloss0,timeloss1,timeloss2,timeloss3,timeloss4,travel0,travel1,travel2,travel3,travel4,wait0,wait1,wait2,wait3,wait4,rrsssll_rsl_rsl_rrsll_0,rrsssll_rsl_rsl_rrsll_1,rrsssll_rsl_rsl_rrsll_2,rrsssll_rsl_rsl_rrsll_3,performance measure
0,7,2,2,3,3,1,1,1,3,1,1,1,5,2,2,1,rrsssll_rsl_rsl_rrsll,170.0,919.0,580.0,176.0,218.0,61.0,345.0,165.0,231.0,433.0,173.0,613.0,12.0,20.0,12.0,12.0,8.907320458549956,8.806093620803573,9.044341861909253,8.957183110840488,9.031773043708764,0.7304163726182075,0.7578347578347578,0.7038102084831057,0.7541729893778453,0.725735294117647,3.6842358112335205,24.97261115031757,26.2976638176638,24.38041696621138,25.941289833080415,24.258588235294134,69.60197600564572,70.97150997150997,69.04816678648454,70.52200303490136,68.87573529411765,17.009174311926607,18.146723646723647,16.46800862688713,17.87784522003035,16.376470588235293,12.0,20.0,12.0,12.0,17.175644478760606
