,1,1l,1r,1s,2,2l,2r,2s,3,3l,3r,3s,4,4l,4r,4s,id,1_2,1_3,1_4,2_1,2_3,2_4,3_1,3_2,3_4,4_1,4_2,4_3,p1,p2,p3,p4,speed0,speed1,speed2,speed3,speed4,stop0,stop1,stop2,stop3,stop4,time,timeloss0,timeloss1,timeloss2,timeloss3,timeloss4,travel0,travel1,travel2,travel3,travel4,wait0,wait1,wait2,wait3,wait4,rsl_rsssll_rrssl_rrsslll_0,rsl_rsssll_rrssl_rrsslll_1,rsl_rsssll_rrssl_rrsslll_2,rsl_rsssll_rrssl_rrsslll_3,performance measure
0,3,1,1,1,6,2,1,3,5,1,2,2,7,3,2,2,rsl_rsssll_rrssl_rrsslll,256.0,195.0,205.0,64.0,592.0,733.0,300.0,189.0,227.0,344.0,138.0,621.0,12.0,12.0,12.0,12.0,8.874838606726712,9.036979671905199,8.70341197936866,8.819563885778605,8.735016791919804,0.7698470502549163,0.7323076923076923,0.8411144578313253,0.802773497688752,0.8168168168168168,3.624929666519165,25.462585579023987,24.21913076923077,27.781347891566273,25.83385208012328,27.63780030030032,70.07793153678077,68.85076923076923,72.45933734939759,70.47380585516179,72.26351351351352,17.38820101966497,16.43846153846154,19.210843373493976,17.638674884437595,19.19144144144144,12.0,12.0,12.0,12.0,17.973524451499905
