,1,1l,1r,1s,2,2l,2r,2s,3,3l,3r,3s,4,4l,4r,4s,id,1_2,1_3,1_4,2_1,2_3,2_4,3_1,3_2,3_4,4_1,4_2,4_3,p1,p2,p3,p4,speed0,speed1,speed2,speed3,speed4,stop0,stop1,stop2,stop3,stop4,time,timeloss0,timeloss1,timeloss2,timeloss3,timeloss4,travel0,travel1,travel2,travel3,travel4,wait0,wait1,wait2,wait3,wait4,rsssssl_rsl_rrsslll_rsssll_0,rsssssl_rsl_rrsslll_rsssll_1,rsssssl_rsl_rrsslll_rsssll_2,rsssssl_rsl_rrsslll_rsssll_3,performance measure
0,7,1,1,5,3,1,1,1,7,3,2,2,6,2,1,3,rsssssl_rsl_rrsslll_rsssll,301.0,485.0,233.0,302.0,226.0,352.0,238.0,177.0,863.0,306.0,771.0,116.0,12.0,5.0,12.0,12.0,8.407361071149454,8.788425047576805,8.545828848593333,8.842966539261665,8.675628878981641,1.0401907356948228,0.8456832087015635,0.9436528497409327,0.8478571428571429,0.8949107732980833,3.9752559661865234,34.58540871934608,26.41995241332421,29.97779145077722,26.12652857142856,28.33854593522802,79.40258855585832,71.26376614547927,74.79987046632124,70.96857142857142,73.13020489094514,24.444141689373296,17.957171991842284,20.71502590673575,17.56642857142857,19.259748843357567,12.0,5.0,12.0,12.0,19.988503400547494
