,1,1l,1r,1s,2,2l,2r,2s,3,3l,3r,3s,4,4l,4r,4s,id,1_2,1_3,1_4,2_1,2_3,2_4,3_1,3_2,3_4,4_1,4_2,4_3,p1,p2,p3,p4,speed0,speed1,speed2,speed3,speed4,stop0,stop1,stop2,stop3,stop4,time,timeloss0,timeloss1,timeloss2,timeloss3,timeloss4,travel0,travel1,travel2,travel3,travel4,wait0,wait1,wait2,wait3,wait4,rssll_rrssl_rssslll_rrssll_0,rssll_rrssl_rssslll_rrssll_1,rssll_rrssl_rssslll_rrssll_2,rssll_rrssl_rssslll_rrssll_3,performance measure
0,5,2,1,2,5,1,2,2,7,3,1,3,6,2,2,2,rssll_rrssl_rssslll_rrssll,536.0,294.0,55.0,256.0,160.0,486.0,389.0,248.0,124.0,459.0,98.0,608.0,12.0,12.0,12.0,12.0,9.030081545099026,9.076704208173245,8.960848634781838,9.07988883943094,9.10658905325849,0.7437262357414449,0.7201870615744349,0.7715156130997716,0.7529691211401425,0.7272727272727273,4.499755382537842,23.862091254752855,23.8079501169135,24.747006854531637,23.26576405384004,23.286248976249,68.36501901140684,68.37724084177708,69.27265803503427,67.74505146476643,67.7952497952498,16.193916349809886,16.229150428682775,16.875095201827875,15.589073634204276,15.746928746928747,12.0,12.0,12.0,12.0,16.126832872290713
