,1,1l,1r,1s,2,2l,2r,2s,3,3l,3r,3s,4,4l,4r,4s,id,1_2,1_3,1_4,2_1,2_3,2_4,3_1,3_2,3_4,4_1,4_2,4_3,p1,p2,p3,p4,speed0,speed1,speed2,speed3,speed4,stop0,stop1,stop2,stop3,stop4,time,timeloss0,timeloss1,timeloss2,timeloss3,timeloss4,travel0,travel1,travel2,travel3,travel4,wait0,wait1,wait2,wait3,wait4,rssl_rrsslll_rsl_rrsll_0,rssl_rrsslll_rsl_rrsll_1,rssl_rrsslll_rsl_rrsll_2,rssl_rrsslll_rsl_rrsll_3,performance measure
0,4,1,1,2,7,3,2,2,3,1,1,1,5,2,2,1,rssl_rrsslll_rsl_rrsll,155.0,312.0,323.0,135.0,482.0,182.0,153.0,174.0,266.0,127.0,192.0,148.0,12.0,12.0,12.0,12.0,9.09012882875008,9.23199154604392,9.0311671061628,9.151273865630554,9.13479643712107,0.7254901960784313,0.6894618834080718,0.7590233545647559,0.7407834101382489,0.7219827586206896,3.031219005584717,23.40734204793029,22.445448430493272,24.053535031847133,23.14502304147466,23.333997844827575,68.18736383442265,67.23991031390135,68.85668789808918,67.86175115207374,68.11422413793103,15.88562091503268,15.123318385650224,16.312101910828027,15.58294930875576,15.863146551724139,12.0,12.0,12.0,12.0,15.753427414398166
