,1,1l,1r,1s,2,2l,2r,2s,3,3l,3r,3s,4,4l,4r,4s,id,1_2,1_3,1_4,2_1,2_3,2_4,3_1,3_2,3_4,4_1,4_2,4_3,p1,p2,p3,p4,speed0,speed1,speed2,speed3,speed4,stop0,stop1,stop2,stop3,stop4,time,timeloss0,timeloss1,timeloss2,timeloss3,timeloss4,travel0,travel1,travel2,travel3,travel4,wait0,wait1,wait2,wait3,wait4,rsssssl_rsl_rrsslll_rsssll_0,rsssssl_rsl_rrsslll_rsssll_1,rsssssl_rsl_rrsslll_rsssll_2,rsssssl_rsl_rrsslll_rsssll_3,performance measure
0,7,1,1,5,3,1,1,1,7,3,2,2,6,2,1,3,rsssssl_rsl_rrsslll_rsssll,278.0,566.0,153.0,282.0,82.0,144.0,405.0,397.0,119.0,378.0,232.0,255.0,12.0,12.0,12.0,12.0,9.203097264096728,9.297613352729707,9.03727348006875,9.074565035436013,9.309915961624894,0.7138989169675091,0.6966394187102634,0.7712811693895099,0.7537735849056604,0.6888489208633094,3.340559720993042,22.758005415162454,22.517375113533152,24.872932072227023,23.365971698113224,21.58271582733813,67.2346570397112,67.00544959128065,69.33276010318143,67.83301886792452,66.04136690647482,15.264440433212997,15.085376930063578,16.797936371453137,15.74433962264151,14.304856115107913,12.0,12.0,12.0,12.0,15.439389894495827
