,1,1l,1r,1s,2,2l,2r,2s,3,3l,3r,3s,4,4l,4r,4s,id,1_2,1_3,1_4,2_1,2_3,2_4,3_1,3_2,3_4,4_1,4_2,4_3,p1,p2,p3,p4,speed0,speed1,speed2,speed3,speed4,stop0,stop1,stop2,stop3,stop4,time,timeloss0,timeloss1,timeloss2,timeloss3,timeloss4,travel0,travel1,travel2,travel3,travel4,wait0,wait1,wait2,wait3,wait4,rssll_rrsl_rsssl_rrsl_0,rssll_rrsl_rsssl_rrsl_1,rssll_rrsl_rsssl_rrsl_2,rssll_rrsl_rsssl_rrsl_3,performance measure
0,5,2,1,2,4,1,2,1,5,1,1,3,4,1,2,1,rssll_rrsl_rsssl_rrsl,404.0,512.0,120.0,176.0,135.0,190.0,133.0,165.0,109.0,227.0,339.0,78.0,12.0,12.0,12.0,12.0,8.754303288929316,8.424120466139598,8.727588201440183,8.816649603232534,8.723849661195977,0.8168202764976958,0.9669703872437357,0.8386388583973655,0.8099762470308789,0.8356643356643356,3.203402280807495,27.9443202764977,35.47619589977217,27.508298572996708,26.02976247030877,28.71458041958042,72.84331797235023,80.41685649202734,72.41273326015367,70.90855106888361,73.57459207459208,19.611751152073733,25.611617312072894,19.09879253567508,18.002375296912113,20.13053613053613,12.0,12.0,12.0,12.0,20.491014485453988
