,1,1l,1r,1s,2,2l,2r,2s,3,3l,3r,3s,4,4l,4r,4s,id,1_2,1_3,1_4,2_1,2_3,2_4,3_1,3_2,3_4,4_1,4_2,4_3,p1,p2,p3,p4,speed0,speed1,speed2,speed3,speed4,stop0,stop1,stop2,stop3,stop4,time,timeloss0,timeloss1,timeloss2,timeloss3,timeloss4,travel0,travel1,travel2,travel3,travel4,wait0,wait1,wait2,wait3,wait4,rslll_rsl_rrslll_rsl_0,rslll_rsl_rrslll_rsl_1,rslll_rsl_rrslll_rsl_2,rslll_rsl_rrslll_rsl_3,performance measure
0,5,3,1,1,3,1,1,1,6,3,2,1,3,1,1,1,rslll_rsl_rrslll_rsl,529.0,342.0,189.0,49.0,272.0,91.0,126.0,161.0,668.0,176.0,340.0,195.0,12.0,20.0,12.0,20.0,8.382064251411478,8.090123287092487,7.725717315067759,7.915588313076663,8.063657736215564,0.7875,0.8678881388621023,0.9802158273381295,0.9405940594059405,0.8505639097744361,3.3434362411499023,31.584019230769222,34.93749276759887,42.650593525179836,40.41326732673269,35.254981203007475,76.65865384615384,79.96914175506268,87.69604316546763,85.48514851485149,80.29417293233082,23.23173076923077,26.06075216972035,32.697841726618705,30.83762376237624,26.361842105263158,12.0,20.0,12.0,20.0,27.837958106641842
