,1,1l,1r,1s,2,2l,2r,2s,3,3l,3r,3s,4,4l,4r,4s,id,1_2,1_3,1_4,2_1,2_3,2_4,3_1,3_2,3_4,4_1,4_2,4_3,p1,p2,p3,p4,speed0,speed1,speed2,speed3,speed4,stop0,stop1,stop2,stop3,stop4,time,timeloss0,timeloss1,timeloss2,timeloss3,timeloss4,travel0,travel1,travel2,travel3,travel4,wait0,wait1,wait2,wait3,wait4,rsl_rsl_rsl_rrssll_0,rsl_rsl_rsl_rrssll_1,rsl_rsl_rsl_rrssll_2,rsl_rsl_rsl_rrssll_3,performance measure
0,3,1,1,1,3,1,1,1,3,1,1,1,6,2,2,2,rsl_rsl_rsl_rrssll,175.0,42.0,52.0,81.0,282.0,69.0,164.0,92.0,210.0,276.0,714.0,200.0,12.0,12.0,20.0,20.0,8.510711856847145,8.508778488023538,8.378119190497946,8.52549273659825,8.412238765503593,0.7816377171215881,0.7820025348542459,0.8345679012345679,0.78,0.7749360613810742,3.0155792236328125,31.067295285359815,30.476134347275003,31.45316049382715,30.329173333333372,30.382442455242966,76.12406947890818,75.56527249683143,76.5,75.332,75.4309462915601,22.90818858560794,22.332065906210392,23.09753086419753,22.281333333333333,22.29539641943734,12.0,12.0,20.0,20.0,22.58290302175731
