,1,1l,1r,1s,2,2l,2r,2s,3,3l,3r,3s,4,4l,4r,4s,id,1_2,1_3,1_4,2_1,2_3,2_4,3_1,3_2,3_4,4_1,4_2,4_3,p1,p2,p3,p4,speed0,speed1,speed2,speed3,speed4,stop0,stop1,stop2,stop3,stop4,time,timeloss0,timeloss1,timeloss2,timeloss3,timeloss4,travel0,travel1,travel2,travel3,travel4,wait0,wait1,wait2,wait3,wait4,rslll_rsl_rrslll_rsl_0,rslll_rsl_rrslll_rsl_1,rslll_rsl_rrslll_rsl_2,rslll_rsl_rrslll_rsl_3,performance measure
0,5,3,1,1,3,1,1,1,6,3,2,1,3,1,1,1,rslll_rsl_rrslll_rsl,111.0,259.0,251.0,226.0,165.0,174.0,237.0,560.0,678.0,253.0,285.0,322.0,12.0,12.0,12.0,12.0,8.90195614565816,9.00083691022994,8.705740336092472,8.921694414160498,8.900313547883714,0.7599029911075182,0.7433930093776641,0.8316205533596838,0.7722943722943723,0.770181219110379,3.5089054107666016,25.17262732417136,24.73889173060532,27.528316205533603,24.62040692640691,26.02582372322905,69.91350040420372,69.50383631713555,72.27826086956522,69.39134199134199,70.76359143327842,16.977364591754245,16.649616368286445,18.647430830039525,16.466666666666665,17.546128500823723,12.0,12.0,12.0,12.0,17.25744139151412
