,1,1l,1r,1s,2,2l,2r,2s,3,3l,3r,3s,4,4l,4r,4s,id,1_2,1_3,1_4,2_1,2_3,2_4,3_1,3_2,3_4,4_1,4_2,4_3,p1,p2,p3,p4,speed0,speed1,speed2,speed3,speed4,stop0,stop1,stop2,stop3,stop4,time,timeloss0,timeloss1,timeloss2,timeloss3,timeloss4,travel0,travel1,travel2,travel3,travel4,wait0,wait1,wait2,wait3,wait4,rsssl_rrsll_rsl_rsslll_0,rsssl_rrsll_rsl_rsslll_1,rsssl_rrsll_rsl_rsslll_2,rsssl_rrsll_rsl_rsslll_3,performance measure
0,5,1,1,3,5,2,2,1,3,1,1,1,6,3,1,2,rsssl_rrsll_rsl_rsslll,324.0,908.0,148.0,521.0,240.0,285.0,73.0,237.0,136.0,260.0,578.0,322.0,12.0,12.0,5.0,12.0,8.897022450977468,8.913012302720684,8.73470827148542,9.124626915032248,9.153737144625719,0.83690036900369,0.8034124629080118,0.915948275862069,0.816,0.7422053231939163,3.8461098670959473,26.035940959409576,25.209480712166197,29.043254310344807,25.734272000000033,22.74285931558934,70.7690036900369,69.9406528189911,73.84267241379311,70.436,67.49809885931559,17.25018450184502,16.882789317507417,19.770114942528735,17.5024,14.98555133079848,12.0,12.0,5.0,12.0,17.278208018535928
