,1,1l,1r,1s,2,2l,2r,2s,3,3l,3r,3s,4,4l,4r,4s,id,1_2,1_3,1_4,2_1,2_3,2_4,3_1,3_2,3_4,4_1,4_2,4_3,p1,p2,p3,p4,speed0,speed1,speed2,speed3,speed4,stop0,stop1,stop2,stop3,stop4,time,timeloss0,timeloss1,timeloss2,timeloss3,timeloss4,travel0,travel1,travel2,travel3,travel4,wait0,wait1,wait2,wait3,wait4,rsl_rssslll_rrsssl_rsslll_0,rsl_rssslll_rrsssl_rsslll_1,rsl_rssslll_rrsssl_rsslll_2,rsl_rssslll_rrsssl_rsslll_3,performance measure
0,3,1,1,1,7,3,1,3,6,1,2,3,6,3,1,2,rsl_rssslll_rrsssl_rsslll,295.0,300.0,213.0,257.0,478.0,803.0,274.0,623.0,212.0,878.0,389.0,76.0,12.0,12.0,12.0,12.0,8.73817887944717,8.55925891461739,8.271233206580181,8.441671295191776,8.788592174603565,0.8014796547472256,0.8524691358024692,0.9873646209386282,0.8811881188118812,0.8156596794081381,4.35938572883606,26.393723797780535,29.184339506172815,35.18974729241874,29.622178217821816,27.3646670776819,71.10234278668311,73.94320987654321,79.8832731648616,74.35519801980197,72.096794081381,18.023427866831074,20.478395061728396,25.07039711191336,20.722153465346533,18.85881627620222,12.0,12.0,12.0,12.0,20.630637956404318
