,1,1l,1r,1s,2,2l,2r,2s,3,3l,3r,3s,4,4l,4r,4s,id,1_2,1_3,1_4,2_1,2_3,2_4,3_1,3_2,3_4,4_1,4_2,4_3,p1,p2,p3,p4,speed0,speed1,speed2,speed3,speed4,stop0,stop1,stop2,stop3,stop4,time,timeloss0,timeloss1,timeloss2,timeloss3,timeloss4,travel0,travel1,travel2,travel3,travel4,wait0,wait1,wait2,wait3,wait4,rrslll_rssll_rsl_rssssll_0,rrslll_rssll_rsl_rssssll_1,rrslll_rssll_rsl_rssssll_2,rrslll_rssll_rsl_rssssll_3,performance measure
0,6,3,2,1,5,2,1,2,3,1,1,1,7,2,1,4,rrslll_rssll_rsl_rssssll,146.0,75.0,256.0,295.0,432.0,213.0,268.0,278.0,266.0,301.0,403.0,43.0,12.0,12.0,12.0,5.0,8.867602195519993,9.12246982894926,9.007576163634171,9.19456077529303,9.206840732566294,0.871306005719733,0.7580645161290323,0.7938247011952191,0.7577962577962578,0.750968992248062,3.250206470489502,27.645100095328882,23.108618951612893,24.110009960159374,22.448336798336815,22.279525193798406,72.35938989513822,67.88306451612904,68.83067729083665,67.17359667359668,66.93023255813954,19.147759771210676,15.37399193548387,16.14243027888446,14.70997920997921,14.638565891472869,12.0,12.0,12.0,5.0,16.002545417406218
