,1,1l,1r,1s,2,2l,2r,2s,3,3l,3r,3s,4,4l,4r,4s,id,1_2,1_3,1_4,2_1,2_3,2_4,3_1,3_2,3_4,4_1,4_2,4_3,p1,p2,p3,p4,speed0,speed1,speed2,speed3,speed4,stop0,stop1,stop2,stop3,stop4,time,timeloss0,timeloss1,timeloss2,timeloss3,timeloss4,travel0,travel1,travel2,travel3,travel4,wait0,wait1,wait2,wait3,wait4,rssl_rrsslll_rsl_rrsll_0,rssl_rrsslll_rsl_rrsll_1,rssl_rrsslll_rsl_rrsll_2,rssl_rrsslll_rsl_rrsll_3,performance measure
0,4,1,1,2,7,3,2,2,3,1,1,1,5,2,2,1,rssl_rrsslll_rsl_rrsll,162.0,282.0,154.0,76.0,633.0,353.0,71.0,84.0,157.0,418.0,281.0,631.0,12.0,12.0,12.0,12.0,8.960973902985982,9.129552011166393,9.055641123951093,9.120715548416014,9.026907614554815,0.7489288774635818,0.7126334519572953,0.7523809523809524,0.7351301115241635,0.7606761565836299,3.5156424045562744,24.56300771208223,23.570435943060453,23.745627705627673,23.03590148698886,24.90217081850535,69.33590402742074,68.3211743772242,68.58354978354978,67.80483271375465,69.70284697508897,16.799485861182518,15.922597864768683,16.029437229437228,15.468401486988848,17.058718861209965,12.0,12.0,12.0,12.0,16.25572826071745
