,1,1l,1r,1s,2,2l,2r,2s,3,3l,3r,3s,4,4l,4r,4s,id,1_2,1_3,1_4,2_1,2_3,2_4,3_1,3_2,3_4,4_1,4_2,4_3,p1,p2,p3,p4,speed0,speed1,speed2,speed3,speed4,stop0,stop1,stop2,stop3,stop4,time,timeloss0,timeloss1,timeloss2,timeloss3,timeloss4,travel0,travel1,travel2,travel3,travel4,wait0,wait1,wait2,wait3,wait4,rsl_rsssll_rrssl_rrsslll_0,rsl_rsssll_rrssl_rrsslll_1,rsl_rsssll_rrssl_rrsslll_2,rsl_rsssll_rrssl_rrsslll_3,performance measure
0,3,1,1,1,6,2,1,3,5,1,2,2,7,3,2,2,rsl_rsssll_rrssl_rrsslll,239.0,74.0,217.0,196.0,523.0,714.0,628.0,204.0,213.0,411.0,125.0,297.0,12.0,12.0,12.0,12.0,8.473079941330578,8.88893371230698,8.829065215752351,8.86986706647309,8.920297615574796,0.8786299329858526,0.7602427921092565,0.7986425339366516,0.7887763055339049,0.7652905198776758,3.796821117401123,30.36018615040948,25.515311077389946,25.766726998491688,25.30306313328139,24.989839449541265,75.05435591958302,70.2185128983308,70.44796380090497,69.97739672642244,69.6651376146789,21.481757259865972,17.528831562974204,17.636500754147814,17.315666406858924,17.038990825688074,12.0,12.0,12.0,12.0,18.200349361906998
