,1,1l,1r,1s,2,2l,2r,2s,3,3l,3r,3s,4,4l,4r,4s,id,1_2,1_3,1_4,2_1,2_3,2_4,3_1,3_2,3_4,4_1,4_2,4_3,p1,p2,p3,p4,speed0,speed1,speed2,speed3,speed4,stop0,stop1,stop2,stop3,stop4,time,timeloss0,timeloss1,timeloss2,timeloss3,timeloss4,travel0,travel1,travel2,travel3,travel4,wait0,wait1,wait2,wait3,wait4,rsl_rsssssl_rsll_rrssl_0,rsl_rsssssl_rsll_rrssl_1,rsl_rsssssl_rsll_rrssl_2,rsl_rsssssl_rsll_rrssl_3,performance measure
0,3,1,1,1,7,1,1,5,4,2,1,1,5,1,2,2,rsl_rsssssl_rsll_rrssl,140.0,135.0,243.0,222.0,124.0,1377.0,93.0,56.0,413.0,91.0,412.0,604.0,12.0,5.0,5.0,12.0,9.749692404246671,9.681985788658178,9.393881407306473,9.532874561268335,9.66083364849564,0.6849212303075769,0.7200610221205187,0.8434528163862473,0.7778643803585347,0.71580547112462,3.999938488006592,18.709489872468104,18.972532418001556,24.272589612289682,22.081496492595477,19.534034954407293,63.47711927981995,63.747520976353925,69.11119239209948,66.86749805144193,64.26823708206688,11.438109527381846,11.556826849733028,15.944403803950257,14.27435697583788,12.042553191489361,12.0,5.0,5.0,12.0,13.051250069678474
