,1,1l,1r,1s,2,2l,2r,2s,3,3l,3r,3s,4,4l,4r,4s,id,1_2,1_3,1_4,2_1,2_3,2_4,3_1,3_2,3_4,4_1,4_2,4_3,p1,p2,p3,p4,speed0,speed1,speed2,speed3,speed4,stop0,stop1,stop2,stop3,stop4,time,timeloss0,timeloss1,timeloss2,timeloss3,timeloss4,travel0,travel1,travel2,travel3,travel4,wait0,wait1,wait2,wait3,wait4,rrsssll_rsl_rsl_rrsll_0,rrsssll_rsl_rsl_rrsll_1,rrsssll_rsl_rsl_rrsll_2,rrsssll_rsl_rsl_rrsll_3,performance measure
0,7,2,2,3,3,1,1,1,3,1,1,1,5,2,2,1,rrsssll_rsl_rsl_rrsll,92.0,632.0,578.0,162.0,182.0,232.0,334.0,54.0,260.0,499.0,90.0,516.0,12.0,12.0,12.0,12.0,8.61317091953287,8.78414989989631,8.68392278051029,8.666399225073869,9.014759320031267,0.9380952380952381,0.8036135113904164,0.851764705882353,0.8998287671232876,0.7575510204081632,3.82822322845459,33.08599206349208,27.617753338570353,28.04307450980385,30.95449486301371,24.477934693877554,77.64206349206349,72.22388059701493,72.66117647058823,75.52311643835617,69.0734693877551,23.22222222222222,19.090337784760408,19.32156862745098,21.64041095890411,16.499591836734695,12.0,12.0,12.0,12.0,19.954826286014484
