,1,1l,1r,1s,2,2l,2r,2s,3,3l,3r,3s,4,4l,4r,4s,id,1_2,1_3,1_4,2_1,2_3,2_4,3_1,3_2,3_4,4_1,4_2,4_3,p1,p2,p3,p4,speed0,speed1,speed2,speed3,speed4,stop0,stop1,stop2,stop3,stop4,time,timeloss0,timeloss1,timeloss2,timeloss3,timeloss4,travel0,travel1,travel2,travel3,travel4,wait0,wait1,wait2,wait3,wait4,rsssssl_rssssll_rsl_rssll_0,rsssssl_rssssll_rsl_rssll_1,rsssssl_rssssll_rsl_rssll_2,rsssssl_rssssll_rsl_rssll_3,performance measure
0,7,1,1,5,7,2,1,4,3,1,1,1,5,2,1,2,rsssssl_rssssll_rsl_rssll,102.0,1296.0,67.0,84.0,629.0,623.0,261.0,230.0,204.0,392.0,451.0,53.0,12.0,12.0,12.0,12.0,8.547145594332255,8.659614929759583,8.429136779733499,8.641872380907659,8.241374593417907,0.8461538461538461,0.8269493844049247,0.9051782111634162,0.8444909344490934,0.988674217188541,4.141923189163208,28.812480106100814,27.641511627906947,30.14381304640215,27.752747559274766,34.991978680879484,73.87533156498674,72.72366621067032,75.17081371889711,72.78451882845188,80.07728181212525,20.194960212201593,19.319425444596444,21.20511096166779,19.270571827057182,25.057961359093937,12.0,12.0,12.0,12.0,21.009605960923388
