,1,1l,1r,1s,2,2l,2r,2s,3,3l,3r,3s,4,4l,4r,4s,id,1_2,1_3,1_4,2_1,2_3,2_4,3_1,3_2,3_4,4_1,4_2,4_3,p1,p2,p3,p4,speed0,speed1,speed2,speed3,speed4,stop0,stop1,stop2,stop3,stop4,time,timeloss0,timeloss1,timeloss2,timeloss3,timeloss4,travel0,travel1,travel2,travel3,travel4,wait0,wait1,wait2,wait3,wait4,rsl_rsl_rsl_rrssssl_0,rsl_rsl_rsl_rrssssl_1,rsl_rsl_rsl_rrssssl_2,rsl_rsl_rsl_rrssssl_3,performance measure
0,3,1,1,1,3,1,1,1,3,1,1,1,7,1,2,4,rsl_rsl_rsl_rrssssl,90.0,319.0,268.0,213.0,46.0,352.0,70.0,239.0,190.0,149.0,1141.0,428.0,12.0,20.0,12.0,20.0,8.787591797781598,8.62931225283779,8.66488766463062,8.805549441765505,8.64641590349084,0.7194421657095981,0.7657807308970099,0.7722852512155591,0.72,0.747163695299838,3.5940380096435547,27.390607054963084,28.055564784053168,28.04379254457048,26.822782222222212,27.93606969205838,72.15750615258409,72.86378737541528,72.83792544570503,71.544,72.73014586709887,19.33716160787531,19.72840531561462,19.744732576985413,18.899555555555555,19.781199351701783,12.0,20.0,12.0,20.0,19.498210881546534
