,1,1l,1r,1s,2,2l,2r,2s,3,3l,3r,3s,4,4l,4r,4s,id,1_2,1_3,1_4,2_1,2_3,2_4,3_1,3_2,3_4,4_1,4_2,4_3,p1,p2,p3,p4,speed0,speed1,speed2,speed3,speed4,stop0,stop1,stop2,stop3,stop4,time,timeloss0,timeloss1,timeloss2,timeloss3,timeloss4,travel0,travel1,travel2,travel3,travel4,wait0,wait1,wait2,wait3,wait4,rsl_rsssssl_rsll_rrssl_0,rsl_rsssssl_rsll_rrssl_1,rsl_rsssssl_rsll_rrssl_2,rsl_rsssssl_rsll_rrssl_3,performance measure
0,3,1,1,1,7,1,1,5,4,2,1,1,5,1,2,2,rsl_rsssssl_rsll_rrssl,292.0,293.0,248.0,257.0,217.0,1020.0,60.0,202.0,156.0,291.0,348.0,505.0,12.0,12.0,12.0,12.0,8.961972805962878,8.67382119551876,8.428822782667298,8.741267666603962,8.925971143390926,0.7621178225205071,0.8454475899005356,0.9378787878787879,0.8314087759815243,0.7822085889570553,3.827219009399414,24.525622669649522,29.389296097934228,32.59990909090907,27.352717474980782,26.307392638036806,69.23713646532438,74.08033664881408,77.34772727272727,72.07313317936874,70.97315950920246,16.499627143922446,20.684009181331295,23.046969696969697,18.859122401847575,17.971625766871167,12.0,12.0,12.0,12.0,19.412270838188437
