,1,1l,1r,1s,2,2l,2r,2s,3,3l,3r,3s,4,4l,4r,4s,id,1_2,1_3,1_4,2_1,2_3,2_4,3_1,3_2,3_4,4_1,4_2,4_3,p1,p2,p3,p4,speed0,speed1,speed2,speed3,speed4,stop0,stop1,stop2,stop3,stop4,time,timeloss0,timeloss1,timeloss2,timeloss3,timeloss4,travel0,travel1,travel2,travel3,travel4,wait0,wait1,wait2,wait3,wait4,rsl_rsl_rsssl_rsl_0,rsl_rsl_rsssl_rsl_1,rsl_rsl_rsssl_rsl_2,rsl_rsl_rsssl_rsl_3,performance measure
0,3,1,1,1,3,1,1,1,5,1,1,3,3,1,1,1,rsl_rsl_rsssl_rsl,202.0,40.0,66.0,129.0,192.0,121.0,811.0,231.0,176.0,139.0,216.0,133.0,12.0,12.0,12.0,12.0,8.854186089949346,8.899433691132865,8.972659564236933,8.877431242792497,8.942147191060679,0.7849462365591398,0.7521160822249093,0.7720763723150358,0.7829360100376411,0.7676143386897404,2.875037431716919,25.403859020310655,25.16614268440148,24.392219570405725,24.855156838143028,25.029134734239793,70.39307048984469,70.19226118500605,69.38305489260144,69.84190715181933,70.02101359703337,17.31063321385902,17.370012091898428,16.39379474940334,16.933500627352572,17.091470951792335,12.0,12.0,12.0,12.0,17.01988232686114
