,1,1l,1r,1s,2,2l,2r,2s,3,3l,3r,3s,4,4l,4r,4s,id,1_2,1_3,1_4,2_1,2_3,2_4,3_1,3_2,3_4,4_1,4_2,4_3,p1,p2,p3,p4,speed0,speed1,speed2,speed3,speed4,stop0,stop1,stop2,stop3,stop4,time,timeloss0,timeloss1,timeloss2,timeloss3,timeloss4,travel0,travel1,travel2,travel3,travel4,wait0,wait1,wait2,wait3,wait4,rsl_rsl_rsl_rrssll_0,rsl_rsl_rsl_rrssll_1,rsl_rsl_rsl_rrssll_2,rsl_rsl_rsl_rrssll_3,performance measure
0,3,1,1,1,3,1,1,1,3,1,1,1,6,2,2,2,rsl_rsl_rsl_rrssll,143.0,243.0,79.0,68.0,55.0,347.0,206.0,64.0,266.0,228.0,395.0,271.0,12.0,12.0,5.0,12.0,8.558424570719763,8.579273552434204,8.687162757051784,8.863456071075444,8.676660439083667,0.9877750611246944,0.912718204488778,0.9019836639439907,0.8648648648648649,0.9238578680203046,3.015558958053589,32.36097799511,30.412443890274332,28.71208868144691,26.81027027027027,30.032106598984818,77.32885085574573,75.41645885286783,73.71411901983664,71.76621621621622,75.03172588832487,22.297066014669927,21.6857855361596,19.644107351225205,18.221621621621622,20.784263959390863,12.0,12.0,5.0,12.0,20.52656889661344
