,1,1l,1r,1s,2,2l,2r,2s,3,3l,3r,3s,4,4l,4r,4s,id,1_2,1_3,1_4,2_1,2_3,2_4,3_1,3_2,3_4,4_1,4_2,4_3,p1,p2,p3,p4,speed0,speed1,speed2,speed3,speed4,stop0,stop1,stop2,stop3,stop4,time,timeloss0,timeloss1,timeloss2,timeloss3,timeloss4,travel0,travel1,travel2,travel3,travel4,wait0,wait1,wait2,wait3,wait4,rsssssl_rssssll_rsl_rssll_0,rsssssl_rssssll_rsl_rssll_1,rsssssl_rssssll_rsl_rssll_2,rsssssl_rssssll_rsl_rssll_3,performance measure
0,7,1,1,5,7,2,1,4,3,1,1,1,5,2,1,2,rsssssl_rssssll_rsl_rssll,96.0,595.0,74.0,218.0,271.0,394.0,325.0,142.0,316.0,622.0,275.0,153.0,12.0,12.0,12.0,5.0,8.599739153204894,8.426579912651883,8.479683880878344,8.573152674881607,8.50704431811606,0.9094790777113578,0.966414777497901,0.9552358113509193,0.9187996469549867,0.9558441558441558,3.6406197547912598,29.265952177625955,32.23880772460117,30.585099920063918,29.78146513680491,31.387688311688287,74.04526046114432,77.04030226700252,75.34532374100719,74.5251544571933,76.14285714285714,20.54739538855679,23.123425692695214,21.584332533972823,20.728155339805824,22.522943722943722,12.0,12.0,12.0,5.0,21.701250535594873
