,1,1l,1r,1s,2,2l,2r,2s,3,3l,3r,3s,4,4l,4r,4s,id,1_2,1_3,1_4,2_1,2_3,2_4,3_1,3_2,3_4,4_1,4_2,4_3,p1,p2,p3,p4,speed0,speed1,speed2,speed3,speed4,stop0,stop1,stop2,stop3,stop4,time,timeloss0,timeloss1,timeloss2,timeloss3,timeloss4,travel0,travel1,travel2,travel3,travel4,wait0,wait1,wait2,wait3,wait4,rssll_rrsl_rsssl_rrsl_0,rssll_rrsl_rsssl_rrsl_1,rssll_rrsl_rsssl_rrsl_2,rssll_rrsl_rsssl_rrsl_3,performance measure
0,5,2,1,2,4,1,2,1,5,1,1,3,4,1,2,1,rssll_rrsl_rsssl_rrsl,595.0,421.0,260.0,353.0,209.0,124.0,954.0,226.0,98.0,164.0,291.0,123.0,12.0,12.0,12.0,12.0,8.64614031449457,8.277229901005038,8.40001925487855,8.58965338270451,8.804963135397019,0.8337273443656422,0.9138198757763976,0.9036418816388467,0.8533653846153846,0.798406374501992,3.891108274459839,28.000441292356218,32.99197981366462,31.446745068285257,28.013397435897453,26.947601593625503,72.81717888100867,77.8222049689441,76.26631259484067,72.81490384615384,71.7410358565737,19.34594168636722,23.634316770186334,22.207890743550834,19.377403846153847,18.543426294820716,12.0,12.0,12.0,12.0,20.62179586821579
