,1,1l,1r,1s,2,2l,2r,2s,3,3l,3r,3s,4,4l,4r,4s,id,1_2,1_3,1_4,2_1,2_3,2_4,3_1,3_2,3_4,4_1,4_2,4_3,p1,p2,p3,p4,speed0,speed1,speed2,speed3,speed4,stop0,stop1,stop2,stop3,stop4,time,timeloss0,timeloss1,timeloss2,timeloss3,timeloss4,travel0,travel1,travel2,travel3,travel4,wait0,wait1,wait2,wait3,wait4,rrsll_rssl_rsssll_rsl_0,rrsll_rssl_rsssll_rsl_1,rrsll_rssl_rsssll_rsl_2,rrsll_rssl_rsssll_rsl_3,performance measure
0,5,2,2,1,4,1,1,2,6,2,1,3,3,1,1,1,rrsll_rssl_rsssll_rsl,280.0,191.0,120.0,223.0,65.0,229.0,885.0,169.0,430.0,109.0,313.0,95.0,12.0,12.0,5.0,12.0,9.143818723924252,9.06366829825465,9.007226947996003,9.223112279156739,9.027939512192228,0.7771428571428571,0.7933014354066986,0.802007299270073,0.7524557956777996,0.8212237093690249,3.265730381011963,22.787180952380982,23.816669856459292,24.34930656934307,21.921738703339894,25.335344168260033,67.70761904761905,68.75023923444977,69.24726277372262,66.88310412573674,70.22753346080306,14.936190476190475,15.949282296650718,16.238138686131386,14.24852652259332,17.190248565965582,12.0,12.0,5.0,12.0,15.712477309506294
