,1,1l,1r,1s,2,2l,2r,2s,3,3l,3r,3s,4,4l,4r,4s,id,1_2,1_3,1_4,2_1,2_3,2_4,3_1,3_2,3_4,4_1,4_2,4_3,p1,p2,p3,p4,speed0,speed1,speed2,speed3,speed4,stop0,stop1,stop2,stop3,stop4,time,timeloss0,timeloss1,timeloss2,timeloss3,timeloss4,travel0,travel1,travel2,travel3,travel4,wait0,wait1,wait2,wait3,wait4,rssll_rrssl_rssslll_rrssll_0,rssll_rrssl_rssslll_rrssll_1,rssll_rrssl_rssslll_rrssll_2,rssll_rrssl_rssslll_rrssll_3,performance measure
0,5,2,1,2,5,1,2,2,7,3,1,3,6,2,2,2,rssll_rrssl_rssslll_rrssll,218.0,395.0,267.0,247.0,260.0,274.0,1029.0,133.0,686.0,310.0,573.0,271.0,12.0,20.0,12.0,12.0,8.699753549186074,8.648524479441527,8.340666776574572,8.642746315604006,8.683509047296457,0.7807865892972276,0.7963080840229153,0.8814400993171942,0.8143631436314364,0.7943625880845612,4.218376874923706,27.424352030947787,28.043921069382534,32.9052886405959,28.81388211382113,28.35030749519541,72.20954223081883,72.8631444939529,77.74922408441961,73.64634146341463,73.1595131326073,19.451321727917474,19.936982813494588,24.001241464928615,20.642276422764226,20.1249199231262,12.0,20.0,12.0,12.0,20.831348470446223
