,1,1l,1r,1s,2,2l,2r,2s,3,3l,3r,3s,4,4l,4r,4s,id,1_2,1_3,1_4,2_1,2_3,2_4,3_1,3_2,3_4,4_1,4_2,4_3,p1,p2,p3,p4,speed0,speed1,speed2,speed3,speed4,stop0,stop1,stop2,stop3,stop4,time,timeloss0,timeloss1,timeloss2,timeloss3,timeloss4,travel0,travel1,travel2,travel3,travel4,wait0,wait1,wait2,wait3,wait4,rsl_rsl_rsl_rrssssl_0,rsl_rsl_rsl_rrssssl_1,rsl_rsl_rsl_rrssssl_2,rsl_rsl_rsl_rrssssl_3,performance measure
0,3,1,1,1,3,1,1,1,3,1,1,1,7,1,2,4,rsl_rsl_rsl_rrssssl,271.0,357.0,63.0,277.0,157.0,207.0,249.0,266.0,195.0,196.0,684.0,227.0,12.0,20.0,12.0,12.0,8.169350413916787,8.525969117834586,8.551475598124734,8.567730570495499,8.681326706610735,0.9256198347107438,0.8278529980657641,0.8284936479128857,0.8171091445427728,0.7805555555555556,3.578151226043701,36.404187327823664,30.32401353965186,31.096061705989133,29.13998033431665,27.40910185185185,81.29476584022039,75.25725338491296,75.97822141560799,74.07571288102261,72.29629629629629,26.684113865932048,21.727272727272727,22.108892921960074,20.660766961651916,19.203703703703702,12.0,20.0,12.0,12.0,22.07695003610409
