,1,1l,1r,1s,2,2l,2r,2s,3,3l,3r,3s,4,4l,4r,4s,id,1_2,1_3,1_4,2_1,2_3,2_4,3_1,3_2,3_4,4_1,4_2,4_3,p1,p2,p3,p4,speed0,speed1,speed2,speed3,speed4,stop0,stop1,stop2,stop3,stop4,time,timeloss0,timeloss1,timeloss2,timeloss3,timeloss4,travel0,travel1,travel2,travel3,travel4,wait0,wait1,wait2,wait3,wait4,rssl_rrsslll_rsl_rrsll_0,rssl_rrsslll_rsl_rrsll_1,rssl_rrsslll_rsl_rrsll_2,rssl_rrsslll_rsl_rrsll_3,performance measure
0,4,1,1,2,7,3,2,2,3,1,1,1,5,2,2,1,rssl_rrsslll_rsl_rrsll,314.0,439.0,213.0,327.0,887.0,345.0,98.0,58.0,55.0,221.0,161.0,321.0,12.0,12.0,12.0,12.0,8.71760340213565,8.784448757803379,8.564250837530349,8.703484790836624,8.950724110422883,0.8142493638676844,0.8249787595581988,0.9041666666666667,0.8379837983798379,0.7540702656383891,3.48245906829834,27.557404580152667,28.71185216652508,30.86435000000002,27.810081008100788,24.7546358183376,72.35538592027142,73.4944774851317,75.65,72.58865886588659,69.56640959725793,19.217981340118744,20.027187765505523,21.720833333333335,19.423042304230425,16.912596401028278,12.0,12.0,12.0,12.0,19.46032822884326
