,1,1l,1r,1s,2,2l,2r,2s,3,3l,3r,3s,4,4l,4r,4s,id,1_2,1_3,1_4,2_1,2_3,2_4,3_1,3_2,3_4,4_1,4_2,4_3,p1,p2,p3,p4,speed0,speed1,speed2,speed3,speed4,stop0,stop1,stop2,stop3,stop4,time,timeloss0,timeloss1,timeloss2,timeloss3,timeloss4,travel0,travel1,travel2,travel3,travel4,wait0,wait1,wait2,wait3,wait4,rsl_rsl_rsl_rrssll_0,rsl_rsl_rsl_rrssll_1,rsl_rsl_rsl_rrssll_2,rsl_rsl_rsl_rrssll_3,performance measure
0,3,1,1,1,3,1,1,1,3,1,1,1,6,2,2,2,rsl_rsl_rsl_rrssll,223.0,303.0,99.0,123.0,201.0,183.0,339.0,101.0,255.0,202.0,154.0,419.0,20.0,20.0,12.0,12.0,8.487974469960765,8.489769248769642,8.484770550603727,8.543681640695073,8.657540226844533,0.7903930131004366,0.770509977827051,0.7935627081021087,0.7740825688073395,0.753757225433526,2.859351873397827,31.982412663755447,29.79749445676272,30.21478357380687,29.93450688073393,28.69246242774562,76.97270742358079,74.73614190687361,75.22752497225305,74.83371559633028,73.60809248554914,23.429039301310045,21.631929046563194,21.85904550499445,21.73967889908257,20.723699421965318,20.0,20.0,12.0,12.0,21.87667843478312
