,1,1l,1r,1s,2,2l,2r,2s,3,3l,3r,3s,4,4l,4r,4s,id,1_2,1_3,1_4,2_1,2_3,2_4,3_1,3_2,3_4,4_1,4_2,4_3,p1,p2,p3,p4,speed0,speed1,speed2,speed3,speed4,stop0,stop1,stop2,stop3,stop4,time,timeloss0,timeloss1,timeloss2,timeloss3,timeloss4,travel0,travel1,travel2,travel3,travel4,wait0,wait1,wait2,wait3,wait4,rssslll_rrsssl_rsssssl_rsl_0,rssslll_rrsssl_rsssssl_rsl_1,rssslll_rrsssl_rsssssl_rsl_2,rssslll_rrsssl_rsssssl_rsl_3,performance measure
0,7,3,1,3,6,1,2,3,7,1,1,5,3,1,1,1,rssslll_rrsssl_rsssssl_rsl,147.0,237.0,85.0,540.0,143.0,773.0,500.0,84.0,231.0,120.0,321.0,82.0,12.0,5.0,5.0,12.0,9.457157304940246,9.24581358364859,9.405058444776623,9.389537591649802,9.216507694330847,0.7583710407239819,0.8483720930232558,0.7782646801051709,0.8476454293628809,0.8259668508287292,3.5156404972076416,20.951502262443437,24.585748837209326,21.66368098159505,24.588430286241945,23.850570902394075,65.59185520361991,69.20279069767442,66.24539877300613,69.20590951061865,68.4963167587477,13.314932126696833,16.454883720930233,13.998247151621385,16.3601108033241,15.910681399631676,12.0,5.0,5.0,12.0,15.207771040440843
