,1,1l,1r,1s,2,2l,2r,2s,3,3l,3r,3s,4,4l,4r,4s,id,1_2,1_3,1_4,2_1,2_3,2_4,3_1,3_2,3_4,4_1,4_2,4_3,p1,p2,p3,p4,speed0,speed1,speed2,speed3,speed4,stop0,stop1,stop2,stop3,stop4,time,timeloss0,timeloss1,timeloss2,timeloss3,timeloss4,travel0,travel1,travel2,travel3,travel4,wait0,wait1,wait2,wait3,wait4,rssslll_rrsssl_rsssssl_rsl_0,rssslll_rrsssl_rsssssl_rsl_1,rssslll_rrsssl_rsssssl_rsl_2,rssslll_rrsssl_rsssssl_rsl_3,performance measure
0,7,3,1,3,6,1,2,3,7,1,1,5,3,1,1,1,rssslll_rrsssl_rsssssl_rsl,380.0,878.0,264.0,253.0,310.0,213.0,1012.0,182.0,287.0,115.0,294.0,188.0,12.0,12.0,12.0,12.0,8.710686219028904,8.716868785429075,8.585033943035665,8.534381575845565,8.824532647850205,0.8157715839564922,0.8053691275167785,0.8903924221921515,0.9102099927588704,0.8047255038220987,4.109349727630615,27.031216859279375,27.308335570469836,29.70684709066304,30.644026068066665,26.613988881167483,71.8150917743032,72.12953020134228,74.49323410013533,75.40695148443157,71.36483669214732,18.815091774303195,19.018120805369126,20.727334235453316,21.530774800868937,18.316191799861013,12.0,12.0,12.0,12.0,19.681502683171118
