,1,1l,1r,1s,2,2l,2r,2s,3,3l,3r,3s,4,4l,4r,4s,id,1_2,1_3,1_4,2_1,2_3,2_4,3_1,3_2,3_4,4_1,4_2,4_3,p1,p2,p3,p4,speed0,speed1,speed2,speed3,speed4,stop0,stop1,stop2,stop3,stop4,time,timeloss0,timeloss1,timeloss2,timeloss3,timeloss4,travel0,travel1,travel2,travel3,travel4,wait0,wait1,wait2,wait3,wait4,rsl_rrsll_rsl_rslll_0,rsl_rrsll_rsl_rslll_1,rsl_rrsll_rsl_rslll_2,rsl_rrsll_rsl_rslll_3,performance measure
0,3,1,1,1,5,2,2,1,3,1,1,1,5,3,1,1,rsl_rrsll_rsl_rslll,37.0,193.0,241.0,579.0,167.0,242.0,97.0,136.0,280.0,857.0,173.0,261.0,12.0,12.0,12.0,12.0,8.912703856297279,8.822977033127025,8.690096589975093,8.784180494824747,8.996127852792949,0.7593250444049734,0.7741644083107497,0.8330464716006885,0.8079409048938134,0.7418478260869565,3.3750126361846924,25.340062166962685,26.2280216802168,27.28427710843379,26.76427516158818,24.178922101449253,70.16873889875666,71.096657633243,72.15404475043029,71.64081255771006,69.02898550724638,16.927175843694492,17.953929539295395,18.505163511187607,18.263157894736842,16.234601449275363,12.0,12.0,12.0,12.0,17.576805647637936
