,1,1l,1r,1s,2,2l,2r,2s,3,3l,3r,3s,4,4l,4r,4s,id,1_2,1_3,1_4,2_1,2_3,2_4,3_1,3_2,3_4,4_1,4_2,4_3,p1,p2,p3,p4,speed0,speed1,speed2,speed3,speed4,stop0,stop1,stop2,stop3,stop4,time,timeloss0,timeloss1,timeloss2,timeloss3,timeloss4,travel0,travel1,travel2,travel3,travel4,wait0,wait1,wait2,wait3,wait4,rsl_rrsll_rsl_rslll_0,rsl_rrsll_rsl_rslll_1,rsl_rrsll_rsl_rslll_2,rsl_rrsll_rsl_rslll_3,performance measure
0,3,1,1,1,5,2,2,1,3,1,1,1,5,3,1,1,rsl_rrsll_rsl_rslll,75.0,167.0,91.0,171.0,250.0,275.0,130.0,310.0,67.0,272.0,313.0,178.0,5.0,12.0,12.0,12.0,9.077273634618518,9.186202525299551,9.237369549381642,9.360465547974472,9.186307911189017,0.7865311308767471,0.7393548387096774,0.769712140175219,0.7154362416107383,0.7839586028460543,2.759070873260498,24.28158831003811,22.517819354838696,22.716708385481894,20.833395973154374,23.94908150064682,69.12198221092757,67.37677419354839,67.54568210262829,65.61476510067114,68.75679172056921,15.928843710292249,14.887741935483872,14.893617021276595,13.280536912751678,15.803363518758085,5.0,12.0,12.0,12.0,14.958820619712498
