,1,1l,1r,1s,2,2l,2r,2s,3,3l,3r,3s,4,4l,4r,4s,id,1_2,1_3,1_4,2_1,2_3,2_4,3_1,3_2,3_4,4_1,4_2,4_3,p1,p2,p3,p4,speed0,speed1,speed2,speed3,speed4,stop0,stop1,stop2,stop3,stop4,time,timeloss0,timeloss1,timeloss2,timeloss3,timeloss4,travel0,travel1,travel2,travel3,travel4,wait0,wait1,wait2,wait3,wait4,rssll_rrsl_rsssl_rrsl_0,rssll_rrsl_rsssl_rrsl_1,rssll_rrsl_rsssl_rrsl_2,rssll_rrsl_rsssl_rrsl_3,performance measure
0,5,2,1,2,4,1,2,1,5,1,1,3,4,1,2,1,rssll_rrsl_rsssl_rrsl,358.0,709.0,131.0,204.0,272.0,215.0,547.0,267.0,82.0,185.0,203.0,361.0,12.0,20.0,12.0,12.0,8.760562267442165,8.800760489144093,8.732478902323793,8.821884393146082,8.937748979627397,0.7709213863060017,0.7682619647355163,0.8083121289228159,0.8240072202166066,0.7414675767918089,3.374826431274414,27.55460693153002,27.17630562552476,28.95437659033083,30.155036101083045,25.78774744027302,72.34657650042266,71.99244332493703,73.75826972010178,74.90162454873646,70.56399317406144,19.49788672865596,19.187237615449202,20.59457167090755,21.695848375451263,17.97098976109215,12.0,20.0,12.0,12.0,19.789306830311222
