,1,1l,1r,1s,2,2l,2r,2s,3,3l,3r,3s,4,4l,4r,4s,id,1_2,1_3,1_4,2_1,2_3,2_4,3_1,3_2,3_4,4_1,4_2,4_3,p1,p2,p3,p4,speed0,speed1,speed2,speed3,speed4,stop0,stop1,stop2,stop3,stop4,time,timeloss0,timeloss1,timeloss2,timeloss3,timeloss4,travel0,travel1,travel2,travel3,travel4,wait0,wait1,wait2,wait3,wait4,rsssll_rssl_rsslll_rrsl_0,rsssll_rssl_rsslll_rrsl_1,rsssll_rssl_rsslll_rrsl_2,rsssll_rssl_rsslll_rrsl_3,performance measure
0,6,2,1,3,4,1,1,2,6,3,1,2,4,1,2,1,rsssll_rssl_rsslll_rrsl,203.0,351.0,65.0,144.0,159.0,459.0,84.0,53.0,531.0,49.0,179.0,274.0,12.0,5.0,5.0,12.0,9.5023487011104,9.597569374014178,9.337236286894585,9.34907393521303,9.298769490184501,0.7728310502283106,0.7461809635722679,0.9071274298056156,0.9206939281288724,0.8428731762065096,3.2656092643737793,21.544098173515998,20.011562867215055,27.1416846652268,27.658215613382904,24.852749719416355,66.37214611872146,64.76380728554642,71.96976241900649,72.46220570012392,69.69472502805836,14.038812785388128,12.82961222091657,18.584233261339094,18.888475836431226,16.89786756453423,12.0,5.0,5.0,12.0,16.24780033372185
