,1,1l,1r,1s,2,2l,2r,2s,3,3l,3r,3s,4,4l,4r,4s,id,1_2,1_3,1_4,2_1,2_3,2_4,3_1,3_2,3_4,4_1,4_2,4_3,p1,p2,p3,p4,speed0,speed1,speed2,speed3,speed4,stop0,stop1,stop2,stop3,stop4,time,timeloss0,timeloss1,timeloss2,timeloss3,timeloss4,travel0,travel1,travel2,travel3,travel4,wait0,wait1,wait2,wait3,wait4,rsssssl_rssssll_rsl_rssll_0,rsssssl_rssssll_rsl_rssll_1,rsssssl_rssssll_rsl_rssll_2,rsssssl_rssssll_rsl_rssll_3,performance measure
0,7,1,1,5,7,2,1,4,3,1,1,1,5,2,1,2,rsssssl_rssssll_rsl_rssll,105.0,1399.0,67.0,203.0,356.0,948.0,133.0,175.0,268.0,246.0,575.0,60.0,12.0,12.0,12.0,12.0,8.750234656285503,8.834172544937815,8.671516085802992,8.780864348389843,8.801663257625238,0.7984031936127745,0.7883981542518128,0.8406072106261859,0.8237677245104659,0.8091803278688524,4.07291316986084,25.971237524950098,25.591364535266987,26.81111321948131,26.02447670492915,25.819999999999958,70.99268130405855,70.62359920896506,71.82985452245414,71.05469277515192,70.83475409836066,17.842315369261478,17.56756756756757,18.429475015812777,17.794058068872385,17.72655737704918,12.0,12.0,12.0,12.0,17.871994679712678
