,1,1l,1r,1s,2,2l,2r,2s,3,3l,3r,3s,4,4l,4r,4s,id,1_2,1_3,1_4,2_1,2_3,2_4,3_1,3_2,3_4,4_1,4_2,4_3,p1,p2,p3,p4,speed0,speed1,speed2,speed3,speed4,stop0,stop1,stop2,stop3,stop4,time,timeloss0,timeloss1,timeloss2,timeloss3,timeloss4,travel0,travel1,travel2,travel3,travel4,wait0,wait1,wait2,wait3,wait4,rsl_rrsll_rsl_rslll_0,rsl_rrsll_rsl_rslll_1,rsl_rrsll_rsl_rslll_2,rsl_rrsll_rsl_rslll_3,performance measure
0,3,1,1,1,5,2,2,1,3,1,1,1,5,3,1,1,rsl_rrsll_rsl_rslll,303.0,173.0,200.0,423.0,524.0,295.0,59.0,257.0,77.0,641.0,221.0,124.0,12.0,12.0,12.0,12.0,8.475525547329008,8.716627796323852,8.571197423009172,8.762708338230864,8.747032013300798,0.96718322698268,0.8092643051771117,0.8865979381443299,0.7998180163785259,0.8093947606142728,3.3909108638763428,34.93484047402008,28.181889191643958,30.876365979381408,26.392311191992732,27.95834688346884,79.8468550592525,73.12261580381471,75.77233676975945,71.30937215650592,72.85998193315267,24.775752051048315,19.64850136239782,21.5713058419244,18.11010009099181,19.383920505871725,12.0,12.0,12.0,12.0,20.697915970446815
