,1,1l,1r,1s,2,2l,2r,2s,3,3l,3r,3s,4,4l,4r,4s,id,1_2,1_3,1_4,2_1,2_3,2_4,3_1,3_2,3_4,4_1,4_2,4_3,p1,p2,p3,p4,speed0,speed1,speed2,speed3,speed4,stop0,stop1,stop2,stop3,stop4,time,timeloss0,timeloss1,timeloss2,timeloss3,timeloss4,travel0,travel1,travel2,travel3,travel4,wait0,wait1,wait2,wait3,wait4,rsssll_rssl_rsslll_rrsl_0,rsssll_rssl_rsslll_rrsl_1,rsssll_rssl_rsslll_rrsl_2,rsssll_rssl_rsslll_rrsl_3,performance measure
0,6,2,1,3,4,1,1,2,6,3,1,2,4,1,2,1,rsssll_rssl_rsslll_rrsl,263.0,604.0,150.0,100.0,79.0,406.0,152.0,58.0,165.0,180.0,138.0,581.0,5.0,5.0,5.0,5.0,9.17049652139776,9.121468480000694,9.221508000060144,9.822448174492735,9.201639011750093,1.0925373134328358,1.0593561368209254,1.0129482071713147,0.7632743362831859,0.9888211382113821,3.270756483078003,26.019363184079616,24.36065392354125,24.142450199203196,16.94654867256635,23.814725609756096,70.72437810945273,69.07243460764587,68.9093625498008,61.6283185840708,68.4959349593496,16.44676616915423,15.360160965794769,15.266932270916335,9.580752212389381,14.946138211382113,5.0,5.0,5.0,5.0,14.320149965927367
