,1,1l,1r,1s,2,2l,2r,2s,3,3l,3r,3s,4,4l,4r,4s,id,1_2,1_3,1_4,2_1,2_3,2_4,3_1,3_2,3_4,4_1,4_2,4_3,p1,p2,p3,p4,speed0,speed1,speed2,speed3,speed4,stop0,stop1,stop2,stop3,stop4,time,timeloss0,timeloss1,timeloss2,timeloss3,timeloss4,travel0,travel1,travel2,travel3,travel4,wait0,wait1,wait2,wait3,wait4,rssl_rrsslll_rsl_rrsll_0,rssl_rrsslll_rsl_rrsll_1,rssl_rrsslll_rsl_rrsll_2,rssl_rrsslll_rsl_rrsll_3,performance measure
0,4,1,1,2,7,3,2,2,3,1,1,1,5,2,2,1,rssl_rrsslll_rsl_rrsll,166.0,618.0,78.0,140.0,374.0,220.0,336.0,86.0,74.0,344.0,261.0,104.0,12.0,20.0,12.0,12.0,8.618042779171187,8.588127291767725,8.739320792421887,8.776998351764014,8.675341660583229,0.8031413612565445,0.8109820485744457,0.7726809378185525,0.7842696629213484,0.8061767838125665,3.214935541152954,28.291486910994728,28.652903907075018,26.97246687054024,26.65006741573032,28.57600638977636,73.28586387434555,73.66525871172122,71.98674821610601,71.6,73.58892438764643,20.33821989528796,20.559662090813095,19.11722731906218,18.875280898876404,20.411075612353567,12.0,20.0,12.0,12.0,19.860293163278644
