,1,1l,1r,1s,2,2l,2r,2s,3,3l,3r,3s,4,4l,4r,4s,id,1_2,1_3,1_4,2_1,2_3,2_4,3_1,3_2,3_4,4_1,4_2,4_3,p1,p2,p3,p4,speed0,speed1,speed2,speed3,speed4,stop0,stop1,stop2,stop3,stop4,time,timeloss0,timeloss1,timeloss2,timeloss3,timeloss4,travel0,travel1,travel2,travel3,travel4,wait0,wait1,wait2,wait3,wait4,rsssl_rrsll_rsl_rsslll_0,rsssl_rrsll_rsl_rsslll_1,rsssl_rrsll_rsl_rsslll_2,rsssl_rrsll_rsl_rsslll_3,performance measure
0,5,1,1,3,5,2,2,1,3,1,1,1,6,3,1,2,rsssl_rrsll_rsl_rsslll,157.0,309.0,140.0,645.0,253.0,48.0,286.0,55.0,287.0,684.0,719.0,164.0,12.0,12.0,12.0,20.0,8.227021903184507,8.440160062025942,8.567493689746803,8.409316408531197,8.672360013579086,0.9660194174757282,0.8564593301435407,0.846211552888222,0.9336569579288025,0.7924679487179487,3.781181812286377,38.07613268608412,32.33753588516744,31.480225056264082,34.99361650485431,28.408605769230743,82.88430420711974,77.19377990430623,76.2820705176294,79.7953074433657,73.24198717948718,28.151294498381876,23.436204146730464,22.62040510127532,25.34223300970874,20.192307692307693,12.0,12.0,12.0,20.0,23.948488889680817
