,1,1l,1r,1s,2,2l,2r,2s,3,3l,3r,3s,4,4l,4r,4s,id,1_2,1_3,1_4,2_1,2_3,2_4,3_1,3_2,3_4,4_1,4_2,4_3,p1,p2,p3,p4,speed0,speed1,speed2,speed3,speed4,stop0,stop1,stop2,stop3,stop4,time,timeloss0,timeloss1,timeloss2,timeloss3,timeloss4,travel0,travel1,travel2,travel3,travel4,wait0,wait1,wait2,wait3,wait4,rsl_rsssssl_rsll_rrssl_0,rsl_rsssssl_rsll_rrssl_1,rsl_rsssssl_rsll_rrssl_2,rsl_rsssssl_rsll_rrssl_3,performance measure
0,3,1,1,1,7,1,1,5,4,2,1,1,5,1,2,2,rsl_rsssssl_rsll_rrssl,117.0,332.0,39.0,303.0,293.0,1329.0,112.0,301.0,402.0,116.0,693.0,92.0,12.0,20.0,20.0,20.0,8.228498687341583,8.178531998859013,8.00214445067887,8.198339889778214,8.046716085824707,0.7807017543859649,0.7994186046511628,0.8556910569105691,0.7997076023391813,0.8182466143977192,4.0938026905059814,32.5236038011696,33.15500726744187,35.78537940379403,33.56105994152043,34.591988595866056,77.43786549707602,78.11119186046511,80.74322493224932,78.47587719298245,79.5424091233072,24.110380116959064,24.594476744186046,26.63888888888889,25.029239766081872,25.758374910905204,12.0,20.0,20.0,20.0,25.226272085404215
