,1,1l,1r,1s,2,2l,2r,2s,3,3l,3r,3s,4,4l,4r,4s,id,1_2,1_3,1_4,2_1,2_3,2_4,3_1,3_2,3_4,4_1,4_2,4_3,p1,p2,p3,p4,speed0,speed1,speed2,speed3,speed4,stop0,stop1,stop2,stop3,stop4,time,timeloss0,timeloss1,timeloss2,timeloss3,timeloss4,travel0,travel1,travel2,travel3,travel4,wait0,wait1,wait2,wait3,wait4,rssslll_rrsssl_rsssssl_rsl_0,rssslll_rrsssl_rsssssl_rsl_1,rssslll_rrsssl_rsssssl_rsl_2,rssslll_rrsssl_rsssssl_rsl_3,performance measure
0,7,3,1,3,6,1,2,3,7,1,1,5,3,1,1,1,rssslll_rrsssl_rsssssl_rsl,316.0,520.0,53.0,274.0,298.0,960.0,229.0,209.0,245.0,81.0,46.0,133.0,12.0,12.0,12.0,12.0,8.564382229834216,8.790395729222961,8.660921743177646,8.16654653397415,8.899318248042125,0.8505747126436781,0.7766816143497758,0.8644207066557108,0.9963800904977376,0.786096256684492,3.513977289199829,28.67863837312114,26.53066367713003,28.150147904683664,35.07506787330323,25.536470588235293,73.46242263483643,71.30762331838565,72.86524239934265,79.78552036199095,70.26737967914438,20.335985853227232,18.6152466367713,19.547247329498767,25.324886877828053,17.616755793226382,12.0,12.0,12.0,12.0,20.28802449811035
