,1,1l,1r,1s,2,2l,2r,2s,3,3l,3r,3s,4,4l,4r,4s,id,1_2,1_3,1_4,2_1,2_3,2_4,3_1,3_2,3_4,4_1,4_2,4_3,p1,p2,p3,p4,speed0,speed1,speed2,speed3,speed4,stop0,stop1,stop2,stop3,stop4,time,timeloss0,timeloss1,timeloss2,timeloss3,timeloss4,travel0,travel1,travel2,travel3,travel4,wait0,wait1,wait2,wait3,wait4,rssslll_rrsssl_rsssssl_rsl_0,rssslll_rrsssl_rsssssl_rsl_1,rssslll_rrsssl_rsssssl_rsl_2,rssslll_rrsssl_rsssssl_rsl_3,performance measure
0,7,3,1,3,6,1,2,3,7,1,1,5,3,1,1,1,rssslll_rrsssl_rsssssl_rsl,228.0,600.0,279.0,525.0,149.0,464.0,1441.0,293.0,156.0,275.0,100.0,138.0,12.0,12.0,12.0,12.0,9.101167943769202,8.869815606849814,8.905257102357428,9.058810143282304,9.072168638444225,0.7359586830213041,0.7844272844272844,0.7820987654320988,0.7557046979865771,0.7373478539397822,4.304933071136475,23.10001291155581,25.85007078507083,24.741061728395056,23.303389261744968,23.451358103779636,67.74822466107166,70.50772200772201,69.42222222222222,67.92281879194631,68.09288917360666,15.331181407359587,17.64929214929215,16.617283950617285,15.463087248322148,15.593209481101859,12.0,12.0,12.0,12.0,16.13081084733861
