,1,1l,1r,1s,2,2l,2r,2s,3,3l,3r,3s,4,4l,4r,4s,id,1_2,1_3,1_4,2_1,2_3,2_4,3_1,3_2,3_4,4_1,4_2,4_3,p1,p2,p3,p4,speed0,speed1,speed2,speed3,speed4,stop0,stop1,stop2,stop3,stop4,time,timeloss0,timeloss1,timeloss2,timeloss3,timeloss4,travel0,travel1,travel2,travel3,travel4,wait0,wait1,wait2,wait3,wait4,rsssll_rssl_rsslll_rrsl_0,rsssll_rssl_rsslll_rrsl_1,rsssll_rssl_rsslll_rrsl_2,rsssll_rssl_rsslll_rrsl_3,performance measure
0,6,2,1,3,4,1,1,2,6,3,1,2,4,1,2,1,rsssll_rssl_rsslll_rrsl,210.0,158.0,252.0,286.0,317.0,602.0,486.0,38.0,759.0,210.0,139.0,110.0,12.0,12.0,12.0,12.0,8.29266710649796,8.394316480059489,8.509407000606718,8.308953989499498,8.631212533104978,0.9163934426229509,0.8807724601175483,0.895866454689984,0.9611734253666955,0.8187755102040817,3.999922752380371,32.128499999999974,30.833157010915162,29.781724960254316,33.2961604831751,27.93998367346936,76.94508196721311,75.6574307304786,74.5945945945946,78.09059534081105,72.72734693877551,22.972131147540985,21.900923593618806,20.86168521462639,23.77911993097498,19.52,12.0,12.0,12.0,12.0,21.806771977352234
