,1,1l,1r,1s,2,2l,2r,2s,3,3l,3r,3s,4,4l,4r,4s,id,1_2,1_3,1_4,2_1,2_3,2_4,3_1,3_2,3_4,4_1,4_2,4_3,p1,p2,p3,p4,speed0,speed1,speed2,speed3,speed4,stop0,stop1,stop2,stop3,stop4,time,timeloss0,timeloss1,timeloss2,timeloss3,timeloss4,travel0,travel1,travel2,travel3,travel4,wait0,wait1,wait2,wait3,wait4,rsl_rsl_rsl_rrssssl_0,rsl_rsl_rsl_rrssssl_1,rsl_rsl_rsl_rrssssl_2,rsl_rsl_rsl_rrssssl_3,performance measure
0,3,1,1,1,3,1,1,1,3,1,1,1,7,1,2,4,rsl_rsl_rsl_rrssssl,225.0,272.0,214.0,110.0,97.0,273.0,193.0,323.0,136.0,48.0,1369.0,422.0,12.0,12.0,5.0,12.0,9.034873489161821,8.980188015665945,8.840075008928936,9.223547944954692,8.928443003545883,0.7921974522292994,0.7929373996789727,0.8373353989155693,0.745977984758679,0.7984189723320159,3.4346635341644287,23.77464171974519,23.93619582664528,25.23210689388069,21.978382726502982,24.70811067193677,68.5828025477707,68.77126805778491,70.05886909372579,66.75783234546994,69.53833992094862,15.280254777070065,15.731942215088283,16.593338497288922,13.97121083827265,16.177865612648223,12.0,12.0,5.0,12.0,15.550922388073626
