,1,1l,1r,1s,2,2l,2r,2s,3,3l,3r,3s,4,4l,4r,4s,id,1_2,1_3,1_4,2_1,2_3,2_4,3_1,3_2,3_4,4_1,4_2,4_3,p1,p2,p3,p4,speed0,speed1,speed2,speed3,speed4,stop0,stop1,stop2,stop3,stop4,time,timeloss0,timeloss1,timeloss2,timeloss3,timeloss4,travel0,travel1,travel2,travel3,travel4,wait0,wait1,wait2,wait3,wait4,rsssssl_rsl_rrsslll_rsssll_0,rsssssl_rsl_rrsslll_rsssll_1,rsssssl_rsl_rrsslll_rsssll_2,rsssssl_rsl_rrsslll_rsssll_3,performance measure
0,7,1,1,5,3,1,1,1,7,3,2,2,6,2,1,3,rsssssl_rsl_rrsslll_rsssll,181.0,1245.0,113.0,137.0,293.0,51.0,297.0,529.0,491.0,400.0,964.0,302.0,12.0,12.0,12.0,12.0,8.961734823904374,8.687931193187499,8.61716289168666,8.916769589953391,8.732086479635432,0.7567244471010162,0.8125748502994012,0.8490011750881316,0.7897340754483612,0.8106650689035351,4.687156438827515,24.26388523610281,27.217095808383295,28.23061692126914,25.409140383426067,26.77895745955664,68.98864315600717,71.98922155688622,72.96886016451234,70.1243042671614,71.51108448172559,16.42080095636581,18.847305389221557,19.487661574618098,17.178726035868895,18.53325344517675,12.0,12.0,12.0,12.0,18.093549480250225
