,1,1l,1r,1s,2,2l,2r,2s,3,3l,3r,3s,4,4l,4r,4s,id,1_2,1_3,1_4,2_1,2_3,2_4,3_1,3_2,3_4,4_1,4_2,4_3,p1,p2,p3,p4,speed0,speed1,speed2,speed3,speed4,stop0,stop1,stop2,stop3,stop4,time,timeloss0,timeloss1,timeloss2,timeloss3,timeloss4,travel0,travel1,travel2,travel3,travel4,wait0,wait1,wait2,wait3,wait4,rsssll_rssl_rsslll_rrsl_0,rsssll_rssl_rsslll_rrsl_1,rsssll_rssl_rsslll_rrsl_2,rsssll_rssl_rsslll_rrsl_3,performance measure
0,6,2,1,3,4,1,1,2,6,3,1,2,4,1,2,1,rsssll_rssl_rsslll_rrsl,601.0,774.0,219.0,95.0,141.0,244.0,355.0,149.0,642.0,195.0,227.0,340.0,20.0,12.0,12.0,12.0,8.79048966199746,8.812462756185326,8.782768178949224,8.87161985158442,8.754240929433918,0.7763837638376384,0.7636092468307233,0.7717629846378932,0.7561919504643962,0.7752225519287834,3.7499473094940186,26.39731365313658,26.632781506338553,26.543350402340895,25.59737616099071,27.412611275964423,71.180073800738,71.4131245339299,71.35991221653255,70.39318885448917,72.20919881305637,18.555719557195573,18.708426547352722,18.651060716898318,17.845975232198143,19.385014836795254,20.0,12.0,12.0,12.0,18.629239378088002
