,1,1l,1r,1s,2,2l,2r,2s,3,3l,3r,3s,4,4l,4r,4s,id,1_2,1_3,1_4,2_1,2_3,2_4,3_1,3_2,3_4,4_1,4_2,4_3,p1,p2,p3,p4,speed0,speed1,speed2,speed3,speed4,stop0,stop1,stop2,stop3,stop4,time,timeloss0,timeloss1,timeloss2,timeloss3,timeloss4,travel0,travel1,travel2,travel3,travel4,wait0,wait1,wait2,wait3,wait4,rrslll_rssll_rsl_rssssll_0,rrslll_rssll_rsl_rssssll_1,rrslll_rssll_rsl_rssssll_2,rrslll_rssll_rsl_rssssll_3,performance measure
0,6,3,2,1,5,2,1,2,3,1,1,1,7,2,1,4,rrslll_rssll_rsl_rssssll,339.0,230.0,571.0,223.0,376.0,309.0,160.0,285.0,286.0,434.0,406.0,146.0,12.0,12.0,12.0,12.0,9.000227509493833,9.162729731619201,8.968769165781882,8.926263492492833,9.2197614029589,0.7441497659906396,0.7216653816499614,0.7836213373403456,0.8004905968928864,0.7094488188976378,3.6740050315856934,24.145187207488288,22.88097918272935,25.28610818933134,26.373990188062137,22.29444094488193,68.76911076443058,67.50655358519661,69.90533433508641,70.96238757154538,66.88031496062992,16.309672386895475,15.316885119506553,17.111945905334334,18.00572363041701,14.76771653543307,12.0,12.0,12.0,12.0,16.30238871551729
