,1,1l,1r,1s,2,2l,2r,2s,3,3l,3r,3s,4,4l,4r,4s,id,1_2,1_3,1_4,2_1,2_3,2_4,3_1,3_2,3_4,4_1,4_2,4_3,p1,p2,p3,p4,speed0,speed1,speed2,speed3,speed4,stop0,stop1,stop2,stop3,stop4,time,timeloss0,timeloss1,timeloss2,timeloss3,timeloss4,travel0,travel1,travel2,travel3,travel4,wait0,wait1,wait2,wait3,wait4,rrsll_rssl_rsssll_rsl_0,rrsll_rssl_rsssll_rsl_1,rrsll_rssl_rsssll_rsl_2,rrsll_rssl_rsssll_rsl_3,performance measure
0,5,2,2,1,4,1,1,2,6,2,1,3,3,1,1,1,rrsll_rssl_rsssll_rsl,466.0,354.0,319.0,161.0,251.0,406.0,556.0,198.0,340.0,257.0,55.0,272.0,12.0,20.0,12.0,12.0,8.75702576360181,8.530543159014929,8.418475871073623,8.597304164510446,8.832312176263812,0.7726180944755805,0.8166259168704156,0.8555729984301413,0.8249359521776259,0.7587064676616916,3.5625,27.08242594075263,30.277840260798722,32.14245682888543,30.20649017933387,26.386368159203993,71.90072057646117,75.1157294213529,76.98665620094191,75.05977796754911,71.17578772802653,19.021617293835067,21.97881010594947,23.365777080062795,21.730999146029035,18.4469320066335,12.0,20.0,12.0,12.0,20.908827126501976
