,1,1l,1r,1s,2,2l,2r,2s,3,3l,3r,3s,4,4l,4r,4s,id,1_2,1_3,1_4,2_1,2_3,2_4,3_1,3_2,3_4,4_1,4_2,4_3,p1,p2,p3,p4,speed0,speed1,speed2,speed3,speed4,stop0,stop1,stop2,stop3,stop4,time,timeloss0,timeloss1,timeloss2,timeloss3,timeloss4,travel0,travel1,travel2,travel3,travel4,wait0,wait1,wait2,wait3,wait4,rssll_rrssl_rssslll_rrssll_0,rssll_rrssl_rssslll_rrssll_1,rssll_rrssl_rssslll_rrssll_2,rssll_rrssl_rssslll_rrssll_3,performance measure
0,5,2,1,2,5,1,2,2,7,3,1,3,6,2,2,2,rssll_rrssl_rssslll_rrssll,373.0,598.0,287.0,635.0,261.0,158.0,556.0,106.0,877.0,568.0,665.0,197.0,12.0,12.0,12.0,12.0,8.68391070422852,8.382165016516305,8.224456497125425,8.637279990154854,8.622889070606458,0.807495741056218,0.8803176403857061,0.9407244785949506,0.8259325044404974,0.8385804235832857,4.796531915664673,26.835076660988065,30.847770845150304,32.700559824368774,27.233593842510324,28.204756725815663,71.57183418512209,75.6137266023823,77.41273326015367,71.98579040852576,72.95306239267316,18.537762634866553,21.815087918321044,23.152579582875962,18.87092954410894,19.58443045220378,12.0,12.0,12.0,12.0,20.392158026475254
