,1,1l,1r,1s,2,2l,2r,2s,3,3l,3r,3s,4,4l,4r,4s,id,1_2,1_3,1_4,2_1,2_3,2_4,3_1,3_2,3_4,4_1,4_2,4_3,p1,p2,p3,p4,speed0,speed1,speed2,speed3,speed4,stop0,stop1,stop2,stop3,stop4,time,timeloss0,timeloss1,timeloss2,timeloss3,timeloss4,travel0,travel1,travel2,travel3,travel4,wait0,wait1,wait2,wait3,wait4,rsl_rsl_rsssl_rsl_0,rsl_rsl_rsssl_rsl_1,rsl_rsl_rsssl_rsl_2,rsl_rsl_rsssl_rsl_3,performance measure
0,3,1,1,1,3,1,1,1,5,1,1,3,3,1,1,1,rsl_rsl_rsssl_rsl,211.0,278.0,118.0,222.0,60.0,320.0,274.0,273.0,242.0,38.0,40.0,112.0,12.0,12.0,5.0,12.0,8.589163970611471,9.208169410312562,8.960294307389715,9.242982223852083,8.916205227489423,1.0,0.7486338797814208,0.7979669631512071,0.7461858529819695,0.8257477243172952,2.5349912643432617,32.53677545691908,22.292964480874318,24.565425667090224,21.84386962552014,26.32684005201562,77.41906005221932,67.14754098360656,69.44091486658196,66.66574202496533,71.19765929778934,21.864229765013054,14.323770491803279,16.01651842439644,14.031900138696255,17.552665799739923,12.0,12.0,5.0,12.0,16.75781692392979
