,1,1l,1r,1s,2,2l,2r,2s,3,3l,3r,3s,4,4l,4r,4s,id,1_2,1_3,1_4,2_1,2_3,2_4,3_1,3_2,3_4,4_1,4_2,4_3,p1,p2,p3,p4,speed0,speed1,speed2,speed3,speed4,stop0,stop1,stop2,stop3,stop4,time,timeloss0,timeloss1,timeloss2,timeloss3,timeloss4,travel0,travel1,travel2,travel3,travel4,wait0,wait1,wait2,wait3,wait4,rsssll_rssl_rsslll_rrsl_0,rsssll_rssl_rsslll_rrsl_1,rsssll_rssl_rsslll_rrsl_2,rsssll_rssl_rsslll_rrsl_3,performance measure
0,6,2,1,3,4,1,1,2,6,3,1,2,4,1,2,1,rsssll_rssl_rsslll_rrsl,367.0,571.0,76.0,72.0,218.0,314.0,107.0,177.0,918.0,161.0,162.0,521.0,20.0,12.0,12.0,12.0,8.976201354773988,8.98693944439312,8.922464240952012,8.923534695193071,9.071154656722731,0.7282693813625685,0.7294022617124394,0.7486423584173778,0.7635756056808688,0.7190016103059581,3.5654075145721436,24.881237274862922,24.98784329563814,25.36558572536855,26.110726817042625,24.01899355877618,69.62255285826156,69.75848142164782,70.1698991466253,70.83876357560568,68.80193236714976,17.26703210649961,17.365912762520193,17.64546159813809,18.316624895572264,16.4194847020934,20.0,12.0,12.0,12.0,17.40290321296471
