,1,1l,1r,1s,2,2l,2r,2s,3,3l,3r,3s,4,4l,4r,4s,id,1_2,1_3,1_4,2_1,2_3,2_4,3_1,3_2,3_4,4_1,4_2,4_3,p1,p2,p3,p4,speed0,speed1,speed2,speed3,speed4,stop0,stop1,stop2,stop3,stop4,time,timeloss0,timeloss1,timeloss2,timeloss3,timeloss4,travel0,travel1,travel2,travel3,travel4,wait0,wait1,wait2,wait3,wait4,rsl_rsl_rsl_rrssssl_0,rsl_rsl_rsl_rrssssl_1,rsl_rsl_rsl_rrssssl_2,rsl_rsl_rsl_rrssssl_3,performance measure
0,3,1,1,1,3,1,1,1,3,1,1,1,7,1,2,4,rsl_rsl_rsl_rrssssl,185.0,123.0,159.0,96.0,314.0,48.0,207.0,299.0,187.0,68.0,1181.0,103.0,12.0,12.0,12.0,12.0,8.693312670139973,8.569415990404217,8.598357570615413,8.569130185128962,8.899883818143408,0.8115653040877367,0.8225152129817445,0.8604427333974976,0.8957894736842106,0.7711693548387096,3.124631881713867,27.18080757726817,28.483701825557787,28.77672762271413,31.18025263157894,25.03713709677416,72.13958125623131,73.43813387423936,73.71799807507219,76.1621052631579,69.95362903225806,18.732801595214358,19.884381338742394,19.815206929740135,21.9,16.878024193548388,12.0,12.0,12.0,12.0,19.442082811449055
