,1,1l,1r,1s,2,2l,2r,2s,3,3l,3r,3s,4,4l,4r,4s,id,1_2,1_3,1_4,2_1,2_3,2_4,3_1,3_2,3_4,4_1,4_2,4_3,p1,p2,p3,p4,speed0,speed1,speed2,speed3,speed4,stop0,stop1,stop2,stop3,stop4,time,timeloss0,timeloss1,timeloss2,timeloss3,timeloss4,travel0,travel1,travel2,travel3,travel4,wait0,wait1,wait2,wait3,wait4,rsssssl_rssssll_rsl_rssll_0,rsssssl_rssssll_rsl_rssll_1,rsssssl_rssssll_rsl_rssll_2,rsssssl_rssssll_rsl_rssll_3,performance measure
0,7,1,1,5,7,2,1,4,3,1,1,1,5,2,1,2,rsssssl_rssssll_rsl_rssll,62.0,1200.0,297.0,78.0,281.0,731.0,234.0,144.0,204.0,384.0,117.0,161.0,12.0,12.0,12.0,12.0,8.944585105892017,9.082705946515485,8.852419767514899,9.014438687726361,9.048419540600367,0.7685393258426966,0.7324792765636775,0.8125,0.7675507020280812,0.7618320610687023,4.2189412117004395,24.565460674157293,23.648538055764877,25.813780487804895,23.993939157566277,23.80453435114506,69.30936329588015,68.4114544084401,70.55564024390245,68.73010920436818,68.5236641221374,16.764794007490636,15.966088922381312,17.715701219512194,16.11544461778471,15.977099236641221,12.0,12.0,12.0,12.0,16.50782560076201
