,1,1l,1r,1s,2,2l,2r,2s,3,3l,3r,3s,4,4l,4r,4s,id,1_2,1_3,1_4,2_1,2_3,2_4,3_1,3_2,3_4,4_1,4_2,4_3,p1,p2,p3,p4,speed0,speed1,speed2,speed3,speed4,stop0,stop1,stop2,stop3,stop4,time,timeloss0,timeloss1,timeloss2,timeloss3,timeloss4,travel0,travel1,travel2,travel3,travel4,wait0,wait1,wait2,wait3,wait4,rsl_rsssssl_rsll_rrssl_0,rsl_rsssssl_rsll_rrssl_1,rsl_rsssssl_rsll_rrssl_2,rsl_rsssssl_rsll_rrssl_3,performance measure
0,3,1,1,1,7,1,1,5,4,2,1,1,5,1,2,2,rsl_rsssssl_rsll_rrssl,95.0,218.0,67.0,141.0,51.0,1718.0,320.0,36.0,103.0,293.0,411.0,424.0,5.0,12.0,12.0,12.0,8.84690086933502,8.763230948091767,8.824153223422396,9.061939074830132,9.0072067102395,0.834855403348554,0.8435839028094153,0.8590704647676162,0.7905511811023622,0.8003095975232198,3.8445355892181396,25.601864535768637,25.866028853454807,26.103770614692642,23.69436220472442,23.789280185758525,70.53120243531203,70.80713743356112,71.05547226386807,68.61811023622047,68.7376160990712,17.061643835616437,17.21336370539104,17.396551724137932,15.44251968503937,15.544117647058824,5.0,12.0,12.0,12.0,16.531639319448722
