,1,1l,1r,1s,2,2l,2r,2s,3,3l,3r,3s,4,4l,4r,4s,id,1_2,1_3,1_4,2_1,2_3,2_4,3_1,3_2,3_4,4_1,4_2,4_3,p1,p2,p3,p4,speed0,speed1,speed2,speed3,speed4,stop0,stop1,stop2,stop3,stop4,time,timeloss0,timeloss1,timeloss2,timeloss3,timeloss4,travel0,travel1,travel2,travel3,travel4,wait0,wait1,wait2,wait3,wait4,rsl_rsl_rsssl_rsl_0,rsl_rsl_rsssl_rsl_1,rsl_rsl_rsssl_rsl_2,rsl_rsl_rsssl_rsl_3,performance measure
0,3,1,1,1,3,1,1,1,5,1,1,3,3,1,1,1,rsl_rsl_rsssl_rsl,157.0,59.0,165.0,205.0,205.0,347.0,824.0,182.0,238.0,287.0,87.0,67.0,12.0,12.0,12.0,12.0,8.053692399998116,7.988765635630145,8.219233698508416,8.267278343147579,8.396976769952976,1.124079915878023,1.0493319630010278,0.9917098445595854,1.0032751091703056,0.9531914893617022,3.296891927719116,42.36073606729761,39.90610483042141,34.847626943005196,35.51143013100437,34.41709574468084,87.46372239747635,85.00308324768757,79.94818652849742,80.57205240174673,79.4404255319149,30.503680336487907,29.135662898252825,24.893264248704664,25.442139737991265,24.621276595744682,12.0,12.0,12.0,12.0,26.919204763436273
