,1,1l,1r,1s,2,2l,2r,2s,3,3l,3r,3s,4,4l,4r,4s,id,1_2,1_3,1_4,2_1,2_3,2_4,3_1,3_2,3_4,4_1,4_2,4_3,p1,p2,p3,p4,speed0,speed1,speed2,speed3,speed4,stop0,stop1,stop2,stop3,stop4,time,timeloss0,timeloss1,timeloss2,timeloss3,timeloss4,travel0,travel1,travel2,travel3,travel4,wait0,wait1,wait2,wait3,wait4,rsssssl_rsl_rrsslll_rsssll_0,rsssssl_rsl_rrsslll_rsssll_1,rsssssl_rsl_rrsslll_rsssll_2,rsssssl_rsl_rrsslll_rsssll_3,performance measure
0,7,1,1,5,3,1,1,1,7,3,2,2,6,2,1,3,rsssssl_rsl_rrsslll_rsssll,40.0,940.0,237.0,107.0,40.0,167.0,516.0,647.0,538.0,326.0,637.0,296.0,12.0,12.0,12.0,12.0,9.030689392310368,9.143300290048582,9.157122457099035,9.125011387417413,9.162687957461262,0.7560025957170668,0.717434869739479,0.7345075016307893,0.7447698744769874,0.7295514511873351,3.9694433212280273,23.93961713173267,23.0002738810955,22.420828440965472,22.68923291492333,22.538588390501335,68.52628163530176,67.64128256513025,67.04044357469014,67.27963737796374,67.13654353562005,16.119402985074625,15.434201736806948,14.709067188519244,15.014644351464435,14.939973614775726,12.0,12.0,12.0,12.0,15.243457975328194
