,1,1l,1r,1s,2,2l,2r,2s,3,3l,3r,3s,4,4l,4r,4s,id,1_2,1_3,1_4,2_1,2_3,2_4,3_1,3_2,3_4,4_1,4_2,4_3,p1,p2,p3,p4,speed0,speed1,speed2,speed3,speed4,stop0,stop1,stop2,stop3,stop4,time,timeloss0,timeloss1,timeloss2,timeloss3,timeloss4,travel0,travel1,travel2,travel3,travel4,wait0,wait1,wait2,wait3,wait4,rslll_rsl_rrslll_rsl_0,rslll_rsl_rrslll_rsl_1,rslll_rsl_rrslll_rsl_2,rslll_rsl_rrslll_rsl_3,performance measure
0,5,3,1,1,3,1,1,1,6,3,2,1,3,1,1,1,rslll_rsl_rrslll_rsl,931.0,143.0,191.0,263.0,301.0,94.0,315.0,418.0,351.0,259.0,48.0,172.0,12.0,12.0,12.0,5.0,8.97847021680828,8.986187343809966,8.966641526041903,9.107418607276257,9.186608068002664,0.8340353833192923,0.7894736842105263,0.8038585209003215,0.7869127516778524,0.7547660311958405,3.6109423637390137,25.345417017691663,24.20663503019844,24.458512861736317,23.256224832214787,22.17167244367414,70.2106149957877,69.08196721311475,69.27893890675242,68.09815436241611,67.01299826689775,16.824768323504635,15.909404659188956,16.040192926045016,14.911073825503356,14.199306759098787,12.0,12.0,12.0,5.0,15.57694929866815
