,1,1l,1r,1s,2,2l,2r,2s,3,3l,3r,3s,4,4l,4r,4s,id,1_2,1_3,1_4,2_1,2_3,2_4,3_1,3_2,3_4,4_1,4_2,4_3,p1,p2,p3,p4,speed0,speed1,speed2,speed3,speed4,stop0,stop1,stop2,stop3,stop4,time,timeloss0,timeloss1,timeloss2,timeloss3,timeloss4,travel0,travel1,travel2,travel3,travel4,wait0,wait1,wait2,wait3,wait4,rsl_rrsll_rsl_rslll_0,rsl_rrsll_rsl_rslll_1,rsl_rrsll_rsl_rslll_2,rsl_rrsll_rsl_rslll_3,performance measure
0,3,1,1,1,5,2,2,1,3,1,1,1,5,3,1,1,rsl_rrsll_rsl_rslll,293.0,86.0,149.0,217.0,342.0,217.0,327.0,58.0,37.0,530.0,228.0,71.0,12.0,12.0,12.0,12.0,8.052920953335294,8.611886404292687,8.417340959280384,8.036642147325946,8.719147434851124,1.08130081300813,0.8592017738359202,0.9567198177676538,1.0332541567695963,0.8290993071593533,3.031186103820801,40.62112659698023,30.20050997782706,33.45117312072894,37.43714964370551,27.98371824480372,85.71544715447155,75.27383592017739,78.49430523917995,82.45724465558195,72.98152424942263,29.761904761904763,21.46008869179601,23.82004555808656,27.390736342042754,19.51732101616628,12.0,12.0,12.0,12.0,24.390019273999275
