,1,1l,1r,1s,2,2l,2r,2s,3,3l,3r,3s,4,4l,4r,4s,id,1_2,1_3,1_4,2_1,2_3,2_4,3_1,3_2,3_4,4_1,4_2,4_3,p1,p2,p3,p4,speed0,speed1,speed2,speed3,speed4,stop0,stop1,stop2,stop3,stop4,time,timeloss0,timeloss1,timeloss2,timeloss3,timeloss4,travel0,travel1,travel2,travel3,travel4,wait0,wait1,wait2,wait3,wait4,rrsll_rssl_rsssll_rsl_0,rrsll_rssl_rsssll_rsl_1,rrsll_rssl_rsssll_rsl_2,rrsll_rssl_rsssll_rsl_3,performance measure
0,5,2,2,1,4,1,1,2,6,2,1,3,3,1,1,1,rrsll_rssl_rsssll_rsl,563.0,225.0,216.0,280.0,277.0,87.0,555.0,290.0,250.0,147.0,90.0,79.0,12.0,12.0,12.0,5.0,9.26640445860846,9.207211697471344,9.014295346864717,9.19317579164328,9.333094436807858,0.7341650671785028,0.746810598626104,0.7900552486187845,0.7532082922013821,0.7229268292682927,3.3749358654022217,21.509971209213056,22.484317958783127,23.758812154696102,22.43586377097729,21.233375609756088,66.29846449136276,67.30225711481845,68.53683241252303,67.2675222112537,65.99512195121952,13.651631477927063,14.699705593719333,15.53683241252302,14.522211253701876,13.766829268292684,12.0,12.0,12.0,5.0,14.435442001232795
