,1,1l,1r,1s,2,2l,2r,2s,3,3l,3r,3s,4,4l,4r,4s,id,1_2,1_3,1_4,2_1,2_3,2_4,3_1,3_2,3_4,4_1,4_2,4_3,p1,p2,p3,p4,speed0,speed1,speed2,speed3,speed4,stop0,stop1,stop2,stop3,stop4,time,timeloss0,timeloss1,timeloss2,timeloss3,timeloss4,travel0,travel1,travel2,travel3,travel4,wait0,wait1,wait2,wait3,wait4,rsssssl_rsl_rrsslll_rsssll_0,rsssssl_rsl_rrsslll_rsssll_1,rsssssl_rsl_rrsslll_rsssll_2,rsssssl_rsl_rrsslll_rsssll_3,performance measure
0,7,1,1,5,3,1,1,1,7,3,2,2,6,2,1,3,rsssssl_rsl_rrsslll_rsssll,251.0,1670.0,148.0,237.0,302.0,341.0,299.0,109.0,341.0,440.0,539.0,45.0,12.0,12.0,12.0,12.0,7.945912321941526,8.105449640019287,7.993288498891974,8.223063714201468,8.19593814550939,1.0515923566878982,0.9450343535290443,1.002486016159105,0.9619422572178478,0.9800771208226221,4.282915353775024,38.660866242038225,33.79779512804498,35.40849596022371,33.187001312335966,34.35796915167092,83.62292993630574,78.78013741411618,80.43008079552517,78.17716535433071,79.33033419023137,27.918471337579618,24.309806371018112,25.381603480422623,23.636482939632547,24.537917737789204,12.0,12.0,12.0,12.0,25.15685637328842
