,1,1l,1r,1s,2,2l,2r,2s,3,3l,3r,3s,4,4l,4r,4s,id,1_2,1_3,1_4,2_1,2_3,2_4,3_1,3_2,3_4,4_1,4_2,4_3,p1,p2,p3,p4,speed0,speed1,speed2,speed3,speed4,stop0,stop1,stop2,stop3,stop4,time,timeloss0,timeloss1,timeloss2,timeloss3,timeloss4,travel0,travel1,travel2,travel3,travel4,wait0,wait1,wait2,wait3,wait4,rsssssl_rssssll_rsl_rssll_0,rsssssl_rssssll_rsl_rssll_1,rsssssl_rssssll_rsl_rssll_2,rsssssl_rssssll_rsl_rssll_3,performance measure
0,7,1,1,5,7,2,1,4,3,1,1,1,5,2,1,2,rsssssl_rssssll_rsl_rssll,99.0,1044.0,242.0,167.0,140.0,249.0,358.0,85.0,162.0,356.0,665.0,51.0,12.0,20.0,12.0,20.0,8.810420293716057,8.604862731403246,8.608084963083845,8.580094825707555,8.625664964225594,0.7288135593220338,0.7732893652102226,0.7886977886977887,0.7711053089643168,0.7554479418886199,3.9530999660491943,27.200314769975783,28.64016488046168,28.58245700245699,28.969086161879943,28.586844229217085,72.00322841000808,73.46990931574608,73.4021294021294,73.78503046127067,73.37772397094432,19.53995157384988,20.54740313272877,20.420966420966423,21.09834638816362,20.64729620661824,12.0,20.0,12.0,20.0,20.450792744465385
