,1,1l,1r,1s,2,2l,2r,2s,3,3l,3r,3s,4,4l,4r,4s,id,1_2,1_3,1_4,2_1,2_3,2_4,3_1,3_2,3_4,4_1,4_2,4_3,p1,p2,p3,p4,speed0,speed1,speed2,speed3,speed4,stop0,stop1,stop2,stop3,stop4,time,timeloss0,timeloss1,timeloss2,timeloss3,timeloss4,travel0,travel1,travel2,travel3,travel4,wait0,wait1,wait2,wait3,wait4,rsssssl_rssssll_rsl_rssll_0,rsssssl_rssssll_rsl_rssll_1,rsssssl_rssssll_rsl_rssll_2,rsssssl_rssssll_rsl_rssll_3,performance measure
0,7,1,1,5,7,2,1,4,3,1,1,1,5,2,1,2,rsssssl_rssssll_rsl_rssll,155.0,1428.0,149.0,37.0,83.0,408.0,206.0,294.0,109.0,458.0,278.0,156.0,12.0,12.0,12.0,5.0,8.79423451345012,8.839017027224642,8.928469047432765,9.112849294269902,8.738154654295062,0.8789514263685428,0.8625294579732914,0.8418640183346066,0.7706645056726094,0.9111457521434139,3.8749899864196777,27.29845026985355,27.95693637077772,26.007784568372784,23.806645056726076,30.248293063133296,72.11025443330763,72.76904948939513,70.81436210847976,68.60453808752025,75.06469212782541,18.86661526599846,19.57109190887667,17.77922077922078,15.993517017828202,21.634450506625097,12.0,12.0,12.0,5.0,18.76897909570984
