,1,1l,1r,1s,2,2l,2r,2s,3,3l,3r,3s,4,4l,4r,4s,id,1_2,1_3,1_4,2_1,2_3,2_4,3_1,3_2,3_4,4_1,4_2,4_3,p1,p2,p3,p4,speed0,speed1,speed2,speed3,speed4,stop0,stop1,stop2,stop3,stop4,time,timeloss0,timeloss1,timeloss2,timeloss3,timeloss4,travel0,travel1,travel2,travel3,travel4,wait0,wait1,wait2,wait3,wait4,rsl_rsssssl_rsll_rrssl_0,rsl_rsssssl_rsll_rrssl_1,rsl_rsssssl_rsll_rrssl_2,rsl_rsssssl_rsll_rrssl_3,performance measure
0,3,1,1,1,7,1,1,5,4,2,1,1,5,1,2,2,rsl_rsssssl_rsll_rrssl,188.0,180.0,229.0,109.0,161.0,802.0,178.0,277.0,72.0,308.0,258.0,320.0,12.0,12.0,20.0,12.0,8.791469627268965,8.896725446457582,8.769585918915476,8.973074996560229,8.978724246454197,0.7707362534948742,0.7478510028653295,0.7521047708138447,0.7280617164898746,0.723062381852552,3.3281004428863525,26.7031220876048,25.581852913085022,27.132759588400344,24.73551591128255,24.719725897920604,71.4296365330848,70.35530085959886,71.88026192703461,69.52266152362584,69.42722117202268,18.64026095060578,17.799426934097422,19.255378858746493,17.184185149469624,17.122873345935727,12.0,12.0,20.0,12.0,18.00042504777101
