,1,1l,1r,1s,2,2l,2r,2s,3,3l,3r,3s,4,4l,4r,4s,id,1_2,1_3,1_4,2_1,2_3,2_4,3_1,3_2,3_4,4_1,4_2,4_3,p1,p2,p3,p4,speed0,speed1,speed2,speed3,speed4,stop0,stop1,stop2,stop3,stop4,time,timeloss0,timeloss1,timeloss2,timeloss3,timeloss4,travel0,travel1,travel2,travel3,travel4,wait0,wait1,wait2,wait3,wait4,rrsslll_rrsll_rsssl_rrsslll_0,rrsslll_rrsll_rsssl_rrsslll_1,rrsslll_rrsll_rsssl_rrsslll_2,rrsslll_rrsll_rsssl_rrsslll_3,performance measure
0,7,3,2,2,5,2,2,1,5,1,1,3,7,3,2,2,rrsslll_rrsll_rsssl_rrsslll,194.0,711.0,248.0,457.0,105.0,357.0,1006.0,167.0,55.0,531.0,703.0,310.0,5.0,20.0,12.0,20.0,8.843855911655377,8.894382582262086,8.873201260955256,8.933498877500897,8.964263358136233,0.7537128712871287,0.7397678680513133,0.7494033412887828,0.7509803921568627,0.7274412855377008,4.505850315093994,26.159573019801982,25.266908979841173,25.565578758949897,24.86764052287581,24.75592707045738,70.87314356435644,70.03970678069639,70.30429594272077,69.57385620915032,69.49629171817058,18.228960396039604,17.366524129505194,17.49582338902148,17.21764705882353,16.92088998763906,5.0,20.0,12.0,20.0,17.44596899220577
