,1,1l,1r,1s,2,2l,2r,2s,3,3l,3r,3s,4,4l,4r,4s,id,1_2,1_3,1_4,2_1,2_3,2_4,3_1,3_2,3_4,4_1,4_2,4_3,p1,p2,p3,p4,speed0,speed1,speed2,speed3,speed4,stop0,stop1,stop2,stop3,stop4,time,timeloss0,timeloss1,timeloss2,timeloss3,timeloss4,travel0,travel1,travel2,travel3,travel4,wait0,wait1,wait2,wait3,wait4,rsl_rssslll_rrsssl_rsslll_0,rsl_rssslll_rrsssl_rsslll_1,rsl_rssslll_rrsssl_rsslll_2,rsl_rssslll_rrsssl_rsslll_3,performance measure
0,3,1,1,1,7,3,1,3,6,1,2,3,6,3,1,2,rsl_rssslll_rrsssl_rsslll,324.0,249.0,145.0,297.0,361.0,252.0,772.0,403.0,161.0,623.0,621.0,275.0,12.0,12.0,12.0,12.0,8.586238429813932,8.73315706367912,8.39097454635207,8.804407264767914,8.989339085972436,0.9051782111634162,0.8261154855643045,0.9714104193138501,0.7975291695264242,0.7547169811320755,3.9208219051361084,31.680410221923378,28.509507874015743,34.22956162642946,26.047618393960185,24.299285714285734,76.3873570948218,73.24212598425197,78.92503176620076,70.7522306108442,68.99730458221025,22.332885003362474,19.91732283464567,24.092757306226176,17.894989704873026,16.367250673854446,12.0,12.0,12.0,12.0,20.121041104592358
