,1,1l,1r,1s,2,2l,2r,2s,3,3l,3r,3s,4,4l,4r,4s,id,1_2,1_3,1_4,2_1,2_3,2_4,3_1,3_2,3_4,4_1,4_2,4_3,p1,p2,p3,p4,speed0,speed1,speed2,speed3,speed4,stop0,stop1,stop2,stop3,stop4,time,timeloss0,timeloss1,timeloss2,timeloss3,timeloss4,travel0,travel1,travel2,travel3,travel4,wait0,wait1,wait2,wait3,wait4,rsl_rsl_rsssl_rsl_0,rsl_rsl_rsssl_rsl_1,rsl_rsl_rsssl_rsl_2,rsl_rsl_rsssl_rsl_3,performance measure
0,3,1,1,1,3,1,1,1,5,1,1,3,3,1,1,1,rsl_rsl_rsssl_rsl,283.0,126.0,283.0,258.0,183.0,123.0,428.0,298.0,132.0,240.0,40.0,41.0,12.0,12.0,12.0,5.0,9.101981313350805,9.170466591397231,9.090291166523441,9.377672282865593,9.340471312899847,0.8353080568720379,0.7795566502463054,0.7980652962515115,0.7300613496932515,0.7067484662576687,2.781269073486328,26.269395734597143,24.981366995073873,24.638186215235827,20.77342331288345,21.099411042944805,71.15876777251185,69.85714285714286,69.503022974607,65.68466257668712,65.94478527607362,17.6978672985782,16.889162561576356,16.350665054413543,13.192638036809816,13.332515337423313,12.0,12.0,12.0,5.0,15.492569657760246
