,1,1l,1r,1s,2,2l,2r,2s,3,3l,3r,3s,4,4l,4r,4s,id,1_2,1_3,1_4,2_1,2_3,2_4,3_1,3_2,3_4,4_1,4_2,4_3,p1,p2,p3,p4,speed0,speed1,speed2,speed3,speed4,stop0,stop1,stop2,stop3,stop4,time,timeloss0,timeloss1,timeloss2,timeloss3,timeloss4,travel0,travel1,travel2,travel3,travel4,wait0,wait1,wait2,wait3,wait4,rrsssll_rsl_rsl_rrsll_0,rrsssll_rsl_rsl_rrsll_1,rrsssll_rsl_rsl_rrsll_2,rrsssll_rsl_rsl_rrsll_3,performance measure
0,7,2,2,3,3,1,1,1,3,1,1,1,5,2,2,1,rrsssll_rsl_rsl_rrsll,190.0,144.0,320.0,156.0,99.0,69.0,170.0,141.0,182.0,231.0,221.0,270.0,5.0,5.0,5.0,5.0,9.359637950139374,9.467726498555253,9.374207872606798,9.64919632933875,9.317869325523093,1.0286458333333333,1.0175675675675675,1.0107238605898123,0.8677098150782361,1.1640419947506562,2.781195878982544,24.20498697916669,23.75641891891895,23.47222520107239,20.26917496443812,28.524107611548594,68.71744791666667,68.29864864864865,67.99731903485255,64.74964438122333,73.0485564304462,14.955729166666666,14.763513513513514,14.541554959785524,12.163584637268848,18.219160104986877,5.0,5.0,5.0,5.0,14.928708476444285
