,1,1l,1r,1s,2,2l,2r,2s,3,3l,3r,3s,4,4l,4r,4s,id,1_2,1_3,1_4,2_1,2_3,2_4,3_1,3_2,3_4,4_1,4_2,4_3,p1,p2,p3,p4,speed0,speed1,speed2,speed3,speed4,stop0,stop1,stop2,stop3,stop4,time,timeloss0,timeloss1,timeloss2,timeloss3,timeloss4,travel0,travel1,travel2,travel3,travel4,wait0,wait1,wait2,wait3,wait4,rsl_rsl_rsl_rrssssl_0,rsl_rsl_rsl_rrssssl_1,rsl_rsl_rsl_rrssssl_2,rsl_rsl_rsl_rrssssl_3,performance measure
0,3,1,1,1,3,1,1,1,3,1,1,1,7,1,2,4,rsl_rsl_rsl_rrssssl,104.0,106.0,291.0,214.0,65.0,288.0,179.0,54.0,225.0,108.0,627.0,533.0,12.0,12.0,5.0,12.0,9.203245614101569,9.304379160543823,9.241871071421226,9.446586288570588,9.298578466323457,0.7752016129032258,0.7259100642398287,0.7520833333333333,0.7070135746606335,0.7208588957055214,3.0704445838928223,23.907318548387092,21.78061027837257,22.693770833333357,20.435203619909522,22.471830265848652,68.70161290322581,66.59207708779444,67.54583333333333,65.20701357466064,67.2842535787321,15.581653225806452,14.17558886509636,14.909375,13.093891402714933,14.756646216768916,12.0,12.0,5.0,12.0,14.503430942077333
