,1,1l,1r,1s,2,2l,2r,2s,3,3l,3r,3s,4,4l,4r,4s,id,1_2,1_3,1_4,2_1,2_3,2_4,3_1,3_2,3_4,4_1,4_2,4_3,p1,p2,p3,p4,speed0,speed1,speed2,speed3,speed4,stop0,stop1,stop2,stop3,stop4,time,timeloss0,timeloss1,timeloss2,timeloss3,timeloss4,travel0,travel1,travel2,travel3,travel4,wait0,wait1,wait2,wait3,wait4,rsll_rsl_rssslll_rrsssll_0,rsll_rsl_rssslll_rrsssll_1,rsll_rsl_rssslll_rrsssll_2,rsll_rsl_rssslll_rrsssll_3,performance measure
0,4,2,1,1,3,1,1,1,7,3,1,3,7,2,2,3,rsll_rsl_rssslll_rrsssll,291.0,59.0,188.0,212.0,44.0,225.0,430.0,175.0,794.0,637.0,970.0,603.0,12.0,5.0,12.0,12.0,8.749307917701794,8.523116294982138,8.493235682819728,8.882841996876943,8.791647787703814,0.942258883248731,0.9550128534704371,0.9818523153942428,0.8736702127659575,0.868042526579112,4.496436357498169,31.065069796954347,31.36314267352184,32.2987359198998,27.942273936170206,28.00161976235145,75.8274111675127,76.17866323907455,77.13454317897371,72.73936170212765,72.77360850531582,21.970812182741117,22.087403598971722,22.844806007509387,19.486702127659573,19.350844277673545,12.0,5.0,12.0,12.0,21.148113638911067
