,1,1l,1r,1s,2,2l,2r,2s,3,3l,3r,3s,4,4l,4r,4s,id,1_2,1_3,1_4,2_1,2_3,2_4,3_1,3_2,3_4,4_1,4_2,4_3,p1,p2,p3,p4,speed0,speed1,speed2,speed3,speed4,stop0,stop1,stop2,stop3,stop4,time,timeloss0,timeloss1,timeloss2,timeloss3,timeloss4,travel0,travel1,travel2,travel3,travel4,wait0,wait1,wait2,wait3,wait4,rssll_rrssl_rssslll_rrssll_0,rssll_rrssl_rssslll_rrssll_1,rssll_rrssl_rssslll_rrssll_2,rssll_rrssl_rssslll_rrssll_3,performance measure
0,5,2,1,2,5,1,2,2,7,3,1,3,6,2,2,2,rssll_rrssl_rssslll_rrssll,555.0,286.0,90.0,521.0,121.0,628.0,515.0,205.0,768.0,512.0,365.0,451.0,12.0,12.0,12.0,12.0,8.60861725766454,8.655743670187912,8.578409927177766,8.79561187350365,8.78310808639489,0.8516548463356974,0.8158047646717025,0.862380146644106,0.8091872791519434,0.7966406718656269,4.497845411300659,28.958977541371194,27.786868099941845,28.759007332205293,25.66230859835102,26.6042171565687,73.66489361702128,72.51249273678094,73.47884940778341,70.34687868080094,71.33293341331733,20.35401891252955,19.482277745496805,20.112239142695994,17.519434628975265,18.48890221955609,12.0,12.0,12.0,12.0,19.19137452985074
