,1,1l,1r,1s,2,2l,2r,2s,3,3l,3r,3s,4,4l,4r,4s,id,1_2,1_3,1_4,2_1,2_3,2_4,3_1,3_2,3_4,4_1,4_2,4_3,p1,p2,p3,p4,speed0,speed1,speed2,speed3,speed4,stop0,stop1,stop2,stop3,stop4,time,timeloss0,timeloss1,timeloss2,timeloss3,timeloss4,travel0,travel1,travel2,travel3,travel4,wait0,wait1,wait2,wait3,wait4,rsl_rrsl_rssslll_rssssl_0,rsl_rrsl_rssslll_rssssl_1,rsl_rrsl_rssslll_rssssl_2,rsl_rrsl_rssslll_rssssl_3,performance measure
0,3,1,1,1,4,1,2,1,7,3,1,3,6,1,1,4,rsl_rrsl_rssslll_rssssl,230.0,41.0,245.0,371.0,148.0,317.0,650.0,67.0,725.0,274.0,1206.0,90.0,12.0,12.0,12.0,12.0,8.34488868362729,8.457299982308948,8.411942337093677,8.706456392268548,8.53941149998829,0.9767123287671233,0.8591740013540962,0.896484375,0.8261494252873564,0.8734776725304465,4.265631198883057,34.859842465753395,29.802701421800926,30.205182291666706,27.03342672413795,30.159479025710386,79.84931506849315,74.81448882870684,75.16015625,72.00431034482759,75.14546684709066,24.77123287671233,20.921462423832093,21.162109375,18.692528735632184,21.087280108254397,12.0,12.0,12.0,12.0,21.326922703886197
