,1,1l,1r,1s,2,2l,2r,2s,3,3l,3r,3s,4,4l,4r,4s,id,1_2,1_3,1_4,2_1,2_3,2_4,3_1,3_2,3_4,4_1,4_2,4_3,p1,p2,p3,p4,speed0,speed1,speed2,speed3,speed4,stop0,stop1,stop2,stop3,stop4,time,timeloss0,timeloss1,timeloss2,timeloss3,timeloss4,travel0,travel1,travel2,travel3,travel4,wait0,wait1,wait2,wait3,wait4,rsl_rsl_rsssl_rsl_0,rsl_rsl_rsssl_rsl_1,rsl_rsl_rsssl_rsl_2,rsl_rsl_rsssl_rsl_3,performance measure
0,3,1,1,1,3,1,1,1,5,1,1,3,3,1,1,1,rsl_rsl_rsssl_rsl,170.0,222.0,180.0,285.0,174.0,307.0,158.0,128.0,65.0,237.0,119.0,39.0,12.0,12.0,12.0,20.0,8.738361448178257,8.739631823716644,8.480543637133843,8.744088105327421,8.94213302440393,0.7834912043301759,0.7977207977207977,0.8434547908232118,0.7776096822995462,0.7440559440559441,2.7031424045562744,27.319161028416747,28.22954415954418,30.882469635627544,27.3916944024206,25.986279720279686,72.20838971583221,73.11396011396012,75.78137651821862,72.22995461422087,70.81958041958042,19.066305818673882,19.925925925925927,22.244264507422404,19.41906202723147,17.93986013986014,12.0,12.0,12.0,20.0,19.719083683822767
