,1,1l,1r,1s,2,2l,2r,2s,3,3l,3r,3s,4,4l,4r,4s,id,1_2,1_3,1_4,2_1,2_3,2_4,3_1,3_2,3_4,4_1,4_2,4_3,p1,p2,p3,p4,speed0,speed1,speed2,speed3,speed4,stop0,stop1,stop2,stop3,stop4,time,timeloss0,timeloss1,timeloss2,timeloss3,timeloss4,travel0,travel1,travel2,travel3,travel4,wait0,wait1,wait2,wait3,wait4,rsssssl_rsl_rrsslll_rsssll_0,rsssssl_rsl_rrsslll_rsssll_1,rsssssl_rsl_rrsslll_rsssll_2,rsssssl_rsl_rrsslll_rsssll_3,performance measure
0,7,1,1,5,3,1,1,1,7,3,2,2,6,2,1,3,rsssssl_rsl_rrsslll_rsssll,68.0,1262.0,92.0,227.0,269.0,325.0,488.0,73.0,759.0,467.0,944.0,246.0,12.0,12.0,12.0,12.0,8.5033605753537,8.301063580556379,8.383476486225895,8.558157715284269,8.450328505147011,0.9228538283062645,0.8990929705215419,0.9021134593993326,0.8708133971291866,0.8973623853211009,4.52250862121582,32.061821345707635,31.208747165532866,30.42805339265846,29.03538277511962,30.553285550458703,77.0092807424594,76.16326530612245,75.31090100111234,74.01435406698565,75.48566513761467,22.530742459396752,22.04138321995465,21.28364849833148,20.166866028708135,21.377866972477065,12.0,12.0,12.0,12.0,21.48010143577362
