,1,1l,1r,1s,2,2l,2r,2s,3,3l,3r,3s,4,4l,4r,4s,id,1_2,1_3,1_4,2_1,2_3,2_4,3_1,3_2,3_4,4_1,4_2,4_3,p1,p2,p3,p4,speed0,speed1,speed2,speed3,speed4,stop0,stop1,stop2,stop3,stop4,time,timeloss0,timeloss1,timeloss2,timeloss3,timeloss4,travel0,travel1,travel2,travel3,travel4,wait0,wait1,wait2,wait3,wait4,rssl_rrsslll_rsl_rrsll_0,rssl_rrsslll_rsl_rrsll_1,rssl_rrsslll_rsl_rrsll_2,rssl_rrsslll_rsl_rrsll_3,performance measure
0,4,1,1,2,7,3,2,2,3,1,1,1,5,2,2,1,rssl_rrsslll_rsl_rrsll,83.0,435.0,197.0,202.0,906.0,131.0,346.0,292.0,243.0,120.0,56.0,305.0,12.0,12.0,12.0,5.0,9.05191316492862,9.075876780618415,9.059228373329665,9.046491283933817,9.183958864767375,0.8047079337401918,0.7801801801801802,0.7879310344827586,0.8093065693430657,0.7466902030008826,3.437500238418579,24.021743679163038,23.645459459459428,23.471517241379317,23.801770072992703,22.371941747572777,68.79075850043591,68.43873873873873,68.25862068965517,68.60401459854015,67.15798764342453,15.705318221447254,15.562162162162162,15.341379310344827,15.50912408759124,14.355692850838482,12.0,12.0,12.0,5.0,15.294735326476793
