,1,1l,1r,1s,2,2l,2r,2s,3,3l,3r,3s,4,4l,4r,4s,id,1_2,1_3,1_4,2_1,2_3,2_4,3_1,3_2,3_4,4_1,4_2,4_3,p1,p2,p3,p4,speed0,speed1,speed2,speed3,speed4,stop0,stop1,stop2,stop3,stop4,time,timeloss0,timeloss1,timeloss2,timeloss3,timeloss4,travel0,travel1,travel2,travel3,travel4,wait0,wait1,wait2,wait3,wait4,rrsll_rssl_rsssll_rsl_0,rrsll_rssl_rsssll_rsl_1,rrsll_rssl_rsssll_rsl_2,rrsll_rssl_rsssll_rsl_3,performance measure
0,5,2,2,1,4,1,1,2,6,2,1,3,3,1,1,1,rrsll_rssl_rsssll_rsl,349.0,302.0,515.0,275.0,162.0,300.0,247.0,249.0,464.0,40.0,200.0,118.0,12.0,20.0,12.0,12.0,8.941758847541688,9.03388667602976,8.793528082337705,8.888672509271956,8.974317499644856,0.7169811320754716,0.712430426716141,0.7595486111111112,0.7569113441372736,0.7250453720508166,3.4840357303619385,25.20674752920039,24.37664192949908,27.28288194444447,25.688312678741664,25.495725952813082,69.88769092542678,69.1048237476809,71.95920138888889,70.42135367016206,70.17785843920146,17.32524707996406,16.65491651205937,19.109375,17.806482364156338,17.593466424682397,12.0,20.0,12.0,12.0,17.697897476172432
