,1,1l,1r,1s,2,2l,2r,2s,3,3l,3r,3s,4,4l,4r,4s,id,1_2,1_3,1_4,2_1,2_3,2_4,3_1,3_2,3_4,4_1,4_2,4_3,p1,p2,p3,p4,speed0,speed1,speed2,speed3,speed4,stop0,stop1,stop2,stop3,stop4,time,timeloss0,timeloss1,timeloss2,timeloss3,timeloss4,travel0,travel1,travel2,travel3,travel4,wait0,wait1,wait2,wait3,wait4,rsl_rssslll_rrsssl_rsslll_0,rsl_rssslll_rrsssl_rsslll_1,rsl_rssslll_rrsssl_rsslll_2,rsl_rssslll_rrsssl_rsslll_3,performance measure
0,3,1,1,1,7,3,1,3,6,1,2,3,6,3,1,2,rsl_rssslll_rrsssl_rsslll,62.0,140.0,156.0,194.0,169.0,1053.0,682.0,102.0,314.0,760.0,168.0,322.0,20.0,12.0,20.0,20.0,8.102150266251066,8.144196704125061,8.146920053176151,8.172782067983345,8.109025353094829,0.8287769784172662,0.7923458540042523,0.809052333804809,0.8027556200145033,0.8024871982443307,3.92189359664917,34.76323021582733,34.15379163713678,33.986336633663335,33.711820159535904,33.94237746890999,79.62589928057554,79.05102763997165,78.8981612446959,78.57287889775199,78.80907095830285,26.035971223021583,25.678951098511693,25.138613861386137,25.126903553299492,25.467446964155084,20.0,12.0,20.0,20.0,25.489577340074796
