,1,1l,1r,1s,2,2l,2r,2s,3,3l,3r,3s,4,4l,4r,4s,id,1_2,1_3,1_4,2_1,2_3,2_4,3_1,3_2,3_4,4_1,4_2,4_3,p1,p2,p3,p4,speed0,speed1,speed2,speed3,speed4,stop0,stop1,stop2,stop3,stop4,time,timeloss0,timeloss1,timeloss2,timeloss3,timeloss4,travel0,travel1,travel2,travel3,travel4,wait0,wait1,wait2,wait3,wait4,rsl_rsssssl_rsll_rrssl_0,rsl_rsssssl_rsll_rrssl_1,rsl_rsssssl_rsll_rrssl_2,rsl_rsssssl_rsll_rrssl_3,performance measure
0,3,1,1,1,7,1,1,5,4,2,1,1,5,1,2,2,rsl_rsssssl_rsll_rrssl,94.0,115.0,226.0,296.0,286.0,1117.0,260.0,114.0,507.0,216.0,214.0,81.0,12.0,12.0,12.0,12.0,8.756620456428223,8.884096832520692,8.528524081959223,8.63706645488663,8.975153778418802,0.8028169014084507,0.7634228187919463,0.8836452400325467,0.8662150719729044,0.7516611295681063,3.5158474445343018,26.578566694283353,25.354429530201344,29.032009764035816,29.325266723115952,24.471303986710975,71.42667771333886,70.24077181208054,73.89747762408462,74.19390347163421,69.31063122923588,18.15244407622204,17.460570469798657,20.032546786004882,20.489415749364944,16.61627906976744,12.0,12.0,12.0,12.0,18.550251230231595
