,1,1l,1r,1s,2,2l,2r,2s,3,3l,3r,3s,4,4l,4r,4s,id,1_2,1_3,1_4,2_1,2_3,2_4,3_1,3_2,3_4,4_1,4_2,4_3,p1,p2,p3,p4,speed0,speed1,speed2,speed3,speed4,stop0,stop1,stop2,stop3,stop4,time,timeloss0,timeloss1,timeloss2,timeloss3,timeloss4,travel0,travel1,travel2,travel3,travel4,wait0,wait1,wait2,wait3,wait4,rrsslll_rrsll_rsssl_rrsslll_0,rrsslll_rrsll_rsssl_rrsslll_1,rrsslll_rrsll_rsssl_rrsslll_2,rrsslll_rrsll_rsssl_rrsslll_3,performance measure
0,7,3,2,2,5,2,2,1,5,1,1,3,7,3,2,2,rrsslll_rrsll_rsssl_rrsslll,360.0,219.0,227.0,475.0,357.0,257.0,316.0,83.0,287.0,145.0,705.0,156.0,12.0,5.0,12.0,12.0,8.992843816406873,9.129732237996993,8.741571610804465,9.143023486048639,9.047203323227889,0.8034118602761983,0.7725392886683209,0.9060297572435395,0.7630691399662732,0.7866666666666666,3.6733059883117676,24.552331437855408,23.241075268817205,29.21471417384498,23.32387858347386,24.160841666666688,69.18277822908205,67.89164598842018,73.83241973375098,67.95278246205734,68.77666666666667,16.554833468724613,15.626964433416047,20.570086139389193,15.52698145025295,16.3975,12.0,5.0,12.0,12.0,16.93527309835656
