,1,1l,1r,1s,2,2l,2r,2s,3,3l,3r,3s,4,4l,4r,4s,id,1_2,1_3,1_4,2_1,2_3,2_4,3_1,3_2,3_4,4_1,4_2,4_3,p1,p2,p3,p4,speed0,speed1,speed2,speed3,speed4,stop0,stop1,stop2,stop3,stop4,time,timeloss0,timeloss1,timeloss2,timeloss3,timeloss4,travel0,travel1,travel2,travel3,travel4,wait0,wait1,wait2,wait3,wait4,rssslll_rssll_rsssl_rrssl_0,rssslll_rssll_rsssl_rrssl_1,rssslll_rssll_rsssl_rrssl_2,rssslll_rssll_rsssl_rrssl_3,performance measure
0,7,3,1,3,5,2,1,2,5,1,1,3,5,1,2,2,rssslll_rssll_rsssl_rrssl,697.0,926.0,152.0,239.0,519.0,204.0,589.0,95.0,102.0,227.0,291.0,456.0,12.0,12.0,12.0,5.0,8.670538603294954,8.913653417496848,8.813921197867748,8.991849215073703,8.855537988558762,0.92496765847348,0.8553745928338762,0.8800786369593709,0.8182441700960219,0.899796885578876,4.187474966049194,29.96337645536869,27.28016286644952,27.2542332896461,24.877633744856006,29.327935003385193,74.77231565329883,72.08990228013029,72.07339449541284,69.6755829903978,74.12051455653351,21.195342820181114,18.82214983713355,18.799475753604195,16.819615912208505,20.730534867975628,12.0,12.0,12.0,5.0,19.2734238382206
