,1,1l,1r,1s,2,2l,2r,2s,3,3l,3r,3s,4,4l,4r,4s,id,1_2,1_3,1_4,2_1,2_3,2_4,3_1,3_2,3_4,4_1,4_2,4_3,p1,p2,p3,p4,speed0,speed1,speed2,speed3,speed4,stop0,stop1,stop2,stop3,stop4,time,timeloss0,timeloss1,timeloss2,timeloss3,timeloss4,travel0,travel1,travel2,travel3,travel4,wait0,wait1,wait2,wait3,wait4,rssl_rrsslll_rsl_rrsll_0,rssl_rrsslll_rsl_rrsll_1,rssl_rrsslll_rsl_rrsll_2,rssl_rrsslll_rsl_rrsll_3,performance measure
0,4,1,1,2,7,3,2,2,3,1,1,1,5,2,2,1,rssl_rrsslll_rsl_rrsll,254.0,463.0,304.0,368.0,425.0,532.0,109.0,298.0,293.0,196.0,250.0,138.0,12.0,12.0,12.0,12.0,8.86347571840217,8.940072837117814,8.685170061572,8.776598520624704,8.856101627223255,0.7844408427876823,0.7567127746135069,0.8608287724784989,0.8567796610169491,0.7775100401606426,5.49998927116394,25.579254457050258,25.194247355573633,28.850703674745937,28.062932203389845,26.09004819277105,70.28849270664506,69.93490642799024,73.5512118842846,72.76271186440678,70.78955823293173,17.432739059967584,17.239218877135883,20.108678655199373,19.339830508474577,17.902008032128514,12.0,12.0,12.0,12.0,18.404495026581184
