,1,1l,1r,1s,2,2l,2r,2s,3,3l,3r,3s,4,4l,4r,4s,id,1_2,1_3,1_4,2_1,2_3,2_4,3_1,3_2,3_4,4_1,4_2,4_3,p1,p2,p3,p4,speed0,speed1,speed2,speed3,speed4,stop0,stop1,stop2,stop3,stop4,time,timeloss0,timeloss1,timeloss2,timeloss3,timeloss4,travel0,travel1,travel2,travel3,travel4,wait0,wait1,wait2,wait3,wait4,rrslll_rssll_rsl_rssssll_0,rrslll_rssll_rsl_rssssll_1,rrslll_rssll_rsl_rssssll_2,rrslll_rssll_rsl_rssssll_3,performance measure
0,6,3,2,1,5,2,1,2,3,1,1,1,7,2,1,4,rrslll_rssll_rsl_rssssll,436.0,351.0,342.0,153.0,285.0,490.0,335.0,314.0,283.0,350.0,422.0,112.0,12.0,20.0,12.0,12.0,8.376053912255307,8.755855372438885,8.58032349604887,8.532457309379181,8.670579248123081,0.8537699923838538,0.7809160305343511,0.8234854151084517,0.8531746031746031,0.7853281853281854,3.657931327819824,32.5214013709063,27.094709923664055,30.865138369483944,31.592722222222207,27.84654826254828,77.30921553693831,71.89160305343512,75.63051608077787,76.3626984126984,72.56293436293436,23.747143945163746,19.067175572519083,22.202692595362752,22.738095238095237,19.644787644787645,12.0,20.0,12.0,12.0,21.479978999185693
