,1,1l,1r,1s,2,2l,2r,2s,3,3l,3r,3s,4,4l,4r,4s,id,1_2,1_3,1_4,2_1,2_3,2_4,3_1,3_2,3_4,4_1,4_2,4_3,p1,p2,p3,p4,speed0,speed1,speed2,speed3,speed4,stop0,stop1,stop2,stop3,stop4,time,timeloss0,timeloss1,timeloss2,timeloss3,timeloss4,travel0,travel1,travel2,travel3,travel4,wait0,wait1,wait2,wait3,wait4,rssslll_rrsssl_rsssssl_rsl_0,rssslll_rrsssl_rsssssl_rsl_1,rssslll_rrsssl_rsssssl_rsl_2,rssslll_rrsssl_rsssssl_rsl_3,performance measure
0,7,3,1,3,6,1,2,3,7,1,1,5,3,1,1,1,rssslll_rrsssl_rsssssl_rsl,736.0,742.0,69.0,134.0,151.0,650.0,1001.0,89.0,322.0,96.0,282.0,40.0,12.0,12.0,5.0,12.0,8.976514505720537,8.942766291012559,8.652956553000566,8.787744451987034,8.839030998269468,0.8583450210378681,0.8356258596973866,1.0,0.9673527324343506,0.9338078291814946,4.077991485595703,26.838022440392706,25.80960110041262,32.77229166666667,31.626039744499636,30.597124555160146,71.89060308555399,70.84869325997249,77.80779569892474,76.64655784244145,75.61779359430605,18.52173913043478,17.51375515818432,23.204301075268816,21.997870830376154,21.655516014234877,12.0,12.0,5.0,12.0,20.578636441699793
