,1,1l,1r,1s,2,2l,2r,2s,3,3l,3r,3s,4,4l,4r,4s,id,1_2,1_3,1_4,2_1,2_3,2_4,3_1,3_2,3_4,4_1,4_2,4_3,p1,p2,p3,p4,speed0,speed1,speed2,speed3,speed4,stop0,stop1,stop2,stop3,stop4,time,timeloss0,timeloss1,timeloss2,timeloss3,timeloss4,travel0,travel1,travel2,travel3,travel4,wait0,wait1,wait2,wait3,wait4,rsssssl_rssssll_rsl_rssll_0,rsssssl_rssssll_rsl_rssll_1,rsssssl_rssssll_rsl_rssll_2,rsssssl_rssssll_rsl_rssll_3,performance measure
0,7,1,1,5,7,2,1,4,3,1,1,1,5,2,1,2,rsssssl_rssssll_rsl_rssll,309.0,331.0,304.0,260.0,627.0,383.0,350.0,276.0,74.0,125.0,238.0,169.0,12.0,12.0,12.0,5.0,8.667461407941708,8.865887875945488,8.628017311439391,8.784972271566222,8.602667832421345,0.8913043478260869,0.8295053003533569,0.9051155115511551,0.8538324420677362,0.8957106812447435,3.7500405311584473,27.76464046822741,26.02107773851591,29.13523102310225,26.765499108734417,29.227888982338072,72.40635451505017,70.64134275618375,73.77310231023102,71.37433155080214,73.82085786375106,18.83695652173913,17.62102473498233,19.919141914191417,18.07843137254902,20.21362489486964,12.0,12.0,12.0,5.0,18.93383588766631
