,1,1l,1r,1s,2,2l,2r,2s,3,3l,3r,3s,4,4l,4r,4s,id,1_2,1_3,1_4,2_1,2_3,2_4,3_1,3_2,3_4,4_1,4_2,4_3,p1,p2,p3,p4,speed0,speed1,speed2,speed3,speed4,stop0,stop1,stop2,stop3,stop4,time,timeloss0,timeloss1,timeloss2,timeloss3,timeloss4,travel0,travel1,travel2,travel3,travel4,wait0,wait1,wait2,wait3,wait4,rsl_rrsl_rssslll_rssssl_0,rsl_rrsl_rssslll_rssssl_1,rsl_rrsl_rssslll_rssssl_2,rsl_rrsl_rssslll_rssssl_3,performance measure
0,3,1,1,1,4,1,2,1,7,3,1,3,6,1,1,4,rsl_rrsl_rssslll_rssssl,89.0,266.0,43.0,126.0,182.0,256.0,539.0,262.0,286.0,274.0,1335.0,228.0,5.0,12.0,12.0,12.0,8.963329600201678,8.8790700930608,8.695596021447695,9.085993887640612,8.96495699423467,0.8064275037369207,0.8164508758568164,0.8703021370670597,0.7858861267040899,0.8175572519083969,3.9536123275756836,24.499895366218237,25.10345773038843,26.710729550479,23.109510825982394,24.298984732824433,69.36248131539611,69.95963442498096,71.62932940309506,67.96311146752205,69.14198473282443,16.070254110612854,16.675552170601676,17.955047899778926,15.112269446672013,16.00534351145038,5.0,12.0,12.0,12.0,16.36369342782317
