,1,1l,1r,1s,2,2l,2r,2s,3,3l,3r,3s,4,4l,4r,4s,id,1_2,1_3,1_4,2_1,2_3,2_4,3_1,3_2,3_4,4_1,4_2,4_3,p1,p2,p3,p4,speed0,speed1,speed2,speed3,speed4,stop0,stop1,stop2,stop3,stop4,time,timeloss0,timeloss1,timeloss2,timeloss3,timeloss4,travel0,travel1,travel2,travel3,travel4,wait0,wait1,wait2,wait3,wait4,rrslll_rssll_rsl_rssssll_0,rrslll_rssll_rsl_rssssll_1,rrslll_rssll_rsl_rssssll_2,rrslll_rssll_rsl_rssssll_3,performance measure
0,6,3,2,1,5,2,1,2,3,1,1,1,7,2,1,4,rrslll_rssll_rsl_rssssll,718.0,176.0,239.0,231.0,179.0,360.0,208.0,241.0,235.0,524.0,901.0,289.0,12.0,12.0,12.0,12.0,8.929526304324796,8.833353670209494,8.792467605184358,9.0257924892408,8.992833960341187,0.7552828902522154,0.7808032675289313,0.8082460732984293,0.7568542568542569,0.7498277050310131,4.062736988067627,24.52192910702119,26.14801906058541,26.11791884816753,23.709155844155845,24.02143349414196,69.3421949556919,71.00816882232812,70.96989528795811,68.53102453102453,68.84838042729152,16.587593728698025,18.0142954390742,17.763089005235603,15.88888888888889,16.193659545141283,12.0,12.0,12.0,12.0,16.8895053214076
