,1,1l,1r,1s,2,2l,2r,2s,3,3l,3r,3s,4,4l,4r,4s,id,1_2,1_3,1_4,2_1,2_3,2_4,3_1,3_2,3_4,4_1,4_2,4_3,p1,p2,p3,p4,speed0,speed1,speed2,speed3,speed4,stop0,stop1,stop2,stop3,stop4,time,timeloss0,timeloss1,timeloss2,timeloss3,timeloss4,travel0,travel1,travel2,travel3,travel4,wait0,wait1,wait2,wait3,wait4,rrsslll_rrsll_rsssl_rrsslll_0,rrsslll_rrsll_rsssl_rrsslll_1,rrsslll_rrsll_rsssl_rrsslll_2,rrsslll_rrsll_rsssl_rrsslll_3,performance measure
0,7,3,2,2,5,2,2,1,5,1,1,3,7,3,2,2,rrsslll_rrsll_rsssl_rrsslll,934.0,208.0,522.0,154.0,314.0,286.0,232.0,119.0,58.0,497.0,149.0,566.0,12.0,5.0,12.0,12.0,9.025987645189767,9.309143344717086,8.967268159786762,9.349307225664099,9.329482883728884,0.8231488138030194,0.7333333333333333,0.8154506437768241,0.7209474463360473,0.7272058823529411,3.848198890686035,25.207620416966183,21.459460992907786,25.53068669527897,20.932982975573644,21.075323529411797,69.63767074047448,65.95673758865249,70.0829756795422,65.3641746854182,65.525,16.671459381739755,13.912056737588653,17.412017167381975,13.467061435973353,13.55955882352941,12.0,5.0,12.0,12.0,15.00443070924263
