,1,1l,1r,1s,2,2l,2r,2s,3,3l,3r,3s,4,4l,4r,4s,id,1_2,1_3,1_4,2_1,2_3,2_4,3_1,3_2,3_4,4_1,4_2,4_3,p1,p2,p3,p4,speed0,speed1,speed2,speed3,speed4,stop0,stop1,stop2,stop3,stop4,time,timeloss0,timeloss1,timeloss2,timeloss3,timeloss4,travel0,travel1,travel2,travel3,travel4,wait0,wait1,wait2,wait3,wait4,rsl_rsssll_rrssl_rrsslll_0,rsl_rsssll_rrssl_rrsslll_1,rsl_rsssll_rrssl_rrsslll_2,rsl_rsssll_rrssl_rrsslll_3,performance measure
0,3,1,1,1,6,2,1,3,5,1,2,2,7,3,2,2,rsl_rsssll_rrssl_rrsslll,133.0,179.0,314.0,249.0,437.0,702.0,339.0,223.0,247.0,117.0,633.0,451.0,12.0,12.0,12.0,20.0,8.908001965536712,8.98820848156463,8.913307478295199,8.89372063249375,9.085563708107419,0.7451820128479657,0.7392273402674592,0.7458603311735061,0.7665165165165165,0.7133574007220217,3.9370100498199463,25.445367594575263,25.311255572065413,26.05309575233983,26.217432432432425,23.77699638989172,70.12990720913633,69.91233283803864,70.72138228941685,70.7987987987988,68.4,17.65239114917916,17.446508172362556,18.16774658027358,18.27177177177177,16.187725631768952,12.0,12.0,12.0,20.0,17.545228661071203
