,1,1l,1r,1s,2,2l,2r,2s,3,3l,3r,3s,4,4l,4r,4s,id,1_2,1_3,1_4,2_1,2_3,2_4,3_1,3_2,3_4,4_1,4_2,4_3,p1,p2,p3,p4,speed0,speed1,speed2,speed3,speed4,stop0,stop1,stop2,stop3,stop4,time,timeloss0,timeloss1,timeloss2,timeloss3,timeloss4,travel0,travel1,travel2,travel3,travel4,wait0,wait1,wait2,wait3,wait4,rsl_rsl_rsl_rrssll_0,rsl_rsl_rsl_rrssll_1,rsl_rsl_rsl_rrssll_2,rsl_rsl_rsl_rrssll_3,performance measure
0,3,1,1,1,3,1,1,1,3,1,1,1,6,2,2,2,rsl_rsl_rsl_rrssll,244.0,204.0,136.0,99.0,177.0,194.0,102.0,95.0,90.0,593.0,307.0,604.0,12.0,12.0,20.0,12.0,8.637718943725003,8.800532856032625,8.58732417518533,8.912816781853836,8.973551599918839,0.8112094395280236,0.7592778335005015,0.8295918367346938,0.7384453781512605,0.7222222222222222,3.2968854904174805,29.762232055063873,26.711313941825463,29.980275510204102,25.239191176470587,24.647117400419283,74.75122910521141,71.73019057171514,74.99285714285715,70.17542016806723,69.62264150943396,21.2015732546706,18.59679037111334,21.457142857142856,17.339285714285715,16.77568134171908,12.0,12.0,20.0,12.0,19.07409470778632
