,1,1l,1r,1s,2,2l,2r,2s,3,3l,3r,3s,4,4l,4r,4s,id,1_2,1_3,1_4,2_1,2_3,2_4,3_1,3_2,3_4,4_1,4_2,4_3,p1,p2,p3,p4,speed0,speed1,speed2,speed3,speed4,stop0,stop1,stop2,stop3,stop4,time,timeloss0,timeloss1,timeloss2,timeloss3,timeloss4,travel0,travel1,travel2,travel3,travel4,wait0,wait1,wait2,wait3,wait4,rslll_rsl_rrslll_rsl_0,rslll_rsl_rrslll_rsl_1,rslll_rsl_rrslll_rsl_2,rslll_rsl_rrslll_rsl_3,performance measure
0,5,3,1,1,3,1,1,1,6,3,2,1,3,1,1,1,rslll_rsl_rrslll_rsl,207.0,285.0,135.0,176.0,228.0,286.0,118.0,274.0,787.0,199.0,107.0,75.0,12.0,12.0,12.0,12.0,8.401151734412514,8.779099403846681,8.483521288038665,8.55321699273938,8.519516646589404,0.970317297850563,0.7860851505711319,0.8813229571984436,0.86,0.9004024144869215,2.959707021713257,35.29443193449329,26.619989615784025,29.711712062256797,28.57897894736842,32.00697183098595,80.3050153531218,71.6521287642783,74.72665369649805,73.59263157894736,77.01710261569417,25.16069600818833,18.49221183800623,20.755836575875488,19.96315789473684,22.675050301810867,12.0,12.0,12.0,12.0,21.409390523723552
