,1,1l,1r,1s,2,2l,2r,2s,3,3l,3r,3s,4,4l,4r,4s,id,1_2,1_3,1_4,2_1,2_3,2_4,3_1,3_2,3_4,4_1,4_2,4_3,p1,p2,p3,p4,speed0,speed1,speed2,speed3,speed4,stop0,stop1,stop2,stop3,stop4,time,timeloss0,timeloss1,timeloss2,timeloss3,timeloss4,travel0,travel1,travel2,travel3,travel4,wait0,wait1,wait2,wait3,wait4,rsl_rrsll_rsl_rslll_0,rsl_rrsll_rsl_rslll_1,rsl_rrsll_rsl_rslll_2,rsl_rrsll_rsl_rslll_3,performance measure
0,3,1,1,1,5,2,2,1,3,1,1,1,5,3,1,1,rsl_rrsll_rsl_rslll,319.0,246.0,252.0,324.0,319.0,349.0,208.0,258.0,125.0,334.0,159.0,75.0,20.0,20.0,12.0,20.0,7.985469291965036,8.355550229743182,8.242001607612641,8.49797791202488,8.186463927782485,0.8372549019607843,0.7682317682317682,0.7971563981042654,0.7481713688610241,0.7927927927927928,3.218736171722412,37.227931372549065,31.47224775224775,33.97116587677728,30.05559038662484,33.41543543543548,82.19117647058823,76.44055944055944,78.89668246445498,75.00104493207941,78.32732732732732,28.080392156862747,23.262737262737264,25.07772511848341,22.003134796238246,24.8988988988989,20.0,20.0,12.0,20.0,24.664577646644112
