,1,1l,1r,1s,2,2l,2r,2s,3,3l,3r,3s,4,4l,4r,4s,id,1_2,1_3,1_4,2_1,2_3,2_4,3_1,3_2,3_4,4_1,4_2,4_3,p1,p2,p3,p4,speed0,speed1,speed2,speed3,speed4,stop0,stop1,stop2,stop3,stop4,time,timeloss0,timeloss1,timeloss2,timeloss3,timeloss4,travel0,travel1,travel2,travel3,travel4,wait0,wait1,wait2,wait3,wait4,rsl_rsl_rsl_rrssssl_0,rsl_rsl_rsl_rrssssl_1,rsl_rsl_rsl_rrssssl_2,rsl_rsl_rsl_rrssssl_3,performance measure
0,3,1,1,1,3,1,1,1,3,1,1,1,7,1,2,4,rsl_rsl_rsl_rrssssl,293.0,133.0,175.0,265.0,98.0,150.0,122.0,322.0,231.0,221.0,1437.0,435.0,12.0,5.0,12.0,12.0,8.839764974903071,8.592072720472844,8.05913124475221,8.940036341596628,8.724999803216182,0.8684807256235828,0.9010054137664346,1.2035661218424962,0.8362204724409449,0.8828420256991686,4.031331539154053,27.242683295540466,29.46621809744777,42.4420802377414,26.420771653543277,28.685245653817095,72.04006046863189,74.29621036349575,87.32095096582466,71.24251968503937,73.48450491307634,18.41950113378685,20.40525908739366,30.78380386329866,17.864566929133858,19.78306878306878,12.0,5.0,12.0,12.0,21.451239959336363
