,1,1l,1r,1s,2,2l,2r,2s,3,3l,3r,3s,4,4l,4r,4s,id,1_2,1_3,1_4,2_1,2_3,2_4,3_1,3_2,3_4,4_1,4_2,4_3,p1,p2,p3,p4,speed0,speed1,speed2,speed3,speed4,stop0,stop1,stop2,stop3,stop4,time,timeloss0,timeloss1,timeloss2,timeloss3,timeloss4,travel0,travel1,travel2,travel3,travel4,wait0,wait1,wait2,wait3,wait4,rsl_rsssssl_rsll_rrssl_0,rsl_rsssssl_rsll_rrssl_1,rsl_rsssssl_rsll_rrssl_2,rsl_rsssssl_rsll_rrssl_3,performance measure
0,3,1,1,1,7,1,1,5,4,2,1,1,5,1,2,2,rsl_rsssssl_rsll_rrssl,216.0,68.0,40.0,324.0,138.0,396.0,147.0,287.0,582.0,89.0,628.0,144.0,12.0,5.0,5.0,12.0,9.151416902480223,9.416229937671869,9.285859111954691,9.221639329087086,9.207000158128988,0.960727969348659,0.7609805924412666,0.8253968253968254,0.8959183673469387,0.8525821596244132,3.2943503856658936,29.492365900383092,21.252502553626158,24.00107376283847,26.40031632653064,24.95372769953052,74.33333333333333,66.11746680286006,68.78618113912232,71.18673469387755,69.73896713615024,20.237547892720308,13.642492339121553,15.802987861811392,17.773469387755103,16.542723004694835,12.0,5.0,5.0,12.0,16.799844097220635
