,1,1l,1r,1s,2,2l,2r,2s,3,3l,3r,3s,4,4l,4r,4s,id,1_2,1_3,1_4,2_1,2_3,2_4,3_1,3_2,3_4,4_1,4_2,4_3,p1,p2,p3,p4,speed0,speed1,speed2,speed3,speed4,stop0,stop1,stop2,stop3,stop4,time,timeloss0,timeloss1,timeloss2,timeloss3,timeloss4,travel0,travel1,travel2,travel3,travel4,wait0,wait1,wait2,wait3,wait4,rsl_rssslll_rrsssl_rsslll_0,rsl_rssslll_rrsssl_rsslll_1,rsl_rssslll_rrsssl_rsslll_2,rsl_rssslll_rrsssl_rsslll_3,performance measure
0,3,1,1,1,7,3,1,3,6,1,2,3,6,3,1,2,rsl_rssslll_rrsssl_rsslll,282.0,75.0,102.0,249.0,137.0,244.0,933.0,542.0,106.0,744.0,532.0,109.0,12.0,12.0,12.0,12.0,8.764325190243776,8.47372407845388,8.627101061599328,8.778964210949008,8.966600987710015,0.799264705882353,0.8637362637362638,0.8412811387900356,0.8094523630907727,0.7523949889462048,3.7687854766845703,26.615360294117636,29.63962637362639,28.13812811387902,26.092408102025495,24.446057479734726,71.25294117647059,74.31208791208792,72.8135231316726,70.70367591897974,69.08990420044215,18.343382352941177,20.91941391941392,19.493950177935943,17.942235558889724,16.596904937361828,12.0,12.0,12.0,12.0,18.659177389308518
