,1,1l,1r,1s,2,2l,2r,2s,3,3l,3r,3s,4,4l,4r,4s,id,1_2,1_3,1_4,2_1,2_3,2_4,3_1,3_2,3_4,4_1,4_2,4_3,p1,p2,p3,p4,speed0,speed1,speed2,speed3,speed4,stop0,stop1,stop2,stop3,stop4,time,timeloss0,timeloss1,timeloss2,timeloss3,timeloss4,travel0,travel1,travel2,travel3,travel4,wait0,wait1,wait2,wait3,wait4,rsl_rssslll_rrsssl_rsslll_0,rsl_rssslll_rrsssl_rsslll_1,rsl_rssslll_rrsssl_rsslll_2,rsl_rssslll_rrsssl_rsslll_3,performance measure
0,3,1,1,1,7,3,1,3,6,1,2,3,6,3,1,2,rsl_rssslll_rrsssl_rsslll,203.0,340.0,212.0,263.0,867.0,976.0,541.0,528.0,315.0,606.0,155.0,258.0,12.0,12.0,12.0,12.0,8.386622003811611,8.379723966716872,8.074372653364518,7.955691584250395,8.324749079427429,0.8796400449943758,0.918918918918919,1.129690949227373,1.0536836093660766,1.0622524052065647,4.582535982131958,30.239977502812135,32.55934684684685,41.74241169977925,38.441719017704244,38.84157894736841,74.90101237345331,77.29673423423424,86.39845474613686,83.14391776127927,83.51160158460668,21.25984251968504,22.97635135135135,29.806291390728475,27.89948600799543,27.36672325976231,12.0,12.0,12.0,12.0,25.86173890590452
