,1,1l,1r,1s,2,2l,2r,2s,3,3l,3r,3s,4,4l,4r,4s,id,1_2,1_3,1_4,2_1,2_3,2_4,3_1,3_2,3_4,4_1,4_2,4_3,p1,p2,p3,p4,speed0,speed1,speed2,speed3,speed4,stop0,stop1,stop2,stop3,stop4,time,timeloss0,timeloss1,timeloss2,timeloss3,timeloss4,travel0,travel1,travel2,travel3,travel4,wait0,wait1,wait2,wait3,wait4,rsl_rsssl_rssssl_rssll_0,rsl_rsssl_rssssl_rssll_1,rsl_rsssl_rssssl_rssll_2,rsl_rsssl_rssssl_rssll_3,performance measure
0,3,1,1,1,5,1,1,3,6,1,1,4,5,2,1,2,rsl_rsssl_rssssl_rssll,171.0,340.0,249.0,180.0,258.0,379.0,162.0,96.0,247.0,405.0,132.0,92.0,12.0,12.0,12.0,5.0,8.521232272416468,8.821343930989396,8.365227805606372,8.734847076792654,8.315961768762543,0.9902702702702703,0.8182795698924731,1.007172131147541,0.8843537414965986,1.0207423580786026,3.2342870235443115,33.54907027027027,25.938623655913965,33.13444672131151,28.16725623582765,34.57756550218341,78.4345945945946,70.83548387096774,78.02561475409836,73.00907029478458,79.48471615720524,24.40108108108108,17.73010752688172,23.44159836065574,19.650793650793652,24.79475982532751,12.0,12.0,12.0,5.0,22.00366808894794
