,1,1l,1r,1s,2,2l,2r,2s,3,3l,3r,3s,4,4l,4r,4s,id,1_2,1_3,1_4,2_1,2_3,2_4,3_1,3_2,3_4,4_1,4_2,4_3,p1,p2,p3,p4,speed0,speed1,speed2,speed3,speed4,stop0,stop1,stop2,stop3,stop4,time,timeloss0,timeloss1,timeloss2,timeloss3,timeloss4,travel0,travel1,travel2,travel3,travel4,wait0,wait1,wait2,wait3,wait4,rrsll_rssl_rsssll_rsl_0,rrsll_rssl_rsssll_rsl_1,rrsll_rssl_rsssll_rsl_2,rrsll_rssl_rsssll_rsl_3,performance measure
0,5,2,2,1,4,1,1,2,6,2,1,3,3,1,1,1,rrsll_rssl_rsssll_rsl,381.0,259.0,316.0,73.0,275.0,496.0,1078.0,313.0,596.0,286.0,121.0,308.0,20.0,20.0,20.0,20.0,7.944351413920501,7.751125249393184,7.831188008338124,7.920459651581963,8.087484332112945,0.8121368624919303,0.8379960962914769,0.8173803526448362,0.8178164768921634,0.7776307081403044,4.343731880187988,35.7127566171724,38.74834092387759,37.57188916876579,36.23920964501005,34.6222038385175,80.63524854744996,83.711776187378,82.57241813602015,81.21031480241125,79.56915949702184,26.71594577146546,29.64541314248536,28.546599496221663,27.32217012726055,25.99139642620781,20.0,20.0,20.0,20.0,27.644304992728166
